month,processor_id,payment_method_id,payment_type,attempts,declined_first_attempt,recovered_by_retry,failed_final,approved,approval_rate,transactions,amount_gross_usd,processing_fees_usd
2024-01,ACQ_A,PM01,Initial (new + win-back),1171,155,0,155,1016,0.8676,1016,33042.3,2172.93
2024-01,ACQ_A,PM01,Refund,0,0,0,0,0,,47,-1501.33,0.0
2024-01,ACQ_A,PM01,Renewal,601,74,15,59,542,0.9018,542,9718.72,724.23
2024-01,ACQ_A,PM01,Token pack,153,13,0,13,140,0.915,140,7041.0,436.26
2024-01,ACQ_A,PM02,Initial (new + win-back),657,93,0,93,564,0.8584,564,19740.91,1283.15
2024-01,ACQ_A,PM02,Refund,0,0,0,0,0,,22,-765.41,0.0
2024-01,ACQ_A,PM02,Renewal,332,38,13,25,307,0.9247,307,5412.66,405.15
2024-01,ACQ_A,PM02,Token pack,73,6,0,6,67,0.9178,67,2347.67,152.57
2024-01,ACQ_A,PM03,Initial (new + win-back),68,8,0,8,60,0.8824,60,2352.83,150.41
2024-01,ACQ_A,PM03,Refund,0,0,0,0,0,,4,-123.28,0.0
2024-01,ACQ_A,PM03,Renewal,46,6,4,2,44,0.9565,44,726.45,55.35
2024-01,ACQ_A,PM03,Token pack,6,1,0,1,5,0.8333,5,278.15,17.05
2024-01,ACQ_B,PM01,Initial (new + win-back),2301,357,0,357,1944,0.8449,1944,58372.02,4085.52
2024-01,ACQ_B,PM01,Refund,0,0,0,0,0,,66,-2123.07,0.0
2024-01,ACQ_B,PM01,Renewal,941,138,45,93,848,0.9012,848,12910.8,1029.05
2024-01,ACQ_B,PM01,Token pack,187,17,0,17,170,0.9091,170,8023.3,532.4
2024-01,ACQ_B,PM02,Initial (new + win-back),1152,179,0,179,973,0.8446,973,30520.05,2123.1
2024-01,ACQ_B,PM02,Refund,0,0,0,0,0,,32,-1219.26,0.0
2024-01,ACQ_B,PM02,Renewal,519,68,22,46,473,0.9114,473,7244.73,576.58
2024-01,ACQ_B,PM02,Token pack,105,10,0,10,95,0.9048,95,3814.05,257.34
2024-01,ACQ_B,PM03,Initial (new + win-back),92,15,0,15,77,0.837,77,2466.69,171.1
2024-01,ACQ_B,PM03,Refund,0,0,0,0,0,,2,-22.98,0.0
2024-01,ACQ_B,PM03,Renewal,56,13,1,12,44,0.7857,44,605.52,49.53
2024-01,ACQ_B,PM03,Token pack,12,1,0,1,11,0.9167,11,704.89,45.59
2024-01,CRYPTO_GW,PM04,Initial (new + win-back),208,9,0,9,199,0.9567,199,6907.69,103.62
2024-01,CRYPTO_GW,PM04,Refund,0,0,0,0,0,,10,-343.34,0.0
2024-01,CRYPTO_GW,PM04,Renewal,78,0,0,0,78,1.0,78,1286.16,19.29
2024-01,CRYPTO_GW,PM04,Token pack,25,1,0,1,24,0.96,24,1129.4,16.94
2024-01,CRYPTO_GW,PM05,Initial (new + win-back),108,4,0,4,104,0.963,104,3633.38,54.5
2024-01,CRYPTO_GW,PM05,Refund,0,0,0,0,0,,6,-114.26,0.0
2024-01,CRYPTO_GW,PM05,Renewal,54,0,0,0,54,1.0,54,1029.04,15.44
2024-01,CRYPTO_GW,PM05,Token pack,10,0,0,0,10,1.0,10,472.71,7.09
2024-01,CRYPTO_GW,PM06,Initial (new + win-back),195,8,0,8,187,0.959,187,6857.18,102.86
2024-01,CRYPTO_GW,PM06,Refund,0,0,0,0,0,,8,-252.68,0.0
2024-01,CRYPTO_GW,PM06,Renewal,63,0,0,0,63,1.0,63,879.44,13.19
2024-01,CRYPTO_GW,PM06,Token pack,29,1,0,1,28,0.9655,28,644.18,9.66
2024-01,CRYPTO_GW,PM07,Initial (new + win-back),64,3,0,3,61,0.9531,61,1981.27,29.72
2024-01,CRYPTO_GW,PM07,Refund,0,0,0,0,0,,1,-78.42,0.0
2024-01,CRYPTO_GW,PM07,Renewal,30,0,0,0,30,1.0,30,459.86,6.9
2024-01,CRYPTO_GW,PM07,Token pack,4,0,0,0,4,1.0,4,108.51,1.63
2024-02,ACQ_A,PM01,Chargeback,0,0,0,0,0,,17,-503.8,425.0
2024-02,ACQ_A,PM01,Initial (new + win-back),1257,170,0,170,1087,0.8648,1087,36020.45,2361.57
2024-02,ACQ_A,PM01,Refund,0,0,0,0,0,,62,-2306.7,0.0
2024-02,ACQ_A,PM01,Renewal,783,95,24,71,712,0.9093,712,12420.66,932.34
2024-02,ACQ_A,PM01,Token pack,156,13,0,13,143,0.9167,143,6103.87,385.76
2024-02,ACQ_A,PM02,Chargeback,0,0,0,0,0,,6,-186.33,150.0
2024-02,ACQ_A,PM02,Initial (new + win-back),645,92,0,92,553,0.8574,553,20092.04,1298.61
2024-02,ACQ_A,PM02,Refund,0,0,0,0,0,,14,-605.79,0.0
2024-02,ACQ_A,PM02,Renewal,428,51,17,34,394,0.9206,394,6472.81,493.9
2024-02,ACQ_A,PM02,Token pack,91,7,0,7,84,0.9231,84,3696.19,232.69
2024-02,ACQ_A,PM03,Chargeback,0,0,0,0,0,,1,-16.51,25.0
2024-02,ACQ_A,PM03,Initial (new + win-back),53,7,0,7,46,0.8679,46,1663.33,107.58
2024-02,ACQ_A,PM03,Refund,0,0,0,0,0,,5,-165.17,0.0
2024-02,ACQ_A,PM03,Renewal,53,6,2,4,49,0.9245,49,726.63,57.11
2024-02,ACQ_A,PM03,Token pack,8,1,0,1,7,0.875,7,225.72,14.86
2024-02,ACQ_B,PM01,Chargeback,0,0,0,0,0,,30,-844.92,750.0
2024-02,ACQ_B,PM01,Initial (new + win-back),2427,367,0,367,2060,0.8488,2060,65305.77,4536.35
2024-02,ACQ_B,PM01,Refund,0,0,0,0,0,,76,-2461.0,0.0
2024-02,ACQ_B,PM01,Renewal,1285,192,65,127,1158,0.9012,1158,17130.27,1375.22
2024-02,ACQ_B,PM01,Token pack,286,30,0,30,256,0.8951,256,9627.44,654.45
2024-02,ACQ_B,PM02,Chargeback,0,0,0,0,0,,10,-205.77,250.0
2024-02,ACQ_B,PM02,Initial (new + win-back),1261,205,0,205,1056,0.8374,1056,31909.65,2231.38
2024-02,ACQ_B,PM02,Refund,0,0,0,0,0,,48,-1464.09,0.0
2024-02,ACQ_B,PM02,Renewal,675,88,19,69,606,0.8978,606,9326.82,741.41
2024-02,ACQ_B,PM02,Token pack,152,14,0,14,138,0.9079,138,4358.62,302.92
2024-02,ACQ_B,PM03,Chargeback,0,0,0,0,0,,1,-12.99,25.0
2024-02,ACQ_B,PM03,Initial (new + win-back),125,20,0,20,105,0.84,105,3216.63,224.5
2024-02,ACQ_B,PM03,Refund,0,0,0,0,0,,3,-109.86,0.0
2024-02,ACQ_B,PM03,Renewal,58,6,3,3,55,0.9483,55,816.33,65.48
2024-02,ACQ_B,PM03,Token pack,20,2,0,2,18,0.9,18,909.82,59.99
2024-02,CRYPTO_GW,PM04,Initial (new + win-back),207,7,0,7,200,0.9662,200,7935.68,119.04
2024-02,CRYPTO_GW,PM04,Refund,0,0,0,0,0,,9,-272.46,0.0
2024-02,CRYPTO_GW,PM04,Renewal,103,0,0,0,103,1.0,103,1594.21,23.91
2024-02,CRYPTO_GW,PM04,Token pack,23,1,0,1,22,0.9565,22,718.58,10.78
2024-02,CRYPTO_GW,PM05,Initial (new + win-back),135,5,0,5,130,0.963,130,4707.61,70.61
2024-02,CRYPTO_GW,PM05,Refund,0,0,0,0,0,,2,-107.53,0.0
2024-02,CRYPTO_GW,PM05,Renewal,70,0,0,0,70,1.0,70,1016.46,15.25
2024-02,CRYPTO_GW,PM05,Token pack,25,1,0,1,24,0.96,24,1046.44,15.7
2024-02,CRYPTO_GW,PM06,Initial (new + win-back),189,8,0,8,181,0.9577,181,6422.4,96.34
2024-02,CRYPTO_GW,PM06,Refund,0,0,0,0,0,,5,-264.28,0.0
2024-02,CRYPTO_GW,PM06,Renewal,80,0,0,0,80,1.0,80,1258.26,18.87
2024-02,CRYPTO_GW,PM06,Token pack,24,1,0,1,23,0.9583,23,900.31,13.5
2024-02,CRYPTO_GW,PM07,Initial (new + win-back),55,2,0,2,53,0.9636,53,2294.17,34.41
2024-02,CRYPTO_GW,PM07,Refund,0,0,0,0,0,,5,-124.87,0.0
2024-02,CRYPTO_GW,PM07,Renewal,43,0,0,0,43,1.0,43,716.78,10.75
2024-02,CRYPTO_GW,PM07,Token pack,8,0,0,0,8,1.0,8,251.24,3.77
2024-03,ACQ_A,PM01,Chargeback,0,0,0,0,0,,21,-599.11,525.0
2024-03,ACQ_A,PM01,Initial (new + win-back),1238,182,0,182,1056,0.853,1056,33879.31,2232.96
2024-03,ACQ_A,PM01,Refund,0,0,0,0,0,,52,-1550.64,0.0
2024-03,ACQ_A,PM01,Renewal,971,105,28,77,894,0.9207,894,14985.27,1137.09
2024-03,ACQ_A,PM01,Token pack,184,16,0,16,168,0.913,168,6709.03,427.8
2024-03,ACQ_A,PM02,Chargeback,0,0,0,0,0,,8,-212.0,200.0
2024-03,ACQ_A,PM02,Initial (new + win-back),665,96,0,96,569,0.8556,569,17387.55,1155.47
2024-03,ACQ_A,PM02,Refund,0,0,0,0,0,,26,-583.06,0.0
2024-03,ACQ_A,PM02,Renewal,508,57,22,35,473,0.9311,473,7892.95,599.66
2024-03,ACQ_A,PM02,Token pack,104,9,0,9,95,0.9135,95,4791.16,296.76
2024-03,ACQ_A,PM03,Initial (new + win-back),55,7,0,7,48,0.8727,48,1637.79,106.88
2024-03,ACQ_A,PM03,Refund,0,0,0,0,0,,3,-247.63,0.0
2024-03,ACQ_A,PM03,Renewal,54,8,3,5,49,0.9074,49,835.91,63.12
2024-03,ACQ_A,PM03,Token pack,7,1,0,1,6,0.8571,6,99.6,7.58
2024-03,ACQ_B,PM01,Chargeback,0,0,0,0,0,,29,-646.23,725.0
2024-03,ACQ_B,PM01,Initial (new + win-back),2500,438,0,438,2062,0.8248,2062,61465.62,4306.54
2024-03,ACQ_B,PM01,Refund,0,0,0,0,0,,88,-3153.14,0.0
2024-03,ACQ_B,PM01,Renewal,1570,212,58,154,1416,0.9019,1416,21551.43,1717.89
2024-03,ACQ_B,PM01,Token pack,362,35,0,35,327,0.9033,327,13286.73,895.3
2024-03,ACQ_B,PM02,Chargeback,0,0,0,0,0,,22,-454.5,550.0
2024-03,ACQ_B,PM02,Initial (new + win-back),1257,196,0,196,1061,0.8441,1061,30433.35,2144.3
2024-03,ACQ_B,PM02,Refund,0,0,0,0,0,,37,-1213.32,0.0
2024-03,ACQ_B,PM02,Renewal,841,118,42,76,765,0.9096,765,11554.08,922.74
2024-03,ACQ_B,PM02,Token pack,161,17,0,17,144,0.8944,144,5683.56,384.21
2024-03,ACQ_B,PM03,Initial (new + win-back),109,16,0,16,93,0.8532,93,2454.87,175.19
2024-03,ACQ_B,PM03,Refund,0,0,0,0,0,,2,-42.96,0.0
2024-03,ACQ_B,PM03,Renewal,80,8,2,6,74,0.925,74,1139.01,90.54
2024-03,ACQ_B,PM03,Token pack,13,1,0,1,12,0.9231,12,409.88,28.19
2024-03,CRYPTO_GW,PM04,Initial (new + win-back),202,9,0,9,193,0.9554,193,6631.96,99.48
2024-03,CRYPTO_GW,PM04,Refund,0,0,0,0,0,,8,-399.17,0.0
2024-03,CRYPTO_GW,PM04,Renewal,117,0,0,0,117,1.0,117,1725.9,25.89
2024-03,CRYPTO_GW,PM04,Token pack,19,0,0,0,19,1.0,19,767.8,11.52
2024-03,CRYPTO_GW,PM05,Initial (new + win-back),107,5,0,5,102,0.9533,102,3585.93,53.79
2024-03,CRYPTO_GW,PM05,Refund,0,0,0,0,0,,3,-100.12,0.0
2024-03,CRYPTO_GW,PM05,Renewal,88,0,0,0,88,1.0,88,1301.07,19.52
2024-03,CRYPTO_GW,PM05,Token pack,23,1,0,1,22,0.9565,22,1008.91,15.13
2024-03,CRYPTO_GW,PM06,Initial (new + win-back),202,8,0,8,194,0.9604,194,7419.02,111.29
2024-03,CRYPTO_GW,PM06,Refund,0,0,0,0,0,,4,-187.85,0.0
2024-03,CRYPTO_GW,PM06,Renewal,103,0,0,0,103,1.0,103,1626.77,24.4
2024-03,CRYPTO_GW,PM06,Token pack,29,1,0,1,28,0.9655,28,1091.89,16.38
2024-03,CRYPTO_GW,PM07,Initial (new + win-back),55,2,0,2,53,0.9636,53,1774.99,26.62
2024-03,CRYPTO_GW,PM07,Refund,0,0,0,0,0,,5,-216.35,0.0
2024-03,CRYPTO_GW,PM07,Renewal,44,0,0,0,44,1.0,44,670.73,10.06
2024-03,CRYPTO_GW,PM07,Token pack,7,0,0,0,7,1.0,7,365.53,5.48
2024-04,ACQ_A,PM01,Chargeback,0,0,0,0,0,,16,-438.07,400.0
2024-04,ACQ_A,PM01,Initial (new + win-back),1351,189,0,189,1162,0.8601,1162,36941.11,2438.46
2024-04,ACQ_A,PM01,Refund,0,0,0,0,0,,54,-1713.19,0.0
2024-04,ACQ_A,PM01,Renewal,1114,133,37,96,1018,0.9138,1018,17969.01,1344.6
2024-04,ACQ_A,PM01,Token pack,250,19,0,19,231,0.924,231,9618.32,609.86
2024-04,ACQ_A,PM02,Chargeback,0,0,0,0,0,,11,-285.74,275.0
2024-04,ACQ_A,PM02,Initial (new + win-back),674,81,0,81,593,0.8798,593,19203.02,1263.72
2024-04,ACQ_A,PM02,Refund,0,0,0,0,0,,27,-955.92,0.0
2024-04,ACQ_A,PM02,Renewal,632,79,22,57,575,0.9098,575,10210.11,762.81
2024-04,ACQ_A,PM02,Token pack,153,12,0,12,141,0.9216,141,5757.37,366.01
2024-04,ACQ_A,PM03,Chargeback,0,0,0,0,0,,1,-14.12,25.0
2024-04,ACQ_A,PM03,Initial (new + win-back),64,10,0,10,54,0.8438,54,1562.21,104.82
2024-04,ACQ_A,PM03,Refund,0,0,0,0,0,,3,-59.98,0.0
2024-04,ACQ_A,PM03,Renewal,61,9,3,6,55,0.9016,55,899.21,68.71
2024-04,ACQ_A,PM03,Token pack,12,1,0,1,11,0.9167,11,266.19,18.49
2024-04,ACQ_B,PM01,Chargeback,0,0,0,0,0,,24,-598.26,600.0
2024-04,ACQ_B,PM01,Initial (new + win-back),2443,363,0,363,2080,0.8514,2080,60073.98,4228.44
2024-04,ACQ_B,PM01,Refund,0,0,0,0,0,,79,-2310.19,0.0
2024-04,ACQ_B,PM01,Renewal,1955,288,96,192,1763,0.9018,1763,27702.78,2191.07
2024-04,ACQ_B,PM01,Token pack,394,39,0,39,355,0.901,355,13591.45,921.99
2024-04,ACQ_B,PM02,Chargeback,0,0,0,0,0,,21,-735.96,525.0
2024-04,ACQ_B,PM02,Initial (new + win-back),1237,212,0,212,1025,0.8286,1025,30401.79,2131.61
2024-04,ACQ_B,PM02,Refund,0,0,0,0,0,,48,-1527.9,0.0
2024-04,ACQ_B,PM02,Renewal,1052,163,50,113,939,0.8926,939,14670.21,1161.91
2024-04,ACQ_B,PM02,Token pack,182,17,0,17,165,0.9066,165,6328.35,429.2
2024-04,ACQ_B,PM03,Chargeback,0,0,0,0,0,,1,-12.99,25.0
2024-04,ACQ_B,PM03,Initial (new + win-back),136,21,0,21,115,0.8456,115,3919.53,269.67
2024-04,ACQ_B,PM03,Refund,0,0,0,0,0,,4,-245.61,0.0
2024-04,ACQ_B,PM03,Renewal,101,13,6,7,94,0.9307,94,1390.86,111.65
2024-04,ACQ_B,PM03,Token pack,20,2,0,2,18,0.9,18,809.82,53.99
2024-04,CRYPTO_GW,PM04,Initial (new + win-back),201,8,0,8,193,0.9602,193,7078.9,106.18
2024-04,CRYPTO_GW,PM04,Refund,0,0,0,0,0,,7,-311.91,0.0
2024-04,CRYPTO_GW,PM04,Renewal,147,0,0,0,147,1.0,147,2442.38,36.64
2024-04,CRYPTO_GW,PM04,Token pack,31,1,0,1,30,0.9677,30,874.31,13.11
2024-04,CRYPTO_GW,PM05,Initial (new + win-back),116,4,0,4,112,0.9655,112,3801.09,57.02
2024-04,CRYPTO_GW,PM05,Refund,0,0,0,0,0,,3,-117.93,0.0
2024-04,CRYPTO_GW,PM05,Renewal,96,0,0,0,96,1.0,96,1837.16,27.56
2024-04,CRYPTO_GW,PM05,Token pack,28,1,0,1,27,0.9643,27,1358.66,20.38
2024-04,CRYPTO_GW,PM06,Initial (new + win-back),213,9,0,9,204,0.9577,204,7384.94,110.77
2024-04,CRYPTO_GW,PM06,Refund,0,0,0,0,0,,12,-492.81,0.0
2024-04,CRYPTO_GW,PM06,Renewal,144,0,0,0,144,1.0,144,2457.8,36.87
2024-04,CRYPTO_GW,PM06,Token pack,39,1,0,1,38,0.9744,38,1683.71,25.26
2024-04,CRYPTO_GW,PM07,Initial (new + win-back),64,2,0,2,62,0.9688,62,2182.95,32.74
2024-04,CRYPTO_GW,PM07,Refund,0,0,0,0,0,,1,-12.99,0.0
2024-04,CRYPTO_GW,PM07,Renewal,47,0,0,0,47,1.0,47,916.99,13.75
2024-04,CRYPTO_GW,PM07,Token pack,8,0,0,0,8,1.0,8,271.94,4.08
2024-05,ACQ_A,PM01,Chargeback,0,0,0,0,0,,20,-496.94,500.0
2024-05,ACQ_A,PM01,Initial (new + win-back),1442,201,0,201,1241,0.8606,1241,40214.95,2646.17
2024-05,ACQ_A,PM01,Refund,0,0,0,0,0,,55,-1828.93,0.0
2024-05,ACQ_A,PM01,Renewal,1288,149,45,104,1184,0.9193,1184,20826.37,1559.85
2024-05,ACQ_A,PM01,Token pack,267,21,0,21,246,0.9213,246,11619.47,725.17
2024-05,ACQ_A,PM02,Chargeback,0,0,0,0,0,,8,-215.61,200.0
2024-05,ACQ_A,PM02,Initial (new + win-back),754,107,0,107,647,0.8581,647,20088.4,1331.31
2024-05,ACQ_A,PM02,Refund,0,0,0,0,0,,38,-1214.29,0.0
2024-05,ACQ_A,PM02,Renewal,673,52,21,31,642,0.9539,642,11115.92,836.08
2024-05,ACQ_A,PM02,Token pack,131,10,0,10,121,0.9237,121,5014.78,318.16
2024-05,ACQ_A,PM03,Chargeback,0,0,0,0,0,,1,-13.93,25.0
2024-05,ACQ_A,PM03,Initial (new + win-back),73,10,0,10,63,0.863,63,2156.25,140.64
2024-05,ACQ_A,PM03,Refund,0,0,0,0,0,,2,-28.08,0.0
2024-05,ACQ_A,PM03,Renewal,62,8,1,7,55,0.8871,55,893.35,68.38
2024-05,ACQ_A,PM03,Token pack,10,1,0,1,9,0.9,9,158.48,11.87
2024-05,ACQ_B,PM01,Chargeback,0,0,0,0,0,,39,-844.05,975.0
2024-05,ACQ_B,PM01,Initial (new + win-back),2843,475,0,475,2368,0.8329,2368,69504.66,4880.68
2024-05,ACQ_B,PM01,Refund,0,0,0,0,0,,97,-3803.22,0.0
2024-05,ACQ_B,PM01,Renewal,2183,328,101,227,1956,0.896,1956,30781.77,2433.71
2024-05,ACQ_B,PM01,Token pack,477,45,0,45,432,0.9057,432,20245.68,1344.34
2024-05,ACQ_B,PM02,Chargeback,0,0,0,0,0,,20,-563.28,500.0
2024-05,ACQ_B,PM02,Initial (new + win-back),1357,220,0,220,1137,0.8379,1137,34676.13,2421.67
2024-05,ACQ_B,PM02,Refund,0,0,0,0,0,,56,-1932.7,0.0
2024-05,ACQ_B,PM02,Renewal,1120,158,59,99,1021,0.9116,1021,16290.33,1283.72
2024-05,ACQ_B,PM02,Token pack,191,18,0,18,173,0.9058,173,7738.27,516.2
2024-05,ACQ_B,PM03,Chargeback,0,0,0,0,0,,1,-12.99,25.0
2024-05,ACQ_B,PM03,Initial (new + win-back),115,19,0,19,96,0.8348,96,2898.12,202.69
2024-05,ACQ_B,PM03,Refund,0,0,0,0,0,,6,-153.81,0.0
2024-05,ACQ_B,PM03,Renewal,119,17,7,10,109,0.916,109,1576.68,127.3
2024-05,ACQ_B,PM03,Token pack,17,2,0,2,15,0.8824,15,529.85,36.29
2024-05,CRYPTO_GW,PM04,Initial (new + win-back),218,9,0,9,209,0.9587,209,7504.5,112.57
2024-05,CRYPTO_GW,PM04,Refund,0,0,0,0,0,,7,-169.23,0.0
2024-05,CRYPTO_GW,PM04,Renewal,154,0,0,0,154,1.0,154,2505.47,37.58
2024-05,CRYPTO_GW,PM04,Token pack,44,1,0,1,43,0.9773,43,2248.65,33.73
2024-05,CRYPTO_GW,PM05,Initial (new + win-back),141,6,0,6,135,0.9574,135,4915.04,73.73
2024-05,CRYPTO_GW,PM05,Refund,0,0,0,0,0,,8,-246.21,0.0
2024-05,CRYPTO_GW,PM05,Renewal,97,0,0,0,97,1.0,97,1825.09,27.38
2024-05,CRYPTO_GW,PM05,Token pack,34,1,0,1,33,0.9706,33,1326.26,19.89
2024-05,CRYPTO_GW,PM06,Initial (new + win-back),221,9,0,9,212,0.9593,212,7337.85,110.07
2024-05,CRYPTO_GW,PM06,Refund,0,0,0,0,0,,13,-390.0,0.0
2024-05,CRYPTO_GW,PM06,Renewal,153,0,0,0,153,1.0,153,2611.44,39.17
2024-05,CRYPTO_GW,PM06,Token pack,29,1,0,1,28,0.9655,28,1927.55,28.91
2024-05,CRYPTO_GW,PM07,Initial (new + win-back),61,2,0,2,59,0.9672,59,2175.92,32.64
2024-05,CRYPTO_GW,PM07,Refund,0,0,0,0,0,,2,-91.74,0.0
2024-05,CRYPTO_GW,PM07,Renewal,45,0,0,0,45,1.0,45,846.27,12.69
2024-05,CRYPTO_GW,PM07,Token pack,9,0,0,0,9,1.0,9,427.55,6.41
2024-06,ACQ_A,PM01,Chargeback,0,0,0,0,0,,25,-478.84,625.0
2024-06,ACQ_A,PM01,Initial (new + win-back),1447,209,0,209,1238,0.8556,1238,39629.41,2612.92
2024-06,ACQ_A,PM01,Refund,0,0,0,0,0,,47,-1788.12,0.0
2024-06,ACQ_A,PM01,Renewal,1420,194,70,124,1296,0.9127,1296,22559.07,1694.35
2024-06,ACQ_A,PM01,Token pack,316,28,0,28,288,0.9114,288,12795.65,804.56
2024-06,ACQ_A,PM02,Chargeback,0,0,0,0,0,,11,-238.86,275.0
2024-06,ACQ_A,PM02,Initial (new + win-back),750,114,0,114,636,0.848,636,20246.22,1336.14
2024-06,ACQ_A,PM02,Refund,0,0,0,0,0,,35,-1020.72,0.0
2024-06,ACQ_A,PM02,Renewal,781,77,28,49,732,0.9373,732,12721.01,955.86
2024-06,ACQ_A,PM02,Token pack,182,17,0,17,165,0.9066,165,7999.33,497.71
2024-06,ACQ_A,PM03,Chargeback,0,0,0,0,0,,1,-14.04,25.0
2024-06,ACQ_A,PM03,Initial (new + win-back),74,10,0,10,64,0.8649,64,1881.33,125.87
2024-06,ACQ_A,PM03,Refund,0,0,0,0,0,,2,-46.22,0.0
2024-06,ACQ_A,PM03,Renewal,64,8,2,6,58,0.9062,58,996.57,75.11
2024-06,ACQ_A,PM03,Token pack,18,1,0,1,17,0.9444,17,1181.46,70.93
2024-06,ACQ_B,PM01,Chargeback,0,0,0,0,0,,52,-987.99,1300.0
2024-06,ACQ_B,PM01,Initial (new + win-back),2686,424,0,424,2262,0.8421,2262,64613.46,4555.41
2024-06,ACQ_B,PM01,Refund,0,0,0,0,0,,77,-1813.95,0.0
2024-06,ACQ_B,PM01,Renewal,2423,349,117,232,2191,0.9043,2191,34192.08,2708.82
2024-06,ACQ_B,PM01,Token pack,488,45,0,45,443,0.9078,443,17110.57,1159.53
2024-06,ACQ_B,PM02,Chargeback,0,0,0,0,0,,26,-842.82,650.0
2024-06,ACQ_B,PM02,Initial (new + win-back),1423,221,0,221,1202,0.8447,1202,35452.56,2487.75
2024-06,ACQ_B,PM02,Refund,0,0,0,0,0,,46,-1607.08,0.0
2024-06,ACQ_B,PM02,Renewal,1240,193,54,139,1101,0.8879,1101,17508.36,1380.8
2024-06,ACQ_B,PM02,Token pack,221,22,0,22,199,0.9005,199,7553.01,512.88
2024-06,ACQ_B,PM03,Chargeback,0,0,0,0,0,,2,-25.98,50.0
2024-06,ACQ_B,PM03,Initial (new + win-back),142,22,0,22,120,0.8451,120,3723.99,259.44
2024-06,ACQ_B,PM03,Refund,0,0,0,0,0,,4,-68.94,0.0
2024-06,ACQ_B,PM03,Renewal,131,21,6,15,116,0.8855,116,1667.61,134.86
2024-06,ACQ_B,PM03,Token pack,27,3,0,3,24,0.8889,24,1759.76,112.79
2024-06,CRYPTO_GW,PM04,Initial (new + win-back),247,10,0,10,237,0.9595,237,8476.4,127.15
2024-06,CRYPTO_GW,PM04,Refund,0,0,0,0,0,,11,-455.31,0.0
2024-06,CRYPTO_GW,PM04,Renewal,174,0,0,0,174,1.0,174,2826.54,42.4
2024-06,CRYPTO_GW,PM04,Token pack,49,1,0,1,48,0.9796,48,1755.48,26.33
2024-06,CRYPTO_GW,PM05,Initial (new + win-back),132,5,0,5,127,0.9621,127,5175.2,77.63
2024-06,CRYPTO_GW,PM05,Refund,0,0,0,0,0,,10,-408.61,0.0
2024-06,CRYPTO_GW,PM05,Renewal,102,0,0,0,102,1.0,102,1767.33,26.51
2024-06,CRYPTO_GW,PM05,Token pack,31,1,0,1,30,0.9677,30,988.11,14.82
2024-06,CRYPTO_GW,PM06,Initial (new + win-back),254,11,0,11,243,0.9567,243,9498.9,142.48
2024-06,CRYPTO_GW,PM06,Refund,0,0,0,0,0,,10,-493.21,0.0
2024-06,CRYPTO_GW,PM06,Renewal,174,0,0,0,174,1.0,174,2860.74,42.91
2024-06,CRYPTO_GW,PM06,Token pack,44,1,0,1,43,0.9773,43,1721.63,25.82
2024-06,CRYPTO_GW,PM07,Initial (new + win-back),72,3,0,3,69,0.9583,69,3011.13,45.17
2024-06,CRYPTO_GW,PM07,Refund,0,0,0,0,0,,3,-120.3,0.0
2024-06,CRYPTO_GW,PM07,Renewal,44,0,0,0,44,1.0,44,771.13,11.57
2024-06,CRYPTO_GW,PM07,Token pack,16,0,0,0,16,1.0,16,738.95,11.08
2024-07,ACQ_A,PM01,Chargeback,0,0,0,0,0,,24,-561.18,600.0
2024-07,ACQ_A,PM01,Initial (new + win-back),1619,212,0,212,1407,0.8691,1407,47765.28,3119.54
2024-07,ACQ_A,PM01,Refund,0,0,0,0,0,,62,-1924.16,0.0
2024-07,ACQ_A,PM01,Renewal,1584,199,62,137,1447,0.9135,1447,26439.07,1960.6
2024-07,ACQ_A,PM01,Token pack,344,27,0,27,317,0.9215,317,15560.71,966.79
2024-07,ACQ_A,PM02,Chargeback,0,0,0,0,0,,15,-251.27,375.0
2024-07,ACQ_A,PM02,Initial (new + win-back),893,131,0,131,762,0.8533,762,25872.72,1689.7
2024-07,ACQ_A,PM02,Refund,0,0,0,0,0,,43,-1325.44,0.0
2024-07,ACQ_A,PM02,Renewal,879,102,32,70,809,0.9204,809,14802.0,1097.26
2024-07,ACQ_A,PM02,Token pack,175,15,0,15,160,0.9143,160,8326.77,513.97
2024-07,ACQ_A,PM03,Initial (new + win-back),92,13,0,13,79,0.8587,79,2702.07,176.26
2024-07,ACQ_A,PM03,Refund,0,0,0,0,0,,4,-58.95,0.0
2024-07,ACQ_A,PM03,Renewal,73,8,2,6,67,0.9178,67,1146.64,86.51
2024-07,ACQ_A,PM03,Token pack,29,2,0,2,27,0.931,27,1252.15,78.32
2024-07,ACQ_B,PM01,Chargeback,0,0,0,0,0,,51,-1269.45,1275.0
2024-07,ACQ_B,PM01,Initial (new + win-back),3226,584,0,584,2642,0.819,2642,80278.44,5609.31
2024-07,ACQ_B,PM01,Refund,0,0,0,0,0,,114,-3536.81,0.0
2024-07,ACQ_B,PM01,Renewal,2679,378,117,261,2418,0.9026,2418,38689.62,3046.78
2024-07,ACQ_B,PM01,Token pack,563,53,0,53,510,0.9059,510,21939.9,1469.39
2024-07,ACQ_B,PM02,Chargeback,0,0,0,0,0,,33,-800.07,825.0
2024-07,ACQ_B,PM02,Initial (new + win-back),1624,261,0,261,1363,0.8393,1363,42101.94,2935.02
2024-07,ACQ_B,PM02,Refund,0,0,0,0,0,,51,-1271.43,0.0
2024-07,ACQ_B,PM02,Renewal,1407,190,62,128,1279,0.909,1279,20272.17,1600.03
2024-07,ACQ_B,PM02,Token pack,287,28,0,28,259,0.9024,259,10257.41,693.14
2024-07,ACQ_B,PM03,Chargeback,0,0,0,0,0,,3,-38.97,75.0
2024-07,ACQ_B,PM03,Initial (new + win-back),151,26,0,26,125,0.8278,125,3605.4,253.82
2024-07,ACQ_B,PM03,Refund,0,0,0,0,0,,7,-166.8,0.0
2024-07,ACQ_B,PM03,Renewal,151,22,5,17,134,0.8874,134,2273.91,176.63
2024-07,ACQ_B,PM03,Token pack,26,3,0,3,23,0.8846,23,1009.77,67.49
2024-07,CRYPTO_GW,PM04,Initial (new + win-back),262,11,0,11,251,0.958,251,10057.18,150.86
2024-07,CRYPTO_GW,PM04,Refund,0,0,0,0,0,,14,-687.67,0.0
2024-07,CRYPTO_GW,PM04,Renewal,199,0,0,0,199,1.0,199,3389.05,50.84
2024-07,CRYPTO_GW,PM04,Token pack,67,2,0,2,65,0.9701,65,2649.0,39.73
2024-07,CRYPTO_GW,PM05,Initial (new + win-back),162,7,0,7,155,0.9568,155,5562.55,83.44
2024-07,CRYPTO_GW,PM05,Refund,0,0,0,0,0,,5,-320.01,0.0
2024-07,CRYPTO_GW,PM05,Renewal,111,0,0,0,111,1.0,111,2018.7,30.28
2024-07,CRYPTO_GW,PM05,Token pack,28,1,0,1,27,0.9643,27,920.6,13.81
2024-07,CRYPTO_GW,PM06,Initial (new + win-back),282,12,0,12,270,0.9574,270,10431.75,156.48
2024-07,CRYPTO_GW,PM06,Refund,0,0,0,0,0,,15,-577.04,0.0
2024-07,CRYPTO_GW,PM06,Renewal,201,0,0,0,201,1.0,201,3645.88,54.69
2024-07,CRYPTO_GW,PM06,Token pack,70,2,0,2,68,0.9714,68,3212.67,48.19
2024-07,CRYPTO_GW,PM07,Initial (new + win-back),81,3,0,3,78,0.963,78,3107.93,46.62
2024-07,CRYPTO_GW,PM07,Refund,0,0,0,0,0,,4,-152.05,0.0
2024-07,CRYPTO_GW,PM07,Renewal,55,0,0,0,55,1.0,55,904.45,13.57
2024-07,CRYPTO_GW,PM07,Token pack,16,0,0,0,16,1.0,16,672.81,10.09
2024-08,ACQ_A,PM01,Chargeback,0,0,0,0,0,,27,-688.09,675.0
2024-08,ACQ_A,PM01,Initial (new + win-back),1637,237,0,237,1400,0.8552,1400,46277.45,3035.26
2024-08,ACQ_A,PM01,Refund,0,0,0,0,0,,62,-1947.47,0.0
2024-08,ACQ_A,PM01,Renewal,1685,179,51,128,1557,0.924,1557,28416.61,2107.86
2024-08,ACQ_A,PM01,Token pack,377,33,0,33,344,0.9125,344,17600.77,1088.44
2024-08,ACQ_A,PM02,Chargeback,0,0,0,0,0,,10,-481.03,250.0
2024-08,ACQ_A,PM02,Initial (new + win-back),863,124,0,124,739,0.8563,739,23732.08,1563.91
2024-08,ACQ_A,PM02,Refund,0,0,0,0,0,,20,-479.49,0.0
2024-08,ACQ_A,PM02,Renewal,913,109,37,72,841,0.9211,841,15684.79,1157.01
2024-08,ACQ_A,PM02,Token pack,190,16,0,16,174,0.9158,174,9991.51,610.43
2024-08,ACQ_A,PM03,Chargeback,0,0,0,0,0,,3,-106.08,75.0
2024-08,ACQ_A,PM03,Initial (new + win-back),64,9,0,9,55,0.8594,55,1910.14,124.31
2024-08,ACQ_A,PM03,Refund,0,0,0,0,0,,3,-61.6,0.0
2024-08,ACQ_A,PM03,Renewal,83,8,5,3,80,0.9639,80,1387.49,104.31
2024-08,ACQ_A,PM03,Token pack,22,2,0,2,20,0.9091,20,1431.71,85.74
2024-08,ACQ_B,PM01,Chargeback,0,0,0,0,0,,48,-1432.08,1200.0
2024-08,ACQ_B,PM01,Initial (new + win-back),3317,574,0,574,2743,0.827,2743,79994.61,5622.58
2024-08,ACQ_B,PM01,Refund,0,0,0,0,0,,100,-3243.45,0.0
2024-08,ACQ_B,PM01,Renewal,2861,362,126,236,2625,0.9175,2625,41489.46,3276.87
2024-08,ACQ_B,PM01,Token pack,633,63,0,63,570,0.9005,570,23204.3,1563.26
2024-08,ACQ_B,PM02,Chargeback,0,0,0,0,0,,31,-630.3,775.0
2024-08,ACQ_B,PM02,Initial (new + win-back),1546,240,0,240,1306,0.8448,1306,37958.55,2669.31
2024-08,ACQ_B,PM02,Refund,0,0,0,0,0,,51,-1235.71,0.0
2024-08,ACQ_B,PM02,Renewal,1498,199,59,140,1358,0.9065,1358,22087.8,1732.67
2024-08,ACQ_B,PM02,Token pack,352,36,0,36,316,0.8977,316,14116.84,941.81
2024-08,ACQ_B,PM03,Chargeback,0,0,0,0,0,,2,-25.98,50.0
2024-08,ACQ_B,PM03,Initial (new + win-back),153,24,0,24,129,0.8431,129,3522.6,250.06
2024-08,ACQ_B,PM03,Refund,0,0,0,0,0,,3,-114.84,0.0
2024-08,ACQ_B,PM03,Renewal,138,18,6,12,126,0.913,126,1957.2,155.23
2024-08,ACQ_B,PM03,Token pack,31,3,0,3,28,0.9032,28,1369.72,90.58
2024-08,CRYPTO_GW,PM04,Initial (new + win-back),250,10,0,10,240,0.96,240,9358.77,140.38
2024-08,CRYPTO_GW,PM04,Refund,0,0,0,0,0,,11,-297.82,0.0
2024-08,CRYPTO_GW,PM04,Renewal,209,0,0,0,209,1.0,209,3583.14,53.75
2024-08,CRYPTO_GW,PM04,Token pack,64,1,0,1,63,0.9844,63,2016.49,30.25
2024-08,CRYPTO_GW,PM05,Initial (new + win-back),140,6,0,6,134,0.9571,134,4817.13,72.26
2024-08,CRYPTO_GW,PM05,Refund,0,0,0,0,0,,7,-315.64,0.0
2024-08,CRYPTO_GW,PM05,Renewal,129,0,0,0,129,1.0,129,2145.99,32.19
2024-08,CRYPTO_GW,PM05,Token pack,23,1,0,1,22,0.9565,22,977.98,14.67
2024-08,CRYPTO_GW,PM06,Initial (new + win-back),251,9,0,9,242,0.9641,242,9343.11,140.15
2024-08,CRYPTO_GW,PM06,Refund,0,0,0,0,0,,5,-121.96,0.0
2024-08,CRYPTO_GW,PM06,Renewal,208,0,0,0,208,1.0,208,3438.05,51.57
2024-08,CRYPTO_GW,PM06,Token pack,61,1,0,1,60,0.9836,60,2400.67,36.01
2024-08,CRYPTO_GW,PM07,Initial (new + win-back),65,3,0,3,62,0.9538,62,2371.34,35.57
2024-08,CRYPTO_GW,PM07,Refund,0,0,0,0,0,,4,-245.61,0.0
2024-08,CRYPTO_GW,PM07,Renewal,63,0,0,0,63,1.0,63,1005.47,15.08
2024-08,CRYPTO_GW,PM07,Token pack,14,0,0,0,14,1.0,14,297.93,4.47
2024-09,ACQ_A,PM01,Chargeback,0,0,0,0,0,,28,-739.14,700.0
2024-09,ACQ_A,PM01,Initial (new + win-back),1608,217,0,217,1391,0.865,1391,47237.97,3084.94
2024-09,ACQ_A,PM01,Refund,0,0,0,0,0,,72,-2357.57,0.0
2024-09,ACQ_A,PM01,Renewal,1814,239,76,163,1651,0.9101,1651,30789.15,2271.25
2024-09,ACQ_A,PM01,Token pack,394,33,0,33,361,0.9162,361,15003.99,951.57
2024-09,ACQ_A,PM02,Chargeback,0,0,0,0,0,,26,-629.97,650.0
2024-09,ACQ_A,PM02,Initial (new + win-back),846,121,0,121,725,0.857,725,23605.24,1552.04
2024-09,ACQ_A,PM02,Refund,0,0,0,0,0,,40,-1249.45,0.0
2024-09,ACQ_A,PM02,Renewal,983,130,37,93,890,0.9054,890,16273.5,1206.54
2024-09,ACQ_A,PM02,Token pack,192,18,0,18,174,0.9062,174,7998.88,500.84
2024-09,ACQ_A,PM03,Chargeback,0,0,0,0,0,,1,-33.0,25.0
2024-09,ACQ_A,PM03,Initial (new + win-back),89,12,0,12,77,0.8652,77,2230.23,149.61
2024-09,ACQ_A,PM03,Refund,0,0,0,0,0,,5,-214.85,0.0
2024-09,ACQ_A,PM03,Renewal,80,8,1,7,73,0.9125,73,1274.33,95.64
2024-09,ACQ_A,PM03,Token pack,14,1,0,1,13,0.9286,13,609.65,38.08
2024-09,ACQ_B,PM01,Chargeback,0,0,0,0,0,,57,-1288.5,1425.0
2024-09,ACQ_B,PM01,Initial (new + win-back),3169,496,0,496,2673,0.8435,2673,78528.21,5513.59
2024-09,ACQ_B,PM01,Refund,0,0,0,0,0,,126,-3878.61,0.0
2024-09,ACQ_B,PM01,Renewal,3213,463,147,316,2897,0.9016,2897,46356.6,3650.5
2024-09,ACQ_B,PM01,Token pack,701,68,0,68,633,0.903,633,24963.67,1687.72
2024-09,ACQ_B,PM02,Chargeback,0,0,0,0,0,,23,-467.49,575.0
2024-09,ACQ_B,PM02,Initial (new + win-back),1684,272,0,272,1412,0.8385,1412,40416.81,2848.61
2024-09,ACQ_B,PM02,Refund,0,0,0,0,0,,55,-1446.46,0.0
2024-09,ACQ_B,PM02,Renewal,1562,212,57,155,1407,0.9008,1407,22524.87,1773.59
2024-09,ACQ_B,PM02,Token pack,362,34,0,34,328,0.9061,328,14516.72,969.4
2024-09,ACQ_B,PM03,Chargeback,0,0,0,0,0,,2,-25.98,50.0
2024-09,ACQ_B,PM03,Initial (new + win-back),157,25,0,25,132,0.8408,132,3880.95,272.46
2024-09,ACQ_B,PM03,Refund,0,0,0,0,0,,3,-114.84,0.0
2024-09,ACQ_B,PM03,Renewal,157,24,8,16,141,0.8981,141,2069.31,166.46
2024-09,ACQ_B,PM03,Token pack,28,3,0,3,25,0.8929,25,1059.75,71.08
2024-09,CRYPTO_GW,PM04,Initial (new + win-back),258,11,0,11,247,0.9574,247,8716.0,130.74
2024-09,CRYPTO_GW,PM04,Refund,0,0,0,0,0,,14,-451.36,0.0
2024-09,CRYPTO_GW,PM04,Renewal,220,0,0,0,220,1.0,220,3820.3,57.3
2024-09,CRYPTO_GW,PM04,Token pack,67,2,0,2,65,0.9701,65,2066.15,30.99
2024-09,CRYPTO_GW,PM05,Initial (new + win-back),151,5,0,5,146,0.9669,146,4859.12,72.89
2024-09,CRYPTO_GW,PM05,Refund,0,0,0,0,0,,5,-145.59,0.0
2024-09,CRYPTO_GW,PM05,Renewal,134,0,0,0,134,1.0,134,2316.05,34.74
2024-09,CRYPTO_GW,PM05,Token pack,22,0,0,0,22,1.0,22,728.38,10.93
2024-09,CRYPTO_GW,PM06,Initial (new + win-back),291,11,0,11,280,0.9622,280,10735.4,161.03
2024-09,CRYPTO_GW,PM06,Refund,0,0,0,0,0,,17,-600.77,0.0
2024-09,CRYPTO_GW,PM06,Renewal,245,0,0,0,245,1.0,245,4078.35,61.18
2024-09,CRYPTO_GW,PM06,Token pack,81,2,0,2,79,0.9753,79,3663.08,54.95
2024-09,CRYPTO_GW,PM07,Initial (new + win-back),79,3,0,3,76,0.962,76,2638.22,39.57
2024-09,CRYPTO_GW,PM07,Refund,0,0,0,0,0,,2,-27.42,0.0
2024-09,CRYPTO_GW,PM07,Renewal,74,0,0,0,74,1.0,74,1237.43,18.56
2024-09,CRYPTO_GW,PM07,Token pack,16,0,0,0,16,1.0,16,852.99,12.79
2024-10,ACQ_A,PM01,Chargeback,0,0,0,0,0,,32,-731.26,800.0
2024-10,ACQ_A,PM01,Initial (new + win-back),1876,225,0,225,1651,0.8801,1651,54640.18,3583.06
2024-10,ACQ_A,PM01,Refund,0,0,0,0,0,,71,-2324.01,0.0
2024-10,ACQ_A,PM01,Renewal,1938,227,75,152,1786,0.9216,1786,34722.75,2534.85
2024-10,ACQ_A,PM01,Token pack,439,36,0,36,403,0.918,403,19608.81,1219.53
2024-10,ACQ_A,PM02,Chargeback,0,0,0,0,0,,18,-420.46,450.0
2024-10,ACQ_A,PM02,Initial (new + win-back),961,140,0,140,821,0.8543,821,27610.8,1805.94
2024-10,ACQ_A,PM02,Refund,0,0,0,0,0,,34,-1141.17,0.0
2024-10,ACQ_A,PM02,Renewal,1078,133,51,82,996,0.9239,996,20220.07,1460.7
2024-10,ACQ_A,PM02,Token pack,240,20,0,20,220,0.9167,220,13514.06,820.27
2024-10,ACQ_A,PM03,Initial (new + win-back),84,11,0,11,73,0.869,73,2127.68,142.57
2024-10,ACQ_A,PM03,Refund,0,0,0,0,0,,2,-31.11,0.0
2024-10,ACQ_A,PM03,Renewal,99,16,6,10,89,0.899,89,1877.6,134.42
2024-10,ACQ_A,PM03,Token pack,17,1,0,1,16,0.9412,16,1074.56,64.7
2024-10,ACQ_B,PM01,Chargeback,0,0,0,0,0,,51,-1134.69,1275.0
2024-10,ACQ_B,PM01,Initial (new + win-back),3605,617,0,617,2988,0.8288,2988,90113.52,6303.21
2024-10,ACQ_B,PM01,Refund,0,0,0,0,0,,120,-3328.21,0.0
2024-10,ACQ_B,PM01,Renewal,3531,471,160,311,3220,0.9119,3220,54907.68,4260.46
2024-10,ACQ_B,PM01,Token pack,727,69,0,69,658,0.9051,658,31503.42,2087.61
2024-10,ACQ_B,PM02,Chargeback,0,0,0,0,0,,29,-722.1,725.0
2024-10,ACQ_B,PM02,Initial (new + win-back),1859,269,0,269,1590,0.8553,1590,46694.88,3278.69
2024-10,ACQ_B,PM02,Refund,0,0,0,0,0,,66,-1832.96,0.0
2024-10,ACQ_B,PM02,Renewal,1765,264,89,175,1590,0.9008,1590,27778.23,2143.69
2024-10,ACQ_B,PM02,Token pack,355,37,0,37,318,0.8958,318,15706.82,1037.81
2024-10,ACQ_B,PM03,Chargeback,0,0,0,0,0,,1,-12.99,25.0
2024-10,ACQ_B,PM03,Initial (new + win-back),173,29,0,29,144,0.8324,144,4548.78,316.13
2024-10,ACQ_B,PM03,Refund,0,0,0,0,0,,8,-297.57,0.0
2024-10,ACQ_B,PM03,Renewal,194,26,3,23,171,0.8814,171,3075.0,235.8
2024-10,ACQ_B,PM03,Token pack,31,3,0,3,28,0.9032,28,2069.72,132.58
2024-10,CRYPTO_GW,PM04,Initial (new + win-back),280,11,0,11,269,0.9607,269,9937.18,149.06
2024-10,CRYPTO_GW,PM04,Refund,0,0,0,0,0,,12,-560.58,0.0
2024-10,CRYPTO_GW,PM04,Renewal,259,0,0,0,259,1.0,259,4824.26,72.36
2024-10,CRYPTO_GW,PM04,Token pack,73,2,0,2,71,0.9726,71,3931.55,58.97
2024-10,CRYPTO_GW,PM05,Initial (new + win-back),171,7,0,7,164,0.9591,164,6192.83,92.89
2024-10,CRYPTO_GW,PM05,Refund,0,0,0,0,0,,7,-304.28,0.0
2024-10,CRYPTO_GW,PM05,Renewal,164,0,0,0,164,1.0,164,3328.46,49.93
2024-10,CRYPTO_GW,PM05,Token pack,40,1,0,1,39,0.975,39,2305.81,34.59
2024-10,CRYPTO_GW,PM06,Initial (new + win-back),323,13,0,13,310,0.9598,310,12308.38,184.63
2024-10,CRYPTO_GW,PM06,Refund,0,0,0,0,0,,11,-617.12,0.0
2024-10,CRYPTO_GW,PM06,Renewal,300,0,0,0,300,1.0,300,5927.05,88.91
2024-10,CRYPTO_GW,PM06,Token pack,91,2,0,2,89,0.978,89,3601.75,54.03
2024-10,CRYPTO_GW,PM07,Initial (new + win-back),86,3,0,3,83,0.9651,83,3548.54,53.23
2024-10,CRYPTO_GW,PM07,Refund,0,0,0,0,0,,3,-45.27,0.0
2024-10,CRYPTO_GW,PM07,Renewal,83,0,0,0,83,1.0,83,1551.44,23.27
2024-10,CRYPTO_GW,PM07,Token pack,24,1,0,1,23,0.9583,23,1067.25,16.01
2024-11,ACQ_A,PM01,Chargeback,0,0,0,0,0,,33,-866.64,825.0
2024-11,ACQ_A,PM01,Initial (new + win-back),2470,390,0,390,2080,0.8421,2080,69897.4,4572.36
2024-11,ACQ_A,PM01,Refund,0,0,0,0,0,,78,-2798.46,0.0
2024-11,ACQ_A,PM01,Renewal,2143,239,69,170,1973,0.9207,1973,40857.38,2937.71
2024-11,ACQ_A,PM01,Token pack,709,57,0,57,652,0.9196,652,31382.89,1954.26
2024-11,ACQ_A,PM02,Chargeback,0,0,0,0,0,,21,-431.62,525.0
2024-11,ACQ_A,PM02,Initial (new + win-back),1203,170,0,170,1033,0.8587,1033,36332.89,2359.86
2024-11,ACQ_A,PM02,Refund,0,0,0,0,0,,51,-1716.6,0.0
2024-11,ACQ_A,PM02,Renewal,1128,126,26,100,1028,0.9113,1028,22824.43,1615.14
2024-11,ACQ_A,PM02,Token pack,340,31,0,31,309,0.9088,309,18926.18,1149.09
2024-11,ACQ_A,PM03,Chargeback,0,0,0,0,0,,2,-28.32,50.0
2024-11,ACQ_A,PM03,Initial (new + win-back),90,12,0,12,78,0.8667,78,2767.11,179.49
2024-11,ACQ_A,PM03,Refund,0,0,0,0,0,,1,-13.81,0.0
2024-11,ACQ_A,PM03,Renewal,97,12,3,9,88,0.9072,88,1952.47,138.19
2024-11,ACQ_A,PM03,Token pack,28,2,0,2,26,0.9286,26,1462.13,89.52
2024-11,ACQ_B,PM01,Chargeback,0,0,0,0,0,,45,-1056.75,1125.0
2024-11,ACQ_B,PM01,Initial (new + win-back),4524,812,0,812,3712,0.8205,3712,115205.7,8025.94
2024-11,ACQ_B,PM01,Refund,0,0,0,0,0,,150,-4292.76,0.0
2024-11,ACQ_B,PM01,Renewal,3854,554,188,366,3488,0.905,3488,68012.61,5127.16
2024-11,ACQ_B,PM01,Token pack,1132,95,0,95,1037,0.9161,1037,49664.63,3290.98
2024-11,ACQ_B,PM02,Chargeback,0,0,0,0,0,,35,-850.98,875.0
2024-11,ACQ_B,PM02,Initial (new + win-back),2437,402,0,402,2035,0.835,2035,64611.78,4487.21
2024-11,ACQ_B,PM02,Refund,0,0,0,0,0,,63,-2281.96,0.0
2024-11,ACQ_B,PM02,Renewal,1888,253,88,165,1723,0.9126,1723,32853.6,2488.12
2024-11,ACQ_B,PM02,Token pack,648,68,0,68,580,0.8951,580,28039.2,1856.35
2024-11,ACQ_B,PM03,Chargeback,0,0,0,0,0,,3,-55.95,75.0
2024-11,ACQ_B,PM03,Initial (new + win-back),225,39,0,39,186,0.8267,186,5819.1,404.95
2024-11,ACQ_B,PM03,Refund,0,0,0,0,0,,11,-306.63,0.0
2024-11,ACQ_B,PM03,Renewal,189,28,6,22,167,0.8836,167,3096.75,235.9
2024-11,ACQ_B,PM03,Token pack,65,6,0,6,59,0.9077,59,1899.41,131.66
2024-11,CRYPTO_GW,PM04,Initial (new + win-back),357,14,0,14,343,0.9608,343,13326.82,199.9
2024-11,CRYPTO_GW,PM04,Refund,0,0,0,0,0,,11,-401.35,0.0
2024-11,CRYPTO_GW,PM04,Renewal,293,0,0,0,293,1.0,293,6278.6,94.18
2024-11,CRYPTO_GW,PM04,Token pack,137,3,0,3,134,0.9781,134,6478.79,97.18
2024-11,CRYPTO_GW,PM05,Initial (new + win-back),214,9,0,9,205,0.9579,205,8444.51,126.67
2024-11,CRYPTO_GW,PM05,Refund,0,0,0,0,0,,13,-576.97,0.0
2024-11,CRYPTO_GW,PM05,Renewal,188,0,0,0,188,1.0,188,4417.62,66.26
2024-11,CRYPTO_GW,PM05,Token pack,65,2,0,2,63,0.9692,63,3964.1,59.46
2024-11,CRYPTO_GW,PM06,Initial (new + win-back),373,14,0,14,359,0.9625,359,14292.82,214.39
2024-11,CRYPTO_GW,PM06,Refund,0,0,0,0,0,,11,-286.67,0.0
2024-11,CRYPTO_GW,PM06,Renewal,326,0,0,0,326,1.0,326,6679.85,100.2
2024-11,CRYPTO_GW,PM06,Token pack,135,3,0,3,132,0.9778,132,5638.57,84.58
2024-11,CRYPTO_GW,PM07,Initial (new + win-back),100,4,0,4,96,0.96,96,3731.16,55.97
2024-11,CRYPTO_GW,PM07,Refund,0,0,0,0,0,,3,-161.28,0.0
2024-11,CRYPTO_GW,PM07,Renewal,82,0,0,0,82,1.0,82,1942.75,29.14
2024-11,CRYPTO_GW,PM07,Token pack,40,1,0,1,39,0.975,39,2073.4,31.1
2024-12,ACQ_A,PM01,Chargeback,0,0,0,0,0,,42,-1273.73,1050.0
2024-12,ACQ_A,PM01,Initial (new + win-back),2271,375,0,375,1896,0.8349,1896,63843.41,4174.99
2024-12,ACQ_A,PM01,Refund,0,0,0,0,0,,81,-2331.25,0.0
2024-12,ACQ_A,PM01,Renewal,2381,283,93,190,2191,0.9202,2191,41582.99,3053.91
2024-12,ACQ_A,PM01,Token pack,756,60,0,60,696,0.9206,696,38661.02,2369.96
2024-12,ACQ_A,PM02,Chargeback,0,0,0,0,0,,25,-560.82,625.0
2024-12,ACQ_A,PM02,Initial (new + win-back),1172,168,0,168,1004,0.8567,1004,33800.51,2210.43
2024-12,ACQ_A,PM02,Refund,0,0,0,0,0,,50,-1402.64,0.0
2024-12,ACQ_A,PM02,Renewal,1186,144,36,108,1078,0.9089,1078,20350.29,1496.57
2024-12,ACQ_A,PM02,Token pack,368,31,0,31,337,0.9158,337,16315.75,1015.32
2024-12,ACQ_A,PM03,Chargeback,0,0,0,0,0,,4,-57.99,100.0
2024-12,ACQ_A,PM03,Initial (new + win-back),109,15,0,15,94,0.8624,94,2962.91,195.86
2024-12,ACQ_A,PM03,Refund,0,0,0,0,0,,2,-27.23,0.0
2024-12,ACQ_A,PM03,Renewal,107,13,3,10,97,0.9065,97,1841.83,135.25
2024-12,ACQ_A,PM03,Token pack,30,2,0,2,28,0.9333,28,1479.25,91.16
2024-12,ACQ_B,PM01,Chargeback,0,0,0,0,0,,66,-1876.53,1650.0
2024-12,ACQ_B,PM01,Initial (new + win-back),4246,704,0,704,3542,0.8342,3542,109269.66,7618.78
2024-12,ACQ_B,PM01,Refund,0,0,0,0,0,,148,-5043.84,0.0
2024-12,ACQ_B,PM01,Renewal,4064,566,188,378,3686,0.907,3686,65242.62,5020.36
2024-12,ACQ_B,PM01,Token pack,1324,141,0,141,1183,0.8935,1183,59833.17,3944.89
2024-12,ACQ_B,PM02,Chargeback,0,0,0,0,0,,40,-773.22,1000.0
2024-12,ACQ_B,PM02,Initial (new + win-back),2116,350,0,350,1766,0.8346,1766,52917.33,3704.84
2024-12,ACQ_B,PM02,Refund,0,0,0,0,0,,67,-2072.16,0.0
2024-12,ACQ_B,PM02,Renewal,2133,314,106,208,1925,0.9025,1925,34504.62,2647.78
2024-12,ACQ_B,PM02,Token pack,633,59,0,59,574,0.9068,574,29059.26,1915.76
2024-12,ACQ_B,PM03,Chargeback,0,0,0,0,0,,4,-127.83,100.0
2024-12,ACQ_B,PM03,Initial (new + win-back),233,35,0,35,198,0.8498,198,6346.38,440.18
2024-12,ACQ_B,PM03,Refund,0,0,0,0,0,,7,-180.78,0.0
2024-12,ACQ_B,PM03,Renewal,201,25,7,18,183,0.9104,183,3028.2,236.59
2024-12,ACQ_B,PM03,Token pack,64,7,0,7,57,0.8906,57,2494.43,166.77
2024-12,CRYPTO_GW,PM04,Initial (new + win-back),355,14,0,14,341,0.9606,341,12599.66,188.99
2024-12,CRYPTO_GW,PM04,Refund,0,0,0,0,0,,13,-609.29,0.0
2024-12,CRYPTO_GW,PM04,Renewal,317,0,0,0,317,1.0,317,6124.23,91.86
2024-12,CRYPTO_GW,PM04,Token pack,138,3,0,3,135,0.9783,135,6497.26,97.46
2024-12,CRYPTO_GW,PM05,Initial (new + win-back),213,9,0,9,204,0.9577,204,8033.08,120.5
2024-12,CRYPTO_GW,PM05,Refund,0,0,0,0,0,,9,-481.85,0.0
2024-12,CRYPTO_GW,PM05,Renewal,182,0,0,0,182,1.0,182,3603.59,54.05
2024-12,CRYPTO_GW,PM05,Token pack,74,2,0,2,72,0.973,72,3502.02,52.53
2024-12,CRYPTO_GW,PM06,Initial (new + win-back),360,14,0,14,346,0.9611,346,13591.03,203.87
2024-12,CRYPTO_GW,PM06,Refund,0,0,0,0,0,,25,-840.66,0.0
2024-12,CRYPTO_GW,PM06,Renewal,357,0,0,0,357,1.0,357,6761.27,101.42
2024-12,CRYPTO_GW,PM06,Token pack,138,3,0,3,135,0.9783,135,9335.62,140.03
2024-12,CRYPTO_GW,PM07,Initial (new + win-back),88,4,0,4,84,0.9545,84,2944.01,44.16
2024-12,CRYPTO_GW,PM07,Renewal,83,0,0,0,83,1.0,83,1614.68,24.22
2024-12,CRYPTO_GW,PM07,Token pack,36,1,0,1,35,0.9722,35,1674.83,25.12
2025-01,ACQ_A,PM01,Chargeback,0,0,0,0,0,,35,-1144.37,875.0
2025-01,ACQ_A,PM01,Initial (new + win-back),2385,320,0,320,2065,0.8658,2065,65599.19,4330.71
2025-01,ACQ_A,PM01,Refund,0,0,0,0,0,,86,-2696.23,0.0
2025-01,ACQ_A,PM01,Renewal,2569,327,86,241,2328,0.9062,2328,44658.02,3270.99
2025-01,ACQ_A,PM01,Token pack,801,73,0,73,728,0.9089,728,37118.76,2296.33
2025-01,ACQ_A,PM02,Chargeback,0,0,0,0,0,,20,-540.74,500.0
2025-01,ACQ_A,PM02,Initial (new + win-back),1194,172,0,172,1022,0.8559,1022,33564.26,2203.73
2025-01,ACQ_A,PM02,Refund,0,0,0,0,0,,53,-1955.25,0.0
2025-01,ACQ_A,PM02,Renewal,1287,171,62,109,1178,0.9153,1178,23813.72,1722.05
2025-01,ACQ_A,PM02,Token pack,360,27,0,27,333,0.925,333,16162.41,1005.48
2025-01,ACQ_A,PM03,Initial (new + win-back),114,14,0,14,100,0.8772,100,3009.63,200.53
2025-01,ACQ_A,PM03,Refund,0,0,0,0,0,,10,-315.16,0.0
2025-01,ACQ_A,PM03,Renewal,122,22,3,19,103,0.8443,103,1936.48,142.56
2025-01,ACQ_A,PM03,Token pack,25,2,0,2,23,0.92,23,1910.55,113.13
2025-01,ACQ_B,PM01,Chargeback,0,0,0,0,0,,80,-2025.51,2000.0
2025-01,ACQ_B,PM01,Initial (new + win-back),4225,715,0,715,3510,0.8308,3510,107279.46,7489.77
2025-01,ACQ_B,PM01,Refund,0,0,0,0,0,,174,-4736.1,0.0
2025-01,ACQ_B,PM01,Renewal,4346,597,218,379,3967,0.9128,3967,70475.58,5418.63
2025-01,ACQ_B,PM01,Token pack,1321,128,0,128,1193,0.9031,1193,53143.07,3546.48
2025-01,ACQ_B,PM02,Chargeback,0,0,0,0,0,,39,-1079.61,975.0
2025-01,ACQ_B,PM02,Initial (new + win-back),2112,317,0,317,1795,0.8499,1795,54114.18,3785.35
2025-01,ACQ_B,PM02,Refund,0,0,0,0,0,,82,-2830.37,0.0
2025-01,ACQ_B,PM02,Renewal,2248,330,110,220,2028,0.9021,2028,36875.13,2820.91
2025-01,ACQ_B,PM02,Token pack,628,55,0,55,573,0.9124,573,27079.27,1796.66
2025-01,ACQ_B,PM03,Chargeback,0,0,0,0,0,,5,-123.84,125.0
2025-01,ACQ_B,PM03,Initial (new + win-back),177,26,0,26,151,0.8531,151,4985.1,344.41
2025-01,ACQ_B,PM03,Refund,0,0,0,0,0,,10,-200.79,0.0
2025-01,ACQ_B,PM03,Renewal,216,36,7,29,187,0.8657,187,3106.17,242.47
2025-01,ACQ_B,PM03,Token pack,57,5,0,5,52,0.9123,52,1824.48,125.07
2025-01,CRYPTO_GW,PM04,Initial (new + win-back),341,15,0,15,326,0.956,326,13025.08,195.38
2025-01,CRYPTO_GW,PM04,Refund,0,0,0,0,0,,12,-430.97,0.0
2025-01,CRYPTO_GW,PM04,Renewal,360,0,0,0,360,1.0,360,7006.55,105.1
2025-01,CRYPTO_GW,PM04,Token pack,115,3,0,3,112,0.9739,112,5168.81,77.53
2025-01,CRYPTO_GW,PM05,Initial (new + win-back),191,8,0,8,183,0.9581,183,6202.41,93.04
2025-01,CRYPTO_GW,PM05,Refund,0,0,0,0,0,,5,-144.06,0.0
2025-01,CRYPTO_GW,PM05,Renewal,206,0,0,0,206,1.0,206,4010.61,60.16
2025-01,CRYPTO_GW,PM05,Token pack,91,2,0,2,89,0.978,89,5543.43,83.15
2025-01,CRYPTO_GW,PM06,Initial (new + win-back),381,17,0,17,364,0.9554,364,13413.28,201.2
2025-01,CRYPTO_GW,PM06,Refund,0,0,0,0,0,,14,-496.53,0.0
2025-01,CRYPTO_GW,PM06,Renewal,374,0,0,0,374,1.0,374,7544.41,113.17
2025-01,CRYPTO_GW,PM06,Token pack,147,3,0,3,144,0.9796,144,6336.18,95.04
2025-01,CRYPTO_GW,PM07,Initial (new + win-back),88,4,0,4,84,0.9545,84,2856.84,42.85
2025-01,CRYPTO_GW,PM07,Refund,0,0,0,0,0,,7,-200.1,0.0
2025-01,CRYPTO_GW,PM07,Renewal,87,0,0,0,87,1.0,87,1698.59,25.48
2025-01,CRYPTO_GW,PM07,Token pack,49,1,0,1,48,0.9796,48,2391.58,35.87
2025-02,ACQ_A,PM01,Chargeback,0,0,0,0,0,,37,-1196.82,925.0
2025-02,ACQ_A,PM01,Initial (new + win-back),2458,304,0,304,2154,0.8763,2154,69299.58,4565.38
2025-02,ACQ_A,PM01,Refund,0,0,0,0,0,,87,-2789.2,0.0
2025-02,ACQ_A,PM01,Renewal,2836,351,113,238,2598,0.9161,2598,52390.37,3790.77
2025-02,ACQ_A,PM01,Token pack,898,68,0,68,830,0.9243,830,43086.4,2660.25
2025-02,ACQ_A,PM02,Chargeback,0,0,0,0,0,,23,-433.34,575.0
2025-02,ACQ_A,PM02,Initial (new + win-back),1235,164,0,164,1071,0.8672,1071,36312.55,2372.04
2025-02,ACQ_A,PM02,Refund,0,0,0,0,0,,41,-1204.0,0.0
2025-02,ACQ_A,PM02,Renewal,1409,161,42,119,1290,0.9155,1290,25806.56,1870.86
2025-02,ACQ_A,PM02,Token pack,467,43,0,43,424,0.9079,424,23999.06,1468.35
2025-02,ACQ_A,PM03,Chargeback,0,0,0,0,0,,1,-74.4,25.0
2025-02,ACQ_A,PM03,Initial (new + win-back),116,16,0,16,100,0.8621,100,3058.82,203.24
2025-02,ACQ_A,PM03,Refund,0,0,0,0,0,,4,-115.39,0.0
2025-02,ACQ_A,PM03,Renewal,125,16,6,10,115,0.92,115,2199.88,161.24
2025-02,ACQ_A,PM03,Token pack,46,4,0,4,42,0.913,42,2629.7,159.33
2025-02,ACQ_B,PM01,Chargeback,0,0,0,0,0,,69,-1621.05,1725.0
2025-02,ACQ_B,PM01,Initial (new + win-back),4418,733,0,733,3685,0.8341,3685,115387.53,8028.75
2025-02,ACQ_B,PM01,Refund,0,0,0,0,0,,177,-5621.65,0.0
2025-02,ACQ_B,PM01,Renewal,4706,648,203,445,4261,0.9054,4261,79170.54,6028.53
2025-02,ACQ_B,PM01,Token pack,1475,145,0,145,1330,0.9017,1330,62681.7,4159.9
2025-02,ACQ_B,PM02,Chargeback,0,0,0,0,0,,32,-618.36,800.0
2025-02,ACQ_B,PM02,Initial (new + win-back),2237,372,0,372,1865,0.8337,1865,59408.43,4124.01
2025-02,ACQ_B,PM02,Refund,0,0,0,0,0,,98,-3378.94,0.0
2025-02,ACQ_B,PM02,Renewal,2411,326,98,228,2183,0.9054,2183,40296.15,3072.67
2025-02,ACQ_B,PM02,Token pack,817,86,0,86,731,0.8947,731,32227.69,2152.96
2025-02,ACQ_B,PM03,Chargeback,0,0,0,0,0,,6,-212.7,150.0
2025-02,ACQ_B,PM03,Initial (new + win-back),228,35,0,35,193,0.8465,193,6205.56,430.23
2025-02,ACQ_B,PM03,Refund,0,0,0,0,0,,5,-182.73,0.0
2025-02,ACQ_B,PM03,Renewal,208,25,8,17,191,0.9183,191,3467.4,265.34
2025-02,ACQ_B,PM03,Token pack,75,8,0,8,67,0.8933,67,3764.33,245.96
2025-02,CRYPTO_GW,PM04,Initial (new + win-back),400,16,0,16,384,0.96,384,15618.26,234.27
2025-02,CRYPTO_GW,PM04,Refund,0,0,0,0,0,,24,-1223.35,0.0
2025-02,CRYPTO_GW,PM04,Renewal,349,0,0,0,349,1.0,349,6797.29,101.96
2025-02,CRYPTO_GW,PM04,Token pack,162,4,0,4,158,0.9753,158,7437.89,111.57
2025-02,CRYPTO_GW,PM05,Initial (new + win-back),203,8,0,8,195,0.9606,195,7540.94,113.11
2025-02,CRYPTO_GW,PM05,Refund,0,0,0,0,0,,10,-431.12,0.0
2025-02,CRYPTO_GW,PM05,Renewal,222,0,0,0,222,1.0,222,4326.19,64.89
2025-02,CRYPTO_GW,PM05,Token pack,87,2,0,2,85,0.977,85,4738.38,71.08
2025-02,CRYPTO_GW,PM06,Initial (new + win-back),366,15,0,15,351,0.959,351,13578.81,203.68
2025-02,CRYPTO_GW,PM06,Refund,0,0,0,0,0,,16,-488.28,0.0
2025-02,CRYPTO_GW,PM06,Renewal,398,0,0,0,398,1.0,398,7470.92,112.06
2025-02,CRYPTO_GW,PM06,Token pack,168,4,0,4,164,0.9762,164,7905.62,118.58
2025-02,CRYPTO_GW,PM07,Initial (new + win-back),108,4,0,4,104,0.963,104,3157.49,47.36
2025-02,CRYPTO_GW,PM07,Refund,0,0,0,0,0,,5,-201.45,0.0
2025-02,CRYPTO_GW,PM07,Renewal,92,0,0,0,92,1.0,92,1781.82,26.73
2025-02,CRYPTO_GW,PM07,Token pack,43,1,0,1,42,0.9767,42,2518.29,37.77
2025-03,ACQ_A,PM01,Chargeback,0,0,0,0,0,,44,-1104.75,1100.0
2025-03,ACQ_A,PM01,Initial (new + win-back),2530,356,0,356,2174,0.8593,2174,73931.39,4827.13
2025-03,ACQ_A,PM01,Refund,0,0,0,0,0,,120,-3998.18,0.0
2025-03,ACQ_A,PM01,Renewal,2975,349,101,248,2727,0.9166,2727,54198.39,3935.36
2025-03,ACQ_A,PM01,Token pack,902,77,0,77,825,0.9146,825,42382.84,2619.81
2025-03,ACQ_A,PM02,Chargeback,0,0,0,0,0,,26,-937.71,650.0
2025-03,ACQ_A,PM02,Initial (new + win-back),1257,171,0,171,1086,0.864,1086,37503.64,2442.8
2025-03,ACQ_A,PM02,Refund,0,0,0,0,0,,48,-1312.83,0.0
2025-03,ACQ_A,PM02,Renewal,1516,185,55,130,1386,0.9142,1386,27909.46,2020.12
2025-03,ACQ_A,PM02,Token pack,468,39,0,39,429,0.9167,429,22173.21,1369.68
2025-03,ACQ_A,PM03,Initial (new + win-back),117,17,0,17,100,0.8547,100,3670.33,236.87
2025-03,ACQ_A,PM03,Refund,0,0,0,0,0,,5,-137.11,0.0
2025-03,ACQ_A,PM03,Renewal,143,18,6,12,131,0.9161,131,2297.91,172.23
2025-03,ACQ_A,PM03,Token pack,34,3,0,3,31,0.9118,31,1446.63,90.41
2025-03,ACQ_B,PM01,Chargeback,0,0,0,0,0,,83,-2038.47,2075.0
2025-03,ACQ_B,PM01,Initial (new + win-back),4396,655,0,655,3741,0.851,3741,117092.55,8147.85
2025-03,ACQ_B,PM01,Refund,0,0,0,0,0,,173,-5627.94,0.0
2025-03,ACQ_B,PM01,Renewal,4894,691,205,486,4408,0.9007,4408,79529.85,6094.19
2025-03,ACQ_B,PM01,Token pack,1537,147,0,147,1390,0.9044,1390,65446.1,4343.77
2025-03,ACQ_B,PM02,Chargeback,0,0,0,0,0,,37,-859.98,925.0
2025-03,ACQ_B,PM02,Initial (new + win-back),2241,383,0,383,1858,0.8291,1858,58600.85,4073.45
2025-03,ACQ_B,PM02,Refund,0,0,0,0,0,,107,-3094.46,0.0
2025-03,ACQ_B,PM02,Renewal,2461,353,101,252,2209,0.8976,2209,39707.67,3045.16
2025-03,ACQ_B,PM02,Token pack,768,76,0,76,692,0.901,692,33123.08,2194.98
2025-03,ACQ_B,PM03,Chargeback,0,0,0,0,0,,4,-51.96,100.0
2025-03,ACQ_B,PM03,Initial (new + win-back),201,33,0,33,168,0.8358,168,5318.99,369.54
2025-03,ACQ_B,PM03,Refund,0,0,0,0,0,,8,-124.9,0.0
2025-03,ACQ_B,PM03,Renewal,227,32,15,17,210,0.9251,210,3718.37,286.1
2025-03,ACQ_B,PM03,Token pack,75,7,0,7,68,0.9067,68,2619.32,177.56
2025-03,CRYPTO_GW,PM04,Initial (new + win-back),385,15,0,15,370,0.961,370,14640.76,219.61
2025-03,CRYPTO_GW,PM04,Refund,0,0,0,0,0,,11,-800.44,0.0
2025-03,CRYPTO_GW,PM04,Renewal,368,0,0,0,368,1.0,368,7249.78,108.75
2025-03,CRYPTO_GW,PM04,Token pack,170,4,0,4,166,0.9765,166,9920.43,148.81
2025-03,CRYPTO_GW,PM05,Initial (new + win-back),202,9,0,9,193,0.9554,193,7094.53,106.42
2025-03,CRYPTO_GW,PM05,Refund,0,0,0,0,0,,10,-289.32,0.0
2025-03,CRYPTO_GW,PM05,Renewal,210,0,0,0,210,1.0,210,4183.14,62.75
2025-03,CRYPTO_GW,PM05,Token pack,85,2,0,2,83,0.9765,83,4351.71,65.28
2025-03,CRYPTO_GW,PM06,Initial (new + win-back),370,13,0,13,357,0.9649,357,13286.36,199.3
2025-03,CRYPTO_GW,PM06,Refund,0,0,0,0,0,,21,-849.11,0.0
2025-03,CRYPTO_GW,PM06,Renewal,405,0,0,0,405,1.0,405,8585.46,128.78
2025-03,CRYPTO_GW,PM06,Token pack,180,4,0,4,176,0.9778,176,8520.98,127.81
2025-03,CRYPTO_GW,PM07,Initial (new + win-back),96,3,0,3,93,0.9688,93,3319.66,49.79
2025-03,CRYPTO_GW,PM07,Refund,0,0,0,0,0,,7,-247.61,0.0
2025-03,CRYPTO_GW,PM07,Renewal,112,0,0,0,112,1.0,112,1993.44,29.9
2025-03,CRYPTO_GW,PM07,Token pack,47,1,0,1,46,0.9787,46,1936.45,29.05
2025-04,ACQ_A,PM01,Chargeback,0,0,0,0,0,,53,-1341.53,1325.0
2025-04,ACQ_A,PM01,Initial (new + win-back),2685,351,0,351,2334,0.8693,2334,82292.16,5342.97
2025-04,ACQ_A,PM01,Refund,0,0,0,0,0,,95,-3741.22,0.0
2025-04,ACQ_A,PM01,Renewal,3115,352,100,252,2863,0.9191,2863,60759.35,4343.81
2025-04,ACQ_A,PM01,Token pack,965,81,0,81,884,0.9161,884,49274.93,3019.52
2025-04,ACQ_A,PM02,Chargeback,0,0,0,0,0,,31,-686.4,775.0
2025-04,ACQ_A,PM02,Initial (new + win-back),1393,183,0,183,1210,0.8686,1210,45045.22,2900.99
2025-04,ACQ_A,PM02,Refund,0,0,0,0,0,,48,-1987.83,0.0
2025-04,ACQ_A,PM02,Renewal,1604,181,54,127,1477,0.9208,1477,30246.63,2180.51
2025-04,ACQ_A,PM02,Token pack,546,47,0,47,499,0.9139,499,25153.5,1558.09
2025-04,ACQ_A,PM03,Chargeback,0,0,0,0,0,,2,-30.8,50.0
2025-04,ACQ_A,PM03,Initial (new + win-back),121,16,0,16,105,0.8678,105,3692.93,239.86
2025-04,ACQ_A,PM03,Refund,0,0,0,0,0,,6,-177.46,0.0
2025-04,ACQ_A,PM03,Renewal,145,14,4,10,135,0.931,135,2520.81,185.89
2025-04,ACQ_A,PM03,Token pack,46,4,0,4,42,0.913,42,3478.27,206.0
2025-04,ACQ_B,PM01,Chargeback,0,0,0,0,0,,79,-1856.85,1975.0
2025-04,ACQ_B,PM01,Initial (new + win-back),4847,837,0,837,4010,0.8273,4010,126931.93,8818.92
2025-04,ACQ_B,PM01,Refund,0,0,0,0,0,,174,-6079.93,0.0
2025-04,ACQ_B,PM01,Renewal,5140,732,234,498,4642,0.9031,4642,85275.87,6509.15
2025-04,ACQ_B,PM01,Token pack,1552,141,0,141,1411,0.9091,1411,71725.89,4726.85
2025-04,ACQ_B,PM02,Chargeback,0,0,0,0,0,,40,-799.2,1000.0
2025-04,ACQ_B,PM02,Initial (new + win-back),2493,412,0,412,2081,0.8347,2081,66235.1,4598.41
2025-04,ACQ_B,PM02,Refund,0,0,0,0,0,,85,-2998.94,0.0
2025-04,ACQ_B,PM02,Renewal,2549,362,101,261,2288,0.8976,2288,41809.13,3194.95
2025-04,ACQ_B,PM02,Token pack,861,89,0,89,772,0.8966,772,35967.28,2389.64
2025-04,ACQ_B,PM03,Chargeback,0,0,0,0,0,,1,-29.97,25.0
2025-04,ACQ_B,PM03,Initial (new + win-back),219,31,0,31,188,0.8584,188,5824.57,405.87
2025-04,ACQ_B,PM03,Refund,0,0,0,0,0,,3,-143.64,0.0
2025-04,ACQ_B,PM03,Renewal,245,32,8,24,221,0.902,221,3897.28,300.14
2025-04,ACQ_B,PM03,Token pack,102,10,0,10,92,0.902,92,4439.08,293.94
2025-04,CRYPTO_GW,PM04,Initial (new + win-back),422,16,0,16,406,0.9621,406,15612.41,234.19
2025-04,CRYPTO_GW,PM04,Refund,0,0,0,0,0,,17,-586.73,0.0
2025-04,CRYPTO_GW,PM04,Renewal,416,0,0,0,416,1.0,416,8990.48,134.86
2025-04,CRYPTO_GW,PM04,Token pack,177,4,0,4,173,0.9774,173,7774.34,116.62
2025-04,CRYPTO_GW,PM05,Initial (new + win-back),270,12,0,12,258,0.9556,258,9752.2,146.28
2025-04,CRYPTO_GW,PM05,Refund,0,0,0,0,0,,12,-296.03,0.0
2025-04,CRYPTO_GW,PM05,Renewal,238,0,0,0,238,1.0,238,4824.09,72.36
2025-04,CRYPTO_GW,PM05,Token pack,95,2,0,2,93,0.9789,93,5687.27,85.31
2025-04,CRYPTO_GW,PM06,Initial (new + win-back),386,15,0,15,371,0.9611,371,13441.12,201.62
2025-04,CRYPTO_GW,PM06,Refund,0,0,0,0,0,,15,-338.55,0.0
2025-04,CRYPTO_GW,PM06,Renewal,404,0,0,0,404,1.0,404,8042.8,120.64
2025-04,CRYPTO_GW,PM06,Token pack,198,4,0,4,194,0.9798,194,10882.24,163.23
2025-04,CRYPTO_GW,PM07,Initial (new + win-back),119,5,0,5,114,0.958,114,4067.37,61.01
2025-04,CRYPTO_GW,PM07,Refund,0,0,0,0,0,,1,-13.99,0.0
2025-04,CRYPTO_GW,PM07,Renewal,128,0,0,0,128,1.0,128,2889.15,43.34
2025-04,CRYPTO_GW,PM07,Token pack,47,1,0,1,46,0.9787,46,2415.86,36.24
2025-05,ACQ_A,PM01,Chargeback,0,0,0,0,0,,16,-518.21,400.0
2025-05,ACQ_A,PM01,Initial (new + win-back),2779,343,0,343,2436,0.8766,2436,82925.75,5413.52
2025-05,ACQ_A,PM01,Refund,0,0,0,0,0,,103,-3496.05,0.0
2025-05,ACQ_A,PM01,Renewal,3279,400,134,266,3013,0.9189,3013,66911.38,4734.68
2025-05,ACQ_A,PM01,Token pack,1067,88,0,88,979,0.9175,979,55882.61,3416.19
2025-05,ACQ_A,PM02,Chargeback,0,0,0,0,0,,7,-246.69,175.0
2025-05,ACQ_A,PM02,Initial (new + win-back),1361,188,0,188,1173,0.8619,1173,40435.38,2634.5
2025-05,ACQ_A,PM02,Refund,0,0,0,0,0,,62,-1872.49,0.0
2025-05,ACQ_A,PM02,Renewal,1648,199,56,143,1505,0.9132,1505,31826.43,2277.2
2025-05,ACQ_A,PM02,Token pack,541,45,0,45,496,0.9168,496,28579.39,1745.47
2025-05,ACQ_A,PM03,Initial (new + win-back),144,19,0,19,125,0.8681,125,4369.72,284.08
2025-05,ACQ_A,PM03,Refund,0,0,0,0,0,,7,-197.05,0.0
2025-05,ACQ_A,PM03,Renewal,143,26,9,17,126,0.8811,126,2667.34,190.8
2025-05,ACQ_A,PM03,Token pack,52,5,0,5,47,0.9038,47,2776.71,169.17
2025-05,ACQ_B,PM01,Chargeback,0,0,0,0,0,,50,-1092.73,1250.0
2025-05,ACQ_B,PM01,Initial (new + win-back),4833,763,0,763,4070,0.8421,4070,123147.43,8609.85
2025-05,ACQ_B,PM01,Refund,0,0,0,0,0,,199,-6582.76,0.0
2025-05,ACQ_B,PM01,Renewal,5257,725,218,507,4750,0.9036,4750,91535.12,6917.11
2025-05,ACQ_B,PM01,Token pack,1708,156,0,156,1552,0.9087,1552,78949.48,5202.57
2025-05,ACQ_B,PM02,Chargeback,0,0,0,0,0,,16,-619.99,400.0
2025-05,ACQ_B,PM02,Initial (new + win-back),2530,370,0,370,2160,0.8538,2160,66429.33,4633.76
2025-05,ACQ_B,PM02,Refund,0,0,0,0,0,,68,-2200.37,0.0
2025-05,ACQ_B,PM02,Renewal,2610,352,129,223,2387,0.9146,2387,45967.4,3474.14
2025-05,ACQ_B,PM02,Token pack,847,83,0,83,764,0.902,764,36417.36,2414.24
2025-05,ACQ_B,PM03,Chargeback,0,0,0,0,0,,2,-26.98,50.0
2025-05,ACQ_B,PM03,Initial (new + win-back),277,46,0,46,231,0.8339,231,6963.7,487.12
2025-05,ACQ_B,PM03,Refund,0,0,0,0,0,,6,-220.61,0.0
2025-05,ACQ_B,PM03,Renewal,247,26,12,14,233,0.9433,233,4016.46,310.89
2025-05,ACQ_B,PM03,Token pack,95,10,0,10,85,0.8947,85,5164.15,335.35
2025-05,CRYPTO_GW,PM04,Initial (new + win-back),418,16,0,16,402,0.9617,402,14662.4,219.94
2025-05,CRYPTO_GW,PM04,Refund,0,0,0,0,0,,19,-650.57,0.0
2025-05,CRYPTO_GW,PM04,Renewal,407,0,0,0,407,1.0,407,8760.84,131.41
2025-05,CRYPTO_GW,PM04,Token pack,186,4,0,4,182,0.9785,182,8617.45,129.26
2025-05,CRYPTO_GW,PM05,Initial (new + win-back),230,9,0,9,221,0.9609,221,9006.29,135.09
2025-05,CRYPTO_GW,PM05,Refund,0,0,0,0,0,,9,-515.32,0.0
2025-05,CRYPTO_GW,PM05,Renewal,249,0,0,0,249,1.0,249,5159.84,77.4
2025-05,CRYPTO_GW,PM05,Token pack,113,3,0,3,110,0.9735,110,5079.44,76.19
2025-05,CRYPTO_GW,PM06,Initial (new + win-back),421,16,0,16,405,0.962,405,15542.39,233.14
2025-05,CRYPTO_GW,PM06,Refund,0,0,0,0,0,,13,-433.49,0.0
2025-05,CRYPTO_GW,PM06,Renewal,406,0,0,0,406,1.0,406,8637.55,129.56
2025-05,CRYPTO_GW,PM06,Token pack,185,5,0,5,180,0.973,180,9757.34,146.36
2025-05,CRYPTO_GW,PM07,Initial (new + win-back),106,4,0,4,102,0.9623,102,4021.38,60.32
2025-05,CRYPTO_GW,PM07,Refund,0,0,0,0,0,,1,-13.99,0.0
2025-05,CRYPTO_GW,PM07,Renewal,132,0,0,0,132,1.0,132,2908.46,43.63
2025-05,CRYPTO_GW,PM07,Token pack,59,1,0,1,58,0.9831,58,4427.2,66.41
2025-06,ACQ_A,PM01,Chargeback,0,0,0,0,0,,26,-849.19,650.0
2025-06,ACQ_A,PM01,Initial (new + win-back),2768,370,0,370,2398,0.8663,2398,82358.35,5369.01
2025-06,ACQ_A,PM01,Refund,0,0,0,0,0,,111,-4310.93,0.0
2025-06,ACQ_A,PM01,Renewal,3437,418,136,282,3155,0.918,3155,72169.54,5073.57
2025-06,ACQ_A,PM01,Token pack,1187,100,0,100,1087,0.9158,1087,66305.18,4027.24
2025-06,ACQ_A,PM02,Chargeback,0,0,0,0,0,,14,-440.64,350.0
2025-06,ACQ_A,PM02,Initial (new + win-back),1403,191,0,191,1212,0.8639,1212,41185.28,2689.39
2025-06,ACQ_A,PM02,Refund,0,0,0,0,0,,60,-2319.59,0.0
2025-06,ACQ_A,PM02,Renewal,1765,206,71,135,1630,0.9235,1630,36822.76,2595.75
2025-06,ACQ_A,PM02,Token pack,605,48,0,48,557,0.9207,557,33055.73,2013.02
2025-06,ACQ_A,PM03,Initial (new + win-back),143,20,0,20,123,0.8601,123,4385.51,284.25
2025-06,ACQ_A,PM03,Refund,0,0,0,0,0,,6,-255.91,0.0
2025-06,ACQ_A,PM03,Renewal,149,24,4,20,129,0.8658,129,2905.6,204.96
2025-06,ACQ_A,PM03,Token pack,50,4,0,4,46,0.92,46,3989.94,235.55
2025-06,ACQ_B,PM01,Chargeback,0,0,0,0,0,,31,-806.9,775.0
2025-06,ACQ_B,PM01,Initial (new + win-back),4984,823,0,823,4161,0.8349,4161,122608.96,8604.84
2025-06,ACQ_B,PM01,Refund,0,0,0,0,0,,158,-4385.23,0.0
2025-06,ACQ_B,PM01,Renewal,5425,768,226,542,4883,0.9001,4883,93996.52,7104.69
2025-06,ACQ_B,PM01,Token pack,1856,175,0,175,1681,0.9057,1681,81518.19,5395.39
2025-06,ACQ_B,PM02,Chargeback,0,0,0,0,0,,17,-458.31,425.0
2025-06,ACQ_B,PM02,Initial (new + win-back),2536,401,0,401,2135,0.8419,2135,62853.29,4411.7
2025-06,ACQ_B,PM02,Refund,0,0,0,0,0,,86,-3163.43,0.0
2025-06,ACQ_B,PM02,Renewal,2796,405,129,276,2520,0.9013,2520,50202.85,3768.17
2025-06,ACQ_B,PM02,Token pack,1009,94,0,94,915,0.9068,915,44940.85,2970.95
2025-06,ACQ_B,PM03,Chargeback,0,0,0,0,0,,4,-89.85,100.0
2025-06,ACQ_B,PM03,Initial (new + win-back),200,32,0,32,168,0.84,168,4874.79,342.89
2025-06,ACQ_B,PM03,Refund,0,0,0,0,0,,9,-217.67,0.0
2025-06,ACQ_B,PM03,Renewal,294,45,18,27,267,0.9082,267,5297.41,397.94
2025-06,ACQ_B,PM03,Token pack,86,7,0,7,79,0.9186,79,4899.21,317.65
2025-06,CRYPTO_GW,PM04,Initial (new + win-back),406,16,0,16,390,0.9606,390,13647.45,204.71
2025-06,CRYPTO_GW,PM04,Refund,0,0,0,0,0,,18,-665.01,0.0
2025-06,CRYPTO_GW,PM04,Renewal,436,0,0,0,436,1.0,436,8969.4,134.54
2025-06,CRYPTO_GW,PM04,Token pack,168,4,0,4,164,0.9762,164,7608.42,114.13
2025-06,CRYPTO_GW,PM05,Initial (new + win-back),264,12,0,12,252,0.9545,252,8880.0,133.2
2025-06,CRYPTO_GW,PM05,Refund,0,0,0,0,0,,12,-369.86,0.0
2025-06,CRYPTO_GW,PM05,Renewal,253,0,0,0,253,1.0,253,5680.45,85.21
2025-06,CRYPTO_GW,PM05,Token pack,96,2,0,2,94,0.9792,94,4587.33,68.81
2025-06,CRYPTO_GW,PM06,Initial (new + win-back),409,15,0,15,394,0.9633,394,13603.4,204.05
2025-06,CRYPTO_GW,PM06,Refund,0,0,0,0,0,,13,-605.71,0.0
2025-06,CRYPTO_GW,PM06,Renewal,408,0,0,0,408,1.0,408,9430.65,141.46
2025-06,CRYPTO_GW,PM06,Token pack,189,5,0,5,184,0.9735,184,9326.95,139.9
2025-06,CRYPTO_GW,PM07,Initial (new + win-back),113,4,0,4,109,0.9646,109,3700.68,55.51
2025-06,CRYPTO_GW,PM07,Refund,0,0,0,0,0,,4,-128.59,0.0
2025-06,CRYPTO_GW,PM07,Renewal,131,0,0,0,131,1.0,131,3037.14,45.56
2025-06,CRYPTO_GW,PM07,Token pack,48,1,0,1,47,0.9792,47,2472.07,37.08
2025-07,ACQ_A,PM01,Chargeback,0,0,0,0,0,,28,-683.57,700.0
2025-07,ACQ_A,PM01,Initial (new + win-back),3364,490,0,490,2874,0.8543,2874,102757.45,6657.56
2025-07,ACQ_A,PM01,Refund,0,0,0,0,0,,118,-4349.04,0.0
2025-07,ACQ_A,PM01,Renewal,3380,436,122,314,3066,0.9071,3066,71113.75,4984.36
2025-07,ACQ_A,PM01,Token pack,1238,105,0,105,1133,0.9152,1133,70152.91,4254.96
2025-07,ACQ_A,PM02,Chargeback,0,0,0,0,0,,11,-379.98,275.0
2025-07,ACQ_A,PM02,Initial (new + win-back),1726,273,0,273,1453,0.8418,1453,51639.75,3348.74
2025-07,ACQ_A,PM02,Refund,0,0,0,0,0,,60,-2033.83,0.0
2025-07,ACQ_A,PM02,Renewal,1759,207,59,148,1611,0.9159,1611,37508.87,2626.84
2025-07,ACQ_A,PM02,Token pack,661,57,0,57,604,0.9138,604,37520.28,2275.02
2025-07,ACQ_A,PM03,Initial (new + win-back),182,24,0,24,158,0.8681,158,5724.18,370.13
2025-07,ACQ_A,PM03,Refund,0,0,0,0,0,,7,-279.53,0.0
2025-07,ACQ_A,PM03,Renewal,144,9,3,6,138,0.9583,138,3320.35,230.92
2025-07,ACQ_A,PM03,Token pack,51,5,0,5,46,0.902,46,3351.63,200.44
2025-07,ACQ_B,PM01,Chargeback,0,0,0,0,0,,40,-1042.47,1000.0
2025-07,ACQ_B,PM01,Initial (new + win-back),5631,815,0,815,4816,0.8553,4816,145655.91,10184.15
2025-07,ACQ_B,PM01,Refund,0,0,0,0,0,,193,-6394.36,0.0
2025-07,ACQ_B,PM01,Renewal,5398,805,243,562,4836,0.8959,4836,96693.16,7252.39
2025-07,ACQ_B,PM01,Token pack,2001,202,0,202,1799,0.8991,1799,85687.01,5680.92
2025-07,ACQ_B,PM02,Chargeback,0,0,0,0,0,,25,-577.12,625.0
2025-07,ACQ_B,PM02,Initial (new + win-back),2910,439,0,439,2471,0.8491,2471,74122.16,5188.63
2025-07,ACQ_B,PM02,Refund,0,0,0,0,0,,80,-2620.05,0.0
2025-07,ACQ_B,PM02,Renewal,2715,383,131,252,2463,0.9072,2463,49192.0,3690.42
2025-07,ACQ_B,PM02,Token pack,1005,103,0,103,902,0.8975,902,46220.98,3043.86
2025-07,ACQ_B,PM03,Chargeback,0,0,0,0,0,,5,-82.93,125.0
2025-07,ACQ_B,PM03,Initial (new + win-back),296,49,0,49,247,0.8345,247,7509.39,524.66
2025-07,ACQ_B,PM03,Refund,0,0,0,0,0,,10,-191.79,0.0
2025-07,ACQ_B,PM03,Renewal,257,35,14,21,236,0.9183,236,4351.56,331.89
2025-07,ACQ_B,PM03,Token pack,113,11,0,11,102,0.9027,102,5298.98,348.54
2025-07,CRYPTO_GW,PM04,Initial (new + win-back),471,17,0,17,454,0.9639,454,16143.09,242.15
2025-07,CRYPTO_GW,PM04,Refund,0,0,0,0,0,,23,-853.11,0.0
2025-07,CRYPTO_GW,PM04,Renewal,453,0,0,0,453,1.0,453,10511.67,157.67
2025-07,CRYPTO_GW,PM04,Token pack,207,5,0,5,202,0.9758,202,9262.43,138.94
2025-07,CRYPTO_GW,PM05,Initial (new + win-back),302,12,0,12,290,0.9603,290,9945.09,149.18
2025-07,CRYPTO_GW,PM05,Refund,0,0,0,0,0,,12,-447.69,0.0
2025-07,CRYPTO_GW,PM05,Renewal,253,0,0,0,253,1.0,253,5757.73,86.37
2025-07,CRYPTO_GW,PM05,Token pack,105,2,0,2,103,0.981,103,5928.78,88.93
2025-07,CRYPTO_GW,PM06,Initial (new + win-back),533,21,0,21,512,0.9606,512,18732.99,280.99
2025-07,CRYPTO_GW,PM06,Refund,0,0,0,0,0,,21,-710.43,0.0
2025-07,CRYPTO_GW,PM06,Renewal,410,0,0,0,410,1.0,410,9556.14,143.34
2025-07,CRYPTO_GW,PM06,Token pack,244,6,0,6,238,0.9754,238,15133.38,227.0
2025-07,CRYPTO_GW,PM07,Initial (new + win-back),145,6,0,6,139,0.9586,139,4859.65,72.89
2025-07,CRYPTO_GW,PM07,Refund,0,0,0,0,0,,8,-296.41,0.0
2025-07,CRYPTO_GW,PM07,Renewal,134,0,0,0,134,1.0,134,3431.35,51.47
2025-07,CRYPTO_GW,PM07,Token pack,55,1,0,1,54,0.9818,54,4213.05,63.2
2025-08,ACQ_A,PM01,Chargeback,0,0,0,0,0,,30,-867.64,750.0
2025-08,ACQ_A,PM01,Initial (new + win-back),3447,468,0,468,2979,0.8642,2979,105111.75,6823.8
2025-08,ACQ_A,PM01,Refund,0,0,0,0,0,,128,-4424.4,0.0
2025-08,ACQ_A,PM01,Renewal,3479,401,131,270,3209,0.9224,3209,74551.68,5223.49
2025-08,ACQ_A,PM01,Token pack,1431,111,0,111,1320,0.9224,1320,75289.83,4602.94
2025-08,ACQ_A,PM02,Chargeback,0,0,0,0,0,,15,-506.43,375.0
2025-08,ACQ_A,PM02,Initial (new + win-back),1697,230,0,230,1467,0.8645,1467,51814.02,3363.22
2025-08,ACQ_A,PM02,Refund,0,0,0,0,0,,61,-2438.3,0.0
2025-08,ACQ_A,PM02,Renewal,1786,223,70,153,1633,0.9143,1633,37806.68,2650.92
2025-08,ACQ_A,PM02,Token pack,711,59,0,59,652,0.917,652,35724.1,2193.03
2025-08,ACQ_A,PM03,Chargeback,0,0,0,0,0,,1,-55.92,25.0
2025-08,ACQ_A,PM03,Initial (new + win-back),133,19,0,19,114,0.8571,114,3859.14,252.15
2025-08,ACQ_A,PM03,Refund,0,0,0,0,0,,4,-112.11,0.0
2025-08,ACQ_A,PM03,Renewal,156,15,6,9,147,0.9423,147,3639.66,251.63
2025-08,ACQ_A,PM03,Token pack,78,7,0,7,71,0.9103,71,4395.66,266.61
2025-08,ACQ_B,PM01,Chargeback,0,0,0,0,0,,40,-1113.01,1000.0
2025-08,ACQ_B,PM01,Initial (new + win-back),6232,980,0,980,5252,0.8427,5252,157843.56,11046.21
2025-08,ACQ_B,PM01,Refund,0,0,0,0,0,,230,-7499.53,0.0
2025-08,ACQ_B,PM01,Renewal,5570,783,265,518,5052,0.907,5052,101359.0,7597.14
2025-08,ACQ_B,PM01,Token pack,2270,209,0,209,2061,0.9079,2061,100709.39,6660.86
2025-08,ACQ_B,PM02,Chargeback,0,0,0,0,0,,27,-644.01,675.0
2025-08,ACQ_B,PM02,Initial (new + win-back),3092,473,0,473,2619,0.847,2619,78208.8,5478.23
2025-08,ACQ_B,PM02,Refund,0,0,0,0,0,,123,-3584.86,0.0
2025-08,ACQ_B,PM02,Renewal,2835,386,112,274,2561,0.9034,2561,50345.34,3789.02
2025-08,ACQ_B,PM02,Token pack,1107,105,0,105,1002,0.9051,1002,48019.98,3181.8
2025-08,ACQ_B,PM03,Chargeback,0,0,0,0,0,,2,-40.96,50.0
2025-08,ACQ_B,PM03,Initial (new + win-back),304,47,0,47,257,0.8454,257,7970.16,555.31
2025-08,ACQ_B,PM03,Refund,0,0,0,0,0,,14,-495.05,0.0
2025-08,ACQ_B,PM03,Renewal,266,37,13,24,242,0.9098,242,4774.76,359.09
2025-08,ACQ_B,PM03,Token pack,99,9,0,9,90,0.9091,90,5039.1,329.35
2025-08,CRYPTO_GW,PM04,Initial (new + win-back),493,21,0,21,472,0.9574,472,16956.48,254.35
2025-08,CRYPTO_GW,PM04,Refund,0,0,0,0,0,,24,-749.38,0.0
2025-08,CRYPTO_GW,PM04,Renewal,427,0,0,0,427,1.0,427,9459.12,141.89
2025-08,CRYPTO_GW,PM04,Token pack,226,6,0,6,220,0.9735,220,12370.47,185.56
2025-08,CRYPTO_GW,PM05,Initial (new + win-back),290,12,0,12,278,0.9586,278,9938.43,149.08
2025-08,CRYPTO_GW,PM05,Refund,0,0,0,0,0,,13,-514.01,0.0
2025-08,CRYPTO_GW,PM05,Renewal,270,0,0,0,270,1.0,270,6044.73,90.67
2025-08,CRYPTO_GW,PM05,Token pack,131,3,0,3,128,0.9771,128,6010.39,90.16
2025-08,CRYPTO_GW,PM06,Initial (new + win-back),484,19,0,19,465,0.9607,465,16459.72,246.9
2025-08,CRYPTO_GW,PM06,Refund,0,0,0,0,0,,23,-788.83,0.0
2025-08,CRYPTO_GW,PM06,Renewal,457,0,0,0,457,1.0,457,11043.04,165.65
2025-08,CRYPTO_GW,PM06,Token pack,257,7,0,7,250,0.9728,250,15213.79,228.21
2025-08,CRYPTO_GW,PM07,Initial (new + win-back),152,6,0,6,146,0.9605,146,4777.91,71.67
2025-08,CRYPTO_GW,PM07,Refund,0,0,0,0,0,,3,-109.75,0.0
2025-08,CRYPTO_GW,PM07,Renewal,130,0,0,0,130,1.0,130,2789.67,41.84
2025-08,CRYPTO_GW,PM07,Token pack,57,1,0,1,56,0.9825,56,3808.42,57.13
2025-09,ACQ_A,PM01,Chargeback,0,0,0,0,0,,29,-619.39,725.0
2025-09,ACQ_A,PM01,Initial (new + win-back),3380,436,0,436,2944,0.871,2944,104901.59,6799.99
2025-09,ACQ_A,PM01,Refund,0,0,0,0,0,,113,-4326.96,0.0
2025-09,ACQ_A,PM01,Renewal,3585,427,129,298,3287,0.9169,3287,76405.37,5352.75
2025-09,ACQ_A,PM01,Token pack,1474,114,0,114,1360,0.9227,1360,77918.06,4761.49
2025-09,ACQ_A,PM02,Chargeback,0,0,0,0,0,,14,-394.68,350.0
2025-09,ACQ_A,PM02,Initial (new + win-back),1727,207,0,207,1520,0.8801,1520,54699.28,3540.46
2025-09,ACQ_A,PM02,Refund,0,0,0,0,0,,80,-2739.17,0.0
2025-09,ACQ_A,PM02,Renewal,1856,224,60,164,1692,0.9116,1692,38878.21,2730.5
2025-09,ACQ_A,PM02,Token pack,752,67,0,67,685,0.9109,685,40850.57,2486.53
2025-09,ACQ_A,PM03,Chargeback,0,0,0,0,0,,1,-31.42,25.0
2025-09,ACQ_A,PM03,Initial (new + win-back),165,22,0,22,143,0.8667,143,4986.47,324.31
2025-09,ACQ_A,PM03,Refund,0,0,0,0,0,,6,-151.21,0.0
2025-09,ACQ_A,PM03,Renewal,155,11,3,8,147,0.9484,147,3495.04,243.68
2025-09,ACQ_A,PM03,Token pack,72,7,0,7,65,0.9028,65,4335.83,261.22
2025-09,ACQ_B,PM01,Chargeback,0,0,0,0,0,,37,-736.95,925.0
2025-09,ACQ_B,PM01,Initial (new + win-back),6229,979,0,979,5250,0.8428,5250,158734.91,11099.09
2025-09,ACQ_B,PM01,Refund,0,0,0,0,0,,236,-8301.17,0.0
2025-09,ACQ_B,PM01,Renewal,5741,818,269,549,5192,0.9044,5192,101842.94,7668.18
2025-09,ACQ_B,PM01,Token pack,2449,221,0,221,2228,0.9098,2228,109837.72,7258.66
2025-09,ACQ_B,PM02,Chargeback,0,0,0,0,0,,22,-388.54,550.0
2025-09,ACQ_B,PM02,Initial (new + win-back),3165,529,0,529,2636,0.8329,2636,79600.31,5566.82
2025-09,ACQ_B,PM02,Refund,0,0,0,0,0,,118,-4175.7,0.0
2025-09,ACQ_B,PM02,Renewal,2924,415,127,288,2636,0.9015,2636,50263.25,3806.6
2025-09,ACQ_B,PM02,Token pack,1255,126,0,126,1129,0.8996,1129,56873.71,3751.12
2025-09,ACQ_B,PM03,Chargeback,0,0,0,0,0,,2,-61.87,50.0
2025-09,ACQ_B,PM03,Initial (new + win-back),269,46,0,46,223,0.829,223,6645.08,465.6
2025-09,ACQ_B,PM03,Refund,0,0,0,0,0,,9,-238.67,0.0
2025-09,ACQ_B,PM03,Renewal,275,43,17,26,249,0.9055,249,4792.88,362.27
2025-09,ACQ_B,PM03,Token pack,122,13,0,13,109,0.8934,109,5008.91,333.23
2025-09,CRYPTO_GW,PM04,Initial (new + win-back),516,22,0,22,494,0.9574,494,16482.25,247.23
2025-09,CRYPTO_GW,PM04,Refund,0,0,0,0,0,,20,-890.87,0.0
2025-09,CRYPTO_GW,PM04,Renewal,433,0,0,0,433,1.0,433,9912.72,148.69
2025-09,CRYPTO_GW,PM04,Token pack,248,6,0,6,242,0.9758,242,12704.75,190.57
2025-09,CRYPTO_GW,PM05,Initial (new + win-back),303,12,0,12,291,0.9604,291,10616.35,159.25
2025-09,CRYPTO_GW,PM05,Refund,0,0,0,0,0,,10,-301.44,0.0
2025-09,CRYPTO_GW,PM05,Renewal,274,0,0,0,274,1.0,274,5745.3,86.18
2025-09,CRYPTO_GW,PM05,Token pack,157,4,0,4,153,0.9745,153,7474.46,112.12
2025-09,CRYPTO_GW,PM06,Initial (new + win-back),536,22,0,22,514,0.959,514,17858.68,267.88
2025-09,CRYPTO_GW,PM06,Refund,0,0,0,0,0,,17,-587.55,0.0
2025-09,CRYPTO_GW,PM06,Renewal,460,0,0,0,460,1.0,460,10994.67,164.92
2025-09,CRYPTO_GW,PM06,Token pack,254,7,0,7,247,0.9724,247,15481.76,232.23
2025-09,CRYPTO_GW,PM07,Initial (new + win-back),130,5,0,5,125,0.9615,125,4173.92,62.61
2025-09,CRYPTO_GW,PM07,Refund,0,0,0,0,0,,4,-107.67,0.0
2025-09,CRYPTO_GW,PM07,Renewal,142,0,0,0,142,1.0,142,3154.86,47.32
2025-09,CRYPTO_GW,PM07,Token pack,61,1,0,1,60,0.9836,60,2819.9,42.3
2025-10,ACQ_A,PM01,Chargeback,0,0,0,0,0,,24,-768.42,600.0
2025-10,ACQ_A,PM01,Initial (new + win-back),3818,491,0,491,3327,0.8714,3327,114731.27,7474.67
2025-10,ACQ_A,PM01,Refund,0,0,0,0,0,,139,-5070.87,0.0
2025-10,ACQ_A,PM01,Renewal,3802,443,135,308,3494,0.919,3494,82151.77,5741.25
2025-10,ACQ_A,PM01,Token pack,1627,130,0,130,1497,0.9201,1497,85933.5,5250.29
2025-10,ACQ_A,PM02,Chargeback,0,0,0,0,0,,19,-586.1,475.0
2025-10,ACQ_A,PM02,Initial (new + win-back),1865,253,0,253,1612,0.8643,1612,55506.6,3617.06
2025-10,ACQ_A,PM02,Refund,0,0,0,0,0,,80,-2636.22,0.0
2025-10,ACQ_A,PM02,Renewal,1940,196,57,139,1801,0.9284,1801,42777.64,2983.12
2025-10,ACQ_A,PM02,Token pack,816,66,0,66,750,0.9191,750,42675.29,2609.64
2025-10,ACQ_A,PM03,Initial (new + win-back),205,29,0,29,176,0.8585,176,6150.24,399.86
2025-10,ACQ_A,PM03,Refund,0,0,0,0,0,,8,-217.24,0.0
2025-10,ACQ_A,PM03,Renewal,175,19,7,12,163,0.9314,163,3674.37,259.14
2025-10,ACQ_A,PM03,Token pack,80,7,0,7,73,0.9125,73,4750.36,286.82
2025-10,ACQ_B,PM01,Chargeback,0,0,0,0,0,,52,-1232.27,1300.0
2025-10,ACQ_B,PM01,Initial (new + win-back),6747,1067,0,1067,5680,0.8419,5680,170801.14,11952.07
2025-10,ACQ_B,PM01,Refund,0,0,0,0,0,,262,-8575.45,0.0
2025-10,ACQ_B,PM01,Renewal,6068,844,277,567,5501,0.9066,5501,110406.14,8274.67
2025-10,ACQ_B,PM01,Token pack,2585,263,0,263,2322,0.8983,2322,113951.78,7533.71
2025-10,ACQ_B,PM02,Chargeback,0,0,0,0,0,,25,-651.88,625.0
2025-10,ACQ_B,PM02,Initial (new + win-back),3449,509,0,509,2940,0.8524,2940,88536.64,6194.2
2025-10,ACQ_B,PM02,Refund,0,0,0,0,0,,122,-4240.74,0.0
2025-10,ACQ_B,PM02,Renewal,3121,432,140,292,2829,0.9064,2829,57780.16,4315.51
2025-10,ACQ_B,PM02,Token pack,1305,123,0,123,1182,0.9057,1182,62733.18,4118.59
2025-10,ACQ_B,PM03,Chargeback,0,0,0,0,0,,1,-13.99,25.0
2025-10,ACQ_B,PM03,Initial (new + win-back),311,49,0,49,262,0.8424,262,7672.37,538.94
2025-10,ACQ_B,PM03,Refund,0,0,0,0,0,,13,-644.48,0.0
2025-10,ACQ_B,PM03,Renewal,297,51,15,36,261,0.8788,261,5261.05,393.96
2025-10,ACQ_B,PM03,Token pack,117,11,0,11,106,0.906,106,4748.94,316.74
2025-10,CRYPTO_GW,PM04,Initial (new + win-back),559,23,0,23,536,0.9589,536,19425.54,291.38
2025-10,CRYPTO_GW,PM04,Refund,0,0,0,0,0,,27,-985.87,0.0
2025-10,CRYPTO_GW,PM04,Renewal,506,0,0,0,506,1.0,506,11210.65,168.16
2025-10,CRYPTO_GW,PM04,Token pack,248,6,0,6,242,0.9758,242,11005.58,165.08
2025-10,CRYPTO_GW,PM05,Initial (new + win-back),344,14,0,14,330,0.9593,330,12120.43,181.81
2025-10,CRYPTO_GW,PM05,Refund,0,0,0,0,0,,9,-365.02,0.0
2025-10,CRYPTO_GW,PM05,Renewal,304,0,0,0,304,1.0,304,6875.1,103.13
2025-10,CRYPTO_GW,PM05,Token pack,182,5,0,5,177,0.9725,177,9754.12,146.31
2025-10,CRYPTO_GW,PM06,Initial (new + win-back),546,22,0,22,524,0.9597,524,17751.37,266.27
2025-10,CRYPTO_GW,PM06,Refund,0,0,0,0,0,,14,-539.48,0.0
2025-10,CRYPTO_GW,PM06,Renewal,483,0,0,0,483,1.0,483,11609.17,174.14
2025-10,CRYPTO_GW,PM06,Token pack,278,6,0,6,272,0.9784,272,14572.88,218.59
2025-10,CRYPTO_GW,PM07,Initial (new + win-back),175,7,0,7,168,0.96,168,6112.9,91.69
2025-10,CRYPTO_GW,PM07,Refund,0,0,0,0,0,,9,-381.59,0.0
2025-10,CRYPTO_GW,PM07,Renewal,166,0,0,0,166,1.0,166,3921.25,58.82
2025-10,CRYPTO_GW,PM07,Token pack,72,2,0,2,70,0.9722,70,3453.87,51.81
2025-11,ACQ_A,PM01,Chargeback,0,0,0,0,0,,22,-678.14,550.0
2025-11,ACQ_A,PM01,Initial (new + win-back),5172,705,0,705,4467,0.8637,4467,160453.12,10388.37
2025-11,ACQ_A,PM01,Refund,0,0,0,0,0,,156,-5813.98,0.0
2025-11,ACQ_A,PM01,Renewal,4174,536,151,385,3789,0.9078,3789,97075.25,6665.29
2025-11,ACQ_A,PM01,Token pack,2036,168,0,168,1868,0.9175,1868,103706.61,6357.66
2025-11,ACQ_A,PM02,Chargeback,0,0,0,0,0,,16,-426.41,400.0
2025-11,ACQ_A,PM02,Initial (new + win-back),2484,344,0,344,2140,0.8615,2140,76355.02,4948.53
2025-11,ACQ_A,PM02,Refund,0,0,0,0,0,,92,-3951.73,0.0
2025-11,ACQ_A,PM02,Renewal,2127,244,80,164,1963,0.9229,1963,52242.49,3560.39
2025-11,ACQ_A,PM02,Token pack,975,80,0,80,895,0.9179,895,51537.53,3147.81
2025-11,ACQ_A,PM03,Chargeback,0,0,0,0,0,,1,-31.37,25.0
2025-11,ACQ_A,PM03,Initial (new + win-back),246,31,0,31,215,0.874,215,7633.45,495.09
2025-11,ACQ_A,PM03,Refund,0,0,0,0,0,,11,-494.17,0.0
2025-11,ACQ_A,PM03,Renewal,193,32,10,22,171,0.886,171,4650.0,315.6
2025-11,ACQ_A,PM03,Token pack,82,7,0,7,75,0.9146,75,3598.24,224.15
2025-11,ACQ_B,PM01,Chargeback,0,0,0,0,0,,49,-1139.18,1225.0
2025-11,ACQ_B,PM01,Initial (new + win-back),8855,1291,0,1291,7564,0.8542,7564,229690.02,16050.6
2025-11,ACQ_B,PM01,Refund,0,0,0,0,0,,252,-9351.9,0.0
2025-11,ACQ_B,PM01,Renewal,6732,943,291,652,6080,0.9031,6080,135906.72,9978.4
2025-11,ACQ_B,PM01,Token pack,3171,325,0,325,2846,0.8975,2846,143476.54,9462.39
2025-11,ACQ_B,PM02,Chargeback,0,0,0,0,0,,29,-682.0,725.0
2025-11,ACQ_B,PM02,Initial (new + win-back),4623,760,0,760,3863,0.8356,3863,118170.28,8249.12
2025-11,ACQ_B,PM02,Refund,0,0,0,0,0,,144,-5299.47,0.0
2025-11,ACQ_B,PM02,Renewal,3402,513,154,359,3043,0.8945,3043,69105.89,5059.25
2025-11,ACQ_B,PM02,Token pack,1653,156,0,156,1497,0.9056,1497,73475.03,4857.6
2025-11,ACQ_B,PM03,Chargeback,0,0,0,0,0,,1,-13.99,25.0
2025-11,ACQ_B,PM03,Initial (new + win-back),435,72,0,72,363,0.8345,363,10523.18,740.29
2025-11,ACQ_B,PM03,Refund,0,0,0,0,0,,16,-468.16,0.0
2025-11,ACQ_B,PM03,Renewal,301,39,14,25,276,0.9169,276,6146.6,451.6
2025-11,ACQ_B,PM03,Token pack,136,13,0,13,123,0.9044,123,4448.77,303.83
2025-11,CRYPTO_GW,PM04,Initial (new + win-back),811,32,0,32,779,0.9605,779,27325.87,409.89
2025-11,CRYPTO_GW,PM04,Refund,0,0,0,0,0,,26,-952.5,0.0
2025-11,CRYPTO_GW,PM04,Renewal,549,0,0,0,549,1.0,549,14239.46,213.59
2025-11,CRYPTO_GW,PM04,Token pack,348,9,0,9,339,0.9741,339,16552.23,248.28
2025-11,CRYPTO_GW,PM05,Initial (new + win-back),444,19,0,19,425,0.9572,425,15220.8,228.31
2025-11,CRYPTO_GW,PM05,Refund,0,0,0,0,0,,24,-1041.25,0.0
2025-11,CRYPTO_GW,PM05,Renewal,325,0,0,0,325,1.0,325,7993.81,119.91
2025-11,CRYPTO_GW,PM05,Token pack,187,4,0,4,183,0.9786,183,8856.84,132.85
2025-11,CRYPTO_GW,PM06,Initial (new + win-back),785,34,0,34,751,0.9567,751,26729.31,400.94
2025-11,CRYPTO_GW,PM06,Refund,0,0,0,0,0,,35,-1107.32,0.0
2025-11,CRYPTO_GW,PM06,Renewal,555,0,0,0,555,1.0,555,14512.02,217.68
2025-11,CRYPTO_GW,PM06,Token pack,317,8,0,8,309,0.9748,309,17317.05,259.76
2025-11,CRYPTO_GW,PM07,Initial (new + win-back),216,8,0,8,208,0.963,208,7638.04,114.57
2025-11,CRYPTO_GW,PM07,Refund,0,0,0,0,0,,8,-306.62,0.0
2025-11,CRYPTO_GW,PM07,Renewal,175,0,0,0,175,1.0,175,4412.79,66.19
2025-11,CRYPTO_GW,PM07,Token pack,76,2,0,2,74,0.9737,74,4497.73,67.47
2025-12,ACQ_A,PM01,Chargeback,0,0,0,0,0,,42,-1290.33,1050.0
2025-12,ACQ_A,PM01,Initial (new + win-back),4616,756,0,756,3860,0.8362,3860,136735.39,8871.45
2025-12,ACQ_A,PM01,Refund,0,0,0,0,0,,159,-5552.87,0.0
2025-12,ACQ_A,PM01,Renewal,4464,546,168,378,4086,0.9153,4086,97273.64,6780.15
2025-12,ACQ_A,PM01,Token pack,2207,181,0,181,2026,0.918,2026,122427.72,7442.62
2025-12,ACQ_A,PM02,Chargeback,0,0,0,0,0,,14,-412.57,350.0
2025-12,ACQ_A,PM02,Initial (new + win-back),2267,312,0,312,1955,0.8624,1955,68329.29,4442.36
2025-12,ACQ_A,PM02,Refund,0,0,0,0,0,,87,-3365.03,0.0
2025-12,ACQ_A,PM02,Renewal,2249,277,72,205,2044,0.9088,2044,48411.77,3378.05
2025-12,ACQ_A,PM02,Token pack,1202,100,0,100,1102,0.9168,1102,63681.39,3888.18
2025-12,ACQ_A,PM03,Initial (new + win-back),206,33,0,33,173,0.8398,173,6194.54,401.25
2025-12,ACQ_A,PM03,Refund,0,0,0,0,0,,9,-260.54,0.0
2025-12,ACQ_A,PM03,Renewal,197,21,5,16,181,0.9188,181,4221.94,295.56
2025-12,ACQ_A,PM03,Token pack,111,10,0,10,101,0.9099,101,5658.54,346.57
2025-12,ACQ_B,PM01,Chargeback,0,0,0,0,0,,49,-1305.75,1225.0
2025-12,ACQ_B,PM01,Initial (new + win-back),7944,1262,0,1262,6682,0.8411,6682,201596.25,14100.38
2025-12,ACQ_B,PM01,Refund,0,0,0,0,0,,270,-9420.75,0.0
2025-12,ACQ_B,PM01,Renewal,7157,1042,334,708,6449,0.9011,6449,131325.81,9814.25
2025-12,ACQ_B,PM01,Token pack,3544,356,0,356,3188,0.8995,3188,159478.12,10525.09
2025-12,ACQ_B,PM02,Chargeback,0,0,0,0,0,,29,-755.75,725.0
2025-12,ACQ_B,PM02,Initial (new + win-back),3842,559,0,559,3283,0.8545,3283,99032.36,6926.84
2025-12,ACQ_B,PM02,Refund,0,0,0,0,0,,144,-4562.68,0.0
2025-12,ACQ_B,PM02,Renewal,3574,494,144,350,3224,0.9021,3224,65017.36,4868.24
2025-12,ACQ_B,PM02,Token pack,1695,168,0,168,1527,0.9009,1527,74404.73,4922.38
2025-12,ACQ_B,PM03,Chargeback,0,0,0,0,0,,1,-26.97,25.0
2025-12,ACQ_B,PM03,Initial (new + win-back),358,60,0,60,298,0.8324,298,9192.0,640.92
2025-12,ACQ_B,PM03,Refund,0,0,0,0,0,,14,-355.42,0.0
2025-12,ACQ_B,PM03,Renewal,330,47,11,36,294,0.8909,294,6225.79,461.75
2025-12,ACQ_B,PM03,Token pack,170,18,0,18,152,0.8941,152,6618.48,442.71
2025-12,CRYPTO_GW,PM04,Initial (new + win-back),645,23,0,23,622,0.9643,622,22522.24,337.83
2025-12,CRYPTO_GW,PM04,Refund,0,0,0,0,0,,25,-992.64,0.0
2025-12,CRYPTO_GW,PM04,Renewal,567,0,0,0,567,1.0,567,13041.14,195.62
2025-12,CRYPTO_GW,PM04,Token pack,361,8,0,8,353,0.9778,353,18977.66,284.66
2025-12,CRYPTO_GW,PM05,Initial (new + win-back),391,15,0,15,376,0.9616,376,13388.48,200.83
2025-12,CRYPTO_GW,PM05,Refund,0,0,0,0,0,,22,-731.97,0.0
2025-12,CRYPTO_GW,PM05,Renewal,342,0,0,0,342,1.0,342,8589.08,128.84
2025-12,CRYPTO_GW,PM05,Token pack,222,5,0,5,217,0.9775,217,10347.53,155.21
2025-12,CRYPTO_GW,PM06,Initial (new + win-back),662,27,0,27,635,0.9592,635,22897.0,343.46
2025-12,CRYPTO_GW,PM06,Refund,0,0,0,0,0,,37,-1315.58,0.0
2025-12,CRYPTO_GW,PM06,Renewal,620,0,0,0,620,1.0,620,15177.11,227.66
2025-12,CRYPTO_GW,PM06,Token pack,352,9,0,9,343,0.9744,343,16261.93,243.93
2025-12,CRYPTO_GW,PM07,Initial (new + win-back),184,8,0,8,176,0.9565,176,6465.51,96.98
2025-12,CRYPTO_GW,PM07,Refund,0,0,0,0,0,,7,-207.89,0.0
2025-12,CRYPTO_GW,PM07,Renewal,165,0,0,0,165,1.0,165,4013.3,60.2
2025-12,CRYPTO_GW,PM07,Token pack,113,3,0,3,110,0.9735,110,6012.31,90.18
2026-01,ACQ_A,PM01,Chargeback,0,0,0,0,0,,39,-1004.02,975.0
2026-01,ACQ_A,PM01,Initial (new + win-back),4696,666,0,666,4030,0.8582,4030,142383.37,9241.59
2026-01,ACQ_A,PM01,Refund,0,0,0,0,0,,162,-6660.89,0.0
2026-01,ACQ_A,PM01,Renewal,4799,599,188,411,4388,0.9144,4388,105392.14,7332.37
2026-01,ACQ_A,PM01,Token pack,2125,160,0,160,1965,0.9247,1965,110202.92,6748.91
2026-01,ACQ_A,PM02,Chargeback,0,0,0,0,0,,20,-637.01,500.0
2026-01,ACQ_A,PM02,Initial (new + win-back),2392,323,0,323,2069,0.865,2069,71976.73,4682.87
2026-01,ACQ_A,PM02,Refund,0,0,0,0,0,,88,-3019.37,0.0
2026-01,ACQ_A,PM02,Renewal,2396,320,94,226,2170,0.9057,2170,53413.8,3697.26
2026-01,ACQ_A,PM02,Token pack,1043,93,0,93,950,0.9108,950,52431.56,3216.24
2026-01,ACQ_A,PM03,Chargeback,0,0,0,0,0,,1,-56.07,25.0
2026-01,ACQ_A,PM03,Initial (new + win-back),206,32,0,32,174,0.8447,174,5981.63,389.89
2026-01,ACQ_A,PM03,Refund,0,0,0,0,0,,5,-132.23,0.0
2026-01,ACQ_A,PM03,Renewal,210,26,12,14,196,0.9333,196,4806.06,332.93
2026-01,ACQ_A,PM03,Token pack,78,7,0,7,71,0.9103,71,3772.08,232.31
2026-01,ACQ_B,PM01,Chargeback,0,0,0,0,0,,64,-1763.85,1600.0
2026-01,ACQ_B,PM01,Initial (new + win-back),7987,1286,0,1286,6701,0.839,6701,200996.78,14070.11
2026-01,ACQ_B,PM01,Refund,0,0,0,0,0,,280,-8953.91,0.0
2026-01,ACQ_B,PM01,Renewal,7387,1142,383,759,6628,0.8973,6628,134754.21,10073.65
2026-01,ACQ_B,PM01,Token pack,3430,333,0,333,3097,0.9029,3097,151589.03,10024.44
2026-01,ACQ_B,PM02,Chargeback,0,0,0,0,0,,28,-743.81,700.0
2026-01,ACQ_B,PM02,Initial (new + win-back),4124,646,0,646,3478,0.8434,3478,102573.81,7197.83
2026-01,ACQ_B,PM02,Refund,0,0,0,0,0,,136,-4625.63,0.0
2026-01,ACQ_B,PM02,Renewal,3821,528,152,376,3445,0.9016,3445,70244.72,5248.18
2026-01,ACQ_B,PM02,Token pack,1721,185,0,185,1536,0.8925,1536,77704.64,5123.08
2026-01,ACQ_B,PM03,Chargeback,0,0,0,0,0,,3,-57.95,75.0
2026-01,ACQ_B,PM03,Initial (new + win-back),427,72,0,72,355,0.8314,355,10315.35,725.42
2026-01,ACQ_B,PM03,Refund,0,0,0,0,0,,14,-385.38,0.0
2026-01,ACQ_B,PM03,Renewal,323,45,11,34,289,0.8947,289,5737.42,430.95
2026-01,ACQ_B,PM03,Token pack,159,17,0,17,142,0.8931,142,8053.58,525.81
2026-01,CRYPTO_GW,PM04,Initial (new + win-back),681,26,0,26,655,0.9618,655,23675.21,355.13
2026-01,CRYPTO_GW,PM04,Refund,0,0,0,0,0,,31,-1365.35,0.0
2026-01,CRYPTO_GW,PM04,Renewal,593,0,0,0,593,1.0,593,14318.32,214.77
2026-01,CRYPTO_GW,PM04,Token pack,364,8,0,8,356,0.978,356,17505.07,262.58
2026-01,CRYPTO_GW,PM05,Initial (new + win-back),389,15,0,15,374,0.9614,374,13392.27,200.88
2026-01,CRYPTO_GW,PM05,Refund,0,0,0,0,0,,16,-366.22,0.0
2026-01,CRYPTO_GW,PM05,Renewal,324,0,0,0,324,1.0,324,6974.46,104.62
2026-01,CRYPTO_GW,PM05,Token pack,226,5,0,5,221,0.9779,221,12717.63,190.76
2026-01,CRYPTO_GW,PM06,Initial (new + win-back),969,40,0,40,929,0.9587,929,33781.83,506.73
2026-01,CRYPTO_GW,PM06,Refund,0,0,0,0,0,,43,-1846.26,0.0
2026-01,CRYPTO_GW,PM06,Renewal,580,0,0,0,580,1.0,580,13455.53,201.83
2026-01,CRYPTO_GW,PM06,Token pack,366,9,0,9,357,0.9754,357,18879.76,283.2
2026-01,CRYPTO_GW,PM07,Initial (new + win-back),213,9,0,9,204,0.9577,204,7586.21,113.79
2026-01,CRYPTO_GW,PM07,Refund,0,0,0,0,0,,11,-389.06,0.0
2026-01,CRYPTO_GW,PM07,Renewal,152,0,0,0,152,1.0,152,3385.23,50.78
2026-01,CRYPTO_GW,PM07,Token pack,99,2,0,2,97,0.9798,97,4228.58,63.43
2026-02,ACQ_A,PM01,Chargeback,0,0,0,0,0,,20,-582.77,500.0
2026-02,ACQ_A,PM01,Initial (new + win-back),3267,433,0,433,2834,0.8675,2834,102228.57,6614.47
2026-02,ACQ_A,PM01,Refund,0,0,0,0,0,,125,-4647.35,0.0
2026-02,ACQ_A,PM01,Renewal,3649,429,103,326,3323,0.9107,3323,80640.91,5598.3
2026-02,ACQ_A,PM01,Token pack,1826,146,0,146,1680,0.92,1680,99277.69,6048.27
2026-02,ACQ_A,PM02,Chargeback,0,0,0,0,0,,8,-229.34,200.0
2026-02,ACQ_A,PM02,Initial (new + win-back),1623,241,0,241,1382,0.8515,1382,49831.55,3224.44
2026-02,ACQ_A,PM02,Refund,0,0,0,0,0,,53,-2035.85,0.0
2026-02,ACQ_A,PM02,Renewal,1801,225,65,160,1641,0.9112,1641,40709.61,2813.38
2026-02,ACQ_A,PM02,Token pack,905,79,0,79,826,0.9127,826,46238.35,2832.21
2026-02,ACQ_A,PM03,Chargeback,0,0,0,0,0,,1,-16.4,25.0
2026-02,ACQ_A,PM03,Initial (new + win-back),147,19,0,19,128,0.8707,128,4726.09,304.73
2026-02,ACQ_A,PM03,Refund,0,0,0,0,0,,3,-109.47,0.0
2026-02,ACQ_A,PM03,Renewal,147,16,7,9,138,0.9388,138,3193.19,223.93
2026-02,ACQ_A,PM03,Token pack,62,5,0,5,57,0.9194,57,2522.5,158.69
2026-02,ACQ_B,PM01,Chargeback,0,0,0,0,0,,49,-1216.94,1225.0
2026-02,ACQ_B,PM01,Initial (new + win-back),5668,878,0,878,4790,0.8451,4790,145717.59,10180.06
2026-02,ACQ_B,PM01,Refund,0,0,0,0,0,,225,-7573.42,0.0
2026-02,ACQ_B,PM01,Renewal,5638,790,236,554,5084,0.9017,5084,105310.99,7843.86
2026-02,ACQ_B,PM01,Token pack,2806,281,0,281,2525,0.8999,2525,122989.75,8136.88
2026-02,ACQ_B,PM02,Chargeback,0,0,0,0,0,,22,-564.17,550.0
2026-02,ACQ_B,PM02,Initial (new + win-back),2914,465,0,465,2449,0.8404,2449,74209.5,5187.27
2026-02,ACQ_B,PM02,Refund,0,0,0,0,0,,96,-3257.14,0.0
2026-02,ACQ_B,PM02,Renewal,2913,427,151,276,2637,0.9053,2637,54850.4,4082.12
2026-02,ACQ_B,PM02,Token pack,1421,135,0,135,1286,0.905,1286,64022.14,4227.13
2026-02,ACQ_B,PM03,Chargeback,0,0,0,0,0,,2,-27.98,50.0
2026-02,ACQ_B,PM03,Initial (new + win-back),281,50,0,50,231,0.8221,231,7278.33,506.0
2026-02,ACQ_B,PM03,Refund,0,0,0,0,0,,9,-292.67,0.0
2026-02,ACQ_B,PM03,Renewal,277,40,15,25,252,0.9097,252,5578.3,410.3
2026-02,ACQ_B,PM03,Token pack,112,12,0,12,100,0.8929,100,4809.0,318.54
2026-02,ACQ_C,PM01,Chargeback,0,0,0,0,0,,26,-765.06,520.0
2026-02,ACQ_C,PM01,Initial (new + win-back),3637,362,0,362,3275,0.9005,3275,107191.13,6234.87
2026-02,ACQ_C,PM01,Refund,0,0,0,0,0,,132,-4565.45,0.0
2026-02,ACQ_C,PM01,Renewal,3831,272,143,129,3702,0.9663,3702,82641.98,5160.06
2026-02,ACQ_C,PM01,Token pack,1987,120,0,120,1867,0.9396,1867,99709.0,5445.84
2026-02,ACQ_C,PM02,Chargeback,0,0,0,0,0,,18,-534.92,360.0
2026-02,ACQ_C,PM02,Initial (new + win-back),1942,199,0,199,1743,0.8975,1743,56157.26,3274.61
2026-02,ACQ_C,PM02,Refund,0,0,0,0,0,,58,-1939.0,0.0
2026-02,ACQ_C,PM02,Renewal,2058,126,67,59,1999,0.9713,1999,44866.54,2798.16
2026-02,ACQ_C,PM02,Token pack,914,53,0,53,861,0.942,861,42234.52,2327.79
2026-02,ACQ_C,PM03,Chargeback,0,0,0,0,0,,1,-13.99,20.0
2026-02,ACQ_C,PM03,Initial (new + win-back),171,18,0,18,153,0.8947,153,4752.46,278.77
2026-02,ACQ_C,PM03,Refund,0,0,0,0,0,,6,-254.57,0.0
2026-02,ACQ_C,PM03,Renewal,175,17,8,9,166,0.9486,166,3689.72,230.6
2026-02,ACQ_C,PM03,Token pack,93,6,0,6,87,0.9355,87,5619.58,301.46
2026-02,CRYPTO_GW,PM04,Initial (new + win-back),753,26,0,26,727,0.9655,727,27345.17,410.18
2026-02,CRYPTO_GW,PM04,Refund,0,0,0,0,0,,33,-1364.64,0.0
2026-02,CRYPTO_GW,PM04,Renewal,655,0,0,0,655,1.0,655,16682.02,250.23
2026-02,CRYPTO_GW,PM04,Token pack,441,11,0,11,430,0.9751,430,21501.91,322.53
2026-02,CRYPTO_GW,PM05,Initial (new + win-back),415,16,0,16,399,0.9614,399,14218.48,213.28
2026-02,CRYPTO_GW,PM05,Refund,0,0,0,0,0,,20,-823.69,0.0
2026-02,CRYPTO_GW,PM05,Renewal,364,0,0,0,364,1.0,364,8610.87,129.16
2026-02,CRYPTO_GW,PM05,Token pack,240,6,0,6,234,0.975,234,11461.63,171.92
2026-02,CRYPTO_GW,PM06,Initial (new + win-back),1266,52,0,52,1214,0.9589,1214,44033.59,660.5
2026-02,CRYPTO_GW,PM06,Refund,0,0,0,0,0,,64,-2278.07,0.0
2026-02,CRYPTO_GW,PM06,Renewal,671,0,0,0,671,1.0,671,15217.94,228.27
2026-02,CRYPTO_GW,PM06,Token pack,546,14,0,14,532,0.9744,532,27903.48,418.55
2026-02,CRYPTO_GW,PM07,Initial (new + win-back),218,9,0,9,209,0.9587,209,7291.2,109.37
2026-02,CRYPTO_GW,PM07,Refund,0,0,0,0,0,,10,-336.91,0.0
2026-02,CRYPTO_GW,PM07,Renewal,182,0,0,0,182,1.0,182,4306.22,64.59
2026-02,CRYPTO_GW,PM07,Token pack,106,2,0,2,104,0.9811,104,5299.04,79.49
2026-03,ACQ_A,PM01,Chargeback,0,0,0,0,0,,14,-359.54,350.0
2026-03,ACQ_A,PM01,Initial (new + win-back),1964,271,0,271,1693,0.862,1693,58033.31,3784.38
2026-03,ACQ_A,PM01,Refund,0,0,0,0,0,,75,-2577.78,0.0
2026-03,ACQ_A,PM01,Renewal,2418,311,93,218,2200,0.9098,2200,52584.19,3662.13
2026-03,ACQ_A,PM01,Token pack,1297,100,0,100,1197,0.9229,1197,64964.16,3991.98
2026-03,ACQ_A,PM02,Chargeback,0,0,0,0,0,,7,-155.55,175.0
2026-03,ACQ_A,PM02,Initial (new + win-back),1088,158,0,158,930,0.8548,930,31545.01,2060.48
2026-03,ACQ_A,PM02,Refund,0,0,0,0,0,,51,-2135.09,0.0
2026-03,ACQ_A,PM02,Renewal,1171,121,30,91,1080,0.9223,1080,26987.72,1862.32
2026-03,ACQ_A,PM02,Token pack,637,53,0,53,584,0.9168,584,33237.87,2032.48
2026-03,ACQ_A,PM03,Chargeback,0,0,0,0,0,,2,-73.01,50.0
2026-03,ACQ_A,PM03,Initial (new + win-back),69,10,0,10,59,0.8551,59,2109.65,136.68
2026-03,ACQ_A,PM03,Refund,0,0,0,0,0,,6,-407.51,0.0
2026-03,ACQ_A,PM03,Renewal,94,11,5,6,88,0.9362,88,2403.76,163.01
2026-03,ACQ_A,PM03,Token pack,52,5,0,5,47,0.9038,47,2148.06,134.59
2026-03,ACQ_B,PM01,Chargeback,0,0,0,0,0,,23,-543.14,575.0
2026-03,ACQ_B,PM01,Initial (new + win-back),3548,575,0,575,2973,0.8379,2973,87904.44,6166.17
2026-03,ACQ_B,PM01,Refund,0,0,0,0,0,,122,-3929.58,0.0
2026-03,ACQ_B,PM01,Renewal,3758,559,165,394,3364,0.8952,3364,68959.3,5146.76
2026-03,ACQ_B,PM01,Token pack,2047,196,0,196,1851,0.9043,1851,93386.49,6158.49
2026-03,ACQ_B,PM02,Chargeback,0,0,0,0,0,,11,-289.45,275.0
2026-03,ACQ_B,PM02,Initial (new + win-back),1794,308,0,308,1486,0.8283,1486,43506.45,3056.19
2026-03,ACQ_B,PM02,Refund,0,0,0,0,0,,58,-1966.45,0.0
2026-03,ACQ_B,PM02,Renewal,1934,256,84,172,1762,0.9111,1762,36254.03,2703.84
2026-03,ACQ_B,PM02,Token pack,1059,99,0,99,960,0.9065,960,47750.4,3153.02
2026-03,ACQ_B,PM03,Chargeback,0,0,0,0,0,,2,-27.98,50.0
2026-03,ACQ_B,PM03,Initial (new + win-back),149,24,0,24,125,0.8389,125,3676.89,258.11
2026-03,ACQ_B,PM03,Refund,0,0,0,0,0,,9,-352.89,0.0
2026-03,ACQ_B,PM03,Renewal,172,22,6,16,156,0.907,156,3335.99,246.96
2026-03,ACQ_B,PM03,Token pack,104,11,0,11,93,0.8942,93,4429.07,293.64
2026-03,ACQ_C,PM01,Chargeback,0,0,0,0,0,,40,-1078.09,800.0
2026-03,ACQ_C,PM01,Initial (new + win-back),6246,648,0,648,5598,0.8963,5598,174094.36,10210.02
2026-03,ACQ_C,PM01,Refund,0,0,0,0,0,,285,-9089.09,0.0
2026-03,ACQ_C,PM01,Renewal,7355,524,263,261,7094,0.9645,7094,154960.81,9721.28
2026-03,ACQ_C,PM01,Token pack,4054,258,0,258,3796,0.9364,3796,199219.52,10900.56
2026-03,ACQ_C,PM02,Chargeback,0,0,0,0,0,,22,-572.34,440.0
2026-03,ACQ_C,PM02,Initial (new + win-back),3143,293,0,293,2850,0.9068,2850,88659.19,5199.3
2026-03,ACQ_C,PM02,Refund,0,0,0,0,0,,111,-4229.48,0.0
2026-03,ACQ_C,PM02,Renewal,3816,281,135,146,3670,0.9617,3670,79255.53,4984.52
2026-03,ACQ_C,PM02,Token pack,2096,135,0,135,1961,0.9356,1961,104790.24,5723.02
2026-03,ACQ_C,PM03,Chargeback,0,0,0,0,0,,4,-152.71,80.0
2026-03,ACQ_C,PM03,Initial (new + win-back),283,31,0,31,252,0.8905,252,7837.47,459.64
2026-03,ACQ_C,PM03,Refund,0,0,0,0,0,,8,-444.17,0.0
2026-03,ACQ_C,PM03,Renewal,333,24,12,12,321,0.964,321,6976.11,438.13
2026-03,ACQ_C,PM03,Token pack,188,11,0,11,177,0.9415,177,9134.88,500.71
2026-03,CRYPTO_GW,PM04,Initial (new + win-back),720,26,0,26,694,0.9639,694,24690.07,370.35
2026-03,CRYPTO_GW,PM04,Refund,0,0,0,0,0,,43,-1535.06,0.0
2026-03,CRYPTO_GW,PM04,Renewal,666,0,0,0,666,1.0,666,15298.66,229.48
2026-03,CRYPTO_GW,PM04,Token pack,401,9,0,9,392,0.9776,392,19917.03,298.76
2026-03,CRYPTO_GW,PM05,Initial (new + win-back),371,15,0,15,356,0.9596,356,12204.49,183.07
2026-03,CRYPTO_GW,PM05,Refund,0,0,0,0,0,,14,-457.94,0.0
2026-03,CRYPTO_GW,PM05,Renewal,369,0,0,0,369,1.0,369,8700.55,130.51
2026-03,CRYPTO_GW,PM05,Token pack,280,6,0,6,274,0.9786,274,13458.07,201.87
2026-03,CRYPTO_GW,PM06,Initial (new + win-back),1187,45,0,45,1142,0.9621,1142,40523.77,607.86
2026-03,CRYPTO_GW,PM06,Refund,0,0,0,0,0,,48,-1750.32,0.0
2026-03,CRYPTO_GW,PM06,Renewal,785,0,0,0,785,1.0,785,17270.99,259.06
2026-03,CRYPTO_GW,PM06,Token pack,575,11,0,11,564,0.9809,564,30675.96,460.14
2026-03,CRYPTO_GW,PM07,Initial (new + win-back),179,8,0,8,171,0.9553,171,5688.27,85.32
2026-03,CRYPTO_GW,PM07,Refund,0,0,0,0,0,,11,-561.84,0.0
2026-03,CRYPTO_GW,PM07,Renewal,187,0,0,0,187,1.0,187,4255.53,63.83
2026-03,CRYPTO_GW,PM07,Token pack,148,3,0,3,145,0.9797,145,8268.33,124.03
2026-04,ACQ_A,PM01,Chargeback,0,0,0,0,0,,9,-185.69,225.0
2026-04,ACQ_A,PM01,Initial (new + win-back),1388,181,0,181,1207,0.8696,1207,41896.5,2726.76
2026-04,ACQ_A,PM01,Refund,0,0,0,0,0,,57,-2336.2,0.0
2026-04,ACQ_A,PM01,Renewal,1683,182,58,124,1559,0.9263,1559,35965.18,2523.74
2026-04,ACQ_A,PM01,Token pack,891,75,0,75,816,0.9158,816,46462.71,2841.05
2026-04,ACQ_A,PM02,Chargeback,0,0,0,0,0,,8,-265.75,200.0
2026-04,ACQ_A,PM02,Initial (new + win-back),755,110,0,110,645,0.8543,645,22452.38,1460.63
2026-04,ACQ_A,PM02,Refund,0,0,0,0,0,,30,-1272.65,0.0
2026-04,ACQ_A,PM02,Renewal,885,93,21,72,813,0.9186,813,19665.75,1366.17
2026-04,ACQ_A,PM02,Token pack,477,35,0,35,442,0.9266,442,25219.06,1541.75
2026-04,ACQ_A,PM03,Initial (new + win-back),70,10,0,10,60,0.8571,60,1970.74,129.39
2026-04,ACQ_A,PM03,Refund,0,0,0,0,0,,2,-71.21,0.0
2026-04,ACQ_A,PM03,Renewal,55,9,2,7,48,0.8727,48,1420.11,94.91
2026-04,ACQ_A,PM03,Token pack,41,3,0,3,38,0.9268,38,2517.57,151.77
2026-04,ACQ_B,PM01,Chargeback,0,0,0,0,0,,15,-295.66,375.0
2026-04,ACQ_B,PM01,Initial (new + win-back),2399,326,0,326,2073,0.8641,2073,62531.74,4373.8
2026-04,ACQ_B,PM01,Refund,0,0,0,0,0,,86,-3077.77,0.0
2026-04,ACQ_B,PM01,Renewal,2532,385,110,275,2257,0.8914,2257,44434.96,3343.2
2026-04,ACQ_B,PM01,Token pack,1440,149,0,149,1291,0.8965,1291,59122.09,3934.63
2026-04,ACQ_B,PM02,Chargeback,0,0,0,0,0,,4,-55.96,100.0
2026-04,ACQ_B,PM02,Initial (new + win-back),1135,181,0,181,954,0.8405,954,29600.8,2062.25
2026-04,ACQ_B,PM02,Refund,0,0,0,0,0,,50,-1739.13,0.0
2026-04,ACQ_B,PM02,Renewal,1351,168,59,109,1242,0.9193,1242,25387.51,1895.85
2026-04,ACQ_B,PM02,Token pack,762,74,0,74,688,0.9029,688,36718.12,2409.49
2026-04,ACQ_B,PM03,Chargeback,0,0,0,0,0,,1,-13.99,25.0
2026-04,ACQ_B,PM03,Initial (new + win-back),101,17,0,17,84,0.8317,84,2654.8,184.49
2026-04,ACQ_B,PM03,Refund,0,0,0,0,0,,5,-95.84,0.0
2026-04,ACQ_B,PM03,Renewal,116,14,9,5,111,0.9569,111,2198.38,165.2
2026-04,ACQ_B,PM03,Token pack,72,7,0,7,65,0.9028,65,2649.35,178.46
2026-04,ACQ_C,PM01,Chargeback,0,0,0,0,0,,71,-1942.14,1420.0
2026-04,ACQ_C,PM01,Initial (new + win-back),8091,814,0,814,7277,0.8994,7277,231321.63,13517.86
2026-04,ACQ_C,PM01,Refund,0,0,0,0,0,,315,-10664.84,0.0
2026-04,ACQ_C,PM01,Renewal,10160,711,367,344,9816,0.9661,9816,214722.72,13466.21
2026-04,ACQ_C,PM01,Token pack,5173,326,0,326,4847,0.937,4847,248122.77,13612.12
2026-04,ACQ_C,PM02,Chargeback,0,0,0,0,0,,37,-1109.57,740.0
2026-04,ACQ_C,PM02,Initial (new + win-back),4219,388,0,388,3831,0.908,3831,123368.74,7194.37
2026-04,ACQ_C,PM02,Refund,0,0,0,0,0,,182,-7007.41,0.0
2026-04,ACQ_C,PM02,Renewal,5247,376,198,178,5069,0.9661,5069,110460.38,6933.26
2026-04,ACQ_C,PM02,Token pack,2670,151,0,151,2519,0.9434,2519,130911.43,7170.36
2026-04,ACQ_C,PM03,Chargeback,0,0,0,0,0,,3,-44.24,60.0
2026-04,ACQ_C,PM03,Initial (new + win-back),378,35,0,35,343,0.9074,343,11431.84,663.06
2026-04,ACQ_C,PM03,Refund,0,0,0,0,0,,18,-809.27,0.0
2026-04,ACQ_C,PM03,Renewal,466,33,14,19,447,0.9592,447,9125.86,581.27
2026-04,ACQ_C,PM03,Token pack,223,13,0,13,210,0.9417,210,9316.86,519.53
2026-04,CRYPTO_GW,PM04,Initial (new + win-back),765,30,0,30,735,0.9608,735,26300.5,394.51
2026-04,CRYPTO_GW,PM04,Refund,0,0,0,0,0,,26,-935.81,0.0
2026-04,CRYPTO_GW,PM04,Renewal,707,0,0,0,707,1.0,707,17097.36,256.46
2026-04,CRYPTO_GW,PM04,Token pack,530,13,0,13,517,0.9755,517,27231.03,408.47
2026-04,CRYPTO_GW,PM05,Initial (new + win-back),416,15,0,15,401,0.9639,401,14081.51,211.22
2026-04,CRYPTO_GW,PM05,Refund,0,0,0,0,0,,24,-596.01,0.0
2026-04,CRYPTO_GW,PM05,Renewal,390,0,0,0,390,1.0,390,8763.63,131.45
2026-04,CRYPTO_GW,PM05,Token pack,284,7,0,7,277,0.9754,277,14764.14,221.46
2026-04,CRYPTO_GW,PM06,Initial (new + win-back),1251,51,0,51,1200,0.9592,1200,43349.25,650.24
2026-04,CRYPTO_GW,PM06,Refund,0,0,0,0,0,,48,-1712.04,0.0
2026-04,CRYPTO_GW,PM06,Renewal,896,0,0,0,896,1.0,896,19245.38,288.68
2026-04,CRYPTO_GW,PM06,Token pack,648,14,0,14,634,0.9784,634,30892.95,463.39
2026-04,CRYPTO_GW,PM07,Initial (new + win-back),199,8,0,8,191,0.9598,191,6768.4,101.53
2026-04,CRYPTO_GW,PM07,Refund,0,0,0,0,0,,10,-382.09,0.0
2026-04,CRYPTO_GW,PM07,Renewal,204,0,0,0,204,1.0,204,4639.44,69.59
2026-04,CRYPTO_GW,PM07,Token pack,155,4,0,4,151,0.9742,151,7892.63,118.39
2026-05,ACQ_A,PM01,Chargeback,0,0,0,0,0,,14,-383.98,350.0
2026-05,ACQ_A,PM01,Initial (new + win-back),1278,164,0,164,1114,0.8717,1114,38429.32,2503.51
2026-05,ACQ_A,PM01,Refund,0,0,0,0,0,,60,-2371.68,0.0
2026-05,ACQ_A,PM01,Renewal,1791,207,57,150,1641,0.9162,1641,39245.69,2732.86
2026-05,ACQ_A,PM01,Token pack,904,83,0,83,821,0.9082,821,46336.11,2835.84
2026-05,ACQ_A,PM02,Chargeback,0,0,0,0,0,,6,-270.1,150.0
2026-05,ACQ_A,PM02,Initial (new + win-back),649,93,0,93,556,0.8567,556,19014.21,1240.38
2026-05,ACQ_A,PM02,Refund,0,0,0,0,0,,23,-628.34,0.0
2026-05,ACQ_A,PM02,Renewal,899,109,38,71,828,0.921,828,20322.62,1407.54
2026-05,ACQ_A,PM02,Token pack,470,35,0,35,435,0.9255,435,23184.87,1427.42
2026-05,ACQ_A,PM03,Chargeback,0,0,0,0,0,,1,-95.67,25.0
2026-05,ACQ_A,PM03,Initial (new + win-back),70,9,0,9,61,0.8714,61,1961.68,129.24
2026-05,ACQ_A,PM03,Refund,0,0,0,0,0,,3,-59.0,0.0
2026-05,ACQ_A,PM03,Renewal,61,6,3,3,58,0.9508,58,1343.57,94.2
2026-05,ACQ_A,PM03,Token pack,38,3,0,3,35,0.9211,35,1972.5,120.74
2026-05,ACQ_B,PM01,Chargeback,0,0,0,0,0,,24,-615.02,600.0
2026-05,ACQ_B,PM01,Initial (new + win-back),2366,387,0,387,1979,0.8364,1979,57824.8,4063.19
2026-05,ACQ_B,PM01,Refund,0,0,0,0,0,,76,-2085.98,0.0
2026-05,ACQ_B,PM01,Renewal,2658,360,113,247,2411,0.9071,2411,50065.92,3727.26
2026-05,ACQ_B,PM01,Token pack,1521,163,0,163,1358,0.8928,1358,68326.42,4506.99
2026-05,ACQ_B,PM02,Chargeback,0,0,0,0,0,,7,-123.89,175.0
2026-05,ACQ_B,PM02,Initial (new + win-back),1248,209,0,209,1039,0.8325,1039,30655.14,2151.01
2026-05,ACQ_B,PM02,Refund,0,0,0,0,0,,36,-1082.59,0.0
2026-05,ACQ_B,PM02,Renewal,1373,182,67,115,1258,0.9162,1258,25797.02,1925.22
2026-05,ACQ_B,PM02,Token pack,749,79,0,79,670,0.8945,670,31193.3,2072.6
2026-05,ACQ_B,PM03,Chargeback,0,0,0,0,0,,1,-26.97,25.0
2026-05,ACQ_B,PM03,Initial (new + win-back),108,16,0,16,92,0.8519,92,2636.92,185.82
2026-05,ACQ_B,PM03,Refund,0,0,0,0,0,,3,-359.97,0.0
2026-05,ACQ_B,PM03,Renewal,132,24,8,16,116,0.8788,116,2471.08,183.06
2026-05,ACQ_B,PM03,Token pack,64,6,0,6,58,0.9062,58,3739.42,241.77
2026-05,ACQ_C,PM01,Chargeback,0,0,0,0,0,,74,-2051.24,1480.0
2026-05,ACQ_C,PM01,Initial (new + win-back),7746,745,0,745,7001,0.9038,7001,219517.35,12856.65
2026-05,ACQ_C,PM01,Refund,0,0,0,0,0,,349,-13282.55,0.0
2026-05,ACQ_C,PM01,Renewal,10779,802,422,380,10399,0.9647,10399,226058.66,14196.57
2026-05,ACQ_C,PM01,Token pack,5612,336,0,336,5276,0.9401,5276,284511.44,15523.86
2026-05,ACQ_C,PM02,Chargeback,0,0,0,0,0,,27,-677.18,540.0
2026-05,ACQ_C,PM02,Initial (new + win-back),4103,387,0,387,3716,0.9057,3716,114685.88,6734.41
2026-05,ACQ_C,PM02,Refund,0,0,0,0,0,,170,-6420.38,0.0
2026-05,ACQ_C,PM02,Renewal,5506,355,179,176,5330,0.968,5330,114093.51,7189.58
2026-05,ACQ_C,PM02,Token pack,2777,185,0,185,2592,0.9334,2592,139608.99,7618.44
2026-05,ACQ_C,PM03,Chargeback,0,0,0,0,0,,3,-41.97,60.0
2026-05,ACQ_C,PM03,Initial (new + win-back),368,34,0,34,334,0.9076,334,10327.93,606.27
2026-05,ACQ_C,PM03,Refund,0,0,0,0,0,,15,-406.27,0.0
2026-05,ACQ_C,PM03,Renewal,476,33,19,14,462,0.9706,462,9786.57,618.14
2026-05,ACQ_C,PM03,Token pack,267,15,0,15,252,0.9438,252,13054.88,715.29
2026-05,CRYPTO_GW,PM04,Initial (new + win-back),740,28,0,28,712,0.9622,712,25019.11,375.29
2026-05,CRYPTO_GW,PM04,Refund,0,0,0,0,0,,28,-972.07,0.0
2026-05,CRYPTO_GW,PM04,Renewal,727,0,0,0,727,1.0,727,17227.92,258.42
2026-05,CRYPTO_GW,PM04,Token pack,537,12,0,12,525,0.9777,525,27987.04,419.81
2026-05,CRYPTO_GW,PM05,Initial (new + win-back),418,17,0,17,401,0.9593,401,13381.6,200.72
2026-05,CRYPTO_GW,PM05,Refund,0,0,0,0,0,,17,-672.22,0.0
2026-05,CRYPTO_GW,PM05,Renewal,427,0,0,0,427,1.0,427,10414.07,156.21
2026-05,CRYPTO_GW,PM05,Token pack,291,7,0,7,284,0.9759,284,12924.56,193.87
2026-05,CRYPTO_GW,PM06,Initial (new + win-back),1251,52,0,52,1199,0.9584,1199,41913.0,628.69
2026-05,CRYPTO_GW,PM06,Refund,0,0,0,0,0,,51,-1846.9,0.0
2026-05,CRYPTO_GW,PM06,Renewal,969,0,0,0,969,1.0,969,21668.52,325.03
2026-05,CRYPTO_GW,PM06,Token pack,668,17,0,17,651,0.9746,651,34758.29,521.37
2026-05,CRYPTO_GW,PM07,Initial (new + win-back),190,8,0,8,182,0.9579,182,6051.47,90.77
2026-05,CRYPTO_GW,PM07,Refund,0,0,0,0,0,,13,-348.09,0.0
2026-05,CRYPTO_GW,PM07,Renewal,225,0,0,0,225,1.0,225,5149.99,77.25
2026-05,CRYPTO_GW,PM07,Token pack,141,3,0,3,138,0.9787,138,6867.44,103.01
2026-06,ACQ_A,PM01,Chargeback,0,0,0,0,0,,16,-593.96,400.0
2026-06,ACQ_A,PM01,Initial (new + win-back),1374,196,0,196,1178,0.8574,1178,40764.31,2654.34
2026-06,ACQ_A,PM01,Refund,0,0,0,0,0,,57,-2408.79,0.0
2026-06,ACQ_A,PM01,Renewal,1764,225,84,141,1623,0.9201,1623,38060.36,2661.37
2026-06,ACQ_A,PM01,Token pack,962,82,0,82,880,0.9148,880,50632.35,3092.78
2026-06,ACQ_A,PM02,Chargeback,0,0,0,0,0,,8,-247.34,200.0
2026-06,ACQ_A,PM02,Initial (new + win-back),774,108,0,108,666,0.8605,666,23274.3,1513.19
2026-06,ACQ_A,PM02,Refund,0,0,0,0,0,,37,-1226.68,0.0
2026-06,ACQ_A,PM02,Renewal,929,100,24,76,853,0.9182,853,19926.74,1394.52
2026-06,ACQ_A,PM02,Token pack,517,42,0,42,475,0.9188,475,28663.18,1742.73
2026-06,ACQ_A,PM03,Initial (new + win-back),58,8,0,8,50,0.8621,50,1627.36,107.0
2026-06,ACQ_A,PM03,Refund,0,0,0,0,0,,2,-67.48,0.0
2026-06,ACQ_A,PM03,Renewal,76,9,6,3,73,0.9605,73,1833.71,126.4
2026-06,ACQ_A,PM03,Token pack,54,5,0,5,49,0.9074,49,2618.37,161.16
2026-06,ACQ_B,PM01,Chargeback,0,0,0,0,0,,19,-593.07,475.0
2026-06,ACQ_B,PM01,Initial (new + win-back),2464,395,0,395,2069,0.8397,2069,59667.96,4200.78
2026-06,ACQ_B,PM01,Refund,0,0,0,0,0,,108,-4282.57,0.0
2026-06,ACQ_B,PM01,Renewal,2798,373,138,235,2563,0.916,2563,52466.49,3916.89
2026-06,ACQ_B,PM01,Token pack,1664,170,0,170,1494,0.8978,1494,68055.06,4531.5
2026-06,ACQ_B,PM02,Chargeback,0,0,0,0,0,,10,-265.57,250.0
2026-06,ACQ_B,PM02,Initial (new + win-back),1215,204,0,204,1011,0.8321,1011,30467.47,2131.35
2026-06,ACQ_B,PM02,Refund,0,0,0,0,0,,50,-1844.13,0.0
2026-06,ACQ_B,PM02,Renewal,1471,203,60,143,1328,0.9028,1328,26496.41,1988.18
2026-06,ACQ_B,PM02,Token pack,724,66,0,66,658,0.9088,658,30073.42,2001.81
2026-06,ACQ_B,PM03,Chargeback,0,0,0,0,0,,1,-13.99,25.0
2026-06,ACQ_B,PM03,Initial (new + win-back),107,15,0,15,92,0.8598,92,2652.07,186.72
2026-06,ACQ_B,PM03,Refund,0,0,0,0,0,,5,-137.73,0.0
2026-06,ACQ_B,PM03,Renewal,126,17,4,13,113,0.8968,113,2236.13,168.07
2026-06,ACQ_B,PM03,Token pack,65,6,0,6,59,0.9077,59,2949.41,194.66
2026-06,ACQ_C,PM01,Chargeback,0,0,0,0,0,,54,-1296.62,1080.0
2026-06,ACQ_C,PM01,Initial (new + win-back),8176,887,0,887,7289,0.8915,7289,227155.82,13317.33
2026-06,ACQ_C,PM01,Refund,0,0,0,0,0,,377,-13522.65,0.0
2026-06,ACQ_C,PM01,Renewal,11301,815,394,421,10880,0.9627,10880,233956.79,14727.88
2026-06,ACQ_C,PM01,Token pack,5993,360,0,360,5633,0.9399,5633,294008.32,16096.31
2026-06,ACQ_C,PM02,Chargeback,0,0,0,0,0,,30,-741.03,600.0
2026-06,ACQ_C,PM02,Initial (new + win-back),4366,476,0,476,3890,0.891,3890,121997.28,7144.87
2026-06,ACQ_C,PM02,Refund,0,0,0,0,0,,195,-5858.0,0.0
2026-06,ACQ_C,PM02,Renewal,5933,390,182,208,5725,0.9649,5725,123212.85,7754.93
2026-06,ACQ_C,PM02,Token pack,3092,187,0,187,2905,0.9395,2905,152597.52,8348.78
2026-06,ACQ_C,PM03,Chargeback,0,0,0,0,0,,3,-91.05,60.0
2026-06,ACQ_C,PM03,Initial (new + win-back),409,44,0,44,365,0.8924,365,11511.46,673.56
2026-06,ACQ_C,PM03,Refund,0,0,0,0,0,,15,-501.36,0.0
2026-06,ACQ_C,PM03,Renewal,517,37,19,18,499,0.9652,499,10697.76,673.89
2026-06,ACQ_C,PM03,Token pack,226,12,0,12,214,0.9469,214,11298.51,617.83
2026-06,CRYPTO_GW,PM04,Initial (new + win-back),758,30,0,30,728,0.9604,728,25847.68,387.72
2026-06,CRYPTO_GW,PM04,Refund,0,0,0,0,0,,34,-1308.38,0.0
2026-06,CRYPTO_GW,PM04,Renewal,764,0,0,0,764,1.0,764,17234.61,258.52
2026-06,CRYPTO_GW,PM04,Token pack,562,14,0,14,548,0.9751,548,28190.76,422.86
2026-06,CRYPTO_GW,PM05,Initial (new + win-back),417,17,0,17,400,0.9592,400,13639.24,204.59
2026-06,CRYPTO_GW,PM05,Refund,0,0,0,0,0,,20,-764.81,0.0
2026-06,CRYPTO_GW,PM05,Renewal,426,0,0,0,426,1.0,426,9847.29,147.71
2026-06,CRYPTO_GW,PM05,Token pack,278,6,0,6,272,0.9784,272,11475.42,172.13
2026-06,CRYPTO_GW,PM06,Initial (new + win-back),1406,57,0,57,1349,0.9595,1349,47071.77,706.08
2026-06,CRYPTO_GW,PM06,Refund,0,0,0,0,0,,58,-1780.78,0.0
2026-06,CRYPTO_GW,PM06,Renewal,1052,0,0,0,1052,1.0,1052,23036.54,345.55
2026-06,CRYPTO_GW,PM06,Token pack,842,18,0,18,824,0.9786,824,41693.11,625.4
2026-06,CRYPTO_GW,PM07,Initial (new + win-back),199,8,0,8,191,0.9598,191,6320.47,94.81
2026-06,CRYPTO_GW,PM07,Refund,0,0,0,0,0,,7,-283.64,0.0
2026-06,CRYPTO_GW,PM07,Renewal,230,0,0,0,230,1.0,230,5160.69,77.41
2026-06,CRYPTO_GW,PM07,Token pack,123,3,0,3,120,0.9756,120,5422.38,81.34
2026-07,ACQ_A,PM01,Chargeback,0,0,0,0,0,,9,-188.87,225.0
2026-07,ACQ_A,PM01,Initial (new + win-back),1686,236,0,236,1450,0.86,1450,51955.15,3365.03
2026-07,ACQ_A,PM01,Refund,0,0,0,0,0,,72,-3412.58,0.0
2026-07,ACQ_A,PM01,Renewal,1911,233,69,164,1747,0.9142,1747,43019.66,2977.53
2026-07,ACQ_A,PM01,Token pack,1034,84,0,84,950,0.9188,950,49542.78,3057.35
2026-07,ACQ_A,PM02,Chargeback,0,0,0,0,0,,5,-163.14,125.0
2026-07,ACQ_A,PM02,Initial (new + win-back),888,121,0,121,767,0.8637,767,27865.99,1801.08
2026-07,ACQ_A,PM02,Refund,0,0,0,0,0,,32,-966.66,0.0
2026-07,ACQ_A,PM02,Renewal,1026,127,37,90,936,0.9123,936,22560.77,1568.44
2026-07,ACQ_A,PM02,Token pack,548,46,0,46,502,0.9161,502,33300.34,2007.22
2026-07,ACQ_A,PM03,Chargeback,0,0,0,0,0,,1,-31.45,25.0
2026-07,ACQ_A,PM03,Initial (new + win-back),87,11,0,11,76,0.8736,76,2753.02,178.02
2026-07,ACQ_A,PM03,Refund,0,0,0,0,0,,7,-191.65,0.0
2026-07,ACQ_A,PM03,Renewal,83,8,3,5,78,0.9398,78,2010.78,137.89
2026-07,ACQ_A,PM03,Token pack,52,4,0,4,48,0.9231,48,3540.13,211.51
2026-07,ACQ_B,PM01,Chargeback,0,0,0,0,0,,19,-541.98,475.0
2026-07,ACQ_B,PM01,Initial (new + win-back),2827,411,0,411,2416,0.8546,2416,72899.83,5098.79
2026-07,ACQ_B,PM01,Refund,0,0,0,0,0,,115,-3911.67,0.0
2026-07,ACQ_B,PM01,Renewal,2998,409,138,271,2727,0.9096,2727,56855.45,4229.43
2026-07,ACQ_B,PM01,Token pack,1722,165,0,165,1557,0.9042,1557,75949.43,5024.07
2026-07,ACQ_B,PM02,Chargeback,0,0,0,0,0,,13,-228.74,325.0
2026-07,ACQ_B,PM02,Initial (new + win-back),1476,223,0,223,1253,0.8489,1253,37748.98,2640.84
2026-07,ACQ_B,PM02,Refund,0,0,0,0,0,,43,-1361.31,0.0
2026-07,ACQ_B,PM02,Renewal,1461,199,71,128,1333,0.9124,1333,28016.8,2080.91
2026-07,ACQ_B,PM02,Token pack,830,78,0,78,752,0.906,752,39117.48,2572.65
2026-07,ACQ_B,PM03,Initial (new + win-back),150,25,0,25,125,0.8333,125,3754.77,262.79
2026-07,ACQ_B,PM03,Refund,0,0,0,0,0,,6,-160.7,0.0
2026-07,ACQ_B,PM03,Renewal,142,25,7,18,124,0.8732,124,2522.82,188.57
2026-07,ACQ_B,PM03,Token pack,95,9,0,9,86,0.9053,86,4439.14,292.15
2026-07,ACQ_C,PM01,Chargeback,0,0,0,0,0,,52,-1287.82,1040.0
2026-07,ACQ_C,PM01,Initial (new + win-back),9813,942,0,942,8871,0.904,8871,286238.45,16686.98
2026-07,ACQ_C,PM01,Refund,0,0,0,0,0,,373,-13058.58,0.0
2026-07,ACQ_C,PM01,Renewal,12043,830,429,401,11642,0.9667,11642,256545.01,16063.31
2026-07,ACQ_C,PM01,Token pack,6398,361,0,361,6037,0.9436,6037,325892.41,17779.83
2026-07,ACQ_C,PM02,Chargeback,0,0,0,0,0,,27,-651.87,540.0
2026-07,ACQ_C,PM02,Initial (new + win-back),5066,534,0,534,4532,0.8946,4532,145654.24,8496.66
2026-07,ACQ_C,PM02,Refund,0,0,0,0,0,,215,-7460.05,0.0
2026-07,ACQ_C,PM02,Renewal,6292,455,252,203,6089,0.9677,6089,131711.74,8280.58
2026-07,ACQ_C,PM02,Token pack,3238,191,0,191,3047,0.941,3047,155097.27,8513.87
2026-07,ACQ_C,PM03,Chargeback,0,0,0,0,0,,2,-27.98,40.0
2026-07,ACQ_C,PM03,Initial (new + win-back),447,44,0,44,403,0.9016,403,13435.4,779.23
2026-07,ACQ_C,PM03,Refund,0,0,0,0,0,,14,-1007.2,0.0
2026-07,ACQ_C,PM03,Renewal,589,39,20,19,570,0.9677,570,12981.33,807.08
2026-07,ACQ_C,PM03,Token pack,286,16,0,16,270,0.9441,270,12191.72,678.39
2026-07,CRYPTO_GW,PM04,Initial (new + win-back),959,37,0,37,922,0.9614,922,33908.62,508.63
2026-07,CRYPTO_GW,PM04,Refund,0,0,0,0,0,,51,-1930.55,0.0
2026-07,CRYPTO_GW,PM04,Renewal,835,0,0,0,835,1.0,835,19603.95,294.06
2026-07,CRYPTO_GW,PM04,Token pack,640,14,0,14,626,0.9781,626,31032.0,465.48
2026-07,CRYPTO_GW,PM05,Initial (new + win-back),515,21,0,21,494,0.9592,494,18000.23,270.0
2026-07,CRYPTO_GW,PM05,Refund,0,0,0,0,0,,22,-1048.15,0.0
2026-07,CRYPTO_GW,PM05,Renewal,466,0,0,0,466,1.0,466,11140.85,167.11
2026-07,CRYPTO_GW,PM05,Token pack,359,9,0,9,350,0.9749,350,19230.67,288.46
2026-07,CRYPTO_GW,PM06,Initial (new + win-back),1711,68,0,68,1643,0.9603,1643,58644.49,879.67
2026-07,CRYPTO_GW,PM06,Refund,0,0,0,0,0,,72,-2784.3,0.0
2026-07,CRYPTO_GW,PM06,Renewal,1177,0,0,0,1177,1.0,1177,26076.62,391.15
2026-07,CRYPTO_GW,PM06,Token pack,829,19,0,19,810,0.9771,810,41961.16,629.42
2026-07,CRYPTO_GW,PM07,Initial (new + win-back),248,9,0,9,239,0.9637,239,8512.37,127.69
2026-07,CRYPTO_GW,PM07,Refund,0,0,0,0,0,,13,-388.75,0.0
2026-07,CRYPTO_GW,PM07,Renewal,240,0,0,0,240,1.0,240,5642.21,84.63
2026-07,CRYPTO_GW,PM07,Token pack,166,4,0,4,162,0.9759,162,8301.11,124.52
2026-08,ACQ_A,PM01,Chargeback,0,0,0,0,0,,12,-282.59,300.0
2026-08,ACQ_A,PM01,Initial (new + win-back),1960,290,0,290,1670,0.852,1670,60751.51,3925.83
2026-08,ACQ_A,PM01,Refund,0,0,0,0,0,,76,-2755.52,0.0
2026-08,ACQ_A,PM01,Renewal,2025,249,60,189,1836,0.9067,1836,44981.69,3116.59
2026-08,ACQ_A,PM01,Token pack,1132,90,0,90,1042,0.9205,1042,57076.08,3503.88
2026-08,ACQ_A,PM02,Chargeback,0,0,0,0,0,,8,-238.35,200.0
2026-08,ACQ_A,PM02,Initial (new + win-back),982,141,0,141,841,0.8564,841,29554.24,1919.83
2026-08,ACQ_A,PM02,Refund,0,0,0,0,0,,28,-1249.02,0.0
2026-08,ACQ_A,PM02,Renewal,1023,129,42,87,936,0.915,936,22689.31,1575.51
2026-08,ACQ_A,PM02,Token pack,636,55,0,55,581,0.9135,581,36865.35,2230.94
2026-08,ACQ_A,PM03,Initial (new + win-back),93,13,0,13,80,0.8602,80,2964.17,191.03
2026-08,ACQ_A,PM03,Refund,0,0,0,0,0,,7,-566.79,0.0
2026-08,ACQ_A,PM03,Renewal,79,8,3,5,74,0.9367,74,1907.25,130.8
2026-08,ACQ_A,PM03,Token pack,49,4,0,4,45,0.9184,45,2622.09,159.96
2026-08,ACQ_B,PM01,Chargeback,0,0,0,0,0,,19,-490.18,475.0
2026-08,ACQ_B,PM01,Initial (new + win-back),3322,503,0,503,2819,0.8486,2819,85135.62,5953.84
2026-08,ACQ_B,PM01,Refund,0,0,0,0,0,,107,-3901.94,0.0
2026-08,ACQ_B,PM01,Renewal,3147,425,137,288,2859,0.9085,2859,58982.18,4396.63
2026-08,ACQ_B,PM01,Token pack,1750,158,0,158,1592,0.9097,1592,77474.08,5126.04
2026-08,ACQ_B,PM02,Chargeback,0,0,0,0,0,,7,-199.6,175.0
2026-08,ACQ_B,PM02,Initial (new + win-back),1692,257,0,257,1435,0.8481,1435,44271.14,3086.77
2026-08,ACQ_B,PM02,Refund,0,0,0,0,0,,46,-2019.68,0.0
2026-08,ACQ_B,PM02,Renewal,1592,197,78,119,1473,0.9253,1473,31115.16,2308.81
2026-08,ACQ_B,PM02,Token pack,844,74,0,74,770,0.9123,770,38312.3,2529.74
2026-08,ACQ_B,PM03,Chargeback,0,0,0,0,0,,1,-13.99,25.0
2026-08,ACQ_B,PM03,Initial (new + win-back),142,21,0,21,121,0.8521,121,3722.6,259.66
2026-08,ACQ_B,PM03,Refund,0,0,0,0,0,,4,-89.85,0.0
2026-08,ACQ_B,PM03,Renewal,150,21,7,14,136,0.9067,136,2888.99,214.14
2026-08,ACQ_B,PM03,Token pack,75,7,0,7,68,0.9067,68,2874.32,192.86
2026-08,ACQ_C,PM01,Chargeback,0,0,0,0,0,,61,-1579.69,1220.0
2026-08,ACQ_C,PM01,Initial (new + win-back),11161,1204,0,1204,9957,0.8921,9957,322822.71,18805.41
2026-08,ACQ_C,PM01,Refund,0,0,0,0,0,,413,-14354.62,0.0
2026-08,ACQ_C,PM01,Renewal,12831,922,492,430,12401,0.9665,12401,273984.99,17145.56
2026-08,ACQ_C,PM01,Token pack,6671,378,0,378,6293,0.9433,6293,328669.14,17992.69
2026-08,ACQ_C,PM02,Chargeback,0,0,0,0,0,,35,-1020.75,700.0
2026-08,ACQ_C,PM02,Initial (new + win-back),5827,610,0,610,5217,0.8953,5217,169958.61,9893.07
2026-08,ACQ_C,PM02,Refund,0,0,0,0,0,,234,-8073.38,0.0
2026-08,ACQ_C,PM02,Renewal,6811,511,258,253,6558,0.9629,6558,141988.76,8924.85
2026-08,ACQ_C,PM02,Token pack,3507,236,0,236,3271,0.9327,3271,170464.78,9334.07
2026-08,ACQ_C,PM03,Chargeback,0,0,0,0,0,,5,-69.95,100.0
2026-08,ACQ_C,PM03,Initial (new + win-back),542,49,0,49,493,0.9096,493,15920.9,928.02
2026-08,ACQ_C,PM03,Refund,0,0,0,0,0,,16,-710.91,0.0
2026-08,ACQ_C,PM03,Renewal,633,42,21,21,612,0.9668,612,13785.43,859.09
2026-08,ACQ_C,PM03,Token pack,285,17,0,17,268,0.9404,268,14138.05,773.16
2026-08,CRYPTO_GW,PM04,Initial (new + win-back),1050,38,0,38,1012,0.9638,1012,35708.22,535.62
2026-08,CRYPTO_GW,PM04,Refund,0,0,0,0,0,,36,-974.67,0.0
2026-08,CRYPTO_GW,PM04,Renewal,867,0,0,0,867,1.0,867,20899.67,313.5
2026-08,CRYPTO_GW,PM04,Token pack,657,15,0,15,642,0.9772,642,34137.54,512.06
2026-08,CRYPTO_GW,PM05,Initial (new + win-back),554,22,0,22,532,0.9603,532,18755.37,281.33
2026-08,CRYPTO_GW,PM05,Refund,0,0,0,0,0,,25,-686.47,0.0
2026-08,CRYPTO_GW,PM05,Renewal,516,0,0,0,516,1.0,516,12335.77,185.04
2026-08,CRYPTO_GW,PM05,Token pack,377,9,0,9,368,0.9761,368,19055.52,285.83
2026-08,CRYPTO_GW,PM06,Initial (new + win-back),1805,77,0,77,1728,0.9573,1728,62314.24,934.71
2026-08,CRYPTO_GW,PM06,Refund,0,0,0,0,0,,58,-1973.79,0.0
2026-08,CRYPTO_GW,PM06,Renewal,1301,0,0,0,1301,1.0,1301,28806.47,432.1
2026-08,CRYPTO_GW,PM06,Token pack,1065,26,0,26,1039,0.9756,1039,54303.95,814.56
2026-08,CRYPTO_GW,PM07,Initial (new + win-back),245,9,0,9,236,0.9633,236,8110.36,121.66
2026-08,CRYPTO_GW,PM07,Refund,0,0,0,0,0,,11,-527.19,0.0
2026-08,CRYPTO_GW,PM07,Renewal,251,0,0,0,251,1.0,251,5808.67,87.13
2026-08,CRYPTO_GW,PM07,Token pack,155,4,0,4,151,0.9742,151,7461.14,111.92
