experiment_id,date,variant,metric,value
EXP01,2024-03-04,Control,paywall_viewers,5232.0
EXP01,2024-03-04,Control,paid_conversions,397.0
EXP01,2024-03-04,Control,m1_retained_subs,295.0
EXP01,2024-03-04,Treatment,paywall_viewers,5168.0
EXP01,2024-03-04,Treatment,paid_conversions,422.0
EXP01,2024-03-04,Treatment,m1_retained_subs,292.0
EXP01,2024-03-05,Control,paywall_viewers,5075.0
EXP01,2024-03-05,Control,paid_conversions,428.0
EXP01,2024-03-05,Control,m1_retained_subs,298.0
EXP01,2024-03-05,Treatment,paywall_viewers,5274.0
EXP01,2024-03-05,Treatment,paid_conversions,436.0
EXP01,2024-03-05,Treatment,m1_retained_subs,308.0
EXP01,2024-03-06,Control,paywall_viewers,5230.0
EXP01,2024-03-06,Control,paid_conversions,421.0
EXP01,2024-03-06,Control,m1_retained_subs,289.0
EXP01,2024-03-06,Treatment,paywall_viewers,5256.0
EXP01,2024-03-06,Treatment,paid_conversions,459.0
EXP01,2024-03-06,Treatment,m1_retained_subs,320.0
EXP01,2024-03-07,Control,paywall_viewers,5154.0
EXP01,2024-03-07,Control,paid_conversions,402.0
EXP01,2024-03-07,Control,m1_retained_subs,284.0
EXP01,2024-03-07,Treatment,paywall_viewers,5302.0
EXP01,2024-03-07,Treatment,paid_conversions,450.0
EXP01,2024-03-07,Treatment,m1_retained_subs,290.0
EXP01,2024-03-08,Control,paywall_viewers,5253.0
EXP01,2024-03-08,Control,paid_conversions,423.0
EXP01,2024-03-08,Control,m1_retained_subs,296.0
EXP01,2024-03-08,Treatment,paywall_viewers,5220.0
EXP01,2024-03-08,Treatment,paid_conversions,412.0
EXP01,2024-03-08,Treatment,m1_retained_subs,283.0
EXP01,2024-03-09,Control,paywall_viewers,5188.0
EXP01,2024-03-09,Control,paid_conversions,457.0
EXP01,2024-03-09,Control,m1_retained_subs,330.0
EXP01,2024-03-09,Treatment,paywall_viewers,5149.0
EXP01,2024-03-09,Treatment,paid_conversions,429.0
EXP01,2024-03-09,Treatment,m1_retained_subs,287.0
EXP01,2024-03-10,Control,paywall_viewers,5218.0
EXP01,2024-03-10,Control,paid_conversions,436.0
EXP01,2024-03-10,Control,m1_retained_subs,289.0
EXP01,2024-03-10,Treatment,paywall_viewers,5177.0
EXP01,2024-03-10,Treatment,paid_conversions,422.0
EXP01,2024-03-10,Treatment,m1_retained_subs,305.0
EXP01,2024-03-11,Control,paywall_viewers,5176.0
EXP01,2024-03-11,Control,paid_conversions,385.0
EXP01,2024-03-11,Control,m1_retained_subs,288.0
EXP01,2024-03-11,Treatment,paywall_viewers,5332.0
EXP01,2024-03-11,Treatment,paid_conversions,478.0
EXP01,2024-03-11,Treatment,m1_retained_subs,314.0
EXP01,2024-03-12,Control,paywall_viewers,5128.0
EXP01,2024-03-12,Control,paid_conversions,374.0
EXP01,2024-03-12,Control,m1_retained_subs,270.0
EXP01,2024-03-12,Treatment,paywall_viewers,5335.0
EXP01,2024-03-12,Treatment,paid_conversions,425.0
EXP01,2024-03-12,Treatment,m1_retained_subs,303.0
EXP01,2024-03-13,Control,paywall_viewers,5160.0
EXP01,2024-03-13,Control,paid_conversions,415.0
EXP01,2024-03-13,Control,m1_retained_subs,306.0
EXP01,2024-03-13,Treatment,paywall_viewers,5166.0
EXP01,2024-03-13,Treatment,paid_conversions,401.0
EXP01,2024-03-13,Treatment,m1_retained_subs,267.0
EXP01,2024-03-14,Control,paywall_viewers,5087.0
EXP01,2024-03-14,Control,paid_conversions,404.0
EXP01,2024-03-14,Control,m1_retained_subs,283.0
EXP01,2024-03-14,Treatment,paywall_viewers,5328.0
EXP01,2024-03-14,Treatment,paid_conversions,415.0
EXP01,2024-03-14,Treatment,m1_retained_subs,289.0
EXP01,2024-03-15,Control,paywall_viewers,5291.0
EXP01,2024-03-15,Control,paid_conversions,414.0
EXP01,2024-03-15,Control,m1_retained_subs,289.0
EXP01,2024-03-15,Treatment,paywall_viewers,5121.0
EXP01,2024-03-15,Treatment,paid_conversions,457.0
EXP01,2024-03-15,Treatment,m1_retained_subs,325.0
EXP01,2024-03-16,Control,paywall_viewers,5265.0
EXP01,2024-03-16,Control,paid_conversions,383.0
EXP01,2024-03-16,Control,m1_retained_subs,275.0
EXP01,2024-03-16,Treatment,paywall_viewers,5206.0
EXP01,2024-03-16,Treatment,paid_conversions,395.0
EXP01,2024-03-16,Treatment,m1_retained_subs,259.0
EXP01,2024-03-17,Control,paywall_viewers,5128.0
EXP01,2024-03-17,Control,paid_conversions,418.0
EXP01,2024-03-17,Control,m1_retained_subs,302.0
EXP01,2024-03-17,Treatment,paywall_viewers,5144.0
EXP01,2024-03-17,Treatment,paid_conversions,428.0
EXP01,2024-03-17,Treatment,m1_retained_subs,285.0
EXP01,2024-03-18,Control,paywall_viewers,5103.0
EXP01,2024-03-18,Control,paid_conversions,390.0
EXP01,2024-03-18,Control,m1_retained_subs,260.0
EXP01,2024-03-18,Treatment,paywall_viewers,5225.0
EXP01,2024-03-18,Treatment,paid_conversions,478.0
EXP01,2024-03-18,Treatment,m1_retained_subs,312.0
EXP01,2024-03-19,Control,paywall_viewers,5143.0
EXP01,2024-03-19,Control,paid_conversions,404.0
EXP01,2024-03-19,Control,m1_retained_subs,286.0
EXP01,2024-03-19,Treatment,paywall_viewers,5118.0
EXP01,2024-03-19,Treatment,paid_conversions,440.0
EXP01,2024-03-19,Treatment,m1_retained_subs,297.0
EXP01,2024-03-20,Control,paywall_viewers,5312.0
EXP01,2024-03-20,Control,paid_conversions,388.0
EXP01,2024-03-20,Control,m1_retained_subs,272.0
EXP01,2024-03-20,Treatment,paywall_viewers,5232.0
EXP01,2024-03-20,Treatment,paid_conversions,417.0
EXP01,2024-03-20,Treatment,m1_retained_subs,283.0
EXP01,2024-03-21,Control,paywall_viewers,5172.0
EXP01,2024-03-21,Control,paid_conversions,411.0
EXP01,2024-03-21,Control,m1_retained_subs,302.0
EXP01,2024-03-21,Treatment,paywall_viewers,5292.0
EXP01,2024-03-21,Treatment,paid_conversions,421.0
EXP01,2024-03-21,Treatment,m1_retained_subs,297.0
EXP01,2024-03-22,Control,paywall_viewers,5172.0
EXP01,2024-03-22,Control,paid_conversions,404.0
EXP01,2024-03-22,Control,m1_retained_subs,272.0
EXP01,2024-03-22,Treatment,paywall_viewers,5180.0
EXP01,2024-03-22,Treatment,paid_conversions,452.0
EXP01,2024-03-22,Treatment,m1_retained_subs,317.0
EXP01,2024-03-23,Control,paywall_viewers,5113.0
EXP01,2024-03-23,Control,paid_conversions,368.0
EXP01,2024-03-23,Control,m1_retained_subs,275.0
EXP01,2024-03-23,Treatment,paywall_viewers,5182.0
EXP01,2024-03-23,Treatment,paid_conversions,470.0
EXP01,2024-03-23,Treatment,m1_retained_subs,322.0
EXP01,2024-03-24,Control,paywall_viewers,5305.0
EXP01,2024-03-24,Control,paid_conversions,421.0
EXP01,2024-03-24,Control,m1_retained_subs,301.0
EXP01,2024-03-24,Treatment,paywall_viewers,5133.0
EXP01,2024-03-24,Treatment,paid_conversions,472.0
EXP01,2024-03-24,Treatment,m1_retained_subs,318.0
EXP01,2024-03-25,Control,paywall_viewers,5263.0
EXP01,2024-03-25,Control,paid_conversions,381.0
EXP01,2024-03-25,Control,m1_retained_subs,266.0
EXP01,2024-03-25,Treatment,paywall_viewers,5306.0
EXP01,2024-03-25,Treatment,paid_conversions,412.0
EXP01,2024-03-25,Treatment,m1_retained_subs,288.0
EXP01,2024-03-26,Control,paywall_viewers,5170.0
EXP01,2024-03-26,Control,paid_conversions,387.0
EXP01,2024-03-26,Control,m1_retained_subs,270.0
EXP01,2024-03-26,Treatment,paywall_viewers,5199.0
EXP01,2024-03-26,Treatment,paid_conversions,419.0
EXP01,2024-03-26,Treatment,m1_retained_subs,290.0
EXP01,2024-03-27,Control,paywall_viewers,5173.0
EXP01,2024-03-27,Control,paid_conversions,400.0
EXP01,2024-03-27,Control,m1_retained_subs,293.0
EXP01,2024-03-27,Treatment,paywall_viewers,5251.0
EXP01,2024-03-27,Treatment,paid_conversions,443.0
EXP01,2024-03-27,Treatment,m1_retained_subs,311.0
EXP01,2024-03-28,Control,paywall_viewers,5156.0
EXP01,2024-03-28,Control,paid_conversions,412.0
EXP01,2024-03-28,Control,m1_retained_subs,290.0
EXP01,2024-03-28,Treatment,paywall_viewers,5204.0
EXP01,2024-03-28,Treatment,paid_conversions,460.0
EXP01,2024-03-28,Treatment,m1_retained_subs,313.0
EXP01,2024-03-29,Control,paywall_viewers,5114.0
EXP01,2024-03-29,Control,paid_conversions,408.0
EXP01,2024-03-29,Control,m1_retained_subs,278.0
EXP01,2024-03-29,Treatment,paywall_viewers,5219.0
EXP01,2024-03-29,Treatment,paid_conversions,440.0
EXP01,2024-03-29,Treatment,m1_retained_subs,313.0
EXP01,2024-03-30,Control,paywall_viewers,5152.0
EXP01,2024-03-30,Control,paid_conversions,381.0
EXP01,2024-03-30,Control,m1_retained_subs,264.0
EXP01,2024-03-30,Treatment,paywall_viewers,5193.0
EXP01,2024-03-30,Treatment,paid_conversions,451.0
EXP01,2024-03-30,Treatment,m1_retained_subs,285.0
EXP01,2024-03-31,Control,paywall_viewers,5270.0
EXP01,2024-03-31,Control,paid_conversions,422.0
EXP01,2024-03-31,Control,m1_retained_subs,279.0
EXP01,2024-03-31,Treatment,paywall_viewers,5231.0
EXP01,2024-03-31,Treatment,paid_conversions,458.0
EXP01,2024-03-31,Treatment,m1_retained_subs,316.0
EXP02,2024-09-02,Control,token_store_visitors,2336.0
EXP02,2024-09-02,Control,token_buyers,463.0
EXP02,2024-09-02,Control,token_revenue_usd,11189.04
EXP02,2024-09-02,Treatment,token_store_visitors,2403.0
EXP02,2024-09-02,Treatment,token_buyers,496.0
EXP02,2024-09-02,Treatment,token_revenue_usd,13385.98
EXP02,2024-09-03,Control,token_store_visitors,2361.0
EXP02,2024-09-03,Control,token_buyers,494.0
EXP02,2024-09-03,Control,token_revenue_usd,11944.06
EXP02,2024-09-03,Treatment,token_store_visitors,2444.0
EXP02,2024-09-03,Treatment,token_buyers,489.0
EXP02,2024-09-03,Treatment,token_revenue_usd,12796.94
EXP02,2024-09-04,Control,token_store_visitors,2432.0
EXP02,2024-09-04,Control,token_buyers,537.0
EXP02,2024-09-04,Control,token_revenue_usd,12067.95
EXP02,2024-09-04,Treatment,token_store_visitors,2421.0
EXP02,2024-09-04,Treatment,token_buyers,522.0
EXP02,2024-09-04,Treatment,token_revenue_usd,14150.02
EXP02,2024-09-05,Control,token_store_visitors,2339.0
EXP02,2024-09-05,Control,token_buyers,468.0
EXP02,2024-09-05,Control,token_revenue_usd,11452.45
EXP02,2024-09-05,Treatment,token_store_visitors,2357.0
EXP02,2024-09-05,Treatment,token_buyers,454.0
EXP02,2024-09-05,Treatment,token_revenue_usd,12724.39
EXP02,2024-09-06,Control,token_store_visitors,2359.0
EXP02,2024-09-06,Control,token_buyers,491.0
EXP02,2024-09-06,Control,token_revenue_usd,11424.97
EXP02,2024-09-06,Treatment,token_store_visitors,2317.0
EXP02,2024-09-06,Treatment,token_buyers,480.0
EXP02,2024-09-06,Treatment,token_revenue_usd,13672.08
EXP02,2024-09-07,Control,token_store_visitors,2385.0
EXP02,2024-09-07,Control,token_buyers,495.0
EXP02,2024-09-07,Control,token_revenue_usd,11396.95
EXP02,2024-09-07,Treatment,token_store_visitors,2323.0
EXP02,2024-09-07,Treatment,token_buyers,488.0
EXP02,2024-09-07,Treatment,token_revenue_usd,12920.35
EXP02,2024-09-08,Control,token_store_visitors,2370.0
EXP02,2024-09-08,Control,token_buyers,529.0
EXP02,2024-09-08,Control,token_revenue_usd,12268.71
EXP02,2024-09-08,Treatment,token_store_visitors,2497.0
EXP02,2024-09-08,Treatment,token_buyers,502.0
EXP02,2024-09-08,Treatment,token_revenue_usd,14183.04
EXP02,2024-09-09,Control,token_store_visitors,2359.0
EXP02,2024-09-09,Control,token_buyers,457.0
EXP02,2024-09-09,Control,token_revenue_usd,10228.42
EXP02,2024-09-09,Treatment,token_store_visitors,2376.0
EXP02,2024-09-09,Treatment,token_buyers,486.0
EXP02,2024-09-09,Treatment,token_revenue_usd,13187.31
EXP02,2024-09-10,Control,token_store_visitors,2453.0
EXP02,2024-09-10,Control,token_buyers,514.0
EXP02,2024-09-10,Control,token_revenue_usd,12117.48
EXP02,2024-09-10,Treatment,token_store_visitors,2402.0
EXP02,2024-09-10,Treatment,token_buyers,475.0
EXP02,2024-09-10,Treatment,token_revenue_usd,12996.4
EXP02,2024-09-11,Control,token_store_visitors,2349.0
EXP02,2024-09-11,Control,token_buyers,506.0
EXP02,2024-09-11,Control,token_revenue_usd,12133.14
EXP02,2024-09-11,Treatment,token_store_visitors,2388.0
EXP02,2024-09-11,Treatment,token_buyers,496.0
EXP02,2024-09-11,Treatment,token_revenue_usd,12466.43
EXP02,2024-09-12,Control,token_store_visitors,2515.0
EXP02,2024-09-12,Control,token_buyers,526.0
EXP02,2024-09-12,Control,token_revenue_usd,11185.58
EXP02,2024-09-12,Treatment,token_store_visitors,2304.0
EXP02,2024-09-12,Treatment,token_buyers,486.0
EXP02,2024-09-12,Treatment,token_revenue_usd,13008.69
EXP02,2024-09-13,Control,token_store_visitors,2534.0
EXP02,2024-09-13,Control,token_buyers,518.0
EXP02,2024-09-13,Control,token_revenue_usd,11641.7
EXP02,2024-09-13,Treatment,token_store_visitors,2511.0
EXP02,2024-09-13,Treatment,token_buyers,526.0
EXP02,2024-09-13,Treatment,token_revenue_usd,13473.5
EXP02,2024-09-14,Control,token_store_visitors,2361.0
EXP02,2024-09-14,Control,token_buyers,524.0
EXP02,2024-09-14,Control,token_revenue_usd,11778.4
EXP02,2024-09-14,Treatment,token_store_visitors,2347.0
EXP02,2024-09-14,Treatment,token_buyers,472.0
EXP02,2024-09-14,Treatment,token_revenue_usd,12484.08
EXP02,2024-09-15,Control,token_store_visitors,2479.0
EXP02,2024-09-15,Control,token_buyers,546.0
EXP02,2024-09-15,Control,token_revenue_usd,12134.65
EXP02,2024-09-15,Treatment,token_store_visitors,2432.0
EXP02,2024-09-15,Treatment,token_buyers,496.0
EXP02,2024-09-15,Treatment,token_revenue_usd,13685.71
EXP02,2024-09-16,Control,token_store_visitors,2407.0
EXP02,2024-09-16,Control,token_buyers,492.0
EXP02,2024-09-16,Control,token_revenue_usd,11268.04
EXP02,2024-09-16,Treatment,token_store_visitors,2425.0
EXP02,2024-09-16,Treatment,token_buyers,472.0
EXP02,2024-09-16,Treatment,token_revenue_usd,12172.25
EXP02,2024-09-17,Control,token_store_visitors,2354.0
EXP02,2024-09-17,Control,token_buyers,489.0
EXP02,2024-09-17,Control,token_revenue_usd,11460.95
EXP02,2024-09-17,Treatment,token_store_visitors,2465.0
EXP02,2024-09-17,Treatment,token_buyers,501.0
EXP02,2024-09-17,Treatment,token_revenue_usd,12861.65
EXP02,2024-09-18,Control,token_store_visitors,2491.0
EXP02,2024-09-18,Control,token_buyers,529.0
EXP02,2024-09-18,Control,token_revenue_usd,12251.07
EXP02,2024-09-18,Treatment,token_store_visitors,2339.0
EXP02,2024-09-18,Treatment,token_buyers,474.0
EXP02,2024-09-18,Treatment,token_revenue_usd,13025.47
EXP02,2024-09-19,Control,token_store_visitors,2392.0
EXP02,2024-09-19,Control,token_buyers,462.0
EXP02,2024-09-19,Control,token_revenue_usd,10940.46
EXP02,2024-09-19,Treatment,token_store_visitors,2327.0
EXP02,2024-09-19,Treatment,token_buyers,485.0
EXP02,2024-09-19,Treatment,token_revenue_usd,13282.86
EXP02,2024-09-20,Control,token_store_visitors,2446.0
EXP02,2024-09-20,Control,token_buyers,547.0
EXP02,2024-09-20,Control,token_revenue_usd,12978.07
EXP02,2024-09-20,Treatment,token_store_visitors,2443.0
EXP02,2024-09-20,Treatment,token_buyers,482.0
EXP02,2024-09-20,Treatment,token_revenue_usd,12024.07
EXP02,2024-09-21,Control,token_store_visitors,2387.0
EXP02,2024-09-21,Control,token_buyers,494.0
EXP02,2024-09-21,Control,token_revenue_usd,11583.51
EXP02,2024-09-21,Treatment,token_store_visitors,2351.0
EXP02,2024-09-21,Treatment,token_buyers,450.0
EXP02,2024-09-21,Treatment,token_revenue_usd,11076.34
EXP02,2024-09-22,Control,token_store_visitors,2435.0
EXP02,2024-09-22,Control,token_buyers,502.0
EXP02,2024-09-22,Control,token_revenue_usd,11713.6
EXP02,2024-09-22,Treatment,token_store_visitors,2334.0
EXP02,2024-09-22,Treatment,token_buyers,447.0
EXP02,2024-09-22,Treatment,token_revenue_usd,11765.68
EXP02,2024-09-23,Control,token_store_visitors,2332.0
EXP02,2024-09-23,Control,token_buyers,515.0
EXP02,2024-09-23,Control,token_revenue_usd,12886.17
EXP02,2024-09-23,Treatment,token_store_visitors,2416.0
EXP02,2024-09-23,Treatment,token_buyers,489.0
EXP02,2024-09-23,Treatment,token_revenue_usd,13274.62
EXP02,2024-09-24,Control,token_store_visitors,2386.0
EXP02,2024-09-24,Control,token_buyers,500.0
EXP02,2024-09-24,Control,token_revenue_usd,11659.94
EXP02,2024-09-24,Treatment,token_store_visitors,2447.0
EXP02,2024-09-24,Treatment,token_buyers,481.0
EXP02,2024-09-24,Treatment,token_revenue_usd,11891.15
EXP02,2024-09-25,Control,token_store_visitors,2345.0
EXP02,2024-09-25,Control,token_buyers,471.0
EXP02,2024-09-25,Control,token_revenue_usd,11501.89
EXP02,2024-09-25,Treatment,token_store_visitors,2427.0
EXP02,2024-09-25,Treatment,token_buyers,514.0
EXP02,2024-09-25,Treatment,token_revenue_usd,14762.06
EXP02,2024-09-26,Control,token_store_visitors,2449.0
EXP02,2024-09-26,Control,token_buyers,524.0
EXP02,2024-09-26,Control,token_revenue_usd,12757.03
EXP02,2024-09-26,Treatment,token_store_visitors,2408.0
EXP02,2024-09-26,Treatment,token_buyers,495.0
EXP02,2024-09-26,Treatment,token_revenue_usd,13403.57
EXP02,2024-09-27,Control,token_store_visitors,2279.0
EXP02,2024-09-27,Control,token_buyers,497.0
EXP02,2024-09-27,Control,token_revenue_usd,11803.61
EXP02,2024-09-27,Treatment,token_store_visitors,2460.0
EXP02,2024-09-27,Treatment,token_buyers,483.0
EXP02,2024-09-27,Treatment,token_revenue_usd,12734.55
EXP02,2024-09-28,Control,token_store_visitors,2420.0
EXP02,2024-09-28,Control,token_buyers,520.0
EXP02,2024-09-28,Control,token_revenue_usd,11969.9
EXP02,2024-09-28,Treatment,token_store_visitors,2439.0
EXP02,2024-09-28,Treatment,token_buyers,499.0
EXP02,2024-09-28,Treatment,token_revenue_usd,14184.68
EXP02,2024-09-29,Control,token_store_visitors,2447.0
EXP02,2024-09-29,Control,token_buyers,502.0
EXP02,2024-09-29,Control,token_revenue_usd,10913.6
EXP02,2024-09-29,Treatment,token_store_visitors,2451.0
EXP02,2024-09-29,Treatment,token_buyers,482.0
EXP02,2024-09-29,Treatment,token_revenue_usd,14005.08
EXP03,2025-01-13,Control,paywall_viewers,7481.0
EXP03,2025-01-13,Control,paid_conversions,577.0
EXP03,2025-01-13,Control,first_payment_net_usd,10665.74
EXP03,2025-01-13,Treatment,paywall_viewers,7490.0
EXP03,2025-01-13,Treatment,paid_conversions,636.0
EXP03,2025-01-13,Treatment,first_payment_net_usd,12300.17
EXP03,2025-01-14,Control,paywall_viewers,7320.0
EXP03,2025-01-14,Control,paid_conversions,619.0
EXP03,2025-01-14,Control,first_payment_net_usd,10712.75
EXP03,2025-01-14,Treatment,paywall_viewers,7404.0
EXP03,2025-01-14,Treatment,paid_conversions,565.0
EXP03,2025-01-14,Treatment,first_payment_net_usd,10600.5
EXP03,2025-01-15,Control,paywall_viewers,7229.0
EXP03,2025-01-15,Control,paid_conversions,616.0
EXP03,2025-01-15,Control,first_payment_net_usd,10431.59
EXP03,2025-01-15,Treatment,paywall_viewers,7348.0
EXP03,2025-01-15,Treatment,paid_conversions,574.0
EXP03,2025-01-15,Treatment,first_payment_net_usd,10958.44
EXP03,2025-01-16,Control,paywall_viewers,7367.0
EXP03,2025-01-16,Control,paid_conversions,543.0
EXP03,2025-01-16,Control,first_payment_net_usd,9509.75
EXP03,2025-01-16,Treatment,paywall_viewers,7377.0
EXP03,2025-01-16,Treatment,paid_conversions,567.0
EXP03,2025-01-16,Treatment,first_payment_net_usd,10678.63
EXP03,2025-01-17,Control,paywall_viewers,7391.0
EXP03,2025-01-17,Control,paid_conversions,574.0
EXP03,2025-01-17,Control,first_payment_net_usd,10109.47
EXP03,2025-01-17,Treatment,paywall_viewers,7401.0
EXP03,2025-01-17,Treatment,paid_conversions,566.0
EXP03,2025-01-17,Treatment,first_payment_net_usd,10681.31
EXP03,2025-01-18,Control,paywall_viewers,7470.0
EXP03,2025-01-18,Control,paid_conversions,564.0
EXP03,2025-01-18,Control,first_payment_net_usd,10617.14
EXP03,2025-01-18,Treatment,paywall_viewers,7366.0
EXP03,2025-01-18,Treatment,paid_conversions,540.0
EXP03,2025-01-18,Treatment,first_payment_net_usd,9441.64
EXP03,2025-01-19,Control,paywall_viewers,7325.0
EXP03,2025-01-19,Control,paid_conversions,581.0
EXP03,2025-01-19,Control,first_payment_net_usd,10047.88
EXP03,2025-01-19,Treatment,paywall_viewers,7432.0
EXP03,2025-01-19,Treatment,paid_conversions,604.0
EXP03,2025-01-19,Treatment,first_payment_net_usd,11657.2
EXP03,2025-01-20,Control,paywall_viewers,7377.0
EXP03,2025-01-20,Control,paid_conversions,601.0
EXP03,2025-01-20,Control,first_payment_net_usd,10994.94
EXP03,2025-01-20,Treatment,paywall_viewers,7330.0
EXP03,2025-01-20,Treatment,paid_conversions,599.0
EXP03,2025-01-20,Treatment,first_payment_net_usd,11565.37
EXP03,2025-01-21,Control,paywall_viewers,7442.0
EXP03,2025-01-21,Control,paid_conversions,598.0
EXP03,2025-01-21,Control,first_payment_net_usd,10108.27
EXP03,2025-01-21,Treatment,paywall_viewers,7378.0
EXP03,2025-01-21,Treatment,paid_conversions,555.0
EXP03,2025-01-21,Treatment,first_payment_net_usd,10016.68
EXP03,2025-01-22,Control,paywall_viewers,7364.0
EXP03,2025-01-22,Control,paid_conversions,609.0
EXP03,2025-01-22,Control,first_payment_net_usd,10012.23
EXP03,2025-01-22,Treatment,paywall_viewers,7401.0
EXP03,2025-01-22,Treatment,paid_conversions,570.0
EXP03,2025-01-22,Treatment,first_payment_net_usd,10481.1
EXP03,2025-01-23,Control,paywall_viewers,7535.0
EXP03,2025-01-23,Control,paid_conversions,584.0
EXP03,2025-01-23,Control,first_payment_net_usd,10682.35
EXP03,2025-01-23,Treatment,paywall_viewers,7495.0
EXP03,2025-01-23,Treatment,paid_conversions,579.0
EXP03,2025-01-23,Treatment,first_payment_net_usd,10826.55
EXP03,2025-01-24,Control,paywall_viewers,7450.0
EXP03,2025-01-24,Control,paid_conversions,571.0
EXP03,2025-01-24,Control,first_payment_net_usd,10568.71
EXP03,2025-01-24,Treatment,paywall_viewers,7423.0
EXP03,2025-01-24,Treatment,paid_conversions,583.0
EXP03,2025-01-24,Treatment,first_payment_net_usd,11185.43
EXP03,2025-01-25,Control,paywall_viewers,7313.0
EXP03,2025-01-25,Control,paid_conversions,544.0
EXP03,2025-01-25,Control,first_payment_net_usd,9858.27
EXP03,2025-01-25,Treatment,paywall_viewers,7409.0
EXP03,2025-01-25,Treatment,paid_conversions,571.0
EXP03,2025-01-25,Treatment,first_payment_net_usd,10787.22
EXP03,2025-01-26,Control,paywall_viewers,7506.0
EXP03,2025-01-26,Control,paid_conversions,596.0
EXP03,2025-01-26,Control,first_payment_net_usd,11064.5
EXP03,2025-01-26,Treatment,paywall_viewers,7540.0
EXP03,2025-01-26,Treatment,paid_conversions,574.0
EXP03,2025-01-26,Treatment,first_payment_net_usd,11373.58
EXP03,2025-01-27,Control,paywall_viewers,7367.0
EXP03,2025-01-27,Control,paid_conversions,595.0
EXP03,2025-01-27,Control,first_payment_net_usd,10721.16
EXP03,2025-01-27,Treatment,paywall_viewers,7467.0
EXP03,2025-01-27,Treatment,paid_conversions,587.0
EXP03,2025-01-27,Treatment,first_payment_net_usd,10771.86
EXP03,2025-01-28,Control,paywall_viewers,7278.0
EXP03,2025-01-28,Control,paid_conversions,603.0
EXP03,2025-01-28,Control,first_payment_net_usd,10811.52
EXP03,2025-01-28,Treatment,paywall_viewers,7407.0
EXP03,2025-01-28,Treatment,paid_conversions,570.0
EXP03,2025-01-28,Treatment,first_payment_net_usd,10899.07
EXP03,2025-01-29,Control,paywall_viewers,7426.0
EXP03,2025-01-29,Control,paid_conversions,613.0
EXP03,2025-01-29,Control,first_payment_net_usd,11045.38
EXP03,2025-01-29,Treatment,paywall_viewers,7509.0
EXP03,2025-01-29,Treatment,paid_conversions,613.0
EXP03,2025-01-29,Treatment,first_payment_net_usd,11704.67
EXP03,2025-01-30,Control,paywall_viewers,7337.0
EXP03,2025-01-30,Control,paid_conversions,573.0
EXP03,2025-01-30,Control,first_payment_net_usd,10463.06
EXP03,2025-01-30,Treatment,paywall_viewers,7388.0
EXP03,2025-01-30,Treatment,paid_conversions,591.0
EXP03,2025-01-30,Treatment,first_payment_net_usd,11227.69
EXP03,2025-01-31,Control,paywall_viewers,7413.0
EXP03,2025-01-31,Control,paid_conversions,608.0
EXP03,2025-01-31,Control,first_payment_net_usd,10729.9
EXP03,2025-01-31,Treatment,paywall_viewers,7486.0
EXP03,2025-01-31,Treatment,paid_conversions,541.0
EXP03,2025-01-31,Treatment,first_payment_net_usd,10059.27
EXP03,2025-02-01,Control,paywall_viewers,7318.0
EXP03,2025-02-01,Control,paid_conversions,540.0
EXP03,2025-02-01,Control,first_payment_net_usd,9842.72
EXP03,2025-02-01,Treatment,paywall_viewers,7520.0
EXP03,2025-02-01,Treatment,paid_conversions,569.0
EXP03,2025-02-01,Treatment,first_payment_net_usd,11511.18
EXP03,2025-02-02,Control,paywall_viewers,7640.0
EXP03,2025-02-02,Control,paid_conversions,611.0
EXP03,2025-02-02,Control,first_payment_net_usd,10670.89
EXP03,2025-02-02,Treatment,paywall_viewers,7382.0
EXP03,2025-02-02,Treatment,paid_conversions,619.0
EXP03,2025-02-02,Treatment,first_payment_net_usd,11720.69
EXP03,2025-02-03,Control,paywall_viewers,7262.0
EXP03,2025-02-03,Control,paid_conversions,587.0
EXP03,2025-02-03,Control,first_payment_net_usd,10113.31
EXP03,2025-02-03,Treatment,paywall_viewers,7401.0
EXP03,2025-02-03,Treatment,paid_conversions,575.0
EXP03,2025-02-03,Treatment,first_payment_net_usd,10855.84
EXP03,2025-02-04,Control,paywall_viewers,7479.0
EXP03,2025-02-04,Control,paid_conversions,596.0
EXP03,2025-02-04,Control,first_payment_net_usd,10228.08
EXP03,2025-02-04,Treatment,paywall_viewers,7383.0
EXP03,2025-02-04,Treatment,paid_conversions,577.0
EXP03,2025-02-04,Treatment,first_payment_net_usd,10949.53
EXP03,2025-02-05,Control,paywall_viewers,7459.0
EXP03,2025-02-05,Control,paid_conversions,628.0
EXP03,2025-02-05,Control,first_payment_net_usd,10511.91
EXP03,2025-02-05,Treatment,paywall_viewers,7455.0
EXP03,2025-02-05,Treatment,paid_conversions,578.0
EXP03,2025-02-05,Treatment,first_payment_net_usd,11183.59
EXP03,2025-02-06,Control,paywall_viewers,7312.0
EXP03,2025-02-06,Control,paid_conversions,601.0
EXP03,2025-02-06,Control,first_payment_net_usd,11168.77
EXP03,2025-02-06,Treatment,paywall_viewers,7329.0
EXP03,2025-02-06,Treatment,paid_conversions,583.0
EXP03,2025-02-06,Treatment,first_payment_net_usd,11091.54
EXP03,2025-02-07,Control,paywall_viewers,7424.0
EXP03,2025-02-07,Control,paid_conversions,573.0
EXP03,2025-02-07,Control,first_payment_net_usd,10530.96
EXP03,2025-02-07,Treatment,paywall_viewers,7435.0
EXP03,2025-02-07,Treatment,paid_conversions,572.0
EXP03,2025-02-07,Treatment,first_payment_net_usd,9866.45
EXP03,2025-02-08,Control,paywall_viewers,7413.0
EXP03,2025-02-08,Control,paid_conversions,611.0
EXP03,2025-02-08,Control,first_payment_net_usd,11710.83
EXP03,2025-02-08,Treatment,paywall_viewers,7441.0
EXP03,2025-02-08,Treatment,paid_conversions,601.0
EXP03,2025-02-08,Treatment,first_payment_net_usd,11203.57
EXP03,2025-02-09,Control,paywall_viewers,7494.0
EXP03,2025-02-09,Control,paid_conversions,563.0
EXP03,2025-02-09,Control,first_payment_net_usd,10908.91
EXP03,2025-02-09,Treatment,paywall_viewers,7449.0
EXP03,2025-02-09,Treatment,paid_conversions,567.0
EXP03,2025-02-09,Treatment,first_payment_net_usd,10920.17
EXP04,2025-04-01,Control,paywall_viewers,2026.0
EXP04,2025-04-01,Control,paid_conversions,184.0
EXP04,2025-04-01,Control,annual_plan_conversions,56.0
EXP04,2025-04-01,Control,first_payment_net_usd,5902.52
EXP04,2025-04-02,Control,paywall_viewers,1833.0
EXP04,2025-04-02,Control,paid_conversions,121.0
EXP04,2025-04-02,Control,annual_plan_conversions,32.0
EXP04,2025-04-02,Control,first_payment_net_usd,3632.63
EXP04,2025-04-03,Control,paywall_viewers,1973.0
EXP04,2025-04-03,Control,paid_conversions,158.0
EXP04,2025-04-03,Control,annual_plan_conversions,35.0
EXP04,2025-04-03,Control,first_payment_net_usd,4392.08
EXP04,2025-04-04,Control,paywall_viewers,2054.0
EXP04,2025-04-04,Control,paid_conversions,176.0
EXP04,2025-04-04,Control,annual_plan_conversions,49.0
EXP04,2025-04-04,Control,first_payment_net_usd,5533.32
EXP04,2025-04-05,Control,paywall_viewers,2178.0
EXP04,2025-04-05,Control,paid_conversions,183.0
EXP04,2025-04-05,Control,annual_plan_conversions,55.0
EXP04,2025-04-05,Control,first_payment_net_usd,5826.87
EXP04,2025-04-06,Control,paywall_viewers,2026.0
EXP04,2025-04-06,Control,paid_conversions,169.0
EXP04,2025-04-06,Control,annual_plan_conversions,43.0
EXP04,2025-04-06,Control,first_payment_net_usd,5026.37
EXP04,2025-04-07,Control,paywall_viewers,1814.0
EXP04,2025-04-07,Control,paid_conversions,130.0
EXP04,2025-04-07,Control,annual_plan_conversions,25.0
EXP04,2025-04-07,Control,first_payment_net_usd,3405.86
EXP04,2025-04-08,Control,paywall_viewers,1649.0
EXP04,2025-04-08,Control,paid_conversions,115.0
EXP04,2025-04-08,Control,annual_plan_conversions,29.0
EXP04,2025-04-08,Control,first_payment_net_usd,3394.45
EXP04,2025-04-09,Control,paywall_viewers,1806.0
EXP04,2025-04-09,Control,paid_conversions,135.0
EXP04,2025-04-09,Control,annual_plan_conversions,43.0
EXP04,2025-04-09,Control,first_payment_net_usd,4431.93
EXP04,2025-04-10,Control,paywall_viewers,1893.0
EXP04,2025-04-10,Control,paid_conversions,149.0
EXP04,2025-04-10,Control,annual_plan_conversions,38.0
EXP04,2025-04-10,Control,first_payment_net_usd,4443.42
EXP04,2025-04-11,Control,paywall_viewers,1991.0
EXP04,2025-04-11,Control,paid_conversions,155.0
EXP04,2025-04-11,Control,annual_plan_conversions,26.0
EXP04,2025-04-11,Control,first_payment_net_usd,3874.71
EXP04,2025-04-12,Control,paywall_viewers,2362.0
EXP04,2025-04-12,Control,paid_conversions,201.0
EXP04,2025-04-12,Control,annual_plan_conversions,64.0
EXP04,2025-04-12,Control,first_payment_net_usd,6605.11
EXP04,2025-04-13,Control,paywall_viewers,2204.0
EXP04,2025-04-13,Control,paid_conversions,168.0
EXP04,2025-04-13,Control,annual_plan_conversions,37.0
EXP04,2025-04-13,Control,first_payment_net_usd,4617.09
EXP04,2025-04-14,Control,paywall_viewers,1875.0
EXP04,2025-04-14,Control,paid_conversions,160.0
EXP04,2025-04-14,Control,annual_plan_conversions,28.0
EXP04,2025-04-14,Control,first_payment_net_usd,4169.04
EXP04,2025-04-15,Control,paywall_viewers,1923.0
EXP04,2025-04-15,Control,paid_conversions,144.0
EXP04,2025-04-15,Control,annual_plan_conversions,31.0
EXP04,2025-04-15,Control,first_payment_net_usd,3880.98
EXP04,2025-04-16,Control,paywall_viewers,1881.0
EXP04,2025-04-16,Control,paid_conversions,143.0
EXP04,2025-04-16,Control,annual_plan_conversions,36.0
EXP04,2025-04-16,Control,first_payment_net_usd,4310.71
EXP04,2025-04-17,Control,paywall_viewers,1897.0
EXP04,2025-04-17,Control,paid_conversions,142.0
EXP04,2025-04-17,Control,annual_plan_conversions,30.0
EXP04,2025-04-17,Control,first_payment_net_usd,3941.35
EXP04,2025-04-18,Control,paywall_viewers,2442.0
EXP04,2025-04-18,Control,paid_conversions,199.0
EXP04,2025-04-18,Control,annual_plan_conversions,65.0
EXP04,2025-04-18,Control,first_payment_net_usd,6756.54
EXP04,2025-04-19,Control,paywall_viewers,2702.0
EXP04,2025-04-19,Control,paid_conversions,207.0
EXP04,2025-04-19,Control,annual_plan_conversions,69.0
EXP04,2025-04-19,Control,first_payment_net_usd,7154.1
EXP04,2025-04-20,Control,paywall_viewers,2422.0
EXP04,2025-04-20,Control,paid_conversions,179.0
EXP04,2025-04-20,Control,annual_plan_conversions,57.0
EXP04,2025-04-20,Control,first_payment_net_usd,5950.4
EXP04,2025-04-21,Control,paywall_viewers,2350.0
EXP04,2025-04-21,Control,paid_conversions,208.0
EXP04,2025-04-21,Control,annual_plan_conversions,61.0
EXP04,2025-04-21,Control,first_payment_net_usd,6579.88
EXP04,2025-04-22,Control,paywall_viewers,2110.0
EXP04,2025-04-22,Control,paid_conversions,166.0
EXP04,2025-04-22,Control,annual_plan_conversions,55.0
EXP04,2025-04-22,Control,first_payment_net_usd,5609.1
EXP04,2025-04-23,Control,paywall_viewers,2315.0
EXP04,2025-04-23,Control,paid_conversions,187.0
EXP04,2025-04-23,Control,annual_plan_conversions,57.0
EXP04,2025-04-23,Control,first_payment_net_usd,6225.68
EXP04,2025-04-24,Control,paywall_viewers,2598.0
EXP04,2025-04-24,Control,paid_conversions,212.0
EXP04,2025-04-24,Control,annual_plan_conversions,73.0
EXP04,2025-04-24,Control,first_payment_net_usd,7302.21
EXP04,2025-04-25,Control,paywall_viewers,2517.0
EXP04,2025-04-25,Control,paid_conversions,190.0
EXP04,2025-04-25,Control,annual_plan_conversions,61.0
EXP04,2025-04-25,Control,first_payment_net_usd,6433.74
EXP04,2025-04-26,Control,paywall_viewers,2745.0
EXP04,2025-04-26,Control,paid_conversions,212.0
EXP04,2025-04-26,Control,annual_plan_conversions,60.0
EXP04,2025-04-26,Control,first_payment_net_usd,6648.34
EXP04,2025-04-27,Control,paywall_viewers,2503.0
EXP04,2025-04-27,Control,paid_conversions,180.0
EXP04,2025-04-27,Control,annual_plan_conversions,63.0
EXP04,2025-04-27,Control,first_payment_net_usd,6279.46
EXP04,2025-04-28,Control,paywall_viewers,1911.0
EXP04,2025-04-28,Control,paid_conversions,161.0
EXP04,2025-04-28,Control,annual_plan_conversions,47.0
EXP04,2025-04-28,Control,first_payment_net_usd,5222.81
EXP04,2025-04-29,Control,paywall_viewers,1850.0
EXP04,2025-04-29,Control,paid_conversions,137.0
EXP04,2025-04-29,Control,annual_plan_conversions,30.0
EXP04,2025-04-29,Control,first_payment_net_usd,3807.65
EXP04,2025-04-30,Control,paywall_viewers,1941.0
EXP04,2025-04-30,Control,paid_conversions,134.0
EXP04,2025-04-30,Control,annual_plan_conversions,33.0
EXP04,2025-04-30,Control,first_payment_net_usd,3967.12
EXP04,2025-05-01,Control,paywall_viewers,1983.0
EXP04,2025-05-01,Control,paid_conversions,161.0
EXP04,2025-05-01,Control,annual_plan_conversions,46.0
EXP04,2025-05-01,Control,first_payment_net_usd,4995.62
EXP04,2025-05-02,Control,paywall_viewers,2180.0
EXP04,2025-05-02,Control,paid_conversions,186.0
EXP04,2025-05-02,Control,annual_plan_conversions,41.0
EXP04,2025-05-02,Control,first_payment_net_usd,5206.99
EXP04,2025-05-03,Control,paywall_viewers,2091.0
EXP04,2025-05-03,Control,paid_conversions,181.0
EXP04,2025-05-03,Control,annual_plan_conversions,46.0
EXP04,2025-05-03,Control,first_payment_net_usd,5441.81
EXP04,2025-05-04,Control,paywall_viewers,2234.0
EXP04,2025-05-04,Control,paid_conversions,192.0
EXP04,2025-05-04,Control,annual_plan_conversions,41.0
EXP04,2025-05-04,Control,first_payment_net_usd,5331.9
EXP04,2025-05-05,Control,paywall_viewers,2096.0
EXP04,2025-05-05,Control,paid_conversions,142.0
EXP04,2025-05-05,Control,annual_plan_conversions,39.0
EXP04,2025-05-05,Control,first_payment_net_usd,4298.7
EXP04,2025-05-06,Control,paywall_viewers,2003.0
EXP04,2025-05-06,Control,paid_conversions,160.0
EXP04,2025-05-06,Control,annual_plan_conversions,39.0
EXP04,2025-05-06,Control,first_payment_net_usd,4629.38
EXP04,2025-05-07,Control,paywall_viewers,2029.0
EXP04,2025-05-07,Control,paid_conversions,166.0
EXP04,2025-05-07,Control,annual_plan_conversions,51.0
EXP04,2025-05-07,Control,first_payment_net_usd,5519.27
EXP04,2025-05-08,Control,paywall_viewers,2066.0
EXP04,2025-05-08,Control,paid_conversions,150.0
EXP04,2025-05-08,Control,annual_plan_conversions,34.0
EXP04,2025-05-08,Control,first_payment_net_usd,4220.3
EXP04,2025-05-09,Control,paywall_viewers,2081.0
EXP04,2025-05-09,Control,paid_conversions,187.0
EXP04,2025-05-09,Control,annual_plan_conversions,50.0
EXP04,2025-05-09,Control,first_payment_net_usd,5849.19
EXP04,2025-05-10,Control,paywall_viewers,2363.0
EXP04,2025-05-10,Control,paid_conversions,191.0
EXP04,2025-05-10,Control,annual_plan_conversions,49.0
EXP04,2025-05-10,Control,first_payment_net_usd,5810.5
EXP04,2025-05-11,Control,paywall_viewers,1971.0
EXP04,2025-05-11,Control,paid_conversions,169.0
EXP04,2025-05-11,Control,annual_plan_conversions,32.0
EXP04,2025-05-11,Control,first_payment_net_usd,4366.19
EXP04,2025-05-12,Control,paywall_viewers,1910.0
EXP04,2025-05-12,Control,paid_conversions,154.0
EXP04,2025-05-12,Control,annual_plan_conversions,41.0
EXP04,2025-05-12,Control,first_payment_net_usd,4707.09
EXP04,2025-05-13,Control,paywall_viewers,1742.0
EXP04,2025-05-13,Control,paid_conversions,135.0
EXP04,2025-05-13,Control,annual_plan_conversions,21.0
EXP04,2025-05-13,Control,first_payment_net_usd,3316.43
EXP04,2025-05-14,Control,paywall_viewers,1830.0
EXP04,2025-05-14,Control,paid_conversions,155.0
EXP04,2025-05-14,Control,annual_plan_conversions,46.0
EXP04,2025-05-14,Control,first_payment_net_usd,4981.85
EXP04,2025-05-15,Control,paywall_viewers,2209.0
EXP04,2025-05-15,Control,paid_conversions,179.0
EXP04,2025-05-15,Control,annual_plan_conversions,41.0
EXP04,2025-05-15,Control,first_payment_net_usd,5172.12
EXP04,2025-05-16,Control,paywall_viewers,2209.0
EXP04,2025-05-16,Control,paid_conversions,207.0
EXP04,2025-05-16,Control,annual_plan_conversions,49.0
EXP04,2025-05-16,Control,first_payment_net_usd,6156.57
EXP04,2025-05-17,Control,paywall_viewers,2146.0
EXP04,2025-05-17,Control,paid_conversions,169.0
EXP04,2025-05-17,Control,annual_plan_conversions,37.0
EXP04,2025-05-17,Control,first_payment_net_usd,4693.46
EXP04,2025-05-18,Control,paywall_viewers,2029.0
EXP04,2025-05-18,Control,paid_conversions,151.0
EXP04,2025-05-18,Control,annual_plan_conversions,37.0
EXP04,2025-05-18,Control,first_payment_net_usd,4415.59
EXP04,2025-05-19,Control,paywall_viewers,1729.0
EXP04,2025-05-19,Control,paid_conversions,117.0
EXP04,2025-05-19,Control,annual_plan_conversions,36.0
EXP04,2025-05-19,Control,first_payment_net_usd,3814.85
EXP04,2025-05-20,Control,paywall_viewers,1859.0
EXP04,2025-05-20,Control,paid_conversions,157.0
EXP04,2025-05-20,Control,annual_plan_conversions,37.0
EXP04,2025-05-20,Control,first_payment_net_usd,4648.98
EXP04,2025-05-21,Control,paywall_viewers,2277.0
EXP04,2025-05-21,Control,paid_conversions,168.0
EXP04,2025-05-21,Control,annual_plan_conversions,41.0
EXP04,2025-05-21,Control,first_payment_net_usd,4905.4
EXP04,2025-05-22,Control,paywall_viewers,2035.0
EXP04,2025-05-22,Control,paid_conversions,170.0
EXP04,2025-05-22,Control,annual_plan_conversions,37.0
EXP04,2025-05-22,Control,first_payment_net_usd,4687.11
EXP04,2025-05-23,Control,paywall_viewers,2084.0
EXP04,2025-05-23,Control,paid_conversions,151.0
EXP04,2025-05-23,Control,annual_plan_conversions,42.0
EXP04,2025-05-23,Control,first_payment_net_usd,4776.29
EXP04,2025-05-24,Control,paywall_viewers,2296.0
EXP04,2025-05-24,Control,paid_conversions,170.0
EXP04,2025-05-24,Control,annual_plan_conversions,46.0
EXP04,2025-05-24,Control,first_payment_net_usd,5241.61
EXP04,2025-05-25,Control,paywall_viewers,2001.0
EXP04,2025-05-25,Control,paid_conversions,166.0
EXP04,2025-05-25,Control,annual_plan_conversions,39.0
EXP04,2025-05-25,Control,first_payment_net_usd,4759.24
EXP04,2025-05-26,Control,paywall_viewers,2017.0
EXP04,2025-05-26,Control,paid_conversions,149.0
EXP04,2025-05-26,Control,annual_plan_conversions,45.0
EXP04,2025-05-26,Control,first_payment_net_usd,4837.07
EXP04,2025-05-27,Control,paywall_viewers,1924.0
EXP04,2025-05-27,Control,paid_conversions,151.0
EXP04,2025-05-27,Control,annual_plan_conversions,40.0
EXP04,2025-05-27,Control,first_payment_net_usd,4628.03
EXP04,2025-05-28,Control,paywall_viewers,2053.0
EXP04,2025-05-28,Control,paid_conversions,144.0
EXP04,2025-05-28,Control,annual_plan_conversions,36.0
EXP04,2025-05-28,Control,first_payment_net_usd,4190.45
EXP04,2025-05-29,Control,paywall_viewers,2039.0
EXP04,2025-05-29,Control,paid_conversions,181.0
EXP04,2025-05-29,Control,annual_plan_conversions,43.0
EXP04,2025-05-29,Control,first_payment_net_usd,5273.21
EXP04,2025-05-30,Control,paywall_viewers,2199.0
EXP04,2025-05-30,Control,paid_conversions,185.0
EXP04,2025-05-30,Control,annual_plan_conversions,38.0
EXP04,2025-05-30,Control,first_payment_net_usd,5035.07
EXP04,2025-05-31,Control,paywall_viewers,2302.0
EXP04,2025-05-31,Control,paid_conversions,180.0
EXP04,2025-05-31,Control,annual_plan_conversions,47.0
EXP04,2025-05-31,Control,first_payment_net_usd,5419.38
EXP04,2025-04-01,Treatment,paywall_viewers,2026.0
EXP04,2025-04-01,Treatment,paid_conversions,165.0
EXP04,2025-04-01,Treatment,annual_plan_conversions,70.0
EXP04,2025-04-01,Treatment,first_payment_net_usd,4614.6
EXP04,2025-04-02,Treatment,paywall_viewers,1833.0
EXP04,2025-04-02,Treatment,paid_conversions,153.0
EXP04,2025-04-02,Treatment,annual_plan_conversions,51.0
EXP04,2025-04-02,Treatment,first_payment_net_usd,3938.91
EXP04,2025-04-03,Treatment,paywall_viewers,1973.0
EXP04,2025-04-03,Treatment,paid_conversions,165.0
EXP04,2025-04-03,Treatment,annual_plan_conversions,63.0
EXP04,2025-04-03,Treatment,first_payment_net_usd,4506.12
EXP04,2025-04-04,Treatment,paywall_viewers,2054.0
EXP04,2025-04-04,Treatment,paid_conversions,146.0
EXP04,2025-04-04,Treatment,annual_plan_conversions,57.0
EXP04,2025-04-04,Treatment,first_payment_net_usd,4052.18
EXP04,2025-04-05,Treatment,paywall_viewers,2178.0
EXP04,2025-04-05,Treatment,paid_conversions,165.0
EXP04,2025-04-05,Treatment,annual_plan_conversions,63.0
EXP04,2025-04-05,Treatment,first_payment_net_usd,4465.42
EXP04,2025-04-06,Treatment,paywall_viewers,2026.0
EXP04,2025-04-06,Treatment,paid_conversions,146.0
EXP04,2025-04-06,Treatment,annual_plan_conversions,67.0
EXP04,2025-04-06,Treatment,first_payment_net_usd,4439.67
EXP04,2025-04-07,Treatment,paywall_viewers,1814.0
EXP04,2025-04-07,Treatment,paid_conversions,134.0
EXP04,2025-04-07,Treatment,annual_plan_conversions,49.0
EXP04,2025-04-07,Treatment,first_payment_net_usd,3553.28
EXP04,2025-04-08,Treatment,paywall_viewers,1649.0
EXP04,2025-04-08,Treatment,paid_conversions,146.0
EXP04,2025-04-08,Treatment,annual_plan_conversions,69.0
EXP04,2025-04-08,Treatment,first_payment_net_usd,4347.56
EXP04,2025-04-09,Treatment,paywall_viewers,1806.0
EXP04,2025-04-09,Treatment,paid_conversions,135.0
EXP04,2025-04-09,Treatment,annual_plan_conversions,39.0
EXP04,2025-04-09,Treatment,first_payment_net_usd,3404.23
EXP04,2025-04-10,Treatment,paywall_viewers,1893.0
EXP04,2025-04-10,Treatment,paid_conversions,138.0
EXP04,2025-04-10,Treatment,annual_plan_conversions,48.0
EXP04,2025-04-10,Treatment,first_payment_net_usd,3746.28
EXP04,2025-04-11,Treatment,paywall_viewers,1991.0
EXP04,2025-04-11,Treatment,paid_conversions,167.0
EXP04,2025-04-11,Treatment,annual_plan_conversions,59.0
EXP04,2025-04-11,Treatment,first_payment_net_usd,4525.62
EXP04,2025-04-12,Treatment,paywall_viewers,2362.0
EXP04,2025-04-12,Treatment,paid_conversions,175.0
EXP04,2025-04-12,Treatment,annual_plan_conversions,79.0
EXP04,2025-04-12,Treatment,first_payment_net_usd,5142.57
EXP04,2025-04-13,Treatment,paywall_viewers,2204.0
EXP04,2025-04-13,Treatment,paid_conversions,176.0
EXP04,2025-04-13,Treatment,annual_plan_conversions,77.0
EXP04,2025-04-13,Treatment,first_payment_net_usd,5091.05
EXP04,2025-04-14,Treatment,paywall_viewers,1875.0
EXP04,2025-04-14,Treatment,paid_conversions,137.0
EXP04,2025-04-14,Treatment,annual_plan_conversions,48.0
EXP04,2025-04-14,Treatment,first_payment_net_usd,3618.03
EXP04,2025-04-15,Treatment,paywall_viewers,1923.0
EXP04,2025-04-15,Treatment,paid_conversions,121.0
EXP04,2025-04-15,Treatment,annual_plan_conversions,49.0
EXP04,2025-04-15,Treatment,first_payment_net_usd,3380.02
EXP04,2025-04-16,Treatment,paywall_viewers,1881.0
EXP04,2025-04-16,Treatment,paid_conversions,123.0
EXP04,2025-04-16,Treatment,annual_plan_conversions,50.0
EXP04,2025-04-16,Treatment,first_payment_net_usd,3509.75
EXP04,2025-04-17,Treatment,paywall_viewers,1897.0
EXP04,2025-04-17,Treatment,paid_conversions,150.0
EXP04,2025-04-17,Treatment,annual_plan_conversions,62.0
EXP04,2025-04-17,Treatment,first_payment_net_usd,4203.35
EXP04,2025-04-18,Treatment,paywall_viewers,2442.0
EXP04,2025-04-18,Treatment,paid_conversions,208.0
EXP04,2025-04-18,Treatment,annual_plan_conversions,89.0
EXP04,2025-04-18,Treatment,first_payment_net_usd,6070.04
EXP04,2025-04-19,Treatment,paywall_viewers,2702.0
EXP04,2025-04-19,Treatment,paid_conversions,209.0
EXP04,2025-04-19,Treatment,annual_plan_conversions,101.0
EXP04,2025-04-19,Treatment,first_payment_net_usd,6378.59
EXP04,2025-04-20,Treatment,paywall_viewers,2422.0
EXP04,2025-04-20,Treatment,paid_conversions,196.0
EXP04,2025-04-20,Treatment,annual_plan_conversions,93.0
EXP04,2025-04-20,Treatment,first_payment_net_usd,5896.38
EXP04,2025-04-21,Treatment,paywall_viewers,2350.0
EXP04,2025-04-21,Treatment,paid_conversions,153.0
EXP04,2025-04-21,Treatment,annual_plan_conversions,84.0
EXP04,2025-04-21,Treatment,first_payment_net_usd,5090.27
EXP04,2025-04-22,Treatment,paywall_viewers,2110.0
EXP04,2025-04-22,Treatment,paid_conversions,149.0
EXP04,2025-04-22,Treatment,annual_plan_conversions,68.0
EXP04,2025-04-22,Treatment,first_payment_net_usd,4417.74
EXP04,2025-04-23,Treatment,paywall_viewers,2315.0
EXP04,2025-04-23,Treatment,paid_conversions,177.0
EXP04,2025-04-23,Treatment,annual_plan_conversions,95.0
EXP04,2025-04-23,Treatment,first_payment_net_usd,5783.98
EXP04,2025-04-24,Treatment,paywall_viewers,2598.0
EXP04,2025-04-24,Treatment,paid_conversions,207.0
EXP04,2025-04-24,Treatment,annual_plan_conversions,93.0
EXP04,2025-04-24,Treatment,first_payment_net_usd,6131.44
EXP04,2025-04-25,Treatment,paywall_viewers,2517.0
EXP04,2025-04-25,Treatment,paid_conversions,199.0
EXP04,2025-04-25,Treatment,annual_plan_conversions,93.0
EXP04,2025-04-25,Treatment,first_payment_net_usd,6080.38
EXP04,2025-04-26,Treatment,paywall_viewers,2745.0
EXP04,2025-04-26,Treatment,paid_conversions,209.0
EXP04,2025-04-26,Treatment,annual_plan_conversions,101.0
EXP04,2025-04-26,Treatment,first_payment_net_usd,6400.59
EXP04,2025-04-27,Treatment,paywall_viewers,2503.0
EXP04,2025-04-27,Treatment,paid_conversions,188.0
EXP04,2025-04-27,Treatment,annual_plan_conversions,95.0
EXP04,2025-04-27,Treatment,first_payment_net_usd,5907.76
EXP04,2025-04-28,Treatment,paywall_viewers,1911.0
EXP04,2025-04-28,Treatment,paid_conversions,156.0
EXP04,2025-04-28,Treatment,annual_plan_conversions,68.0
EXP04,2025-04-28,Treatment,first_payment_net_usd,4546.5
EXP04,2025-04-29,Treatment,paywall_viewers,1850.0
EXP04,2025-04-29,Treatment,paid_conversions,174.0
EXP04,2025-04-29,Treatment,annual_plan_conversions,64.0
EXP04,2025-04-29,Treatment,first_payment_net_usd,4788.29
EXP04,2025-04-30,Treatment,paywall_viewers,1941.0
EXP04,2025-04-30,Treatment,paid_conversions,157.0
EXP04,2025-04-30,Treatment,annual_plan_conversions,41.0
EXP04,2025-04-30,Treatment,first_payment_net_usd,3721.88
EXP04,2025-05-01,Treatment,paywall_viewers,1983.0
EXP04,2025-05-01,Treatment,paid_conversions,158.0
EXP04,2025-05-01,Treatment,annual_plan_conversions,54.0
EXP04,2025-05-01,Treatment,first_payment_net_usd,4148.95
EXP04,2025-05-02,Treatment,paywall_viewers,2180.0
EXP04,2025-05-02,Treatment,paid_conversions,176.0
EXP04,2025-05-02,Treatment,annual_plan_conversions,72.0
EXP04,2025-05-02,Treatment,first_payment_net_usd,4885.12
EXP04,2025-05-03,Treatment,paywall_viewers,2091.0
EXP04,2025-05-03,Treatment,paid_conversions,180.0
EXP04,2025-05-03,Treatment,annual_plan_conversions,67.0
EXP04,2025-05-03,Treatment,first_payment_net_usd,4951.93
EXP04,2025-05-04,Treatment,paywall_viewers,2234.0
EXP04,2025-05-04,Treatment,paid_conversions,155.0
EXP04,2025-05-04,Treatment,annual_plan_conversions,52.0
EXP04,2025-05-04,Treatment,first_payment_net_usd,4035.66
EXP04,2025-05-05,Treatment,paywall_viewers,2096.0
EXP04,2025-05-05,Treatment,paid_conversions,166.0
EXP04,2025-05-05,Treatment,annual_plan_conversions,56.0
EXP04,2025-05-05,Treatment,first_payment_net_usd,4363.42
EXP04,2025-05-06,Treatment,paywall_viewers,2003.0
EXP04,2025-05-06,Treatment,paid_conversions,138.0
EXP04,2025-05-06,Treatment,annual_plan_conversions,59.0
EXP04,2025-05-06,Treatment,first_payment_net_usd,3941.55
EXP04,2025-05-07,Treatment,paywall_viewers,2029.0
EXP04,2025-05-07,Treatment,paid_conversions,153.0
EXP04,2025-05-07,Treatment,annual_plan_conversions,50.0
EXP04,2025-05-07,Treatment,first_payment_net_usd,3946.55
EXP04,2025-05-08,Treatment,paywall_viewers,2066.0
EXP04,2025-05-08,Treatment,paid_conversions,168.0
EXP04,2025-05-08,Treatment,annual_plan_conversions,72.0
EXP04,2025-05-08,Treatment,first_payment_net_usd,4815.12
EXP04,2025-05-09,Treatment,paywall_viewers,2081.0
EXP04,2025-05-09,Treatment,paid_conversions,158.0
EXP04,2025-05-09,Treatment,annual_plan_conversions,63.0
EXP04,2025-05-09,Treatment,first_payment_net_usd,4400.18
EXP04,2025-05-10,Treatment,paywall_viewers,2363.0
EXP04,2025-05-10,Treatment,paid_conversions,203.0
EXP04,2025-05-10,Treatment,annual_plan_conversions,79.0
EXP04,2025-05-10,Treatment,first_payment_net_usd,5617.98
EXP04,2025-05-11,Treatment,paywall_viewers,1971.0
EXP04,2025-05-11,Treatment,paid_conversions,158.0
EXP04,2025-05-11,Treatment,annual_plan_conversions,67.0
EXP04,2025-05-11,Treatment,first_payment_net_usd,4566.96
EXP04,2025-05-12,Treatment,paywall_viewers,1910.0
EXP04,2025-05-12,Treatment,paid_conversions,158.0
EXP04,2025-05-12,Treatment,annual_plan_conversions,64.0
EXP04,2025-05-12,Treatment,first_payment_net_usd,4509.97
EXP04,2025-05-13,Treatment,paywall_viewers,1742.0
EXP04,2025-05-13,Treatment,paid_conversions,145.0
EXP04,2025-05-13,Treatment,annual_plan_conversions,53.0
EXP04,2025-05-13,Treatment,first_payment_net_usd,3818.43
EXP04,2025-05-14,Treatment,paywall_viewers,1830.0
EXP04,2025-05-14,Treatment,paid_conversions,148.0
EXP04,2025-05-14,Treatment,annual_plan_conversions,46.0
EXP04,2025-05-14,Treatment,first_payment_net_usd,3782.7
EXP04,2025-05-15,Treatment,paywall_viewers,2209.0
EXP04,2025-05-15,Treatment,paid_conversions,159.0
EXP04,2025-05-15,Treatment,annual_plan_conversions,64.0
EXP04,2025-05-15,Treatment,first_payment_net_usd,4432.21
EXP04,2025-05-16,Treatment,paywall_viewers,2209.0
EXP04,2025-05-16,Treatment,paid_conversions,190.0
EXP04,2025-05-16,Treatment,annual_plan_conversions,79.0
EXP04,2025-05-16,Treatment,first_payment_net_usd,5407.02
EXP04,2025-05-17,Treatment,paywall_viewers,2146.0
EXP04,2025-05-17,Treatment,paid_conversions,153.0
EXP04,2025-05-17,Treatment,annual_plan_conversions,56.0
EXP04,2025-05-17,Treatment,first_payment_net_usd,4098.21
EXP04,2025-05-18,Treatment,paywall_viewers,2029.0
EXP04,2025-05-18,Treatment,paid_conversions,155.0
EXP04,2025-05-18,Treatment,annual_plan_conversions,70.0
EXP04,2025-05-18,Treatment,first_payment_net_usd,4581.39
EXP04,2025-05-19,Treatment,paywall_viewers,1729.0
EXP04,2025-05-19,Treatment,paid_conversions,131.0
EXP04,2025-05-19,Treatment,annual_plan_conversions,61.0
EXP04,2025-05-19,Treatment,first_payment_net_usd,3921.47
EXP04,2025-05-20,Treatment,paywall_viewers,1859.0
EXP04,2025-05-20,Treatment,paid_conversions,170.0
EXP04,2025-05-20,Treatment,annual_plan_conversions,60.0
EXP04,2025-05-20,Treatment,first_payment_net_usd,4592.39
EXP04,2025-05-21,Treatment,paywall_viewers,2277.0
EXP04,2025-05-21,Treatment,paid_conversions,165.0
EXP04,2025-05-21,Treatment,annual_plan_conversions,62.0
EXP04,2025-05-21,Treatment,first_payment_net_usd,4586.5
EXP04,2025-05-22,Treatment,paywall_viewers,2035.0
EXP04,2025-05-22,Treatment,paid_conversions,155.0
EXP04,2025-05-22,Treatment,annual_plan_conversions,60.0
EXP04,2025-05-22,Treatment,first_payment_net_usd,4322.83
EXP04,2025-05-23,Treatment,paywall_viewers,2084.0
EXP04,2025-05-23,Treatment,paid_conversions,154.0
EXP04,2025-05-23,Treatment,annual_plan_conversions,65.0
EXP04,2025-05-23,Treatment,first_payment_net_usd,4450.72
EXP04,2025-05-24,Treatment,paywall_viewers,2296.0
EXP04,2025-05-24,Treatment,paid_conversions,170.0
EXP04,2025-05-24,Treatment,annual_plan_conversions,70.0
EXP04,2025-05-24,Treatment,first_payment_net_usd,4780.17
EXP04,2025-05-25,Treatment,paywall_viewers,2001.0
EXP04,2025-05-25,Treatment,paid_conversions,155.0
EXP04,2025-05-25,Treatment,annual_plan_conversions,60.0
EXP04,2025-05-25,Treatment,first_payment_net_usd,4253.43
EXP04,2025-05-26,Treatment,paywall_viewers,2017.0
EXP04,2025-05-26,Treatment,paid_conversions,164.0
EXP04,2025-05-26,Treatment,annual_plan_conversions,60.0
EXP04,2025-05-26,Treatment,first_payment_net_usd,4401.54
EXP04,2025-05-27,Treatment,paywall_viewers,1924.0
EXP04,2025-05-27,Treatment,paid_conversions,132.0
EXP04,2025-05-27,Treatment,annual_plan_conversions,49.0
EXP04,2025-05-27,Treatment,first_payment_net_usd,3641.05
EXP04,2025-05-28,Treatment,paywall_viewers,2053.0
EXP04,2025-05-28,Treatment,paid_conversions,163.0
EXP04,2025-05-28,Treatment,annual_plan_conversions,62.0
EXP04,2025-05-28,Treatment,first_payment_net_usd,4475.6
EXP04,2025-05-29,Treatment,paywall_viewers,2039.0
EXP04,2025-05-29,Treatment,paid_conversions,194.0
EXP04,2025-05-29,Treatment,annual_plan_conversions,70.0
EXP04,2025-05-29,Treatment,first_payment_net_usd,5396.28
EXP04,2025-05-30,Treatment,paywall_viewers,2199.0
EXP04,2025-05-30,Treatment,paid_conversions,191.0
EXP04,2025-05-30,Treatment,annual_plan_conversions,77.0
EXP04,2025-05-30,Treatment,first_payment_net_usd,5390.23
EXP04,2025-05-31,Treatment,paywall_viewers,2302.0
EXP04,2025-05-31,Treatment,paid_conversions,176.0
EXP04,2025-05-31,Treatment,annual_plan_conversions,59.0
EXP04,2025-05-31,Treatment,first_payment_net_usd,4655.85
EXP05,2025-06-16,Control,new_paid_subscribers,352.0
EXP05,2025-06-16,Control,m1_retained_subs,231.0
EXP05,2025-06-16,Control,day7_voice_users,101.0
EXP05,2025-06-16,Treatment,new_paid_subscribers,327.0
EXP05,2025-06-16,Treatment,m1_retained_subs,236.0
EXP05,2025-06-16,Treatment,day7_voice_users,140.0
EXP05,2025-06-17,Control,new_paid_subscribers,373.0
EXP05,2025-06-17,Control,m1_retained_subs,249.0
EXP05,2025-06-17,Control,day7_voice_users,116.0
EXP05,2025-06-17,Treatment,new_paid_subscribers,344.0
EXP05,2025-06-17,Treatment,m1_retained_subs,228.0
EXP05,2025-06-17,Treatment,day7_voice_users,156.0
EXP05,2025-06-18,Control,new_paid_subscribers,330.0
EXP05,2025-06-18,Control,m1_retained_subs,228.0
EXP05,2025-06-18,Control,day7_voice_users,97.0
EXP05,2025-06-18,Treatment,new_paid_subscribers,339.0
EXP05,2025-06-18,Treatment,m1_retained_subs,244.0
EXP05,2025-06-18,Treatment,day7_voice_users,143.0
EXP05,2025-06-19,Control,new_paid_subscribers,328.0
EXP05,2025-06-19,Control,m1_retained_subs,229.0
EXP05,2025-06-19,Control,day7_voice_users,93.0
EXP05,2025-06-19,Treatment,new_paid_subscribers,298.0
EXP05,2025-06-19,Treatment,m1_retained_subs,204.0
EXP05,2025-06-19,Treatment,day7_voice_users,123.0
EXP05,2025-06-20,Control,new_paid_subscribers,312.0
EXP05,2025-06-20,Control,m1_retained_subs,211.0
EXP05,2025-06-20,Control,day7_voice_users,102.0
EXP05,2025-06-20,Treatment,new_paid_subscribers,346.0
EXP05,2025-06-20,Treatment,m1_retained_subs,240.0
EXP05,2025-06-20,Treatment,day7_voice_users,161.0
EXP05,2025-06-21,Control,new_paid_subscribers,351.0
EXP05,2025-06-21,Control,m1_retained_subs,224.0
EXP05,2025-06-21,Control,day7_voice_users,98.0
EXP05,2025-06-21,Treatment,new_paid_subscribers,319.0
EXP05,2025-06-21,Treatment,m1_retained_subs,229.0
EXP05,2025-06-21,Treatment,day7_voice_users,143.0
EXP05,2025-06-22,Control,new_paid_subscribers,316.0
EXP05,2025-06-22,Control,m1_retained_subs,215.0
EXP05,2025-06-22,Control,day7_voice_users,87.0
EXP05,2025-06-22,Treatment,new_paid_subscribers,308.0
EXP05,2025-06-22,Treatment,m1_retained_subs,225.0
EXP05,2025-06-22,Treatment,day7_voice_users,141.0
EXP05,2025-06-23,Control,new_paid_subscribers,331.0
EXP05,2025-06-23,Control,m1_retained_subs,240.0
EXP05,2025-06-23,Control,day7_voice_users,94.0
EXP05,2025-06-23,Treatment,new_paid_subscribers,326.0
EXP05,2025-06-23,Treatment,m1_retained_subs,233.0
EXP05,2025-06-23,Treatment,day7_voice_users,141.0
EXP05,2025-06-24,Control,new_paid_subscribers,345.0
EXP05,2025-06-24,Control,m1_retained_subs,227.0
EXP05,2025-06-24,Control,day7_voice_users,108.0
EXP05,2025-06-24,Treatment,new_paid_subscribers,325.0
EXP05,2025-06-24,Treatment,m1_retained_subs,224.0
EXP05,2025-06-24,Treatment,day7_voice_users,137.0
EXP05,2025-06-25,Control,new_paid_subscribers,318.0
EXP05,2025-06-25,Control,m1_retained_subs,207.0
EXP05,2025-06-25,Control,day7_voice_users,105.0
EXP05,2025-06-25,Treatment,new_paid_subscribers,337.0
EXP05,2025-06-25,Treatment,m1_retained_subs,249.0
EXP05,2025-06-25,Treatment,day7_voice_users,142.0
EXP05,2025-06-26,Control,new_paid_subscribers,360.0
EXP05,2025-06-26,Control,m1_retained_subs,237.0
EXP05,2025-06-26,Control,day7_voice_users,125.0
EXP05,2025-06-26,Treatment,new_paid_subscribers,312.0
EXP05,2025-06-26,Treatment,m1_retained_subs,218.0
EXP05,2025-06-26,Treatment,day7_voice_users,145.0
EXP05,2025-06-27,Control,new_paid_subscribers,324.0
EXP05,2025-06-27,Control,m1_retained_subs,222.0
EXP05,2025-06-27,Control,day7_voice_users,114.0
EXP05,2025-06-27,Treatment,new_paid_subscribers,329.0
EXP05,2025-06-27,Treatment,m1_retained_subs,240.0
EXP05,2025-06-27,Treatment,day7_voice_users,135.0
EXP05,2025-06-28,Control,new_paid_subscribers,326.0
EXP05,2025-06-28,Control,m1_retained_subs,228.0
EXP05,2025-06-28,Control,day7_voice_users,107.0
EXP05,2025-06-28,Treatment,new_paid_subscribers,332.0
EXP05,2025-06-28,Treatment,m1_retained_subs,251.0
EXP05,2025-06-28,Treatment,day7_voice_users,127.0
EXP05,2025-06-29,Control,new_paid_subscribers,332.0
EXP05,2025-06-29,Control,m1_retained_subs,210.0
EXP05,2025-06-29,Control,day7_voice_users,110.0
EXP05,2025-06-29,Treatment,new_paid_subscribers,325.0
EXP05,2025-06-29,Treatment,m1_retained_subs,218.0
EXP05,2025-06-29,Treatment,day7_voice_users,153.0
EXP05,2025-06-30,Control,new_paid_subscribers,302.0
EXP05,2025-06-30,Control,m1_retained_subs,208.0
EXP05,2025-06-30,Control,day7_voice_users,100.0
EXP05,2025-06-30,Treatment,new_paid_subscribers,316.0
EXP05,2025-06-30,Treatment,m1_retained_subs,232.0
EXP05,2025-06-30,Treatment,day7_voice_users,131.0
EXP05,2025-07-01,Control,new_paid_subscribers,334.0
EXP05,2025-07-01,Control,m1_retained_subs,222.0
EXP05,2025-07-01,Control,day7_voice_users,100.0
EXP05,2025-07-01,Treatment,new_paid_subscribers,283.0
EXP05,2025-07-01,Treatment,m1_retained_subs,202.0
EXP05,2025-07-01,Treatment,day7_voice_users,138.0
EXP05,2025-07-02,Control,new_paid_subscribers,312.0
EXP05,2025-07-02,Control,m1_retained_subs,222.0
EXP05,2025-07-02,Control,day7_voice_users,99.0
EXP05,2025-07-02,Treatment,new_paid_subscribers,310.0
EXP05,2025-07-02,Treatment,m1_retained_subs,230.0
EXP05,2025-07-02,Treatment,day7_voice_users,127.0
EXP05,2025-07-03,Control,new_paid_subscribers,311.0
EXP05,2025-07-03,Control,m1_retained_subs,217.0
EXP05,2025-07-03,Control,day7_voice_users,83.0
EXP05,2025-07-03,Treatment,new_paid_subscribers,324.0
EXP05,2025-07-03,Treatment,m1_retained_subs,221.0
EXP05,2025-07-03,Treatment,day7_voice_users,156.0
EXP05,2025-07-04,Control,new_paid_subscribers,334.0
EXP05,2025-07-04,Control,m1_retained_subs,221.0
EXP05,2025-07-04,Control,day7_voice_users,104.0
EXP05,2025-07-04,Treatment,new_paid_subscribers,308.0
EXP05,2025-07-04,Treatment,m1_retained_subs,225.0
EXP05,2025-07-04,Treatment,day7_voice_users,143.0
EXP05,2025-07-05,Control,new_paid_subscribers,326.0
EXP05,2025-07-05,Control,m1_retained_subs,224.0
EXP05,2025-07-05,Control,day7_voice_users,99.0
EXP05,2025-07-05,Treatment,new_paid_subscribers,321.0
EXP05,2025-07-05,Treatment,m1_retained_subs,224.0
EXP05,2025-07-05,Treatment,day7_voice_users,146.0
EXP05,2025-07-06,Control,new_paid_subscribers,328.0
EXP05,2025-07-06,Control,m1_retained_subs,203.0
EXP05,2025-07-06,Control,day7_voice_users,110.0
EXP05,2025-07-06,Treatment,new_paid_subscribers,324.0
EXP05,2025-07-06,Treatment,m1_retained_subs,232.0
EXP05,2025-07-06,Treatment,day7_voice_users,148.0
EXP05,2025-07-07,Control,new_paid_subscribers,324.0
EXP05,2025-07-07,Control,m1_retained_subs,210.0
EXP05,2025-07-07,Control,day7_voice_users,97.0
EXP05,2025-07-07,Treatment,new_paid_subscribers,339.0
EXP05,2025-07-07,Treatment,m1_retained_subs,230.0
EXP05,2025-07-07,Treatment,day7_voice_users,140.0
EXP05,2025-07-08,Control,new_paid_subscribers,333.0
EXP05,2025-07-08,Control,m1_retained_subs,205.0
EXP05,2025-07-08,Control,day7_voice_users,110.0
EXP05,2025-07-08,Treatment,new_paid_subscribers,338.0
EXP05,2025-07-08,Treatment,m1_retained_subs,232.0
EXP05,2025-07-08,Treatment,day7_voice_users,155.0
EXP05,2025-07-09,Control,new_paid_subscribers,347.0
EXP05,2025-07-09,Control,m1_retained_subs,238.0
EXP05,2025-07-09,Control,day7_voice_users,107.0
EXP05,2025-07-09,Treatment,new_paid_subscribers,337.0
EXP05,2025-07-09,Treatment,m1_retained_subs,237.0
EXP05,2025-07-09,Treatment,day7_voice_users,144.0
EXP05,2025-07-10,Control,new_paid_subscribers,332.0
EXP05,2025-07-10,Control,m1_retained_subs,224.0
EXP05,2025-07-10,Control,day7_voice_users,105.0
EXP05,2025-07-10,Treatment,new_paid_subscribers,344.0
EXP05,2025-07-10,Treatment,m1_retained_subs,256.0
EXP05,2025-07-10,Treatment,day7_voice_users,171.0
EXP05,2025-07-11,Control,new_paid_subscribers,354.0
EXP05,2025-07-11,Control,m1_retained_subs,228.0
EXP05,2025-07-11,Control,day7_voice_users,109.0
EXP05,2025-07-11,Treatment,new_paid_subscribers,327.0
EXP05,2025-07-11,Treatment,m1_retained_subs,230.0
EXP05,2025-07-11,Treatment,day7_voice_users,144.0
EXP05,2025-07-12,Control,new_paid_subscribers,343.0
EXP05,2025-07-12,Control,m1_retained_subs,237.0
EXP05,2025-07-12,Control,day7_voice_users,114.0
EXP05,2025-07-12,Treatment,new_paid_subscribers,343.0
EXP05,2025-07-12,Treatment,m1_retained_subs,241.0
EXP05,2025-07-12,Treatment,day7_voice_users,163.0
EXP05,2025-07-13,Control,new_paid_subscribers,337.0
EXP05,2025-07-13,Control,m1_retained_subs,221.0
EXP05,2025-07-13,Control,day7_voice_users,105.0
EXP05,2025-07-13,Treatment,new_paid_subscribers,320.0
EXP05,2025-07-13,Treatment,m1_retained_subs,243.0
EXP05,2025-07-13,Treatment,day7_voice_users,128.0
EXP06,2025-10-06,Control,free_active_users,20930.0
EXP06,2025-10-06,Control,free_messages,346597.56
EXP06,2025-10-06,Control,free_compute_cost_usd,248.4
EXP06,2025-10-06,Control,paid_conversions,54.0
EXP06,2025-10-06,Treatment,free_active_users,21160.0
EXP06,2025-10-06,Treatment,free_messages,239991.39
EXP06,2025-10-06,Treatment,free_compute_cost_usd,171.8
EXP06,2025-10-06,Treatment,paid_conversions,36.0
EXP06,2025-10-07,Control,free_active_users,20946.0
EXP06,2025-10-07,Control,free_messages,334793.1
EXP06,2025-10-07,Control,free_compute_cost_usd,257.63
EXP06,2025-10-07,Control,paid_conversions,46.0
EXP06,2025-10-07,Treatment,free_active_users,20825.0
EXP06,2025-10-07,Treatment,free_messages,220072.35
EXP06,2025-10-07,Treatment,free_compute_cost_usd,172.18
EXP06,2025-10-07,Treatment,paid_conversions,51.0
EXP06,2025-10-08,Control,free_active_users,21328.0
EXP06,2025-10-08,Control,free_messages,315990.0
EXP06,2025-10-08,Control,free_compute_cost_usd,236.87
EXP06,2025-10-08,Control,paid_conversions,43.0
EXP06,2025-10-08,Treatment,free_active_users,21217.0
EXP06,2025-10-08,Treatment,free_messages,233861.02
EXP06,2025-10-08,Treatment,free_compute_cost_usd,173.53
EXP06,2025-10-08,Treatment,paid_conversions,50.0
EXP06,2025-10-09,Control,free_active_users,20917.0
EXP06,2025-10-09,Control,free_messages,328963.66
EXP06,2025-10-09,Control,free_compute_cost_usd,236.12
EXP06,2025-10-09,Control,paid_conversions,39.0
EXP06,2025-10-09,Treatment,free_active_users,20837.0
EXP06,2025-10-09,Treatment,free_messages,228425.82
EXP06,2025-10-09,Treatment,free_compute_cost_usd,173.9
EXP06,2025-10-09,Treatment,paid_conversions,42.0
EXP06,2025-10-10,Control,free_active_users,21255.0
EXP06,2025-10-10,Control,free_messages,338011.71
EXP06,2025-10-10,Control,free_compute_cost_usd,251.89
EXP06,2025-10-10,Control,paid_conversions,47.0
EXP06,2025-10-10,Treatment,free_active_users,20980.0
EXP06,2025-10-10,Treatment,free_messages,240300.75
EXP06,2025-10-10,Treatment,free_compute_cost_usd,162.32
EXP06,2025-10-10,Treatment,paid_conversions,53.0
EXP06,2025-10-11,Control,free_active_users,20964.0
EXP06,2025-10-11,Control,free_messages,360907.14
EXP06,2025-10-11,Control,free_compute_cost_usd,248.46
EXP06,2025-10-11,Control,paid_conversions,47.0
EXP06,2025-10-11,Treatment,free_active_users,21054.0
EXP06,2025-10-11,Treatment,free_messages,226686.87
EXP06,2025-10-11,Treatment,free_compute_cost_usd,173.14
EXP06,2025-10-11,Treatment,paid_conversions,45.0
EXP06,2025-10-12,Control,free_active_users,20883.0
EXP06,2025-10-12,Control,free_messages,345251.54
EXP06,2025-10-12,Control,free_compute_cost_usd,246.59
EXP06,2025-10-12,Control,paid_conversions,44.0
EXP06,2025-10-12,Treatment,free_active_users,21041.0
EXP06,2025-10-12,Treatment,free_messages,240067.86
EXP06,2025-10-12,Treatment,free_compute_cost_usd,170.77
EXP06,2025-10-12,Treatment,paid_conversions,55.0
EXP06,2025-10-13,Control,free_active_users,20832.0
EXP06,2025-10-13,Control,free_messages,327279.32
EXP06,2025-10-13,Control,free_compute_cost_usd,229.41
EXP06,2025-10-13,Control,paid_conversions,47.0
EXP06,2025-10-13,Treatment,free_active_users,21165.0
EXP06,2025-10-13,Treatment,free_messages,224135.67
EXP06,2025-10-13,Treatment,free_compute_cost_usd,169.44
EXP06,2025-10-13,Treatment,paid_conversions,58.0
EXP06,2025-10-14,Control,free_active_users,20844.0
EXP06,2025-10-14,Control,free_messages,314975.32
EXP06,2025-10-14,Control,free_compute_cost_usd,228.72
EXP06,2025-10-14,Control,paid_conversions,58.0
EXP06,2025-10-14,Treatment,free_active_users,21142.0
EXP06,2025-10-14,Treatment,free_messages,224025.56
EXP06,2025-10-14,Treatment,free_compute_cost_usd,171.24
EXP06,2025-10-14,Treatment,paid_conversions,46.0
EXP06,2025-10-15,Control,free_active_users,20841.0
EXP06,2025-10-15,Control,free_messages,324342.47
EXP06,2025-10-15,Control,free_compute_cost_usd,238.49
EXP06,2025-10-15,Control,paid_conversions,58.0
EXP06,2025-10-15,Treatment,free_active_users,20713.0
EXP06,2025-10-15,Treatment,free_messages,227738.81
EXP06,2025-10-15,Treatment,free_compute_cost_usd,163.26
EXP06,2025-10-15,Treatment,paid_conversions,55.0
EXP06,2025-10-16,Control,free_active_users,20923.0
EXP06,2025-10-16,Control,free_messages,345325.09
EXP06,2025-10-16,Control,free_compute_cost_usd,251.94
EXP06,2025-10-16,Control,paid_conversions,58.0
EXP06,2025-10-16,Treatment,free_active_users,21057.0
EXP06,2025-10-16,Treatment,free_messages,215223.67
EXP06,2025-10-16,Treatment,free_compute_cost_usd,166.5
EXP06,2025-10-16,Treatment,paid_conversions,51.0
EXP06,2025-10-17,Control,free_active_users,21258.0
EXP06,2025-10-17,Control,free_messages,361753.76
EXP06,2025-10-17,Control,free_compute_cost_usd,254.46
EXP06,2025-10-17,Control,paid_conversions,42.0
EXP06,2025-10-17,Treatment,free_active_users,21130.0
EXP06,2025-10-17,Treatment,free_messages,243110.32
EXP06,2025-10-17,Treatment,free_compute_cost_usd,175.07
EXP06,2025-10-17,Treatment,paid_conversions,52.0
EXP06,2025-10-18,Control,free_active_users,21290.0
EXP06,2025-10-18,Control,free_messages,323588.86
EXP06,2025-10-18,Control,free_compute_cost_usd,237.25
EXP06,2025-10-18,Control,paid_conversions,37.0
EXP06,2025-10-18,Treatment,free_active_users,20912.0
EXP06,2025-10-18,Treatment,free_messages,221908.49
EXP06,2025-10-18,Treatment,free_compute_cost_usd,165.36
EXP06,2025-10-18,Treatment,paid_conversions,43.0
EXP06,2025-10-19,Control,free_active_users,20985.0
EXP06,2025-10-19,Control,free_messages,345851.35
EXP06,2025-10-19,Control,free_compute_cost_usd,232.89
EXP06,2025-10-19,Control,paid_conversions,34.0
EXP06,2025-10-19,Treatment,free_active_users,21192.0
EXP06,2025-10-19,Treatment,free_messages,224875.73
EXP06,2025-10-19,Treatment,free_compute_cost_usd,170.63
EXP06,2025-10-19,Treatment,paid_conversions,55.0
EXP06,2025-10-20,Control,free_active_users,21053.0
EXP06,2025-10-20,Control,free_messages,323066.1
EXP06,2025-10-20,Control,free_compute_cost_usd,233.9
EXP06,2025-10-20,Control,paid_conversions,38.0
EXP06,2025-10-20,Treatment,free_active_users,21131.0
EXP06,2025-10-20,Treatment,free_messages,235749.1
EXP06,2025-10-20,Treatment,free_compute_cost_usd,176.61
EXP06,2025-10-20,Treatment,paid_conversions,47.0
EXP06,2025-10-21,Control,free_active_users,21134.0
EXP06,2025-10-21,Control,free_messages,337163.81
EXP06,2025-10-21,Control,free_compute_cost_usd,245.58
EXP06,2025-10-21,Control,paid_conversions,47.0
EXP06,2025-10-21,Treatment,free_active_users,20942.0
EXP06,2025-10-21,Treatment,free_messages,227911.13
EXP06,2025-10-21,Treatment,free_compute_cost_usd,164.96
EXP06,2025-10-21,Treatment,paid_conversions,41.0
EXP06,2025-10-22,Control,free_active_users,20782.0
EXP06,2025-10-22,Control,free_messages,336889.17
EXP06,2025-10-22,Control,free_compute_cost_usd,233.17
EXP06,2025-10-22,Control,paid_conversions,37.0
EXP06,2025-10-22,Treatment,free_active_users,20910.0
EXP06,2025-10-22,Treatment,free_messages,237227.84
EXP06,2025-10-22,Treatment,free_compute_cost_usd,166.8
EXP06,2025-10-22,Treatment,paid_conversions,42.0
EXP06,2025-10-23,Control,free_active_users,20920.0
EXP06,2025-10-23,Control,free_messages,339942.77
EXP06,2025-10-23,Control,free_compute_cost_usd,239.94
EXP06,2025-10-23,Control,paid_conversions,49.0
EXP06,2025-10-23,Treatment,free_active_users,20898.0
EXP06,2025-10-23,Treatment,free_messages,223530.59
EXP06,2025-10-23,Treatment,free_compute_cost_usd,163.5
EXP06,2025-10-23,Treatment,paid_conversions,36.0
EXP06,2025-10-24,Control,free_active_users,20947.0
EXP06,2025-10-24,Control,free_messages,327844.82
EXP06,2025-10-24,Control,free_compute_cost_usd,243.79
EXP06,2025-10-24,Control,paid_conversions,34.0
EXP06,2025-10-24,Treatment,free_active_users,20999.0
EXP06,2025-10-24,Treatment,free_messages,224247.67
EXP06,2025-10-24,Treatment,free_compute_cost_usd,165.08
EXP06,2025-10-24,Treatment,paid_conversions,39.0
EXP06,2025-10-25,Control,free_active_users,21063.0
EXP06,2025-10-25,Control,free_messages,350083.98
EXP06,2025-10-25,Control,free_compute_cost_usd,231.57
EXP06,2025-10-25,Control,paid_conversions,48.0
EXP06,2025-10-25,Treatment,free_active_users,20774.0
EXP06,2025-10-25,Treatment,free_messages,240631.98
EXP06,2025-10-25,Treatment,free_compute_cost_usd,167.55
EXP06,2025-10-25,Treatment,paid_conversions,53.0
EXP06,2025-10-26,Control,free_active_users,20994.0
EXP06,2025-10-26,Control,free_messages,316018.84
EXP06,2025-10-26,Control,free_compute_cost_usd,242.36
EXP06,2025-10-26,Control,paid_conversions,41.0
EXP06,2025-10-26,Treatment,free_active_users,20923.0
EXP06,2025-10-26,Treatment,free_messages,236135.82
EXP06,2025-10-26,Treatment,free_compute_cost_usd,175.41
EXP06,2025-10-26,Treatment,paid_conversions,47.0
EXP06,2025-10-27,Control,free_active_users,20874.0
EXP06,2025-10-27,Control,free_messages,322353.4
EXP06,2025-10-27,Control,free_compute_cost_usd,250.73
EXP06,2025-10-27,Control,paid_conversions,49.0
EXP06,2025-10-27,Treatment,free_active_users,21043.0
EXP06,2025-10-27,Treatment,free_messages,224841.91
EXP06,2025-10-27,Treatment,free_compute_cost_usd,168.65
EXP06,2025-10-27,Treatment,paid_conversions,49.0
EXP06,2025-10-28,Control,free_active_users,21045.0
EXP06,2025-10-28,Control,free_messages,355235.99
EXP06,2025-10-28,Control,free_compute_cost_usd,247.06
EXP06,2025-10-28,Control,paid_conversions,37.0
EXP06,2025-10-28,Treatment,free_active_users,21080.0
EXP06,2025-10-28,Treatment,free_messages,236729.58
EXP06,2025-10-28,Treatment,free_compute_cost_usd,174.47
EXP06,2025-10-28,Treatment,paid_conversions,47.0
EXP06,2025-10-29,Control,free_active_users,20943.0
EXP06,2025-10-29,Control,free_messages,331064.19
EXP06,2025-10-29,Control,free_compute_cost_usd,227.1
EXP06,2025-10-29,Control,paid_conversions,47.0
EXP06,2025-10-29,Treatment,free_active_users,21068.0
EXP06,2025-10-29,Treatment,free_messages,225668.83
EXP06,2025-10-29,Treatment,free_compute_cost_usd,172.33
EXP06,2025-10-29,Treatment,paid_conversions,50.0
EXP06,2025-10-30,Control,free_active_users,21016.0
EXP06,2025-10-30,Control,free_messages,340833.65
EXP06,2025-10-30,Control,free_compute_cost_usd,240.59
EXP06,2025-10-30,Control,paid_conversions,41.0
EXP06,2025-10-30,Treatment,free_active_users,21131.0
EXP06,2025-10-30,Treatment,free_messages,236566.73
EXP06,2025-10-30,Treatment,free_compute_cost_usd,178.31
EXP06,2025-10-30,Treatment,paid_conversions,38.0
EXP06,2025-10-31,Control,free_active_users,20940.0
EXP06,2025-10-31,Control,free_messages,306575.41
EXP06,2025-10-31,Control,free_compute_cost_usd,243.19
EXP06,2025-10-31,Control,paid_conversions,51.0
EXP06,2025-10-31,Treatment,free_active_users,20961.0
EXP06,2025-10-31,Treatment,free_messages,230000.91
EXP06,2025-10-31,Treatment,free_compute_cost_usd,181.61
EXP06,2025-10-31,Treatment,paid_conversions,44.0
EXP06,2025-11-01,Control,free_active_users,21133.0
EXP06,2025-11-01,Control,free_messages,351804.18
EXP06,2025-11-01,Control,free_compute_cost_usd,247.64
EXP06,2025-11-01,Control,paid_conversions,46.0
EXP06,2025-11-01,Treatment,free_active_users,21150.0
EXP06,2025-11-01,Treatment,free_messages,243156.01
EXP06,2025-11-01,Treatment,free_compute_cost_usd,174.06
EXP06,2025-11-01,Treatment,paid_conversions,47.0
EXP06,2025-11-02,Control,free_active_users,21126.0
EXP06,2025-11-02,Control,free_messages,329765.87
EXP06,2025-11-02,Control,free_compute_cost_usd,235.74
EXP06,2025-11-02,Control,paid_conversions,45.0
EXP06,2025-11-02,Treatment,free_active_users,20969.0
EXP06,2025-11-02,Treatment,free_messages,227874.03
EXP06,2025-11-02,Treatment,free_compute_cost_usd,163.25
EXP06,2025-11-02,Treatment,paid_conversions,40.0
EXP07,2025-12-01,Control,crypto_checkout_starts,202.0
EXP07,2025-12-01,Control,checkout_completions,86.0
EXP07,2025-12-01,Treatment,crypto_checkout_starts,180.0
EXP07,2025-12-01,Treatment,checkout_completions,104.0
EXP07,2025-12-02,Control,crypto_checkout_starts,219.0
EXP07,2025-12-02,Control,checkout_completions,94.0
EXP07,2025-12-02,Treatment,crypto_checkout_starts,199.0
EXP07,2025-12-02,Treatment,checkout_completions,117.0
EXP07,2025-12-03,Control,crypto_checkout_starts,171.0
EXP07,2025-12-03,Control,checkout_completions,81.0
EXP07,2025-12-03,Treatment,crypto_checkout_starts,207.0
EXP07,2025-12-03,Treatment,checkout_completions,117.0
EXP07,2025-12-04,Control,crypto_checkout_starts,192.0
EXP07,2025-12-04,Control,checkout_completions,95.0
EXP07,2025-12-04,Treatment,crypto_checkout_starts,160.0
EXP07,2025-12-04,Treatment,checkout_completions,92.0
EXP07,2025-12-05,Control,crypto_checkout_starts,166.0
EXP07,2025-12-05,Control,checkout_completions,78.0
EXP07,2025-12-05,Treatment,crypto_checkout_starts,195.0
EXP07,2025-12-05,Treatment,checkout_completions,106.0
EXP07,2025-12-06,Control,crypto_checkout_starts,203.0
EXP07,2025-12-06,Control,checkout_completions,97.0
EXP07,2025-12-06,Treatment,crypto_checkout_starts,176.0
EXP07,2025-12-06,Treatment,checkout_completions,108.0
EXP07,2025-12-07,Control,crypto_checkout_starts,196.0
EXP07,2025-12-07,Control,checkout_completions,70.0
EXP07,2025-12-07,Treatment,crypto_checkout_starts,201.0
EXP07,2025-12-07,Treatment,checkout_completions,116.0
EXP07,2025-12-08,Control,crypto_checkout_starts,220.0
EXP07,2025-12-08,Control,checkout_completions,94.0
EXP07,2025-12-08,Treatment,crypto_checkout_starts,180.0
EXP07,2025-12-08,Treatment,checkout_completions,119.0
EXP07,2025-12-09,Control,crypto_checkout_starts,202.0
EXP07,2025-12-09,Control,checkout_completions,98.0
EXP07,2025-12-09,Treatment,crypto_checkout_starts,196.0
EXP07,2025-12-09,Treatment,checkout_completions,111.0
EXP07,2025-12-10,Control,crypto_checkout_starts,213.0
EXP07,2025-12-10,Control,checkout_completions,98.0
EXP07,2025-12-10,Treatment,crypto_checkout_starts,196.0
EXP07,2025-12-10,Treatment,checkout_completions,105.0
EXP07,2025-12-11,Control,crypto_checkout_starts,189.0
EXP07,2025-12-11,Control,checkout_completions,97.0
EXP07,2025-12-11,Treatment,crypto_checkout_starts,179.0
EXP07,2025-12-11,Treatment,checkout_completions,90.0
EXP07,2025-12-12,Control,crypto_checkout_starts,204.0
EXP07,2025-12-12,Control,checkout_completions,91.0
EXP07,2025-12-12,Treatment,crypto_checkout_starts,212.0
EXP07,2025-12-12,Treatment,checkout_completions,113.0
EXP07,2025-12-13,Control,crypto_checkout_starts,169.0
EXP07,2025-12-13,Control,checkout_completions,80.0
EXP07,2025-12-13,Treatment,crypto_checkout_starts,208.0
EXP07,2025-12-13,Treatment,checkout_completions,109.0
EXP07,2025-12-14,Control,crypto_checkout_starts,178.0
EXP07,2025-12-14,Control,checkout_completions,92.0
EXP07,2025-12-14,Treatment,crypto_checkout_starts,190.0
EXP07,2025-12-14,Treatment,checkout_completions,91.0
EXP07,2025-12-15,Control,crypto_checkout_starts,188.0
EXP07,2025-12-15,Control,checkout_completions,88.0
EXP07,2025-12-15,Treatment,crypto_checkout_starts,192.0
EXP07,2025-12-15,Treatment,checkout_completions,99.0
EXP07,2025-12-16,Control,crypto_checkout_starts,178.0
EXP07,2025-12-16,Control,checkout_completions,80.0
EXP07,2025-12-16,Treatment,crypto_checkout_starts,188.0
EXP07,2025-12-16,Treatment,checkout_completions,90.0
EXP07,2025-12-17,Control,crypto_checkout_starts,181.0
EXP07,2025-12-17,Control,checkout_completions,87.0
EXP07,2025-12-17,Treatment,crypto_checkout_starts,188.0
EXP07,2025-12-17,Treatment,checkout_completions,96.0
EXP07,2025-12-18,Control,crypto_checkout_starts,160.0
EXP07,2025-12-18,Control,checkout_completions,80.0
EXP07,2025-12-18,Treatment,crypto_checkout_starts,194.0
EXP07,2025-12-18,Treatment,checkout_completions,113.0
EXP07,2025-12-19,Control,crypto_checkout_starts,193.0
EXP07,2025-12-19,Control,checkout_completions,93.0
EXP07,2025-12-19,Treatment,crypto_checkout_starts,193.0
EXP07,2025-12-19,Treatment,checkout_completions,108.0
EXP07,2025-12-20,Control,crypto_checkout_starts,197.0
EXP07,2025-12-20,Control,checkout_completions,93.0
EXP07,2025-12-20,Treatment,crypto_checkout_starts,182.0
EXP07,2025-12-20,Treatment,checkout_completions,108.0
EXP07,2025-12-21,Control,crypto_checkout_starts,180.0
EXP07,2025-12-21,Control,checkout_completions,89.0
EXP07,2025-12-21,Treatment,crypto_checkout_starts,208.0
EXP07,2025-12-21,Treatment,checkout_completions,101.0
EXP07,2025-12-22,Control,crypto_checkout_starts,208.0
EXP07,2025-12-22,Control,checkout_completions,107.0
EXP07,2025-12-22,Treatment,crypto_checkout_starts,192.0
EXP07,2025-12-22,Treatment,checkout_completions,115.0
EXP07,2025-12-23,Control,crypto_checkout_starts,196.0
EXP07,2025-12-23,Control,checkout_completions,90.0
EXP07,2025-12-23,Treatment,crypto_checkout_starts,205.0
EXP07,2025-12-23,Treatment,checkout_completions,105.0
EXP07,2025-12-24,Control,crypto_checkout_starts,171.0
EXP07,2025-12-24,Control,checkout_completions,92.0
EXP07,2025-12-24,Treatment,crypto_checkout_starts,196.0
EXP07,2025-12-24,Treatment,checkout_completions,109.0
EXP07,2025-12-25,Control,crypto_checkout_starts,212.0
EXP07,2025-12-25,Control,checkout_completions,98.0
EXP07,2025-12-25,Treatment,crypto_checkout_starts,192.0
EXP07,2025-12-25,Treatment,checkout_completions,115.0
EXP07,2025-12-26,Control,crypto_checkout_starts,155.0
EXP07,2025-12-26,Control,checkout_completions,71.0
EXP07,2025-12-26,Treatment,crypto_checkout_starts,186.0
EXP07,2025-12-26,Treatment,checkout_completions,109.0
EXP07,2025-12-27,Control,crypto_checkout_starts,201.0
EXP07,2025-12-27,Control,checkout_completions,103.0
EXP07,2025-12-27,Treatment,crypto_checkout_starts,184.0
EXP07,2025-12-27,Treatment,checkout_completions,114.0
EXP07,2025-12-28,Control,crypto_checkout_starts,198.0
EXP07,2025-12-28,Control,checkout_completions,75.0
EXP07,2025-12-28,Treatment,crypto_checkout_starts,192.0
EXP07,2025-12-28,Treatment,checkout_completions,100.0
EXP07,2025-12-29,Control,crypto_checkout_starts,202.0
EXP07,2025-12-29,Control,checkout_completions,84.0
EXP07,2025-12-29,Treatment,crypto_checkout_starts,186.0
EXP07,2025-12-29,Treatment,checkout_completions,95.0
EXP07,2025-12-30,Control,crypto_checkout_starts,200.0
EXP07,2025-12-30,Control,checkout_completions,79.0
EXP07,2025-12-30,Treatment,crypto_checkout_starts,213.0
EXP07,2025-12-30,Treatment,checkout_completions,125.0
EXP07,2025-12-31,Control,crypto_checkout_starts,209.0
EXP07,2025-12-31,Control,checkout_completions,102.0
EXP07,2025-12-31,Treatment,crypto_checkout_starts,184.0
EXP07,2025-12-31,Treatment,checkout_completions,100.0
EXP07,2026-01-01,Control,crypto_checkout_starts,198.0
EXP07,2026-01-01,Control,checkout_completions,87.0
EXP07,2026-01-01,Treatment,crypto_checkout_starts,206.0
EXP07,2026-01-01,Treatment,checkout_completions,113.0
EXP07,2026-01-02,Control,crypto_checkout_starts,200.0
EXP07,2026-01-02,Control,checkout_completions,81.0
EXP07,2026-01-02,Treatment,crypto_checkout_starts,182.0
EXP07,2026-01-02,Treatment,checkout_completions,107.0
EXP07,2026-01-03,Control,crypto_checkout_starts,195.0
EXP07,2026-01-03,Control,checkout_completions,90.0
EXP07,2026-01-03,Treatment,crypto_checkout_starts,197.0
EXP07,2026-01-03,Treatment,checkout_completions,108.0
EXP07,2026-01-04,Control,crypto_checkout_starts,215.0
EXP07,2026-01-04,Control,checkout_completions,97.0
EXP07,2026-01-04,Treatment,crypto_checkout_starts,192.0
EXP07,2026-01-04,Treatment,checkout_completions,101.0
EXP07,2026-01-05,Control,crypto_checkout_starts,162.0
EXP07,2026-01-05,Control,checkout_completions,78.0
EXP07,2026-01-05,Treatment,crypto_checkout_starts,202.0
EXP07,2026-01-05,Treatment,checkout_completions,100.0
EXP07,2026-01-06,Control,crypto_checkout_starts,179.0
EXP07,2026-01-06,Control,checkout_completions,94.0
EXP07,2026-01-06,Treatment,crypto_checkout_starts,170.0
EXP07,2026-01-06,Treatment,checkout_completions,88.0
EXP07,2026-01-07,Control,crypto_checkout_starts,195.0
EXP07,2026-01-07,Control,checkout_completions,85.0
EXP07,2026-01-07,Treatment,crypto_checkout_starts,187.0
EXP07,2026-01-07,Treatment,checkout_completions,107.0
EXP07,2026-01-08,Control,crypto_checkout_starts,176.0
EXP07,2026-01-08,Control,checkout_completions,84.0
EXP07,2026-01-08,Treatment,crypto_checkout_starts,203.0
EXP07,2026-01-08,Treatment,checkout_completions,127.0
EXP07,2026-01-09,Control,crypto_checkout_starts,191.0
EXP07,2026-01-09,Control,checkout_completions,79.0
EXP07,2026-01-09,Treatment,crypto_checkout_starts,189.0
EXP07,2026-01-09,Treatment,checkout_completions,96.0
EXP07,2026-01-10,Control,crypto_checkout_starts,192.0
EXP07,2026-01-10,Control,checkout_completions,96.0
EXP07,2026-01-10,Treatment,crypto_checkout_starts,166.0
EXP07,2026-01-10,Treatment,checkout_completions,91.0
EXP07,2026-01-11,Control,crypto_checkout_starts,180.0
EXP07,2026-01-11,Control,checkout_completions,82.0
EXP07,2026-01-11,Treatment,crypto_checkout_starts,193.0
EXP07,2026-01-11,Treatment,checkout_completions,106.0
EXP08,2026-01-12,Control,renewal_attempts,1816.0
EXP08,2026-01-12,Control,first_attempt_declines,219.0
EXP08,2026-01-12,Control,recovered_by_retry,62.0
EXP08,2026-01-12,Treatment,renewal_attempts,1739.0
EXP08,2026-01-12,Treatment,first_attempt_declines,135.0
EXP08,2026-01-12,Treatment,recovered_by_retry,77.0
EXP08,2026-01-13,Control,renewal_attempts,1769.0
EXP08,2026-01-13,Control,first_attempt_declines,208.0
EXP08,2026-01-13,Control,recovered_by_retry,78.0
EXP08,2026-01-13,Treatment,renewal_attempts,1772.0
EXP08,2026-01-13,Treatment,first_attempt_declines,140.0
EXP08,2026-01-13,Treatment,recovered_by_retry,79.0
EXP08,2026-01-14,Control,renewal_attempts,1831.0
EXP08,2026-01-14,Control,first_attempt_declines,205.0
EXP08,2026-01-14,Control,recovered_by_retry,59.0
EXP08,2026-01-14,Treatment,renewal_attempts,1809.0
EXP08,2026-01-14,Treatment,first_attempt_declines,125.0
EXP08,2026-01-14,Treatment,recovered_by_retry,63.0
EXP08,2026-01-15,Control,renewal_attempts,1829.0
EXP08,2026-01-15,Control,first_attempt_declines,249.0
EXP08,2026-01-15,Control,recovered_by_retry,80.0
EXP08,2026-01-15,Treatment,renewal_attempts,1715.0
EXP08,2026-01-15,Treatment,first_attempt_declines,130.0
EXP08,2026-01-15,Treatment,recovered_by_retry,65.0
EXP08,2026-01-16,Control,renewal_attempts,1848.0
EXP08,2026-01-16,Control,first_attempt_declines,224.0
EXP08,2026-01-16,Control,recovered_by_retry,77.0
EXP08,2026-01-16,Treatment,renewal_attempts,1773.0
EXP08,2026-01-16,Treatment,first_attempt_declines,131.0
EXP08,2026-01-16,Treatment,recovered_by_retry,68.0
EXP08,2026-01-17,Control,renewal_attempts,1816.0
EXP08,2026-01-17,Control,first_attempt_declines,246.0
EXP08,2026-01-17,Control,recovered_by_retry,64.0
EXP08,2026-01-17,Treatment,renewal_attempts,1788.0
EXP08,2026-01-17,Treatment,first_attempt_declines,117.0
EXP08,2026-01-17,Treatment,recovered_by_retry,57.0
EXP08,2026-01-18,Control,renewal_attempts,1817.0
EXP08,2026-01-18,Control,first_attempt_declines,217.0
EXP08,2026-01-18,Control,recovered_by_retry,73.0
EXP08,2026-01-18,Treatment,renewal_attempts,1705.0
EXP08,2026-01-18,Treatment,first_attempt_declines,96.0
EXP08,2026-01-18,Treatment,recovered_by_retry,54.0
EXP08,2026-01-19,Control,renewal_attempts,1758.0
EXP08,2026-01-19,Control,first_attempt_declines,227.0
EXP08,2026-01-19,Control,recovered_by_retry,82.0
EXP08,2026-01-19,Treatment,renewal_attempts,1823.0
EXP08,2026-01-19,Treatment,first_attempt_declines,124.0
EXP08,2026-01-19,Treatment,recovered_by_retry,63.0
EXP08,2026-01-20,Control,renewal_attempts,1811.0
EXP08,2026-01-20,Control,first_attempt_declines,248.0
EXP08,2026-01-20,Control,recovered_by_retry,70.0
EXP08,2026-01-20,Treatment,renewal_attempts,1811.0
EXP08,2026-01-20,Treatment,first_attempt_declines,128.0
EXP08,2026-01-20,Treatment,recovered_by_retry,73.0
EXP08,2026-01-21,Control,renewal_attempts,1817.0
EXP08,2026-01-21,Control,first_attempt_declines,212.0
EXP08,2026-01-21,Control,recovered_by_retry,62.0
EXP08,2026-01-21,Treatment,renewal_attempts,1846.0
EXP08,2026-01-21,Treatment,first_attempt_declines,130.0
EXP08,2026-01-21,Treatment,recovered_by_retry,61.0
EXP08,2026-01-22,Control,renewal_attempts,1848.0
EXP08,2026-01-22,Control,first_attempt_declines,204.0
EXP08,2026-01-22,Control,recovered_by_retry,65.0
EXP08,2026-01-22,Treatment,renewal_attempts,1750.0
EXP08,2026-01-22,Treatment,first_attempt_declines,149.0
EXP08,2026-01-22,Treatment,recovered_by_retry,83.0
EXP08,2026-01-23,Control,renewal_attempts,1876.0
EXP08,2026-01-23,Control,first_attempt_declines,235.0
EXP08,2026-01-23,Control,recovered_by_retry,79.0
EXP08,2026-01-23,Treatment,renewal_attempts,1846.0
EXP08,2026-01-23,Treatment,first_attempt_declines,117.0
EXP08,2026-01-23,Treatment,recovered_by_retry,61.0
EXP08,2026-01-24,Control,renewal_attempts,1735.0
EXP08,2026-01-24,Control,first_attempt_declines,235.0
EXP08,2026-01-24,Control,recovered_by_retry,84.0
EXP08,2026-01-24,Treatment,renewal_attempts,1741.0
EXP08,2026-01-24,Treatment,first_attempt_declines,108.0
EXP08,2026-01-24,Treatment,recovered_by_retry,49.0
EXP08,2026-01-25,Control,renewal_attempts,1794.0
EXP08,2026-01-25,Control,first_attempt_declines,219.0
EXP08,2026-01-25,Control,recovered_by_retry,68.0
EXP08,2026-01-25,Treatment,renewal_attempts,1882.0
EXP08,2026-01-25,Treatment,first_attempt_declines,144.0
EXP08,2026-01-25,Treatment,recovered_by_retry,73.0
EXP08,2026-01-26,Control,renewal_attempts,1797.0
EXP08,2026-01-26,Control,first_attempt_declines,230.0
EXP08,2026-01-26,Control,recovered_by_retry,78.0
EXP08,2026-01-26,Treatment,renewal_attempts,1796.0
EXP08,2026-01-26,Treatment,first_attempt_declines,130.0
EXP08,2026-01-26,Treatment,recovered_by_retry,70.0
EXP08,2026-01-27,Control,renewal_attempts,1810.0
EXP08,2026-01-27,Control,first_attempt_declines,250.0
EXP08,2026-01-27,Control,recovered_by_retry,83.0
EXP08,2026-01-27,Treatment,renewal_attempts,1842.0
EXP08,2026-01-27,Treatment,first_attempt_declines,139.0
EXP08,2026-01-27,Treatment,recovered_by_retry,70.0
EXP08,2026-01-28,Control,renewal_attempts,1779.0
EXP08,2026-01-28,Control,first_attempt_declines,207.0
EXP08,2026-01-28,Control,recovered_by_retry,64.0
EXP08,2026-01-28,Treatment,renewal_attempts,1786.0
EXP08,2026-01-28,Treatment,first_attempt_declines,125.0
EXP08,2026-01-28,Treatment,recovered_by_retry,65.0
EXP08,2026-01-29,Control,renewal_attempts,1842.0
EXP08,2026-01-29,Control,first_attempt_declines,249.0
EXP08,2026-01-29,Control,recovered_by_retry,81.0
EXP08,2026-01-29,Treatment,renewal_attempts,1792.0
EXP08,2026-01-29,Treatment,first_attempt_declines,142.0
EXP08,2026-01-29,Treatment,recovered_by_retry,65.0
EXP08,2026-01-30,Control,renewal_attempts,1829.0
EXP08,2026-01-30,Control,first_attempt_declines,224.0
EXP08,2026-01-30,Control,recovered_by_retry,73.0
EXP08,2026-01-30,Treatment,renewal_attempts,1742.0
EXP08,2026-01-30,Treatment,first_attempt_declines,102.0
EXP08,2026-01-30,Treatment,recovered_by_retry,49.0
EXP08,2026-01-31,Control,renewal_attempts,1771.0
EXP08,2026-01-31,Control,first_attempt_declines,244.0
EXP08,2026-01-31,Control,recovered_by_retry,80.0
EXP08,2026-01-31,Treatment,renewal_attempts,1855.0
EXP08,2026-01-31,Treatment,first_attempt_declines,125.0
EXP08,2026-01-31,Treatment,recovered_by_retry,58.0
EXP08,2026-02-01,Control,renewal_attempts,1764.0
EXP08,2026-02-01,Control,first_attempt_declines,226.0
EXP08,2026-02-01,Control,recovered_by_retry,60.0
EXP08,2026-02-01,Treatment,renewal_attempts,1815.0
EXP08,2026-02-01,Treatment,first_attempt_declines,126.0
EXP08,2026-02-01,Treatment,recovered_by_retry,54.0
EXP08,2026-02-02,Control,renewal_attempts,1849.0
EXP08,2026-02-02,Control,first_attempt_declines,251.0
EXP08,2026-02-02,Control,recovered_by_retry,72.0
EXP08,2026-02-02,Treatment,renewal_attempts,1780.0
EXP08,2026-02-02,Treatment,first_attempt_declines,115.0
EXP08,2026-02-02,Treatment,recovered_by_retry,52.0
EXP08,2026-02-03,Control,renewal_attempts,1860.0
EXP08,2026-02-03,Control,first_attempt_declines,245.0
EXP08,2026-02-03,Control,recovered_by_retry,68.0
EXP08,2026-02-03,Treatment,renewal_attempts,1823.0
EXP08,2026-02-03,Treatment,first_attempt_declines,135.0
EXP08,2026-02-03,Treatment,recovered_by_retry,67.0
EXP08,2026-02-04,Control,renewal_attempts,1808.0
EXP08,2026-02-04,Control,first_attempt_declines,230.0
EXP08,2026-02-04,Control,recovered_by_retry,67.0
EXP08,2026-02-04,Treatment,renewal_attempts,1667.0
EXP08,2026-02-04,Treatment,first_attempt_declines,131.0
EXP08,2026-02-04,Treatment,recovered_by_retry,72.0
EXP08,2026-02-05,Control,renewal_attempts,1751.0
EXP08,2026-02-05,Control,first_attempt_declines,239.0
EXP08,2026-02-05,Control,recovered_by_retry,84.0
EXP08,2026-02-05,Treatment,renewal_attempts,1782.0
EXP08,2026-02-05,Treatment,first_attempt_declines,116.0
EXP08,2026-02-05,Treatment,recovered_by_retry,50.0
EXP08,2026-02-06,Control,renewal_attempts,1760.0
EXP08,2026-02-06,Control,first_attempt_declines,235.0
EXP08,2026-02-06,Control,recovered_by_retry,72.0
EXP08,2026-02-06,Treatment,renewal_attempts,1741.0
EXP08,2026-02-06,Treatment,first_attempt_declines,118.0
EXP08,2026-02-06,Treatment,recovered_by_retry,58.0
EXP08,2026-02-07,Control,renewal_attempts,1847.0
EXP08,2026-02-07,Control,first_attempt_declines,207.0
EXP08,2026-02-07,Control,recovered_by_retry,60.0
EXP08,2026-02-07,Treatment,renewal_attempts,1795.0
EXP08,2026-02-07,Treatment,first_attempt_declines,120.0
EXP08,2026-02-07,Treatment,recovered_by_retry,71.0
EXP08,2026-02-08,Control,renewal_attempts,1780.0
EXP08,2026-02-08,Control,first_attempt_declines,205.0
EXP08,2026-02-08,Control,recovered_by_retry,53.0
EXP08,2026-02-08,Treatment,renewal_attempts,1826.0
EXP08,2026-02-08,Treatment,first_attempt_declines,124.0
EXP08,2026-02-08,Treatment,recovered_by_retry,69.0
EXP09,2026-03-09,Control,paywall_viewers,15437.0
EXP09,2026-03-09,Control,paid_conversions,1304.0
EXP09,2026-03-09,Control,token_buyers_30d,121.0
EXP09,2026-03-09,Treatment,paywall_viewers,15304.0
EXP09,2026-03-09,Treatment,paid_conversions,1312.0
EXP09,2026-03-09,Treatment,token_buyers_30d,157.0
EXP09,2026-03-10,Control,paywall_viewers,15533.0
EXP09,2026-03-10,Control,paid_conversions,1289.0
EXP09,2026-03-10,Control,token_buyers_30d,130.0
EXP09,2026-03-10,Treatment,paywall_viewers,15365.0
EXP09,2026-03-10,Treatment,paid_conversions,1266.0
EXP09,2026-03-10,Treatment,token_buyers_30d,174.0
EXP09,2026-03-11,Control,paywall_viewers,15344.0
EXP09,2026-03-11,Control,paid_conversions,1278.0
EXP09,2026-03-11,Control,token_buyers_30d,144.0
EXP09,2026-03-11,Treatment,paywall_viewers,15628.0
EXP09,2026-03-11,Treatment,paid_conversions,1336.0
EXP09,2026-03-11,Treatment,token_buyers_30d,167.0
EXP09,2026-03-12,Control,paywall_viewers,15380.0
EXP09,2026-03-12,Control,paid_conversions,1345.0
EXP09,2026-03-12,Control,token_buyers_30d,137.0
EXP09,2026-03-12,Treatment,paywall_viewers,15402.0
EXP09,2026-03-12,Treatment,paid_conversions,1338.0
EXP09,2026-03-12,Treatment,token_buyers_30d,147.0
EXP09,2026-03-13,Control,paywall_viewers,15473.0
EXP09,2026-03-13,Control,paid_conversions,1303.0
EXP09,2026-03-13,Control,token_buyers_30d,126.0
EXP09,2026-03-13,Treatment,paywall_viewers,15555.0
EXP09,2026-03-13,Treatment,paid_conversions,1366.0
EXP09,2026-03-13,Treatment,token_buyers_30d,172.0
EXP09,2026-03-14,Control,paywall_viewers,15515.0
EXP09,2026-03-14,Control,paid_conversions,1349.0
EXP09,2026-03-14,Control,token_buyers_30d,133.0
EXP09,2026-03-14,Treatment,paywall_viewers,15693.0
EXP09,2026-03-14,Treatment,paid_conversions,1343.0
EXP09,2026-03-14,Treatment,token_buyers_30d,142.0
EXP09,2026-03-15,Control,paywall_viewers,15632.0
EXP09,2026-03-15,Control,paid_conversions,1353.0
EXP09,2026-03-15,Control,token_buyers_30d,144.0
EXP09,2026-03-15,Treatment,paywall_viewers,15659.0
EXP09,2026-03-15,Treatment,paid_conversions,1321.0
EXP09,2026-03-15,Treatment,token_buyers_30d,147.0
EXP09,2026-03-16,Control,paywall_viewers,15509.0
EXP09,2026-03-16,Control,paid_conversions,1330.0
EXP09,2026-03-16,Control,token_buyers_30d,133.0
EXP09,2026-03-16,Treatment,paywall_viewers,15547.0
EXP09,2026-03-16,Treatment,paid_conversions,1339.0
EXP09,2026-03-16,Treatment,token_buyers_30d,139.0
EXP09,2026-03-17,Control,paywall_viewers,15643.0
EXP09,2026-03-17,Control,paid_conversions,1349.0
EXP09,2026-03-17,Control,token_buyers_30d,143.0
EXP09,2026-03-17,Treatment,paywall_viewers,15609.0
EXP09,2026-03-17,Treatment,paid_conversions,1416.0
EXP09,2026-03-17,Treatment,token_buyers_30d,164.0
EXP09,2026-03-18,Control,paywall_viewers,15560.0
EXP09,2026-03-18,Control,paid_conversions,1325.0
EXP09,2026-03-18,Control,token_buyers_30d,134.0
EXP09,2026-03-18,Treatment,paywall_viewers,15462.0
EXP09,2026-03-18,Treatment,paid_conversions,1354.0
EXP09,2026-03-18,Treatment,token_buyers_30d,131.0
EXP09,2026-03-19,Control,paywall_viewers,15585.0
EXP09,2026-03-19,Control,paid_conversions,1396.0
EXP09,2026-03-19,Control,token_buyers_30d,156.0
EXP09,2026-03-19,Treatment,paywall_viewers,15475.0
EXP09,2026-03-19,Treatment,paid_conversions,1312.0
EXP09,2026-03-19,Treatment,token_buyers_30d,163.0
EXP09,2026-03-20,Control,paywall_viewers,15621.0
EXP09,2026-03-20,Control,paid_conversions,1373.0
EXP09,2026-03-20,Control,token_buyers_30d,145.0
EXP09,2026-03-20,Treatment,paywall_viewers,15280.0
EXP09,2026-03-20,Treatment,paid_conversions,1284.0
EXP09,2026-03-20,Treatment,token_buyers_30d,138.0
EXP09,2026-03-21,Control,paywall_viewers,15498.0
EXP09,2026-03-21,Control,paid_conversions,1305.0
EXP09,2026-03-21,Control,token_buyers_30d,112.0
EXP09,2026-03-21,Treatment,paywall_viewers,15613.0
EXP09,2026-03-21,Treatment,paid_conversions,1363.0
EXP09,2026-03-21,Treatment,token_buyers_30d,135.0
EXP09,2026-03-22,Control,paywall_viewers,15505.0
EXP09,2026-03-22,Control,paid_conversions,1307.0
EXP09,2026-03-22,Control,token_buyers_30d,147.0
EXP09,2026-03-22,Treatment,paywall_viewers,15301.0
EXP09,2026-03-22,Treatment,paid_conversions,1321.0
EXP09,2026-03-22,Treatment,token_buyers_30d,132.0
EXP09,2026-03-23,Control,paywall_viewers,15467.0
EXP09,2026-03-23,Control,paid_conversions,1339.0
EXP09,2026-03-23,Control,token_buyers_30d,149.0
EXP09,2026-03-23,Treatment,paywall_viewers,15618.0
EXP09,2026-03-23,Treatment,paid_conversions,1366.0
EXP09,2026-03-23,Treatment,token_buyers_30d,161.0
EXP09,2026-03-24,Control,paywall_viewers,15536.0
EXP09,2026-03-24,Control,paid_conversions,1287.0
EXP09,2026-03-24,Control,token_buyers_30d,142.0
EXP09,2026-03-24,Treatment,paywall_viewers,15428.0
EXP09,2026-03-24,Treatment,paid_conversions,1347.0
EXP09,2026-03-24,Treatment,token_buyers_30d,127.0
EXP09,2026-03-25,Control,paywall_viewers,15696.0
EXP09,2026-03-25,Control,paid_conversions,1324.0
EXP09,2026-03-25,Control,token_buyers_30d,142.0
EXP09,2026-03-25,Treatment,paywall_viewers,15473.0
EXP09,2026-03-25,Treatment,paid_conversions,1321.0
EXP09,2026-03-25,Treatment,token_buyers_30d,178.0
EXP09,2026-03-26,Control,paywall_viewers,15439.0
EXP09,2026-03-26,Control,paid_conversions,1337.0
EXP09,2026-03-26,Control,token_buyers_30d,139.0
EXP09,2026-03-26,Treatment,paywall_viewers,15261.0
EXP09,2026-03-26,Treatment,paid_conversions,1333.0
EXP09,2026-03-26,Treatment,token_buyers_30d,158.0
EXP09,2026-03-27,Control,paywall_viewers,15567.0
EXP09,2026-03-27,Control,paid_conversions,1257.0
EXP09,2026-03-27,Control,token_buyers_30d,135.0
EXP09,2026-03-27,Treatment,paywall_viewers,15350.0
EXP09,2026-03-27,Treatment,paid_conversions,1330.0
EXP09,2026-03-27,Treatment,token_buyers_30d,157.0
EXP09,2026-03-28,Control,paywall_viewers,15557.0
EXP09,2026-03-28,Control,paid_conversions,1284.0
EXP09,2026-03-28,Control,token_buyers_30d,138.0
EXP09,2026-03-28,Treatment,paywall_viewers,15450.0
EXP09,2026-03-28,Treatment,paid_conversions,1303.0
EXP09,2026-03-28,Treatment,token_buyers_30d,173.0
EXP09,2026-03-29,Control,paywall_viewers,15404.0
EXP09,2026-03-29,Control,paid_conversions,1316.0
EXP09,2026-03-29,Control,token_buyers_30d,125.0
EXP09,2026-03-29,Treatment,paywall_viewers,15578.0
EXP09,2026-03-29,Treatment,paid_conversions,1415.0
EXP09,2026-03-29,Treatment,token_buyers_30d,175.0
EXP09,2026-03-30,Control,paywall_viewers,15201.0
EXP09,2026-03-30,Control,paid_conversions,1317.0
EXP09,2026-03-30,Control,token_buyers_30d,149.0
EXP09,2026-03-30,Treatment,paywall_viewers,15443.0
EXP09,2026-03-30,Treatment,paid_conversions,1337.0
EXP09,2026-03-30,Treatment,token_buyers_30d,149.0
EXP09,2026-03-31,Control,paywall_viewers,15419.0
EXP09,2026-03-31,Control,paid_conversions,1298.0
EXP09,2026-03-31,Control,token_buyers_30d,134.0
EXP09,2026-03-31,Treatment,paywall_viewers,15502.0
EXP09,2026-03-31,Treatment,paid_conversions,1336.0
EXP09,2026-03-31,Treatment,token_buyers_30d,151.0
EXP09,2026-04-01,Control,paywall_viewers,15603.0
EXP09,2026-04-01,Control,paid_conversions,1345.0
EXP09,2026-04-01,Control,token_buyers_30d,148.0
EXP09,2026-04-01,Treatment,paywall_viewers,15574.0
EXP09,2026-04-01,Treatment,paid_conversions,1298.0
EXP09,2026-04-01,Treatment,token_buyers_30d,134.0
EXP09,2026-04-02,Control,paywall_viewers,15481.0
EXP09,2026-04-02,Control,paid_conversions,1310.0
EXP09,2026-04-02,Control,token_buyers_30d,143.0
EXP09,2026-04-02,Treatment,paywall_viewers,15546.0
EXP09,2026-04-02,Treatment,paid_conversions,1249.0
EXP09,2026-04-02,Treatment,token_buyers_30d,142.0
EXP09,2026-04-03,Control,paywall_viewers,15508.0
EXP09,2026-04-03,Control,paid_conversions,1306.0
EXP09,2026-04-03,Control,token_buyers_30d,133.0
EXP09,2026-04-03,Treatment,paywall_viewers,15254.0
EXP09,2026-04-03,Treatment,paid_conversions,1255.0
EXP09,2026-04-03,Treatment,token_buyers_30d,120.0
EXP09,2026-04-04,Control,paywall_viewers,15649.0
EXP09,2026-04-04,Control,paid_conversions,1326.0
EXP09,2026-04-04,Control,token_buyers_30d,142.0
EXP09,2026-04-04,Treatment,paywall_viewers,15338.0
EXP09,2026-04-04,Treatment,paid_conversions,1298.0
EXP09,2026-04-04,Treatment,token_buyers_30d,159.0
EXP09,2026-04-05,Control,paywall_viewers,15631.0
EXP09,2026-04-05,Control,paid_conversions,1350.0
EXP09,2026-04-05,Control,token_buyers_30d,130.0
EXP09,2026-04-05,Treatment,paywall_viewers,15420.0
EXP09,2026-04-05,Treatment,paid_conversions,1314.0
EXP09,2026-04-05,Treatment,token_buyers_30d,141.0
EXP10,2026-07-13,Control,paywall_viewers,18039.0
EXP10,2026-07-13,Control,paid_conversions,1636.0
EXP10,2026-07-13,Control,first_payment_net_usd,44433.51
EXP10,2026-07-13,Treatment,paywall_viewers,18147.0
EXP10,2026-07-13,Treatment,paid_conversions,1647.0
EXP10,2026-07-13,Treatment,first_payment_net_usd,41856.72
EXP10,2026-07-14,Control,paywall_viewers,18153.0
EXP10,2026-07-14,Control,paid_conversions,1681.0
EXP10,2026-07-14,Control,first_payment_net_usd,42752.48
EXP10,2026-07-14,Treatment,paywall_viewers,18032.0
EXP10,2026-07-14,Treatment,paid_conversions,1639.0
EXP10,2026-07-14,Treatment,first_payment_net_usd,39870.42
EXP10,2026-07-15,Control,paywall_viewers,17858.0
EXP10,2026-07-15,Control,paid_conversions,1673.0
EXP10,2026-07-15,Control,first_payment_net_usd,42746.4
EXP10,2026-07-15,Treatment,paywall_viewers,18046.0
EXP10,2026-07-15,Treatment,paid_conversions,1667.0
EXP10,2026-07-15,Treatment,first_payment_net_usd,42667.28
EXP10,2026-07-16,Control,paywall_viewers,17736.0
EXP10,2026-07-16,Control,paid_conversions,1601.0
EXP10,2026-07-16,Control,first_payment_net_usd,42188.3
EXP10,2026-07-16,Treatment,paywall_viewers,18223.0
EXP10,2026-07-16,Treatment,paid_conversions,1613.0
EXP10,2026-07-16,Treatment,first_payment_net_usd,41427.48
EXP10,2026-07-17,Control,paywall_viewers,17938.0
EXP10,2026-07-17,Control,paid_conversions,1566.0
EXP10,2026-07-17,Control,first_payment_net_usd,39447.16
EXP10,2026-07-17,Treatment,paywall_viewers,18059.0
EXP10,2026-07-17,Treatment,paid_conversions,1686.0
EXP10,2026-07-17,Treatment,first_payment_net_usd,45819.32
EXP10,2026-07-18,Control,paywall_viewers,18052.0
EXP10,2026-07-18,Control,paid_conversions,1623.0
EXP10,2026-07-18,Control,first_payment_net_usd,44580.81
EXP10,2026-07-18,Treatment,paywall_viewers,18033.0
EXP10,2026-07-18,Treatment,paid_conversions,1769.0
EXP10,2026-07-18,Treatment,first_payment_net_usd,47038.24
EXP10,2026-07-19,Control,paywall_viewers,17862.0
EXP10,2026-07-19,Control,paid_conversions,1599.0
EXP10,2026-07-19,Control,first_payment_net_usd,39876.47
EXP10,2026-07-19,Treatment,paywall_viewers,17860.0
EXP10,2026-07-19,Treatment,paid_conversions,1700.0
EXP10,2026-07-19,Treatment,first_payment_net_usd,42577.61
EXP10,2026-07-20,Control,paywall_viewers,17795.0
EXP10,2026-07-20,Control,paid_conversions,1576.0
EXP10,2026-07-20,Control,first_payment_net_usd,39245.03
EXP10,2026-07-20,Treatment,paywall_viewers,18062.0
EXP10,2026-07-20,Treatment,paid_conversions,1649.0
EXP10,2026-07-20,Treatment,first_payment_net_usd,43109.0
EXP10,2026-07-21,Control,paywall_viewers,17762.0
EXP10,2026-07-21,Control,paid_conversions,1631.0
EXP10,2026-07-21,Control,first_payment_net_usd,44083.2
EXP10,2026-07-21,Treatment,paywall_viewers,17983.0
EXP10,2026-07-21,Treatment,paid_conversions,1584.0
EXP10,2026-07-21,Treatment,first_payment_net_usd,41279.02
EXP10,2026-07-22,Control,paywall_viewers,18092.0
EXP10,2026-07-22,Control,paid_conversions,1681.0
EXP10,2026-07-22,Control,first_payment_net_usd,41409.99
EXP10,2026-07-22,Treatment,paywall_viewers,17979.0
EXP10,2026-07-22,Treatment,paid_conversions,1670.0
EXP10,2026-07-22,Treatment,first_payment_net_usd,41410.46
EXP10,2026-07-23,Control,paywall_viewers,17921.0
EXP10,2026-07-23,Control,paid_conversions,1645.0
EXP10,2026-07-23,Control,first_payment_net_usd,41149.65
EXP10,2026-07-23,Treatment,paywall_viewers,18097.0
EXP10,2026-07-23,Treatment,paid_conversions,1758.0
EXP10,2026-07-23,Treatment,first_payment_net_usd,44380.08
EXP10,2026-07-24,Control,paywall_viewers,18139.0
EXP10,2026-07-24,Control,paid_conversions,1699.0
EXP10,2026-07-24,Control,first_payment_net_usd,45081.81
EXP10,2026-07-24,Treatment,paywall_viewers,18040.0
EXP10,2026-07-24,Treatment,paid_conversions,1751.0
EXP10,2026-07-24,Treatment,first_payment_net_usd,40776.94
EXP10,2026-07-25,Control,paywall_viewers,18053.0
EXP10,2026-07-25,Control,paid_conversions,1591.0
EXP10,2026-07-25,Control,first_payment_net_usd,40719.07
EXP10,2026-07-25,Treatment,paywall_viewers,18091.0
EXP10,2026-07-25,Treatment,paid_conversions,1679.0
EXP10,2026-07-25,Treatment,first_payment_net_usd,43305.34
EXP10,2026-07-26,Control,paywall_viewers,18009.0
EXP10,2026-07-26,Control,paid_conversions,1738.0
EXP10,2026-07-26,Control,first_payment_net_usd,47621.52
EXP10,2026-07-26,Treatment,paywall_viewers,18212.0
EXP10,2026-07-26,Treatment,paid_conversions,1702.0
EXP10,2026-07-26,Treatment,first_payment_net_usd,44070.61
EXP10,2026-07-27,Control,paywall_viewers,18033.0
EXP10,2026-07-27,Control,paid_conversions,1666.0
EXP10,2026-07-27,Control,first_payment_net_usd,42622.89
EXP10,2026-07-27,Treatment,paywall_viewers,18197.0
EXP10,2026-07-27,Treatment,paid_conversions,1697.0
EXP10,2026-07-27,Treatment,first_payment_net_usd,42384.62
EXP10,2026-07-28,Control,paywall_viewers,18175.0
EXP10,2026-07-28,Control,paid_conversions,1707.0
EXP10,2026-07-28,Control,first_payment_net_usd,44386.78
EXP10,2026-07-28,Treatment,paywall_viewers,18083.0
EXP10,2026-07-28,Treatment,paid_conversions,1730.0
EXP10,2026-07-28,Treatment,first_payment_net_usd,47606.66
EXP10,2026-07-29,Control,paywall_viewers,18111.0
EXP10,2026-07-29,Control,paid_conversions,1640.0
EXP10,2026-07-29,Control,first_payment_net_usd,38235.24
EXP10,2026-07-29,Treatment,paywall_viewers,18089.0
EXP10,2026-07-29,Treatment,paid_conversions,1727.0
EXP10,2026-07-29,Treatment,first_payment_net_usd,42370.31
EXP10,2026-07-30,Control,paywall_viewers,17810.0
EXP10,2026-07-30,Control,paid_conversions,1714.0
EXP10,2026-07-30,Control,first_payment_net_usd,44448.5
EXP10,2026-07-30,Treatment,paywall_viewers,18003.0
EXP10,2026-07-30,Treatment,paid_conversions,1695.0
EXP10,2026-07-30,Treatment,first_payment_net_usd,41377.15
EXP10,2026-07-31,Control,paywall_viewers,17849.0
EXP10,2026-07-31,Control,paid_conversions,1603.0
EXP10,2026-07-31,Control,first_payment_net_usd,44448.4
EXP10,2026-07-31,Treatment,paywall_viewers,18114.0
EXP10,2026-07-31,Treatment,paid_conversions,1714.0
EXP10,2026-07-31,Treatment,first_payment_net_usd,41660.19
EXP10,2026-08-01,Control,paywall_viewers,17906.0
EXP10,2026-08-01,Control,paid_conversions,1625.0
EXP10,2026-08-01,Control,first_payment_net_usd,41155.01
EXP10,2026-08-01,Treatment,paywall_viewers,18010.0
EXP10,2026-08-01,Treatment,paid_conversions,1695.0
EXP10,2026-08-01,Treatment,first_payment_net_usd,45917.11
EXP10,2026-08-02,Control,paywall_viewers,17999.0
EXP10,2026-08-02,Control,paid_conversions,1654.0
EXP10,2026-08-02,Control,first_payment_net_usd,41621.78
EXP10,2026-08-02,Treatment,paywall_viewers,18006.0
EXP10,2026-08-02,Treatment,paid_conversions,1736.0
EXP10,2026-08-02,Treatment,first_payment_net_usd,41052.1
EXP10,2026-08-03,Control,paywall_viewers,18198.0
EXP10,2026-08-03,Control,paid_conversions,1518.0
EXP10,2026-08-03,Control,first_payment_net_usd,37053.48
EXP10,2026-08-03,Treatment,paywall_viewers,18002.0
EXP10,2026-08-03,Treatment,paid_conversions,1635.0
EXP10,2026-08-03,Treatment,first_payment_net_usd,44260.48
EXP10,2026-08-04,Control,paywall_viewers,18126.0
EXP10,2026-08-04,Control,paid_conversions,1683.0
EXP10,2026-08-04,Control,first_payment_net_usd,43469.4
EXP10,2026-08-04,Treatment,paywall_viewers,17705.0
EXP10,2026-08-04,Treatment,paid_conversions,1722.0
EXP10,2026-08-04,Treatment,first_payment_net_usd,44526.99
EXP10,2026-08-05,Control,paywall_viewers,17837.0
EXP10,2026-08-05,Control,paid_conversions,1591.0
EXP10,2026-08-05,Control,first_payment_net_usd,43465.73
EXP10,2026-08-05,Treatment,paywall_viewers,18063.0
EXP10,2026-08-05,Treatment,paid_conversions,1742.0
EXP10,2026-08-05,Treatment,first_payment_net_usd,43980.23
EXP10,2026-08-06,Control,paywall_viewers,18162.0
EXP10,2026-08-06,Control,paid_conversions,1702.0
EXP10,2026-08-06,Control,first_payment_net_usd,47312.16
EXP10,2026-08-06,Treatment,paywall_viewers,17963.0
EXP10,2026-08-06,Treatment,paid_conversions,1662.0
EXP10,2026-08-06,Treatment,first_payment_net_usd,42123.92
EXP10,2026-08-07,Control,paywall_viewers,18050.0
EXP10,2026-08-07,Control,paid_conversions,1632.0
EXP10,2026-08-07,Control,first_payment_net_usd,43461.58
EXP10,2026-08-07,Treatment,paywall_viewers,17823.0
EXP10,2026-08-07,Treatment,paid_conversions,1739.0
EXP10,2026-08-07,Treatment,first_payment_net_usd,43618.45
EXP10,2026-08-08,Control,paywall_viewers,18259.0
EXP10,2026-08-08,Control,paid_conversions,1685.0
EXP10,2026-08-08,Control,first_payment_net_usd,44155.62
EXP10,2026-08-08,Treatment,paywall_viewers,18124.0
EXP10,2026-08-08,Treatment,paid_conversions,1749.0
EXP10,2026-08-08,Treatment,first_payment_net_usd,47182.26
EXP10,2026-08-09,Control,paywall_viewers,18055.0
EXP10,2026-08-09,Control,paid_conversions,1620.0
EXP10,2026-08-09,Control,first_payment_net_usd,41474.09
EXP10,2026-08-09,Treatment,paywall_viewers,18118.0
EXP10,2026-08-09,Treatment,paid_conversions,1738.0
EXP10,2026-08-09,Treatment,first_payment_net_usd,43213.7
