month,country_code,txn_type,product_id,transactions,gross_usd,tax_usd,net_usd,processing_fees_usd
2024-01,AU,New subscription,P12M,42,3018.96,274.41,2744.55,168.99
2024-01,AU,New subscription,P1M,125,1623.75,147.56,1476.19,125.21
2024-01,AU,New subscription,P3M,35,1048.95,95.3,953.65,61.94
2024-01,AU,Refund - subscription,P12M,3,-215.64,-19.59,-196.05,0.0
2024-01,AU,Refund - subscription,P1M,4,-51.96,-4.72,-47.24,0.0
2024-01,AU,Refund - subscription,P3M,2,-59.94,-5.44,-54.5,0.0
2024-01,AU,Refund - token pack,TP600,1,-49.99,-4.54,-45.45,0.0
2024-01,AU,Renewal,P1M,91,1182.09,107.39,1074.7,95.61
2024-01,AU,Renewal,P3M,5,149.85,13.6,136.25,10.5
2024-01,AU,Token pack,TP100,4,39.96,3.64,36.32,3.6
2024-01,AU,Token pack,TP1300,4,399.96,36.36,363.6,25.2
2024-01,AU,Token pack,TP275,4,99.96,9.08,90.88,7.2
2024-01,AU,Token pack,TP2800,2,399.98,36.36,363.62,24.6
2024-01,AU,Token pack,TP600,6,299.94,27.24,272.7,17.25
2024-01,BR,New subscription,P12M,46,3306.48,157.46,3149.02,190.96
2024-01,BR,New subscription,P1M,72,935.28,44.59,890.69,67.09
2024-01,BR,New subscription,P3M,38,1138.86,54.23,1084.63,68.22
2024-01,BR,Refund - subscription,P1M,2,-25.98,-1.24,-24.74,0.0
2024-01,BR,Renewal,P1M,62,805.38,38.41,766.97,57.18
2024-01,BR,Renewal,P3M,3,89.91,4.29,85.62,4.65
2024-01,BR,Token pack,TP100,6,59.94,2.88,57.06,4.65
2024-01,BR,Token pack,TP1300,2,199.98,9.52,190.46,12.6
2024-01,BR,Token pack,TP275,3,74.97,3.57,71.4,2.54
2024-01,BR,Token pack,TP600,3,149.97,7.14,142.83,7.35
2024-01,CA,New subscription,P12M,59,4240.92,487.93,3752.99,250.95
2024-01,CA,New subscription,P1M,141,1831.59,210.72,1620.87,141.61
2024-01,CA,New subscription,P3M,64,1918.08,220.7,1697.38,114.53
2024-01,CA,Refund - subscription,P12M,3,-215.64,-24.81,-190.83,0.0
2024-01,CA,Refund - subscription,P1M,3,-38.97,-4.47,-34.5,0.0
2024-01,CA,Refund - subscription,P3M,2,-59.94,-6.9,-53.04,0.0
2024-01,CA,Renewal,P12M,1,71.88,8.27,63.61,1.08
2024-01,CA,Renewal,P1M,97,1260.03,144.92,1115.11,97.67
2024-01,CA,Renewal,P3M,9,269.73,31.05,238.68,18.9
2024-01,CA,Token pack,TP100,16,159.84,18.4,141.44,13.65
2024-01,CA,Token pack,TP1300,3,299.97,34.5,265.47,18.9
2024-01,CA,Token pack,TP275,6,149.94,17.22,132.72,10.8
2024-01,CA,Token pack,TP2800,2,399.98,46.02,353.96,24.6
2024-01,CA,Token pack,TP600,1,49.99,5.75,44.24,3.3
2024-01,CH,New subscription,P12M,21,1646.82,123.43,1523.39,83.96
2024-01,CH,New subscription,P1M,49,694.41,52.02,642.39,48.93
2024-01,CH,New subscription,P3M,10,327.0,24.5,302.5,19.84
2024-01,CH,Refund - subscription,P1M,3,-42.51,-3.18,-39.33,0.0
2024-01,CH,Refund - token pack,TP600,1,-54.54,-4.09,-50.45,0.0
2024-01,CH,Renewal,P12M,2,156.84,11.76,145.08,5.84
2024-01,CH,Renewal,P1M,36,510.15,38.19,471.96,37.92
2024-01,CH,Renewal,P3M,1,32.7,2.45,30.25,2.15
2024-01,CH,Token pack,TP100,3,32.7,2.46,30.24,2.06
2024-01,CH,Token pack,TP275,4,109.05,8.17,100.88,7.4
2024-01,CH,Token pack,TP600,1,54.54,4.09,50.45,3.35
2024-01,DE,New subscription,P12M,108,8469.42,1352.22,7117.2,461.82
2024-01,DE,New subscription,P1M,264,3741.44,597.35,3144.06,277.12
2024-01,DE,New subscription,P3M,67,2190.69,349.74,1840.95,130.74
2024-01,DE,Refund - subscription,P12M,5,-392.1,-62.6,-329.5,0.0
2024-01,DE,Refund - subscription,P1M,13,-184.21,-29.4,-154.83,0.0
2024-01,DE,Refund - subscription,P3M,1,-32.7,-5.22,-27.48,0.0
2024-01,DE,Renewal,P12M,2,156.84,25.04,131.8,9.32
2024-01,DE,Renewal,P1M,181,2565.14,409.54,2155.65,193.48
2024-01,DE,Renewal,P3M,22,719.34,114.84,604.5,47.3
2024-01,DE,Token pack,TP100,27,294.3,46.98,247.32,24.07
2024-01,DE,Token pack,TP1300,8,872.72,139.36,733.36,46.09
2024-01,DE,Token pack,TP275,11,299.89,47.88,252.01,18.91
2024-01,DE,Token pack,TP2800,4,872.76,139.36,733.4,49.4
2024-01,DE,Token pack,TP600,8,436.32,69.68,366.64,26.8
2024-01,ES,New subscription,P12M,39,3058.38,530.79,2527.59,167.9
2024-01,ES,New subscription,P1M,93,1317.97,228.78,1089.2,93.14
2024-01,ES,New subscription,P3M,34,1111.68,192.91,918.8,66.45
2024-01,ES,Refund - subscription,P12M,1,-78.42,-13.61,-64.81,0.0
2024-01,ES,Refund - subscription,P1M,5,-70.85,-12.3,-58.55,0.0
2024-01,ES,Refund - subscription,P3M,3,-98.09,-17.02,-81.07,0.0
2024-01,ES,Refund - token pack,TP100,1,-10.9,-1.89,-9.01,0.0
2024-01,ES,Renewal,P12M,1,78.42,13.61,64.81,4.66
2024-01,ES,Renewal,P1M,84,1190.44,206.64,983.81,87.56
2024-01,ES,Renewal,P3M,10,327.0,56.7,270.2,21.5
2024-01,ES,Token pack,TP100,9,98.1,17.01,81.09,8.55
2024-01,ES,Token pack,TP1300,2,218.18,37.86,180.32,12.7
2024-01,ES,Token pack,TP275,2,54.52,9.46,45.06,3.7
2024-01,ES,Token pack,TP2800,1,218.19,37.87,180.32,12.35
2024-01,ES,Token pack,TP600,2,109.08,18.94,90.14,6.7
2024-01,FR,New subscription,P12M,52,4077.87,679.64,3398.22,225.03
2024-01,FR,New subscription,P1M,125,1771.5,295.25,1476.25,129.29
2024-01,FR,New subscription,P3M,45,1471.37,245.25,1226.2,86.79
2024-01,FR,Refund - subscription,P12M,3,-235.26,-39.21,-196.05,0.0
2024-01,FR,Refund - subscription,P1M,3,-42.51,-7.08,-35.43,0.0
2024-01,FR,Refund - subscription,P3M,3,-98.09,-16.35,-81.75,0.0
2024-01,FR,Renewal,P12M,2,156.84,26.14,130.7,9.32
2024-01,FR,Renewal,P1M,104,1473.86,245.62,1228.24,105.56
2024-01,FR,Renewal,P3M,9,294.3,49.05,245.25,17.69
2024-01,FR,Token pack,TP100,8,87.2,14.56,72.64,7.6
2024-01,FR,Token pack,TP1300,4,436.36,72.72,363.64,25.4
2024-01,FR,Token pack,TP275,6,163.57,27.25,136.32,11.1
2024-01,FR,Token pack,TP2800,3,654.57,109.08,545.46,37.05
2024-01,FR,Token pack,TP600,4,218.16,36.36,181.8,13.4
2024-01,GB,New subscription,P12M,99,9044.64,1507.42,7537.15,460.01
2024-01,GB,New subscription,P1M,255,4210.05,701.72,3508.44,301.62
2024-01,GB,New subscription,P3M,81,3085.47,514.28,2571.2,186.87
2024-01,GB,Refund - subscription,P12M,2,-182.72,-30.46,-152.26,0.0
2024-01,GB,Refund - subscription,P1M,17,-280.67,-46.77,-233.92,0.0
2024-01,GB,Refund - subscription,P3M,3,-114.27,-19.05,-95.22,0.0
2024-01,GB,Refund - token pack,TP100,1,-12.7,-2.12,-10.58,0.0
2024-01,GB,Refund - token pack,TP1300,1,-127.09,-21.18,-105.91,0.0
2024-01,GB,Renewal,P12M,5,456.8,76.15,380.65,26.85
2024-01,GB,Renewal,P1M,233,3846.83,641.14,3205.77,278.98
2024-01,GB,Renewal,P3M,24,914.18,152.4,761.85,56.84
2024-01,GB,Token pack,TP100,24,304.72,50.8,253.92,21.76
2024-01,GB,Token pack,TP1300,6,762.53,127.08,635.45,33.18
2024-01,GB,Token pack,TP275,13,412.88,68.77,344.11,25.68
2024-01,GB,Token pack,TP2800,6,1525.13,254.17,1270.93,75.46
2024-01,GB,Token pack,TP600,10,635.37,105.9,529.5,35.54
2024-01,IN,New subscription,P12M,28,2012.64,306.96,1705.68,115.02
2024-01,IN,New subscription,P1M,46,597.54,91.09,506.45,43.46
2024-01,IN,New subscription,P3M,24,719.28,109.69,609.59,48.74
2024-01,IN,Renewal,P12M,2,143.76,21.92,121.84,9.22
2024-01,IN,Renewal,P1M,32,415.68,63.37,352.31,32.78
2024-01,IN,Renewal,P3M,4,119.88,18.28,101.6,5.1
2024-01,IN,Token pack,TP100,2,19.98,3.04,16.94,1.8
2024-01,IN,Token pack,TP275,4,99.96,15.24,84.72,5.77
2024-01,IN,Token pack,TP2800,1,199.99,30.51,169.48,12.3
2024-01,IT,New subscription,P12M,39,3058.39,551.48,2506.92,181.86
2024-01,IT,New subscription,P1M,97,1374.71,247.94,1126.86,100.41
2024-01,IT,New subscription,P3M,33,1079.0,194.59,884.4,67.62
2024-01,IT,Refund - subscription,P12M,1,-78.42,-14.14,-64.28,0.0
2024-01,IT,Refund - subscription,P1M,3,-42.51,-7.68,-34.86,0.0
2024-01,IT,Refund - subscription,P3M,1,-32.7,-5.9,-26.8,0.0
2024-01,IT,Renewal,P12M,1,78.42,14.14,64.28,4.66
2024-01,IT,Renewal,P1M,87,1232.97,222.36,1010.66,90.95
2024-01,IT,Renewal,P3M,9,294.28,53.08,241.2,19.35
2024-01,IT,Token pack,TP100,10,109.0,19.69,89.31,9.5
2024-01,IT,Token pack,TP275,7,190.83,34.43,156.45,12.95
2024-01,IT,Token pack,TP600,2,109.08,19.66,89.4,6.7
2024-01,JP,New subscription,P12M,18,1293.84,117.6,1176.24,68.89
2024-01,JP,New subscription,P1M,48,623.52,56.64,566.88,48.28
2024-01,JP,New subscription,P3M,19,569.43,51.72,517.71,36.6
2024-01,JP,Renewal,P12M,1,71.88,6.53,65.35,4.61
2024-01,JP,Renewal,P1M,28,363.72,33.04,330.68,28.46
2024-01,JP,Renewal,P3M,1,29.97,2.72,27.25,2.1
2024-01,JP,Token pack,TP100,3,29.97,2.73,27.24,1.2
2024-01,JP,Token pack,TP1300,2,199.98,18.18,181.8,12.6
2024-01,JP,Token pack,TP275,1,24.99,2.27,22.72,1.8
2024-01,JP,Token pack,TP600,1,49.99,4.54,45.45,3.3
2024-01,MX,New subscription,P12M,40,2875.2,396.53,2478.67,170.39
2024-01,MX,New subscription,P1M,71,922.29,127.21,795.08,68.68
2024-01,MX,New subscription,P3M,27,809.19,111.59,697.6,50.09
2024-01,MX,Refund - subscription,P12M,1,-71.88,-9.91,-61.97,0.0
2024-01,MX,Refund - subscription,P1M,3,-38.97,-5.37,-33.6,0.0
2024-01,MX,Renewal,P1M,52,675.48,93.16,582.32,49.04
2024-01,MX,Renewal,P3M,5,149.85,20.65,129.2,8.85
2024-01,MX,Token pack,TP100,5,49.95,6.9,43.05,4.5
2024-01,MX,Token pack,TP1300,1,99.99,13.79,86.2,6.3
2024-01,MX,Token pack,TP275,2,49.98,6.9,43.08,3.6
2024-01,MX,Token pack,TP600,3,149.97,20.7,129.27,9.9
2024-01,NL,New subscription,P12M,34,2666.28,462.74,2203.54,141.12
2024-01,NL,New subscription,P1M,76,1077.07,186.96,890.12,78.52
2024-01,NL,New subscription,P3M,20,653.97,113.44,540.43,42.99
2024-01,NL,Refund - subscription,P12M,1,-78.42,-13.61,-64.81,0.0
2024-01,NL,Refund - subscription,P1M,2,-28.34,-4.92,-23.42,0.0
2024-01,NL,Renewal,P12M,1,78.42,13.61,64.81,4.66
2024-01,NL,Renewal,P1M,49,694.39,120.54,573.85,50.77
2024-01,NL,Renewal,P3M,5,163.5,28.35,135.1,7.43
2024-01,NL,Token pack,TP100,10,109.0,18.9,90.1,9.5
2024-01,NL,Token pack,TP1300,1,109.09,18.93,90.16,6.35
2024-01,NL,Token pack,TP275,5,136.31,23.65,112.65,6.37
2024-01,NL,Token pack,TP2800,1,218.19,37.87,180.32,12.35
2024-01,NL,Token pack,TP600,3,163.62,28.41,135.21,7.52
2024-01,PL,New subscription,P12M,26,2038.92,381.2,1657.72,107.27
2024-01,PL,New subscription,P1M,61,864.47,161.65,702.82,66.17
2024-01,PL,New subscription,P3M,16,523.18,97.78,425.3,32.74
2024-01,PL,Refund - subscription,P12M,2,-156.84,-29.32,-127.52,0.0
2024-01,PL,Refund - subscription,P1M,2,-28.34,-5.3,-23.04,0.0
2024-01,PL,Refund - token pack,TP600,1,-54.54,-10.2,-44.34,0.0
2024-01,PL,Renewal,P1M,55,779.44,145.75,633.69,55.72
2024-01,PL,Renewal,P3M,3,98.1,18.33,79.74,6.45
2024-01,PL,Token pack,TP100,8,87.2,16.32,70.88,7.6
2024-01,PL,Token pack,TP275,5,136.3,25.5,110.85,9.25
2024-01,PL,Token pack,TP600,2,109.08,20.4,88.68,6.7
2024-01,ROW,New subscription,P12M,138,9919.44,472.36,9447.08,576.46
2024-01,ROW,New subscription,P1M,227,2948.73,140.43,2808.3,222.93
2024-01,ROW,New subscription,P3M,90,2697.3,128.45,2568.85,165.75
2024-01,ROW,Refund - subscription,P12M,6,-431.28,-20.52,-410.76,0.0
2024-01,ROW,Refund - subscription,P1M,10,-129.9,-6.19,-123.71,0.0
2024-01,ROW,Refund - subscription,P3M,1,-29.97,-1.43,-28.54,0.0
2024-01,ROW,Renewal,P12M,4,287.52,13.68,273.84,14.91
2024-01,ROW,Renewal,P1M,157,2039.43,97.14,1942.29,157.99
2024-01,ROW,Renewal,P3M,18,539.46,25.74,513.72,36.15
2024-01,ROW,Token pack,TP100,14,139.86,6.71,133.15,8.85
2024-01,ROW,Token pack,TP1300,6,599.94,28.56,571.38,37.8
2024-01,ROW,Token pack,TP275,6,149.94,7.14,142.8,9.37
2024-01,ROW,Token pack,TP2800,3,599.97,28.56,571.41,27.6
2024-01,ROW,Token pack,TP600,6,299.94,14.28,285.66,19.8
2024-01,SE,New subscription,P12M,19,1489.98,297.94,1192.04,67.67
2024-01,SE,New subscription,P1M,45,637.7,127.52,510.25,44.41
2024-01,SE,New subscription,P3M,22,719.33,143.88,575.52,45.64
2024-01,SE,Refund - subscription,P12M,2,-156.84,-31.36,-125.48,0.0
2024-01,SE,Refund - subscription,P1M,3,-42.51,-8.5,-34.02,0.0
2024-01,SE,Renewal,P12M,2,156.84,31.36,125.48,9.32
2024-01,SE,Renewal,P1M,38,538.5,107.67,430.88,41.1
2024-01,SE,Renewal,P3M,4,130.8,26.16,104.64,8.6
2024-01,SE,Token pack,TP100,6,65.4,13.08,52.32,3.33
2024-01,SE,Token pack,TP275,4,109.05,21.81,87.24,7.4
2024-01,SE,Token pack,TP600,2,109.08,21.82,87.26,6.7
2024-01,US,New subscription,P12M,458,32921.04,1863.45,31057.59,1918.26
2024-01,US,New subscription,P1M,1144,14860.56,841.16,14019.4,1148.11
2024-01,US,New subscription,P3M,355,10639.35,602.23,10037.12,690.44
2024-01,US,Refund - subscription,P12M,20,-1437.6,-81.4,-1356.2,0.0
2024-01,US,Refund - subscription,P1M,35,-454.65,-25.79,-428.86,0.0
2024-01,US,Refund - subscription,P3M,14,-419.58,-23.75,-395.83,0.0
2024-01,US,Refund - token pack,TP100,3,-29.97,-1.71,-28.26,0.0
2024-01,US,Refund - token pack,TP275,1,-24.99,-1.41,-23.58,0.0
2024-01,US,Renewal,P12M,15,1078.2,61.05,1017.15,58.59
2024-01,US,Renewal,P1M,845,10976.55,621.3,10355.25,836.04
2024-01,US,Renewal,P3M,81,2427.57,137.39,2290.18,161.74
2024-01,US,Token pack,TP100,81,809.19,45.84,763.35,61.65
2024-01,US,Token pack,TP1300,21,2099.79,118.86,1980.93,132.3
2024-01,US,Token pack,TP275,49,1224.51,69.25,1155.26,79.62
2024-01,US,Token pack,TP2800,12,2399.88,135.84,2264.04,138.3
2024-01,US,Token pack,TP600,37,1849.63,104.71,1744.92,101.7
2024-02,AU,Chargeback,P12M,1,-71.88,-6.53,-65.35,25.0
2024-02,AU,Chargeback,P1M,3,-38.97,-3.54,-35.43,75.0
2024-02,AU,New subscription,P12M,48,3450.24,313.6,3136.64,193.13
2024-02,AU,New subscription,P1M,117,1519.83,138.11,1381.72,114.81
2024-02,AU,New subscription,P3M,41,1228.77,111.66,1117.11,84.4
2024-02,AU,Reactivation,P3M,1,29.97,2.72,27.25,2.1
2024-02,AU,Refund - subscription,P12M,4,-287.52,-26.12,-261.4,0.0
2024-02,AU,Refund - subscription,P1M,2,-25.98,-2.36,-23.62,0.0
2024-02,AU,Refund - subscription,P3M,2,-59.94,-5.44,-54.5,0.0
2024-02,AU,Refund - token pack,TP100,1,-9.99,-0.91,-9.08,0.0
2024-02,AU,Renewal,P1M,119,1545.81,140.5,1405.31,124.06
2024-02,AU,Renewal,P3M,6,179.82,16.33,163.49,12.6
2024-02,AU,Token pack,TP100,18,179.82,16.37,163.45,15.45
2024-02,AU,Token pack,TP1300,5,499.95,45.45,454.5,31.5
2024-02,AU,Token pack,TP275,10,249.9,22.7,227.2,16.57
2024-02,AU,Token pack,TP2800,1,199.99,18.18,181.81,12.3
2024-02,AU,Token pack,TP600,5,249.95,22.7,227.25,13.95
2024-02,BR,Chargeback,P1M,2,-25.98,-1.24,-24.74,50.0
2024-02,BR,Chargeback,P3M,1,-29.97,-1.43,-28.54,25.0
2024-02,BR,New subscription,P12M,47,3378.36,160.87,3217.49,192.04
2024-02,BR,New subscription,P1M,99,1286.01,61.26,1224.75,93.61
2024-02,BR,New subscription,P3M,39,1168.83,55.65,1113.18,78.57
2024-02,BR,Reactivation,P12M,2,143.76,6.84,136.92,9.22
2024-02,BR,Reactivation,P1M,2,25.98,1.24,24.74,2.16
2024-02,BR,Refund - subscription,P12M,4,-287.52,-13.68,-273.84,0.0
2024-02,BR,Refund - subscription,P1M,1,-12.99,-0.62,-12.37,0.0
2024-02,BR,Refund - subscription,P3M,2,-59.94,-2.86,-57.08,0.0
2024-02,BR,Renewal,P12M,1,71.88,3.42,68.46,4.61
2024-02,BR,Renewal,P1M,66,857.34,40.9,816.44,60.6
2024-02,BR,Renewal,P3M,6,179.82,8.58,171.24,12.6
2024-02,BR,Token pack,TP100,11,109.89,5.26,104.63,9.9
2024-02,BR,Token pack,TP1300,1,99.99,4.76,95.23,1.5
2024-02,BR,Token pack,TP275,5,124.95,5.95,119.0,9.0
2024-02,BR,Token pack,TP2800,1,199.99,9.52,190.47,12.3
2024-02,CA,Chargeback,P1M,2,-25.98,-2.98,-23.0,50.0
2024-02,CA,New subscription,P12M,67,4815.96,554.09,4261.87,284.33
2024-02,CA,New subscription,P1M,152,1974.48,227.14,1747.34,153.48
2024-02,CA,New subscription,P3M,49,1468.53,168.98,1299.55,92.94
2024-02,CA,Reactivation,P12M,1,71.88,8.27,63.61,4.61
2024-02,CA,Reactivation,P1M,1,12.99,1.49,11.5,1.08
2024-02,CA,Refund - subscription,P12M,1,-71.88,-8.27,-63.61,0.0
2024-02,CA,Refund - subscription,P1M,5,-64.95,-7.46,-57.49,0.0
2024-02,CA,Refund - subscription,P3M,3,-89.91,-10.35,-79.56,0.0
2024-02,CA,Renewal,P12M,1,71.88,8.27,63.61,4.61
2024-02,CA,Renewal,P1M,129,1675.71,192.78,1482.93,133.09
2024-02,CA,Renewal,P3M,9,269.73,31.05,238.68,15.6
2024-02,CA,Token pack,TP100,13,129.87,14.95,114.92,9.45
2024-02,CA,Token pack,TP1300,3,299.97,34.5,265.47,18.9
2024-02,CA,Token pack,TP275,10,249.9,28.71,221.19,15.14
2024-02,CA,Token pack,TP2800,2,399.98,46.02,353.96,24.6
2024-02,CA,Token pack,TP600,4,199.96,23.0,176.96,13.2
2024-02,CH,Chargeback,P1M,1,-14.17,-1.06,-13.11,25.0
2024-02,CH,New subscription,P12M,24,1861.43,139.45,1721.95,100.47
2024-02,CH,New subscription,P1M,46,644.76,48.3,596.46,45.15
2024-02,CH,New subscription,P3M,11,355.73,26.64,329.03,20.14
2024-02,CH,Reactivation,P12M,1,77.56,5.81,71.75,4.62
2024-02,CH,Refund - subscription,P12M,2,-155.12,-11.62,-143.5,0.0
2024-02,CH,Refund - subscription,P1M,5,-70.1,-5.25,-64.85,0.0
2024-02,CH,Renewal,P1M,52,728.88,54.6,674.28,54.6
2024-02,CH,Renewal,P3M,5,161.7,12.1,149.55,9.01
2024-02,CH,Token pack,TP100,2,21.56,1.62,19.94,1.88
2024-02,CH,Token pack,TP275,4,107.85,8.08,99.77,7.33
2024-02,CH,Token pack,TP2800,1,215.79,16.17,199.62,12.22
2024-02,CH,Token pack,TP600,4,215.76,16.16,199.6,13.28
2024-02,DE,Chargeback,P12M,1,-78.42,-12.52,-65.9,25.0
2024-02,DE,Chargeback,P1M,3,-42.51,-6.78,-35.73,75.0
2024-02,DE,Chargeback,P3M,2,-65.4,-10.44,-54.96,50.0
2024-02,DE,New subscription,P12M,106,8221.2,1312.61,6908.62,444.37
2024-02,DE,New subscription,P1M,246,3447.97,550.56,2897.47,264.87
2024-02,DE,New subscription,P3M,91,2942.74,469.85,2472.87,180.56
2024-02,DE,Reactivation,P12M,2,155.12,24.76,130.36,9.24
2024-02,DE,Reactivation,P1M,2,28.04,4.48,23.56,2.24
2024-02,DE,Reactivation,P3M,1,32.34,5.16,27.17,2.13
2024-02,DE,Refund - subscription,P12M,5,-387.8,-61.91,-325.89,0.0
2024-02,DE,Refund - subscription,P1M,12,-168.22,-26.88,-141.36,0.0
2024-02,DE,Refund - subscription,P3M,4,-129.36,-20.65,-108.69,0.0
2024-02,DE,Refund - token pack,TP100,3,-32.34,-5.16,-27.18,0.0
2024-02,DE,Renewal,P12M,8,620.48,99.04,521.44,33.5
2024-02,DE,Renewal,P1M,266,3728.3,595.28,3133.01,280.87
2024-02,DE,Renewal,P3M,26,840.83,134.22,706.49,50.43
2024-02,DE,Token pack,TP100,32,344.96,55.04,289.89,28.61
2024-02,DE,Token pack,TP1300,10,1078.9,172.29,906.61,48.82
2024-02,DE,Token pack,TP275,10,269.61,43.09,226.6,15.45
2024-02,DE,Token pack,TP2800,5,1078.95,172.26,906.69,61.1
2024-02,DE,Token pack,TP600,7,377.58,60.27,317.31,20.73
2024-02,ES,New subscription,P12M,36,2792.13,484.56,2307.55,142.03
2024-02,ES,New subscription,P1M,90,1261.44,218.96,1042.51,94.45
2024-02,ES,New subscription,P3M,30,970.18,168.32,801.82,60.6
2024-02,ES,Reactivation,P1M,1,14.02,2.43,11.58,1.12
2024-02,ES,Refund - subscription,P12M,2,-155.12,-26.92,-128.2,0.0
2024-02,ES,Refund - subscription,P3M,1,-32.34,-5.61,-26.73,0.0
2024-02,ES,Refund - token pack,TP100,1,-10.78,-1.87,-8.91,0.0
2024-02,ES,Renewal,P1M,104,1457.67,253.01,1204.69,108.34
2024-02,ES,Renewal,P3M,9,291.05,50.5,240.55,15.88
2024-02,ES,Token pack,TP100,8,86.24,14.96,71.28,6.76
2024-02,ES,Token pack,TP275,1,26.96,4.68,22.28,1.83
2024-02,ES,Token pack,TP2800,1,215.79,37.45,178.34,12.22
2024-02,ES,Token pack,TP600,2,107.88,18.72,89.16,6.64
2024-02,FR,Chargeback,P12M,1,-78.42,-13.07,-65.35,25.0
2024-02,FR,New subscription,P12M,66,5118.9,853.14,4265.66,263.24
2024-02,FR,New subscription,P1M,130,1822.07,303.67,1518.4,134.75
2024-02,FR,New subscription,P3M,47,1519.9,253.33,1266.57,91.86
2024-02,FR,Reactivation,P12M,1,77.56,12.93,64.63,1.16
2024-02,FR,Reactivation,P1M,3,42.05,7.01,35.04,2.45
2024-02,FR,Reactivation,P3M,1,32.34,5.39,26.95,2.13
2024-02,FR,Refund - subscription,P12M,1,-77.56,-12.93,-64.63,0.0
2024-02,FR,Refund - subscription,P1M,9,-126.16,-21.04,-105.12,0.0
2024-02,FR,Refund - subscription,P3M,2,-64.68,-10.78,-53.9,0.0
2024-02,FR,Refund - token pack,TP275,1,-26.96,-4.49,-22.47,0.0
2024-02,FR,Renewal,P12M,1,77.56,12.93,64.63,4.62
2024-02,FR,Renewal,P1M,154,2158.47,359.75,1798.72,158.91
2024-02,FR,Renewal,P3M,11,355.74,59.29,296.45,23.43
2024-02,FR,Token pack,TP100,18,194.04,32.36,161.68,16.96
2024-02,FR,Token pack,TP1300,7,755.23,125.86,629.37,39.31
2024-02,FR,Token pack,TP275,11,296.59,49.42,247.17,15.87
2024-02,FR,Token pack,TP600,3,161.82,26.97,134.85,9.96
2024-02,GB,Chargeback,P12M,1,-91.36,-15.23,-76.13,25.0
2024-02,GB,Chargeback,P1M,5,-82.55,-13.75,-68.8,125.0
2024-02,GB,Chargeback,P3M,2,-76.18,-12.7,-63.48,50.0
2024-02,GB,New subscription,P12M,108,9804.71,1634.09,8170.59,533.25
2024-02,GB,New subscription,P1M,237,3888.31,648.07,3240.28,273.67
2024-02,GB,New subscription,P3M,82,3103.85,517.34,2586.55,190.08
2024-02,GB,Reactivation,P12M,3,272.34,45.39,226.95,16.02
2024-02,GB,Reactivation,P1M,4,65.64,10.92,54.68,5.0
2024-02,GB,Refund - subscription,P12M,9,-817.03,-136.17,-680.86,0.0
2024-02,GB,Refund - subscription,P1M,6,-98.44,-16.4,-82.03,0.0
2024-02,GB,Refund - subscription,P3M,6,-227.11,-37.85,-189.25,0.0
2024-02,GB,Renewal,P12M,4,363.12,60.52,302.6,21.36
2024-02,GB,Renewal,P1M,279,4577.38,762.9,3814.47,328.26
2024-02,GB,Renewal,P3M,20,757.01,126.19,630.86,46.75
2024-02,GB,Token pack,TP100,30,378.55,63.05,315.36,27.85
2024-02,GB,Token pack,TP1300,8,1010.32,168.4,841.92,58.4
2024-02,GB,Token pack,TP275,20,631.21,105.2,526.01,41.77
2024-02,GB,Token pack,TP2800,6,1515.53,252.6,1262.94,74.99
2024-02,GB,Token pack,TP600,6,378.83,63.13,315.67,20.05
2024-02,IN,Chargeback,P1M,1,-12.99,-1.98,-11.01,25.0
2024-02,IN,Chargeback,P3M,1,-29.97,-4.57,-25.4,25.0
2024-02,IN,New subscription,P12M,34,2443.92,372.75,2071.17,149.78
2024-02,IN,New subscription,P1M,58,753.42,114.88,638.54,57.31
2024-02,IN,New subscription,P3M,17,509.49,77.69,431.8,29.1
2024-02,IN,Reactivation,P3M,2,59.94,9.14,50.8,4.2
2024-02,IN,Refund - subscription,P12M,1,-71.88,-10.96,-60.92,0.0
2024-02,IN,Refund - subscription,P1M,3,-38.97,-5.94,-33.03,0.0
2024-02,IN,Renewal,P12M,2,143.76,21.92,121.84,9.22
2024-02,IN,Renewal,P1M,41,532.59,81.18,451.41,41.61
2024-02,IN,Renewal,P3M,3,89.91,13.71,76.2,6.3
2024-02,IN,Token pack,TP100,3,29.97,4.56,25.41,2.7
2024-02,IN,Token pack,TP1300,1,99.99,15.25,84.74,6.3
2024-02,IN,Token pack,TP275,3,74.97,11.43,63.54,3.97
2024-02,IN,Token pack,TP600,1,49.99,7.63,42.36,3.3
2024-02,IT,Chargeback,P1M,4,-56.68,-10.24,-46.48,100.0
2024-02,IT,New subscription,P12M,30,2326.8,419.62,1907.18,128.16
2024-02,IT,New subscription,P1M,102,1429.63,257.84,1171.83,110.64
2024-02,IT,New subscription,P3M,28,905.49,163.24,742.21,53.07
2024-02,IT,Reactivation,P12M,1,77.56,13.99,63.57,1.16
2024-02,IT,Reactivation,P1M,3,42.06,7.59,34.47,3.36
2024-02,IT,Reactivation,P3M,1,32.34,5.83,26.51,2.13
2024-02,IT,Refund - subscription,P12M,2,-155.12,-27.98,-127.14,0.0
2024-02,IT,Refund - subscription,P1M,2,-28.04,-5.06,-22.98,0.0
2024-02,IT,Refund - subscription,P3M,2,-64.68,-11.66,-53.02,0.0
2024-02,IT,Refund - token pack,TP100,1,-10.78,-1.94,-8.84,0.0
2024-02,IT,Renewal,P12M,2,155.12,27.98,127.14,9.24
2024-02,IT,Renewal,P1M,98,1373.58,247.73,1125.9,99.76
2024-02,IT,Renewal,P3M,16,517.43,93.28,424.14,32.44
2024-02,IT,Token pack,TP100,15,161.7,29.13,132.57,13.35
2024-02,IT,Token pack,TP275,3,80.88,14.58,66.3,4.06
2024-02,IT,Token pack,TP600,5,269.7,48.64,221.05,16.59
2024-02,JP,Chargeback,P1M,1,-12.99,-1.18,-11.81,25.0
2024-02,JP,New subscription,P12M,21,1509.48,137.18,1372.3,86.25
2024-02,JP,New subscription,P1M,28,363.72,33.04,330.68,27.57
2024-02,JP,New subscription,P3M,15,449.55,40.82,408.73,29.85
2024-02,JP,Refund - subscription,P12M,1,-71.88,-6.53,-65.35,0.0
2024-02,JP,Refund - subscription,P1M,2,-25.98,-2.36,-23.62,0.0
2024-02,JP,Refund - subscription,P3M,1,-29.97,-2.72,-27.25,0.0
2024-02,JP,Refund - token pack,TP275,1,-24.99,-2.27,-22.72,0.0
2024-02,JP,Renewal,P12M,3,215.64,19.6,196.04,13.84
2024-02,JP,Renewal,P1M,44,571.56,51.92,519.64,44.85
2024-02,JP,Renewal,P3M,4,119.88,10.88,109.0,8.4
2024-02,JP,Token pack,TP100,6,59.94,5.46,54.48,4.65
2024-02,JP,Token pack,TP1300,1,99.99,9.09,90.9,6.3
2024-02,JP,Token pack,TP275,4,99.96,9.08,90.88,7.2
2024-02,JP,Token pack,TP2800,1,199.99,18.18,181.81,12.3
2024-02,JP,Token pack,TP600,2,99.98,9.08,90.9,6.6
2024-02,MX,Chargeback,P1M,2,-25.98,-3.58,-22.4,50.0
2024-02,MX,New subscription,P12M,51,3665.88,505.57,3160.31,214.02
2024-02,MX,New subscription,P1M,70,909.3,125.44,783.86,66.72
2024-02,MX,New subscription,P3M,28,839.16,115.71,723.45,48.89
2024-02,MX,Reactivation,P12M,1,71.88,9.91,61.97,4.61
2024-02,MX,Refund - subscription,P12M,2,-143.76,-19.82,-123.94,0.0
2024-02,MX,Refund - subscription,P1M,3,-38.97,-5.37,-33.6,0.0
2024-02,MX,Refund - token pack,TP100,1,-9.99,-1.38,-8.61,0.0
2024-02,MX,Renewal,P12M,2,143.76,19.82,123.94,9.22
2024-02,MX,Renewal,P1M,65,844.35,116.46,727.89,63.98
2024-02,MX,Renewal,P3M,5,149.85,20.66,129.19,10.5
2024-02,MX,Token pack,TP100,5,49.95,6.9,43.05,4.5
2024-02,MX,Token pack,TP1300,1,99.99,13.79,86.2,6.3
2024-02,MX,Token pack,TP2800,1,199.99,27.58,172.41,3.0
2024-02,MX,Token pack,TP600,2,99.98,13.8,86.18,6.6
2024-02,NL,Chargeback,P1M,1,-14.17,-2.46,-11.71,25.0
2024-02,NL,New subscription,P12M,41,3179.94,551.86,2628.07,168.56
2024-02,NL,New subscription,P1M,74,1037.2,180.04,857.16,75.61
2024-02,NL,New subscription,P3M,21,679.12,117.83,561.28,43.09
2024-02,NL,Reactivation,P12M,1,77.56,13.46,64.1,4.62
2024-02,NL,Reactivation,P1M,1,14.02,2.43,11.58,1.12
2024-02,NL,Refund - subscription,P12M,1,-77.56,-13.46,-64.1,0.0
2024-02,NL,Refund - subscription,P1M,2,-28.04,-4.86,-23.16,0.0
2024-02,NL,Renewal,P12M,1,77.56,13.46,64.1,4.62
2024-02,NL,Renewal,P1M,75,1051.21,182.49,868.76,73.09
2024-02,NL,Renewal,P3M,7,226.38,39.27,187.11,14.91
2024-02,NL,Token pack,TP100,12,129.36,22.44,106.92,9.73
2024-02,NL,Token pack,TP275,3,80.88,14.04,66.84,5.49
2024-02,NL,Token pack,TP2800,1,215.79,37.45,178.34,12.22
2024-02,NL,Token pack,TP600,2,107.88,18.72,89.16,6.64
2024-02,PL,Chargeback,P1M,1,-14.17,-2.65,-11.52,25.0
2024-02,PL,New subscription,P12M,32,2481.91,464.11,2017.8,137.36
2024-02,PL,New subscription,P1M,63,883.05,165.06,717.99,66.01
2024-02,PL,New subscription,P3M,13,420.42,78.62,341.77,24.41
2024-02,PL,Refund - subscription,P12M,4,-310.24,-58.0,-252.24,0.0
2024-02,PL,Refund - subscription,P1M,2,-28.04,-5.24,-22.8,0.0
2024-02,PL,Renewal,P1M,70,981.14,183.41,797.73,70.22
2024-02,PL,Renewal,P3M,4,129.36,24.2,105.16,6.88
2024-02,PL,Token pack,TP100,6,64.68,12.11,52.57,5.65
2024-02,PL,Token pack,TP275,2,53.92,10.08,43.84,3.66
2024-02,PL,Token pack,TP600,6,323.64,60.53,263.11,19.91
2024-02,ROW,Chargeback,P12M,2,-143.76,-6.84,-136.92,50.0
2024-02,ROW,Chargeback,P1M,3,-38.97,-1.86,-37.11,75.0
2024-02,ROW,Chargeback,P3M,1,-29.97,-1.43,-28.54,25.0
2024-02,ROW,New subscription,P12M,148,10638.24,506.62,10131.62,594.35
2024-02,ROW,New subscription,P1M,284,3689.16,175.69,3513.47,280.01
2024-02,ROW,New subscription,P3M,86,2577.42,122.75,2454.67,162.3
2024-02,ROW,Reactivation,P12M,3,215.64,10.26,205.38,10.3
2024-02,ROW,Reactivation,P1M,2,25.98,1.24,24.74,2.16
2024-02,ROW,Refund - subscription,P12M,5,-359.4,-17.1,-342.3,0.0
2024-02,ROW,Refund - subscription,P1M,13,-168.87,-8.05,-160.82,0.0
2024-02,ROW,Refund - subscription,P3M,1,-29.97,-1.43,-28.54,0.0
2024-02,ROW,Refund - token pack,TP275,1,-24.99,-1.19,-23.8,0.0
2024-02,ROW,Renewal,P12M,3,215.64,10.26,205.38,13.83
2024-02,ROW,Renewal,P1M,202,2623.98,124.96,2499.02,202.15
2024-02,ROW,Renewal,P3M,15,449.55,21.41,428.14,26.55
2024-02,ROW,Token pack,TP100,28,279.72,13.36,266.36,18.45
2024-02,ROW,Token pack,TP1300,1,99.99,4.76,95.23,6.3
2024-02,ROW,Token pack,TP275,13,324.87,15.47,309.4,21.97
2024-02,ROW,Token pack,TP2800,3,599.97,28.56,571.41,36.9
2024-02,ROW,Token pack,TP600,9,449.91,21.42,428.49,29.7
2024-02,SE,Chargeback,P12M,1,-78.42,-15.68,-62.74,25.0
2024-02,SE,Chargeback,P1M,1,-14.17,-2.83,-11.34,25.0
2024-02,SE,New subscription,P12M,27,2094.12,418.79,1675.26,107.38
2024-02,SE,New subscription,P1M,46,644.77,128.95,515.81,47.88
2024-02,SE,New subscription,P3M,10,323.4,64.7,258.7,16.37
2024-02,SE,Reactivation,P1M,4,56.08,11.2,44.84,3.57
2024-02,SE,Refund - subscription,P1M,2,-28.04,-5.6,-22.42,0.0
2024-02,SE,Renewal,P1M,54,756.88,151.38,605.51,55.93
2024-02,SE,Renewal,P3M,4,129.36,25.88,103.48,8.52
2024-02,SE,Token pack,TP100,1,10.78,2.16,8.62,0.94
2024-02,SE,Token pack,TP275,5,134.8,26.95,107.85,9.15
2024-02,SE,Token pack,TP600,1,53.94,10.79,43.15,0.81
2024-02,US,Chargeback,P12M,4,-287.52,-16.28,-271.24,100.0
2024-02,US,Chargeback,P1M,13,-168.87,-9.59,-159.28,325.0
2024-02,US,Chargeback,P3M,4,-119.88,-6.8,-113.08,100.0
2024-02,US,New subscription,P12M,533,38312.04,2168.61,36143.43,2204.14
2024-02,US,New subscription,P1M,1173,15237.27,862.5,14374.77,1183.88
2024-02,US,New subscription,P3M,357,10699.29,605.6,10093.69,684.76
2024-02,US,Reactivation,P12M,5,359.4,20.35,339.05,23.05
2024-02,US,Reactivation,P1M,15,194.85,11.07,183.78,16.2
2024-02,US,Reactivation,P3M,7,209.79,11.89,197.9,14.7
2024-02,US,Refund - subscription,P12M,17,-1221.96,-69.19,-1152.77,0.0
2024-02,US,Refund - subscription,P1M,42,-545.58,-30.92,-514.66,0.0
2024-02,US,Refund - subscription,P3M,18,-539.46,-30.56,-508.9,0.0
2024-02,US,Refund - token pack,TP100,3,-29.97,-1.71,-28.26,0.0
2024-02,US,Refund - token pack,TP275,1,-24.99,-1.41,-23.58,0.0
2024-02,US,Refund - token pack,TP2800,1,-199.99,-11.32,-188.67,0.0
2024-02,US,Renewal,P12M,17,1221.96,69.19,1152.77,71.33
2024-02,US,Renewal,P1M,1171,15211.29,861.0,14350.29,1165.79
2024-02,US,Renewal,P3M,86,2577.42,145.92,2431.5,167.23
2024-02,US,Token pack,TP100,137,1368.63,77.48,1291.15,110.54
2024-02,US,Token pack,TP1300,22,2199.78,124.52,2075.26,129.0
2024-02,US,Token pack,TP275,78,1949.22,110.3,1838.92,134.69
2024-02,US,Token pack,TP2800,15,2999.85,169.8,2830.05,165.9
2024-02,US,Token pack,TP600,39,1949.61,110.37,1839.24,113.4
2024-03,AU,Chargeback,P12M,1,-71.88,-6.53,-65.35,25.0
2024-03,AU,Chargeback,P1M,2,-25.98,-2.36,-23.62,50.0
2024-03,AU,New subscription,P12M,34,2443.92,222.14,2221.78,146.25
2024-03,AU,New subscription,P1M,138,1792.62,162.94,1629.68,133.05
2024-03,AU,New subscription,P3M,29,869.13,78.95,790.18,55.93
2024-03,AU,Reactivation,P12M,2,143.76,13.06,130.7,9.22
2024-03,AU,Reactivation,P1M,4,51.96,4.72,47.24,4.32
2024-03,AU,Reactivation,P3M,1,29.97,2.72,27.25,2.1
2024-03,AU,Refund - subscription,P12M,1,-71.88,-6.53,-65.35,0.0
2024-03,AU,Refund - subscription,P1M,2,-25.98,-2.36,-23.62,0.0
2024-03,AU,Renewal,P12M,2,143.76,13.06,130.7,9.22
2024-03,AU,Renewal,P1M,143,1857.57,168.82,1688.75,145.54
2024-03,AU,Renewal,P3M,14,419.58,38.1,381.48,29.4
2024-03,AU,Token pack,TP100,13,129.87,11.83,118.04,9.45
2024-03,AU,Token pack,TP1300,5,499.95,45.45,454.5,31.5
2024-03,AU,Token pack,TP275,16,399.84,36.32,363.52,25.94
2024-03,AU,Token pack,TP2800,4,799.96,72.72,727.24,49.2
2024-03,AU,Token pack,TP600,5,249.95,22.7,227.25,16.5
2024-03,BR,Chargeback,P1M,5,-64.95,-3.1,-61.85,125.0
2024-03,BR,New subscription,P12M,64,4600.32,219.09,4381.23,252.82
2024-03,BR,New subscription,P1M,92,1195.08,56.91,1138.17,91.37
2024-03,BR,New subscription,P3M,25,749.25,35.69,713.56,45.89
2024-03,BR,Reactivation,P12M,2,143.76,6.84,136.92,9.22
2024-03,BR,Reactivation,P1M,4,51.96,2.48,49.48,4.32
2024-03,BR,Refund - subscription,P12M,3,-215.64,-10.26,-205.38,0.0
2024-03,BR,Refund - subscription,P1M,3,-38.97,-1.86,-37.11,0.0
2024-03,BR,Refund - subscription,P3M,1,-29.97,-1.43,-28.54,0.0
2024-03,BR,Renewal,P12M,2,143.76,6.84,136.92,9.22
2024-03,BR,Renewal,P1M,79,1026.21,48.91,977.3,72.0
2024-03,BR,Renewal,P3M,6,179.82,8.58,171.24,12.6
2024-03,BR,Token pack,TP100,15,149.85,7.19,142.66,12.0
2024-03,BR,Token pack,TP1300,3,299.97,14.28,285.69,18.9
2024-03,BR,Token pack,TP275,3,74.97,3.57,71.4,5.4
2024-03,BR,Token pack,TP2800,1,199.99,9.52,190.47,12.3
2024-03,BR,Token pack,TP600,3,149.97,7.14,142.83,9.9
2024-03,CA,Chargeback,P1M,4,-51.96,-5.96,-46.0,100.0
2024-03,CA,Chargeback,P3M,1,-29.97,-3.45,-26.52,25.0
2024-03,CA,New subscription,P12M,52,3737.76,430.04,3307.72,225.74
2024-03,CA,New subscription,P1M,178,2312.22,266.02,2046.2,170.04
2024-03,CA,New subscription,P3M,47,1408.59,162.08,1246.51,96.98
2024-03,CA,Reactivation,P12M,3,215.64,24.81,190.83,10.3
2024-03,CA,Reactivation,P1M,2,25.98,2.98,23.0,2.16
2024-03,CA,Reactivation,P3M,1,29.97,3.45,26.52,2.1
2024-03,CA,Refund - subscription,P12M,2,-143.76,-16.54,-127.22,0.0
2024-03,CA,Refund - subscription,P1M,7,-90.93,-10.44,-80.49,0.0
2024-03,CA,Refund - subscription,P3M,1,-29.97,-3.45,-26.52,0.0
2024-03,CA,Renewal,P1M,167,2169.33,249.57,1919.76,171.44
2024-03,CA,Renewal,P3M,13,389.61,44.85,344.76,24.0
2024-03,CA,Token pack,TP100,15,149.85,17.25,132.6,12.75
2024-03,CA,Token pack,TP1300,3,299.97,34.5,265.47,18.9
2024-03,CA,Token pack,TP275,7,174.93,20.09,154.84,12.6
2024-03,CA,Token pack,TP2800,2,399.98,46.02,353.96,24.6
2024-03,CA,Token pack,TP600,2,99.98,11.5,88.48,6.6
2024-03,CH,Chargeback,P3M,1,-32.34,-2.42,-29.91,25.0
2024-03,CH,New subscription,P12M,27,2109.58,158.02,1951.56,111.57
2024-03,CH,New subscription,P1M,43,607.16,45.52,561.64,46.64
2024-03,CH,New subscription,P3M,6,195.47,14.64,180.83,11.19
2024-03,CH,Reactivation,P12M,1,78.13,5.85,72.28,4.65
2024-03,CH,Reactivation,P1M,1,14.12,1.06,13.06,1.13
2024-03,CH,Reactivation,P3M,1,32.58,2.44,30.14,2.14
2024-03,CH,Refund - subscription,P12M,1,-78.13,-5.85,-72.28,0.0
2024-03,CH,Refund - subscription,P1M,2,-28.24,-2.12,-26.12,0.0
2024-03,CH,Refund - subscription,P3M,1,-32.58,-2.44,-30.14,0.0
2024-03,CH,Renewal,P12M,1,78.13,5.85,72.28,4.65
2024-03,CH,Renewal,P1M,68,960.16,71.94,888.22,68.42
2024-03,CH,Renewal,P3M,5,162.9,12.2,150.7,9.05
2024-03,CH,Token pack,TP100,6,65.16,4.86,60.3,5.7
2024-03,CH,Token pack,TP1300,5,543.45,40.71,502.71,31.65
2024-03,CH,Token pack,TP275,5,135.81,10.19,125.65,9.21
2024-03,CH,Token pack,TP2800,2,434.78,32.58,402.2,24.62
2024-03,CH,Token pack,TP600,1,54.34,4.07,50.27,3.34
2024-03,DE,Chargeback,P1M,3,-42.06,-6.72,-35.34,75.0
2024-03,DE,New subscription,P12M,84,6563.18,1047.98,5515.33,348.69
2024-03,DE,New subscription,P1M,285,4024.2,642.54,3381.71,300.03
2024-03,DE,New subscription,P3M,71,2312.99,369.29,1943.7,138.82
2024-03,DE,Reactivation,P12M,6,468.78,74.88,393.96,24.42
2024-03,DE,Reactivation,P1M,6,84.72,13.51,71.21,5.86
2024-03,DE,Refund - subscription,P12M,7,-546.92,-87.35,-459.62,0.0
2024-03,DE,Refund - subscription,P1M,11,-155.32,-24.76,-130.56,0.0
2024-03,DE,Refund - subscription,P3M,4,-130.32,-20.8,-109.52,0.0
2024-03,DE,Renewal,P12M,4,312.52,49.92,262.64,18.6
2024-03,DE,Renewal,P1M,326,4603.12,734.95,3868.23,349.86
2024-03,DE,Renewal,P3M,38,1237.92,197.61,1040.31,78.06
2024-03,DE,Token pack,TP100,30,325.8,51.98,273.82,27.63
2024-03,DE,Token pack,TP1300,10,1086.9,173.52,913.38,63.3
2024-03,DE,Token pack,TP275,20,543.27,86.73,456.53,35.43
2024-03,DE,Token pack,TP2800,4,869.56,138.84,730.72,40.19
2024-03,DE,Token pack,TP600,11,597.74,95.46,502.28,31.69
2024-03,ES,Chargeback,P3M,2,-64.68,-11.22,-53.46,50.0
2024-03,ES,New subscription,P12M,32,2500.25,433.92,2066.33,131.34
2024-03,ES,New subscription,P1M,90,1270.8,220.5,1050.3,94.07
2024-03,ES,New subscription,P3M,27,879.6,152.61,726.9,52.83
2024-03,ES,Reactivation,P12M,1,78.13,13.56,64.57,4.65
2024-03,ES,Refund - subscription,P1M,4,-56.48,-9.8,-46.68,0.0
2024-03,ES,Renewal,P12M,1,78.13,13.56,64.57,4.65
2024-03,ES,Renewal,P1M,134,1892.08,328.3,1563.78,142.75
2024-03,ES,Renewal,P3M,12,390.94,67.82,323.06,24.03
2024-03,ES,Token pack,TP100,9,97.74,16.92,80.73,7.76
2024-03,ES,Token pack,TP1300,1,108.69,18.86,89.83,6.33
2024-03,ES,Token pack,TP275,3,81.48,14.13,67.35,5.52
2024-03,ES,Token pack,TP2800,1,217.39,37.73,179.66,12.31
2024-03,ES,Token pack,TP600,3,163.02,28.29,134.73,10.02
2024-03,FR,Chargeback,P1M,4,-56.08,-9.36,-46.72,100.0
2024-03,FR,Chargeback,P3M,2,-64.68,-10.78,-53.9,50.0
2024-03,FR,New subscription,P12M,62,4844.25,807.37,4036.89,249.92
2024-03,FR,New subscription,P1M,144,2033.28,338.88,1694.4,148.51
2024-03,FR,New subscription,P3M,30,977.31,162.9,814.47,60.92
2024-03,FR,Reactivation,P1M,4,56.48,9.4,47.08,3.6
2024-03,FR,Refund - subscription,P12M,3,-234.4,-39.06,-195.33,0.0
2024-03,FR,Refund - subscription,P1M,8,-112.96,-18.81,-94.15,0.0
2024-03,FR,Refund - subscription,P3M,1,-32.58,-5.43,-27.15,0.0
2024-03,FR,Renewal,P12M,1,78.13,13.02,65.11,4.65
2024-03,FR,Renewal,P1M,180,2541.6,423.6,2118.0,185.41
2024-03,FR,Renewal,P3M,16,521.25,86.88,434.39,29.29
2024-03,FR,Token pack,TP100,26,282.36,47.06,235.3,23.08
2024-03,FR,Token pack,TP1300,5,543.45,90.55,452.85,31.65
2024-03,FR,Token pack,TP275,11,298.78,49.81,249.02,20.26
2024-03,FR,Token pack,TP2800,1,217.39,36.23,181.16,12.31
2024-03,FR,Token pack,TP600,1,54.34,9.06,45.28,3.34
2024-03,GB,Chargeback,P12M,3,-272.34,-45.39,-226.95,75.0
2024-03,GB,Chargeback,P1M,7,-114.87,-19.11,-95.69,175.0
2024-03,GB,Chargeback,P3M,2,-75.7,-12.62,-63.08,50.0
2024-03,GB,New subscription,P12M,86,7856.96,1309.51,6547.44,418.14
2024-03,GB,New subscription,P1M,271,4474.22,745.69,3728.55,314.64
2024-03,GB,New subscription,P3M,96,3656.82,609.47,3047.35,216.02
2024-03,GB,Reactivation,P12M,1,91.36,15.23,76.13,5.37
2024-03,GB,Reactivation,P1M,2,33.02,5.5,27.52,2.52
2024-03,GB,Reactivation,P3M,4,152.37,25.4,126.97,9.79
2024-03,GB,Refund - subscription,P12M,6,-548.16,-91.38,-456.78,0.0
2024-03,GB,Refund - subscription,P1M,21,-346.71,-57.76,-288.95,0.0
2024-03,GB,Refund - subscription,P3M,5,-190.46,-31.75,-158.71,0.0
2024-03,GB,Renewal,P1M,317,5233.67,872.31,4361.47,377.59
2024-03,GB,Renewal,P3M,31,1180.83,196.83,984.03,68.34
2024-03,GB,Token pack,TP100,32,406.35,67.79,338.56,31.02
2024-03,GB,Token pack,TP1300,3,381.27,63.54,317.73,22.02
2024-03,GB,Token pack,TP275,20,635.22,105.84,529.4,40.34
2024-03,GB,Token pack,TP2800,5,1270.95,211.8,1059.1,61.13
2024-03,GB,Token pack,TP600,16,1016.62,169.44,847.19,55.68
2024-03,IN,New subscription,P12M,27,1940.76,296.0,1644.76,103.34
2024-03,IN,New subscription,P1M,52,675.48,103.01,572.47,49.93
2024-03,IN,New subscription,P3M,25,749.25,114.25,635.0,47.55
2024-03,IN,Refund - subscription,P12M,2,-143.76,-21.92,-121.84,0.0
2024-03,IN,Refund - subscription,P1M,2,-25.98,-3.96,-22.02,0.0
2024-03,IN,Refund - subscription,P3M,2,-59.94,-9.14,-50.8,0.0
2024-03,IN,Renewal,P1M,54,701.46,106.94,594.52,52.1
2024-03,IN,Renewal,P3M,9,269.73,41.13,228.6,17.25
2024-03,IN,Token pack,TP100,3,29.97,4.56,25.41,2.7
2024-03,IN,Token pack,TP275,4,99.96,15.24,84.72,5.77
2024-03,IN,Token pack,TP600,2,99.98,15.26,84.72,6.6
2024-03,IT,Chargeback,P1M,1,-14.02,-2.53,-11.49,25.0
2024-03,IT,Chargeback,P3M,1,-32.34,-5.83,-26.51,25.0
2024-03,IT,New subscription,P12M,34,2656.55,479.06,2177.49,144.09
2024-03,IT,New subscription,P1M,111,1567.32,282.63,1284.74,120.48
2024-03,IT,New subscription,P3M,24,781.87,140.93,640.85,48.08
2024-03,IT,Reactivation,P1M,1,14.12,2.55,11.57,1.13
2024-03,IT,Refund - subscription,P1M,6,-84.72,-15.29,-69.43,0.0
2024-03,IT,Refund - subscription,P3M,1,-32.58,-5.87,-26.7,0.0
2024-03,IT,Renewal,P12M,1,78.13,14.09,64.04,4.65
2024-03,IT,Renewal,P1M,128,1807.36,325.95,1481.48,134.13
2024-03,IT,Renewal,P3M,13,423.52,76.33,347.12,27.83
2024-03,IT,Token pack,TP100,6,65.16,11.76,53.4,5.7
2024-03,IT,Token pack,TP1300,3,326.07,58.8,267.27,18.99
2024-03,IT,Token pack,TP275,2,54.32,9.8,44.54,3.68
2024-03,IT,Token pack,TP2800,1,217.39,39.2,178.19,12.31
2024-03,IT,Token pack,TP600,2,108.68,19.6,89.08,4.16
2024-03,JP,New subscription,P12M,19,1365.72,124.1,1241.62,84.09
2024-03,JP,New subscription,P1M,57,740.43,67.28,673.15,60.67
2024-03,JP,New subscription,P3M,24,719.28,65.34,653.94,47.09
2024-03,JP,Reactivation,P12M,1,71.88,6.53,65.35,4.61
2024-03,JP,Reactivation,P1M,1,12.99,1.18,11.81,1.08
2024-03,JP,Refund - subscription,P12M,1,-71.88,-6.53,-65.35,0.0
2024-03,JP,Refund - subscription,P3M,1,-29.97,-2.72,-27.25,0.0
2024-03,JP,Renewal,P1M,48,623.52,56.64,566.88,48.28
2024-03,JP,Renewal,P3M,5,149.85,13.6,136.25,8.85
2024-03,JP,Token pack,TP100,7,69.93,6.37,63.56,5.55
2024-03,JP,Token pack,TP1300,1,99.99,9.09,90.9,6.3
2024-03,JP,Token pack,TP275,4,99.96,9.08,90.88,5.77
2024-03,JP,Token pack,TP2800,1,199.99,18.18,181.81,3.0
2024-03,JP,Token pack,TP600,1,49.99,4.54,45.45,3.3
2024-03,MX,Chargeback,P12M,2,-143.76,-19.82,-123.94,50.0
2024-03,MX,Chargeback,P1M,2,-25.98,-3.58,-22.4,50.0
2024-03,MX,New subscription,P12M,42,3018.96,416.36,2602.6,176.05
2024-03,MX,New subscription,P1M,74,961.26,132.59,828.67,75.47
2024-03,MX,New subscription,P3M,17,509.49,70.22,439.27,29.1
2024-03,MX,Refund - subscription,P12M,1,-71.88,-9.91,-61.97,0.0
2024-03,MX,Refund - subscription,P1M,4,-51.96,-7.16,-44.8,0.0
2024-03,MX,Renewal,P12M,2,143.76,19.82,123.94,9.22
2024-03,MX,Renewal,P1M,75,974.25,134.36,839.89,72.11
2024-03,MX,Renewal,P3M,6,179.82,24.78,155.04,12.6
2024-03,MX,Token pack,TP100,11,109.89,15.18,94.71,6.9
2024-03,MX,Token pack,TP1300,1,99.99,13.79,86.2,6.3
2024-03,MX,Token pack,TP275,1,24.99,3.45,21.54,1.8
2024-03,MX,Token pack,TP600,1,49.99,6.9,43.09,0.75
2024-03,NL,Chargeback,P1M,2,-28.04,-4.86,-23.16,50.0
2024-03,NL,New subscription,P12M,32,2500.27,433.92,2066.35,138.27
2024-03,NL,New subscription,P1M,85,1200.2,208.25,991.95,91.2
2024-03,NL,New subscription,P3M,23,749.3,129.99,619.2,42.64
2024-03,NL,Reactivation,P12M,2,156.26,27.12,129.14,9.3
2024-03,NL,Reactivation,P1M,1,14.12,2.45,11.67,1.13
2024-03,NL,Refund - subscription,P1M,2,-28.24,-4.9,-23.34,0.0
2024-03,NL,Renewal,P1M,97,1369.64,237.66,1131.99,96.48
2024-03,NL,Renewal,P3M,7,228.05,39.56,188.45,14.98
2024-03,NL,Token pack,TP100,9,97.74,16.92,80.73,6.97
2024-03,NL,Token pack,TP1300,1,108.69,18.86,89.83,6.33
2024-03,NL,Token pack,TP275,5,135.8,23.55,112.25,9.2
2024-03,NL,Token pack,TP2800,1,217.39,37.73,179.66,12.31
2024-03,NL,Token pack,TP600,1,54.34,9.43,44.91,3.34
2024-03,PL,New subscription,P12M,17,1328.26,248.37,1079.89,65.1
2024-03,PL,New subscription,P1M,54,762.48,142.56,619.92,54.44
2024-03,PL,New subscription,P3M,21,684.12,127.89,556.23,39.99
2024-03,PL,Reactivation,P1M,1,14.12,2.64,11.48,1.13
2024-03,PL,Reactivation,P3M,1,32.58,6.09,26.49,2.14
2024-03,PL,Refund - subscription,P1M,5,-70.6,-13.2,-57.4,0.0
2024-03,PL,Renewal,P12M,3,234.39,43.83,190.56,13.95
2024-03,PL,Renewal,P1M,85,1200.2,224.4,975.8,88.48
2024-03,PL,Renewal,P3M,5,162.9,30.45,132.45,9.05
2024-03,PL,Token pack,TP100,7,76.02,14.21,61.81,6.65
2024-03,PL,Token pack,TP1300,2,217.38,40.64,176.74,7.96
2024-03,PL,Token pack,TP275,5,135.8,25.4,110.4,7.77
2024-03,ROW,Chargeback,P12M,1,-71.88,-3.42,-68.46,25.0
2024-03,ROW,Chargeback,P1M,4,-51.96,-2.48,-49.48,100.0
2024-03,ROW,Chargeback,P3M,1,-29.97,-1.43,-28.54,25.0
2024-03,ROW,New subscription,P12M,158,11357.04,540.81,10816.23,640.46
2024-03,ROW,New subscription,P1M,272,3533.28,168.24,3365.04,273.26
2024-03,ROW,New subscription,P3M,77,2307.69,109.88,2197.81,148.38
2024-03,ROW,Reactivation,P12M,2,143.76,6.84,136.92,9.22
2024-03,ROW,Reactivation,P1M,5,64.95,3.1,61.85,4.51
2024-03,ROW,Reactivation,P3M,3,89.91,4.29,85.62,6.3
2024-03,ROW,Refund - subscription,P12M,8,-575.04,-27.37,-547.67,0.0
2024-03,ROW,Refund - subscription,P1M,7,-90.93,-4.34,-86.59,0.0
2024-03,ROW,Refund - subscription,P3M,1,-29.97,-1.43,-28.54,0.0
2024-03,ROW,Renewal,P12M,5,359.4,17.1,342.3,19.52
2024-03,ROW,Renewal,P1M,258,3351.42,159.59,3191.83,259.91
2024-03,ROW,Renewal,P3M,24,719.28,34.27,685.01,47.1
2024-03,ROW,Token pack,TP100,23,229.77,10.98,218.79,20.7
2024-03,ROW,Token pack,TP1300,2,199.98,9.52,190.46,12.6
2024-03,ROW,Token pack,TP275,16,399.84,19.04,380.8,24.51
2024-03,ROW,Token pack,TP2800,2,399.98,19.04,380.94,24.6
2024-03,ROW,Token pack,TP600,2,99.98,4.76,95.22,6.6
2024-03,SE,Chargeback,P1M,1,-14.02,-2.8,-11.21,25.0
2024-03,SE,New subscription,P12M,14,1093.85,218.79,875.11,58.12
2024-03,SE,New subscription,P1M,40,564.8,112.93,451.87,42.34
2024-03,SE,New subscription,P3M,16,521.25,104.29,416.96,34.24
2024-03,SE,Reactivation,P1M,1,14.12,2.82,11.3,1.13
2024-03,SE,Refund - subscription,P1M,2,-28.24,-5.64,-22.6,0.0
2024-03,SE,Renewal,P1M,69,974.28,194.85,779.43,72.27
2024-03,SE,Renewal,P3M,2,65.16,13.04,52.12,4.28
2024-03,SE,Token pack,TP100,8,86.88,17.36,69.5,7.58
2024-03,SE,Token pack,TP275,4,108.64,21.72,86.92,7.36
2024-03,SE,Token pack,TP2800,1,217.39,43.48,173.91,12.31
2024-03,US,Chargeback,P12M,2,-143.76,-8.14,-135.62,50.0
2024-03,US,Chargeback,P1M,23,-298.77,-16.97,-281.8,575.0
2024-03,US,Chargeback,P3M,3,-89.91,-5.1,-84.81,75.0
2024-03,US,New subscription,P12M,433,31124.04,1761.72,29362.32,1806.48
2024-03,US,New subscription,P1M,1224,15899.76,899.99,14999.77,1241.58
2024-03,US,New subscription,P3M,335,10039.95,568.31,9471.64,636.98
2024-03,US,Reactivation,P12M,12,862.56,48.84,813.72,55.33
2024-03,US,Reactivation,P1M,23,298.77,16.97,281.8,23.95
2024-03,US,Reactivation,P3M,11,329.67,18.69,310.98,23.09
2024-03,US,Refund - subscription,P12M,25,-1797.0,-101.74,-1695.26,0.0
2024-03,US,Refund - subscription,P1M,49,-636.51,-36.08,-600.43,0.0
2024-03,US,Refund - subscription,P3M,9,-269.73,-15.28,-254.45,0.0
2024-03,US,Refund - token pack,TP100,3,-29.97,-1.7,-28.27,0.0
2024-03,US,Refund - token pack,TP275,1,-24.99,-1.41,-23.58,0.0
2024-03,US,Refund - token pack,TP2800,2,-399.98,-22.64,-377.34,0.0
2024-03,US,Renewal,P12M,17,1221.96,69.19,1152.77,78.41
2024-03,US,Renewal,P1M,1414,18367.86,1039.69,17328.17,1410.4
2024-03,US,Renewal,P3M,136,4075.92,230.71,3845.21,270.51
2024-03,US,Token pack,TP100,169,1688.31,95.58,1592.73,141.57
2024-03,US,Token pack,TP1300,40,3999.6,226.4,3773.2,232.8
2024-03,US,Token pack,TP275,81,2024.19,114.52,1909.67,131.52
2024-03,US,Token pack,TP2800,26,5199.74,294.32,4905.42,291.9
2024-03,US,Token pack,TP600,44,2199.56,124.52,2075.04,132.45
2024-04,AU,Chargeback,P1M,3,-38.97,-3.54,-35.43,75.0
2024-04,AU,New subscription,P12M,46,3306.48,300.54,3005.94,180.39
2024-04,AU,New subscription,P1M,131,1701.69,154.68,1547.01,131.7
2024-04,AU,New subscription,P3M,33,989.01,89.86,899.15,62.7
2024-04,AU,Reactivation,P12M,2,143.76,13.06,130.7,9.22
2024-04,AU,Reactivation,P1M,3,38.97,3.54,35.43,3.24
2024-04,AU,Reactivation,P3M,3,89.91,8.17,81.74,6.3
2024-04,AU,Refund - subscription,P12M,1,-71.88,-6.53,-65.35,0.0
2024-04,AU,Refund - subscription,P1M,6,-77.94,-7.08,-70.86,0.0
2024-04,AU,Refund - subscription,P3M,2,-59.94,-5.45,-54.49,0.0
2024-04,AU,Renewal,P12M,2,143.76,13.06,130.7,9.22
2024-04,AU,Renewal,P1M,163,2117.37,192.49,1924.88,161.8
2024-04,AU,Renewal,P3M,26,779.22,70.78,708.44,47.98
2024-04,AU,Token pack,TP100,19,189.81,17.28,172.53,12.6
2024-04,AU,Token pack,TP1300,4,399.96,36.36,363.6,20.4
2024-04,AU,Token pack,TP275,8,199.92,18.16,181.76,12.97
2024-04,AU,Token pack,TP2800,2,399.98,36.36,363.62,24.6
2024-04,AU,Token pack,TP600,7,349.93,31.78,318.15,23.1
2024-04,BR,Chargeback,P1M,3,-38.97,-1.86,-37.11,75.0
2024-04,BR,Chargeback,P3M,1,-29.97,-1.43,-28.54,25.0
2024-04,BR,New subscription,P12M,48,3450.24,164.3,3285.94,207.27
2024-04,BR,New subscription,P1M,69,896.31,42.73,853.58,67.4
2024-04,BR,New subscription,P3M,34,1018.98,48.54,970.44,63.14
2024-04,BR,Reactivation,P12M,2,143.76,6.84,136.92,5.69
2024-04,BR,Reactivation,P3M,2,59.94,2.86,57.08,4.2
2024-04,BR,Refund - subscription,P12M,2,-143.76,-6.84,-136.92,0.0
2024-04,BR,Refund - subscription,P1M,4,-51.96,-2.48,-49.48,0.0
2024-04,BR,Refund - subscription,P3M,2,-59.94,-2.86,-57.08,0.0
2024-04,BR,Renewal,P12M,3,215.64,10.26,205.38,13.83
2024-04,BR,Renewal,P1M,92,1195.08,56.93,1138.15,90.48
2024-04,BR,Renewal,P3M,21,629.37,29.97,599.4,39.13
2024-04,BR,Token pack,TP100,9,89.91,4.31,85.6,7.35
2024-04,BR,Token pack,TP1300,1,99.99,4.76,95.23,6.3
2024-04,BR,Token pack,TP275,2,49.98,2.38,47.6,3.6
2024-04,BR,Token pack,TP2800,1,199.99,9.52,190.47,12.3
2024-04,BR,Token pack,TP600,3,149.97,7.14,142.83,9.9
2024-04,CA,Chargeback,P12M,2,-143.76,-16.54,-127.22,50.0
2024-04,CA,Chargeback,P1M,1,-12.99,-1.49,-11.5,25.0
2024-04,CA,New subscription,P12M,48,3450.24,396.96,3053.28,203.78
2024-04,CA,New subscription,P1M,169,2195.31,252.59,1942.72,170.95
2024-04,CA,New subscription,P3M,44,1318.68,151.73,1166.95,85.74
2024-04,CA,Reactivation,P12M,1,71.88,8.27,63.61,4.61
2024-04,CA,Reactivation,P1M,5,64.95,7.45,57.5,5.4
2024-04,CA,Reactivation,P3M,2,59.94,6.9,53.04,4.2
2024-04,CA,Refund - subscription,P12M,1,-71.88,-8.27,-63.61,0.0
2024-04,CA,Refund - subscription,P1M,9,-116.91,-13.42,-103.49,0.0
2024-04,CA,Renewal,P12M,3,215.64,24.81,190.83,13.83
2024-04,CA,Renewal,P1M,225,2922.75,336.26,2586.49,228.72
2024-04,CA,Renewal,P3M,31,929.07,106.93,822.14,55.19
2024-04,CA,Token pack,TP100,26,259.74,29.9,229.84,23.4
2024-04,CA,Token pack,TP1300,6,599.94,69.01,530.93,33.0
2024-04,CA,Token pack,TP275,10,249.9,28.72,221.18,15.14
2024-04,CA,Token pack,TP2800,3,599.97,69.03,530.94,36.9
2024-04,CA,Token pack,TP600,4,199.96,23.0,176.96,10.65
2024-04,CH,Chargeback,P1M,1,-14.12,-1.06,-13.06,25.0
2024-04,CH,New subscription,P12M,11,847.65,63.48,784.08,50.49
2024-04,CH,New subscription,P1M,38,529.22,39.64,489.48,39.71
2024-04,CH,New subscription,P3M,17,546.2,40.93,505.24,32.72
2024-04,CH,Reactivation,P3M,2,64.26,4.82,59.44,4.24
2024-04,CH,Refund - subscription,P12M,1,-77.06,-5.77,-71.28,0.0
2024-04,CH,Refund - subscription,P1M,2,-27.86,-2.08,-25.76,0.0
2024-04,CH,Renewal,P12M,1,77.06,5.77,71.28,1.16
2024-04,CH,Renewal,P1M,69,960.91,71.98,888.88,68.84
2024-04,CH,Renewal,P3M,5,160.65,12.05,148.6,10.6
2024-04,CH,Token pack,TP100,11,117.81,8.8,108.99,8.78
2024-04,CH,Token pack,TP1300,1,107.19,8.03,99.16,1.61
2024-04,CH,Token pack,TP275,7,187.53,14.07,173.46,11.32
2024-04,CH,Token pack,TP600,3,160.77,12.05,148.72,9.89
2024-04,DE,Chargeback,P12M,2,-156.26,-24.96,-131.32,50.0
2024-04,DE,Chargeback,P1M,4,-56.48,-9.0,-47.48,100.0
2024-04,DE,Chargeback,P3M,2,-65.15,-10.4,-54.75,50.0
2024-04,DE,New subscription,P12M,92,7089.12,1131.86,5957.19,391.23
2024-04,DE,New subscription,P1M,282,3926.92,626.98,3299.97,293.84
2024-04,DE,New subscription,P3M,75,2409.6,384.75,2024.87,147.33
2024-04,DE,Reactivation,P12M,5,385.29,61.51,323.75,19.52
2024-04,DE,Reactivation,P1M,7,97.49,15.56,81.91,7.82
2024-04,DE,Reactivation,P3M,4,128.52,20.52,108.0,8.48
2024-04,DE,Refund - subscription,P12M,9,-693.53,-110.71,-582.76,0.0
2024-04,DE,Refund - subscription,P1M,17,-236.75,-37.78,-198.92,0.0
2024-04,DE,Refund - subscription,P3M,3,-96.39,-15.39,-81.0,0.0
2024-04,DE,Refund - token pack,TP100,1,-10.71,-1.71,-9.0,0.0
2024-04,DE,Renewal,P12M,8,616.48,98.4,518.0,29.86
2024-04,DE,Renewal,P1M,401,5584.02,891.53,4692.46,421.17
2024-04,DE,Renewal,P3M,42,1349.43,215.46,1133.97,82.38
2024-04,DE,Token pack,TP100,53,567.63,90.63,477.0,45.14
2024-04,DE,Token pack,TP1300,5,535.95,85.55,450.4,21.97
2024-04,DE,Token pack,TP275,29,776.91,124.03,652.8,51.45
2024-04,DE,Token pack,TP2800,9,1929.51,308.07,1621.44,109.26
2024-04,DE,Token pack,TP600,14,750.26,119.83,630.43,46.19
2024-04,ES,Chargeback,P12M,1,-78.13,-13.56,-64.57,25.0
2024-04,ES,Chargeback,P1M,5,-70.6,-12.25,-58.35,125.0
2024-04,ES,Chargeback,P3M,1,-32.58,-5.65,-26.92,25.0
2024-04,ES,New subscription,P12M,33,2542.86,441.32,2101.46,134.27
2024-04,ES,New subscription,P1M,105,1462.21,253.74,1208.41,107.22
2024-04,ES,New subscription,P3M,33,1060.25,184.03,876.19,64.97
2024-04,ES,Reactivation,P12M,2,154.12,26.74,127.36,9.18
2024-04,ES,Reactivation,P1M,4,55.72,9.68,46.04,4.48
2024-04,ES,Reactivation,P3M,3,96.39,16.74,79.65,4.72
2024-04,ES,Refund - subscription,P12M,1,-77.06,-13.37,-63.68,0.0
2024-04,ES,Refund - subscription,P1M,2,-27.86,-4.84,-23.02,0.0
2024-04,ES,Refund - subscription,P3M,1,-32.13,-5.58,-26.55,0.0
2024-04,ES,Renewal,P12M,3,231.18,40.11,191.04,13.77
2024-04,ES,Renewal,P1M,133,1852.07,321.41,1530.63,136.62
2024-04,ES,Renewal,P3M,23,738.98,128.27,610.66,48.69
2024-04,ES,Token pack,TP100,17,182.07,31.62,150.45,15.98
2024-04,ES,Token pack,TP1300,1,107.19,18.6,88.59,6.25
2024-04,ES,Token pack,TP275,7,187.53,32.55,154.98,12.75
2024-04,ES,Token pack,TP600,6,321.54,55.8,265.74,19.78
2024-04,FR,Chargeback,P1M,3,-42.36,-7.05,-35.31,75.0
2024-04,FR,New subscription,P12M,55,4238.09,706.36,3531.71,242.1
2024-04,FR,New subscription,P1M,138,1921.73,320.25,1601.41,146.76
2024-04,FR,New subscription,P3M,58,1863.45,310.51,1552.83,112.97
2024-04,FR,Reactivation,P12M,5,385.29,64.21,321.06,22.95
2024-04,FR,Reactivation,P1M,2,27.86,4.64,23.2,2.24
2024-04,FR,Reactivation,P3M,2,64.26,10.7,53.54,4.24
2024-04,FR,Refund - subscription,P12M,2,-154.12,-25.68,-128.42,0.0
2024-04,FR,Refund - subscription,P1M,10,-139.29,-23.2,-116.01,0.0
2024-04,FR,Refund - subscription,P3M,1,-32.13,-5.35,-26.77,0.0
2024-04,FR,Refund - token pack,TP100,1,-10.71,-1.78,-8.92,0.0
2024-04,FR,Renewal,P12M,7,539.42,89.88,449.47,32.13
2024-04,FR,Renewal,P1M,216,3007.88,501.35,2506.56,220.19
2024-04,FR,Renewal,P3M,22,706.83,117.77,589.01,40.04
2024-04,FR,Token pack,TP100,21,224.91,37.43,187.37,18.96
2024-04,FR,Token pack,TP1300,5,535.95,89.3,446.6,31.25
2024-04,FR,Token pack,TP275,14,375.06,62.46,312.5,24.08
2024-04,FR,Token pack,TP2800,3,643.17,107.19,535.98,36.42
2024-04,FR,Token pack,TP600,5,267.95,44.65,223.3,16.5
2024-04,GB,Chargeback,P1M,3,-49.53,-8.25,-41.28,75.0
2024-04,GB,Chargeback,P3M,1,-38.09,-6.35,-31.74,25.0
2024-04,GB,New subscription,P12M,111,9989.3,1664.89,8324.35,517.2
2024-04,GB,New subscription,P1M,295,4797.74,799.61,3998.08,339.13
2024-04,GB,New subscription,P3M,88,3301.94,550.28,2751.65,197.56
2024-04,GB,Reactivation,P12M,3,269.97,45.0,224.97,15.9
2024-04,GB,Reactivation,P1M,9,146.35,24.39,121.96,11.17
2024-04,GB,Reactivation,P3M,1,37.52,6.25,31.27,0.56
2024-04,GB,Refund - subscription,P12M,4,-359.97,-60.0,-299.97,0.0
2024-04,GB,Refund - subscription,P1M,12,-195.14,-32.52,-162.61,0.0
2024-04,GB,Refund - subscription,P3M,2,-75.04,-12.5,-62.54,0.0
2024-04,GB,Refund - token pack,TP100,1,-12.51,-2.08,-10.42,0.0
2024-04,GB,Renewal,P12M,8,719.93,120.0,599.93,38.45
2024-04,GB,Renewal,P1M,360,5854.88,975.83,4879.03,423.02
2024-04,GB,Renewal,P3M,43,1613.4,268.88,1344.6,100.06
2024-04,GB,Token pack,TP100,53,662.86,110.43,552.43,50.79
2024-04,GB,Token pack,TP1300,10,1251.88,208.62,1043.22,50.94
2024-04,GB,Token pack,TP275,34,1063.75,177.27,886.49,62.38
2024-04,GB,Token pack,TP2800,5,1251.95,208.65,1043.3,70.6
2024-04,GB,Token pack,TP600,18,1126.57,187.74,938.82,62.53
2024-04,IN,New subscription,P12M,31,2228.28,339.85,1888.43,121.78
2024-04,IN,New subscription,P1M,67,870.33,132.73,737.6,59.92
2024-04,IN,New subscription,P3M,17,509.49,77.7,431.79,34.04
2024-04,IN,Reactivation,P1M,2,25.98,3.96,22.02,2.16
2024-04,IN,Refund - subscription,P1M,4,-51.96,-7.92,-44.04,0.0
2024-04,IN,Refund - token pack,TP1300,1,-99.99,-15.25,-84.74,0.0
2024-04,IN,Renewal,P1M,67,870.33,132.7,737.63,66.13
2024-04,IN,Renewal,P3M,11,329.67,50.27,279.4,19.8
2024-04,IN,Token pack,TP100,4,39.96,6.08,33.88,1.35
2024-04,IN,Token pack,TP1300,3,299.97,45.75,254.22,18.9
2024-04,IN,Token pack,TP275,4,99.96,15.24,84.72,7.2
2024-04,IN,Token pack,TP2800,2,399.98,61.02,338.96,15.3
2024-04,IN,Token pack,TP600,1,49.99,7.63,42.36,3.3
2024-04,IT,Chargeback,P1M,2,-28.24,-5.1,-23.14,50.0
2024-04,IT,New subscription,P12M,37,2851.11,514.19,2336.92,159.5
2024-04,IT,New subscription,P1M,94,1309.02,236.02,1072.89,101.29
2024-04,IT,New subscription,P3M,25,803.22,144.81,658.32,51.31
2024-04,IT,Reactivation,P12M,3,231.18,41.7,189.48,13.77
2024-04,IT,Reactivation,P1M,8,111.44,20.08,91.28,8.96
2024-04,IT,Reactivation,P3M,2,64.26,11.58,52.66,4.24
2024-04,IT,Refund - subscription,P12M,3,-231.17,-41.69,-189.48,0.0
2024-04,IT,Refund - subscription,P1M,5,-69.64,-12.55,-57.06,0.0
2024-04,IT,Refund - subscription,P3M,1,-32.13,-5.79,-26.33,0.0
2024-04,IT,Refund - token pack,TP275,1,-26.79,-4.83,-21.96,0.0
2024-04,IT,Refund - token pack,TP600,1,-53.59,-9.66,-43.93,0.0
2024-04,IT,Renewal,P12M,5,385.3,69.5,315.8,16.09
2024-04,IT,Renewal,P1M,132,1838.18,331.44,1506.65,140.96
2024-04,IT,Renewal,P3M,20,642.6,115.84,526.64,39.1
2024-04,IT,Token pack,TP100,11,117.81,21.23,96.58,10.34
2024-04,IT,Token pack,TP1300,6,643.14,115.98,527.16,37.5
2024-04,IT,Token pack,TP275,6,160.74,28.98,131.76,8.09
2024-04,IT,Token pack,TP2800,2,428.78,77.32,351.46,24.28
2024-04,IT,Token pack,TP600,5,267.95,48.3,219.65,16.5
2024-04,JP,Chargeback,P1M,1,-12.99,-1.18,-11.81,25.0
2024-04,JP,Chargeback,P3M,1,-29.97,-2.72,-27.25,25.0
2024-04,JP,New subscription,P12M,20,1437.6,130.65,1306.95,71.04
2024-04,JP,New subscription,P1M,46,597.54,54.28,543.26,47.01
2024-04,JP,New subscription,P3M,14,419.58,38.1,381.48,29.4
2024-04,JP,Reactivation,P1M,3,38.97,3.54,35.43,3.24
2024-04,JP,Refund - subscription,P12M,3,-215.64,-19.59,-196.05,0.0
2024-04,JP,Refund - subscription,P1M,5,-64.95,-5.9,-59.05,0.0
2024-04,JP,Refund - subscription,P3M,1,-29.97,-2.72,-27.25,0.0
2024-04,JP,Refund - token pack,TP275,1,-24.99,-2.27,-22.72,0.0
2024-04,JP,Renewal,P12M,2,143.76,13.06,130.7,5.69
2024-04,JP,Renewal,P1M,66,857.34,77.89,779.45,68.61
2024-04,JP,Renewal,P3M,11,329.67,29.95,299.72,21.45
2024-04,JP,Token pack,TP275,4,99.96,9.08,90.88,7.2
2024-04,JP,Token pack,TP600,1,49.99,4.54,45.45,3.3
2024-04,MX,Chargeback,P12M,1,-71.88,-9.91,-61.97,25.0
2024-04,MX,New subscription,P12M,41,2947.08,406.45,2540.63,167.92
2024-04,MX,New subscription,P1M,79,1026.21,141.57,884.64,74.66
2024-04,MX,New subscription,P3M,20,599.4,82.63,516.77,35.4
2024-04,MX,Reactivation,P12M,1,71.88,9.91,61.97,4.61
2024-04,MX,Reactivation,P1M,1,12.99,1.79,11.2,1.08
2024-04,MX,Reactivation,P3M,1,29.97,4.13,25.84,2.1
2024-04,MX,Refund - subscription,P12M,2,-143.76,-19.82,-123.94,0.0
2024-04,MX,Refund - subscription,P1M,2,-25.98,-3.58,-22.4,0.0
2024-04,MX,Renewal,P12M,1,71.88,9.91,61.97,1.08
2024-04,MX,Renewal,P1M,94,1221.06,168.41,1052.65,90.85
2024-04,MX,Renewal,P3M,15,449.55,61.98,387.57,28.19
2024-04,MX,Token pack,TP100,9,89.91,12.42,77.49,7.35
2024-04,MX,Token pack,TP1300,2,199.98,27.58,172.4,7.8
2024-04,MX,Token pack,TP275,2,49.98,6.9,43.08,3.6
2024-04,MX,Token pack,TP600,1,49.99,6.9,43.09,3.3
2024-04,NL,Chargeback,P1M,1,-14.12,-2.45,-11.67,25.0
2024-04,NL,New subscription,P12M,24,1849.38,320.93,1528.33,96.43
2024-04,NL,New subscription,P1M,71,988.74,171.59,817.14,77.43
2024-04,NL,New subscription,P3M,25,803.24,139.44,663.76,51.31
2024-04,NL,Reactivation,P12M,2,154.12,26.74,127.36,9.18
2024-04,NL,Reactivation,P3M,1,32.13,5.58,26.55,2.12
2024-04,NL,Refund - subscription,P12M,1,-77.06,-13.37,-63.68,0.0
2024-04,NL,Refund - subscription,P3M,3,-96.39,-16.74,-79.65,0.0
2024-04,NL,Renewal,P1M,107,1490.06,258.59,1231.43,113.06
2024-04,NL,Renewal,P3M,13,417.69,72.53,345.15,24.28
2024-04,NL,Token pack,TP100,17,182.07,31.62,150.45,15.2
2024-04,NL,Token pack,TP1300,4,428.76,74.4,354.36,25.0
2024-04,NL,Token pack,TP275,3,80.37,13.95,66.42,5.46
2024-04,NL,Token pack,TP2800,1,214.39,37.21,177.18,12.14
2024-04,NL,Token pack,TP600,4,214.36,37.2,177.16,13.19
2024-04,PL,Chargeback,P1M,1,-14.12,-2.64,-11.48,25.0
2024-04,PL,New subscription,P12M,23,1772.31,331.43,1440.88,84.96
2024-04,PL,New subscription,P1M,68,946.98,177.05,769.83,73.19
2024-04,PL,New subscription,P3M,16,514.08,96.16,417.92,30.64
2024-04,PL,Reactivation,P12M,3,231.18,43.23,187.95,13.77
2024-04,PL,Reactivation,P1M,2,27.86,5.2,22.64,2.24
2024-04,PL,Reactivation,P3M,2,64.26,12.02,52.24,4.24
2024-04,PL,Refund - subscription,P12M,1,-77.06,-14.41,-62.65,0.0
2024-04,PL,Refund - subscription,P1M,3,-41.79,-7.8,-33.96,0.0
2024-04,PL,Refund - subscription,P3M,1,-32.13,-6.01,-26.12,0.0
2024-04,PL,Renewal,P12M,2,154.12,28.82,125.3,9.18
2024-04,PL,Renewal,P1M,89,1239.42,231.72,1007.57,91.18
2024-04,PL,Renewal,P3M,8,257.04,48.08,208.96,15.32
2024-04,PL,Token pack,TP100,10,107.1,20.0,87.1,9.4
2024-04,PL,Token pack,TP1300,1,107.19,20.04,87.15,6.25
2024-04,PL,Token pack,TP2800,1,214.39,40.09,174.3,12.14
2024-04,PL,Token pack,TP600,3,160.77,30.06,130.71,9.9
2024-04,ROW,Chargeback,P12M,1,-71.88,-3.42,-68.46,25.0
2024-04,ROW,Chargeback,P1M,2,-25.98,-1.24,-24.74,50.0
2024-04,ROW,Chargeback,P3M,1,-29.97,-1.43,-28.54,25.0
2024-04,ROW,New subscription,P12M,160,11500.8,547.65,10953.15,624.96
2024-04,ROW,New subscription,P1M,271,3520.29,167.64,3352.65,259.8
2024-04,ROW,New subscription,P3M,84,2517.48,119.86,2397.62,149.89
2024-04,ROW,Reactivation,P12M,3,215.64,10.26,205.38,10.3
2024-04,ROW,Reactivation,P1M,11,142.89,6.82,136.07,10.99
2024-04,ROW,Reactivation,P3M,4,119.88,5.72,114.16,8.4
2024-04,ROW,Refund - subscription,P12M,3,-215.64,-10.27,-205.37,0.0
2024-04,ROW,Refund - subscription,P1M,2,-25.98,-1.24,-24.74,0.0
2024-04,ROW,Renewal,P12M,7,503.16,23.94,479.22,25.21
2024-04,ROW,Renewal,P1M,294,3819.06,181.86,3637.2,297.0
2024-04,ROW,Renewal,P3M,48,1438.56,68.48,1370.08,87.56
2024-04,ROW,Token pack,TP100,23,229.77,10.98,218.79,19.95
2024-04,ROW,Token pack,TP1300,3,299.97,14.28,285.69,18.9
2024-04,ROW,Token pack,TP275,13,324.87,15.47,309.4,23.4
2024-04,ROW,Token pack,TP2800,3,599.97,28.56,571.41,36.9
2024-04,ROW,Token pack,TP600,13,649.87,30.94,618.93,37.8
2024-04,SE,Chargeback,P12M,1,-78.13,-15.63,-62.51,25.0
2024-04,SE,New subscription,P12M,21,1618.21,323.61,1294.49,92.96
2024-04,SE,New subscription,P1M,49,682.4,136.54,545.86,51.08
2024-04,SE,New subscription,P3M,20,642.59,128.55,514.01,40.72
2024-04,SE,Reactivation,P1M,2,27.86,5.58,22.28,2.24
2024-04,SE,Refund - subscription,P1M,2,-27.86,-5.58,-22.28,0.0
2024-04,SE,Renewal,P12M,1,77.06,15.41,61.64,4.59
2024-04,SE,Renewal,P1M,65,905.18,181.08,724.1,66.2
2024-04,SE,Renewal,P3M,15,481.95,96.42,385.5,31.77
2024-04,SE,Token pack,TP100,6,64.26,12.84,51.42,5.64
2024-04,SE,Token pack,TP1300,2,214.38,42.88,171.5,12.5
2024-04,SE,Token pack,TP275,5,133.95,26.8,107.15,7.69
2024-04,US,Chargeback,P12M,7,-503.16,-28.49,-474.67,175.0
2024-04,US,Chargeback,P1M,19,-246.81,-14.01,-232.8,475.0
2024-04,US,Chargeback,P3M,3,-89.91,-5.1,-84.81,75.0
2024-04,US,New subscription,P12M,439,31555.32,1786.14,29769.18,1820.04
2024-04,US,New subscription,P1M,1228,15951.72,902.93,15048.79,1235.28
2024-04,US,New subscription,P3M,371,11118.87,629.37,10489.5,722.38
2024-04,US,Reactivation,P12M,15,1078.2,61.05,1017.15,65.66
2024-04,US,Reactivation,P1M,40,519.6,29.45,490.15,40.53
2024-04,US,Reactivation,P3M,11,329.67,18.69,310.98,21.45
2024-04,US,Refund - subscription,P12M,28,-2012.64,-113.95,-1898.69,0.0
2024-04,US,Refund - subscription,P1M,50,-649.5,-36.83,-612.67,0.0
2024-04,US,Refund - subscription,P3M,15,-449.55,-25.49,-424.06,0.0
2024-04,US,Refund - token pack,TP100,1,-9.99,-0.57,-9.42,0.0
2024-04,US,Refund - token pack,TP600,1,-49.99,-2.83,-47.16,0.0
2024-04,US,Renewal,P12M,24,1725.12,97.67,1627.45,100.11
2024-04,US,Renewal,P1M,1677,21784.23,1233.07,20551.16,1680.13
2024-04,US,Renewal,P3M,197,5904.09,334.19,5569.9,385.3
2024-04,US,Token pack,TP100,184,1838.16,104.05,1734.11,153.57
2024-04,US,Token pack,TP1300,51,5099.49,288.66,4810.83,282.9
2024-04,US,Token pack,TP275,105,2623.95,148.51,2475.44,171.85
2024-04,US,Token pack,TP2800,18,3599.82,203.76,3396.06,212.1
2024-04,US,Token pack,TP600,55,2749.45,155.65,2593.8,158.55
2024-05,AU,Chargeback,P12M,1,-71.88,-6.53,-65.35,25.0
2024-05,AU,Chargeback,P1M,2,-25.98,-2.36,-23.62,50.0
2024-05,AU,Chargeback,P3M,1,-29.97,-2.72,-27.25,25.0
2024-05,AU,New subscription,P12M,43,3090.84,280.92,2809.92,177.14
2024-05,AU,New subscription,P1M,124,1610.76,146.39,1464.37,124.16
2024-05,AU,New subscription,P3M,43,1288.71,117.11,1171.6,78.7
2024-05,AU,Reactivation,P12M,1,71.88,6.53,65.35,4.61
2024-05,AU,Reactivation,P1M,7,90.93,8.26,82.67,6.67
2024-05,AU,Refund - subscription,P12M,4,-287.52,-26.12,-261.4,0.0
2024-05,AU,Refund - subscription,P1M,7,-90.93,-8.26,-82.67,0.0
2024-05,AU,Refund - subscription,P3M,1,-29.97,-2.72,-27.25,0.0
2024-05,AU,Refund - token pack,TP275,1,-24.99,-2.27,-22.72,0.0
2024-05,AU,Renewal,P12M,4,287.52,26.12,261.4,18.44
2024-05,AU,Renewal,P1M,181,2351.19,213.76,2137.43,180.35
2024-05,AU,Renewal,P3M,26,779.22,70.77,708.45,51.28
2024-05,AU,Token pack,TP100,23,229.77,20.92,208.85,18.45
2024-05,AU,Token pack,TP1300,5,499.95,45.45,454.5,31.5
2024-05,AU,Token pack,TP275,12,299.88,27.24,272.64,21.6
2024-05,AU,Token pack,TP2800,3,599.97,54.54,545.43,27.6
2024-05,AU,Token pack,TP600,4,199.96,18.16,181.8,13.2
2024-05,BR,Chargeback,P1M,1,-12.99,-0.62,-12.37,25.0
2024-05,BR,New subscription,P12M,58,4169.04,198.51,3970.53,242.77
2024-05,BR,New subscription,P1M,106,1376.94,65.6,1311.34,103.83
2024-05,BR,New subscription,P3M,37,1108.89,52.8,1056.09,74.38
2024-05,BR,Reactivation,P12M,1,71.88,3.42,68.46,4.61
2024-05,BR,Reactivation,P1M,1,12.99,0.62,12.37,1.08
2024-05,BR,Refund - subscription,P12M,5,-359.4,-17.1,-342.3,0.0
2024-05,BR,Refund - subscription,P1M,1,-12.99,-0.62,-12.37,0.0
2024-05,BR,Refund - subscription,P3M,2,-59.94,-2.86,-57.08,0.0
2024-05,BR,Renewal,P12M,1,71.88,3.42,68.46,4.61
2024-05,BR,Renewal,P1M,95,1234.05,58.79,1175.26,94.61
2024-05,BR,Renewal,P3M,16,479.52,22.86,456.66,30.3
2024-05,BR,Token pack,TP100,11,109.89,5.27,104.62,9.9
2024-05,BR,Token pack,TP1300,2,199.98,9.52,190.46,7.8
2024-05,BR,Token pack,TP275,2,49.98,2.38,47.6,3.6
2024-05,BR,Token pack,TP2800,5,999.95,47.61,952.34,61.5
2024-05,BR,Token pack,TP600,2,99.98,4.76,95.22,6.6
2024-05,CA,Chargeback,P1M,5,-64.95,-7.45,-57.5,125.0
2024-05,CA,Chargeback,P3M,1,-29.97,-3.45,-26.52,25.0
2024-05,CA,New subscription,P12M,63,4528.44,521.01,4007.43,262.33
2024-05,CA,New subscription,P1M,166,2156.34,248.07,1908.27,168.61
2024-05,CA,New subscription,P3M,59,1768.23,203.44,1564.79,120.5
2024-05,CA,Reactivation,P12M,1,71.88,8.27,63.61,4.61
2024-05,CA,Reactivation,P1M,10,129.9,14.91,114.99,9.91
2024-05,CA,Reactivation,P3M,1,29.97,3.45,26.52,2.1
2024-05,CA,Refund - subscription,P12M,3,-215.64,-24.81,-190.83,0.0
2024-05,CA,Refund - subscription,P1M,6,-77.94,-8.95,-68.99,0.0
2024-05,CA,Refund - subscription,P3M,6,-179.82,-20.7,-159.12,0.0
2024-05,CA,Renewal,P12M,2,143.76,16.54,127.22,9.22
2024-05,CA,Renewal,P1M,245,3182.55,366.17,2816.38,252.99
2024-05,CA,Renewal,P3M,26,779.22,89.68,689.54,47.99
2024-05,CA,Token pack,TP100,20,199.8,23.0,176.8,17.25
2024-05,CA,Token pack,TP1300,6,599.94,69.0,530.94,37.8
2024-05,CA,Token pack,TP275,16,399.84,45.95,353.89,27.37
2024-05,CA,Token pack,TP2800,8,1599.92,184.08,1415.84,98.4
2024-05,CA,Token pack,TP600,10,499.9,57.5,442.4,30.45
2024-05,CH,Chargeback,P3M,1,-32.13,-2.41,-29.72,25.0
2024-05,CH,New subscription,P12M,22,1709.41,128.05,1581.36,101.7
2024-05,CH,New subscription,P1M,50,702.08,52.58,649.5,53.35
2024-05,CH,New subscription,P3M,17,550.8,41.31,509.49,36.21
2024-05,CH,Reactivation,P1M,1,14.04,1.05,12.99,1.12
2024-05,CH,Refund - subscription,P12M,1,-77.7,-5.82,-71.88,0.0
2024-05,CH,Refund - subscription,P1M,4,-56.16,-4.2,-51.96,0.0
2024-05,CH,Refund - subscription,P3M,1,-32.4,-2.43,-29.97,0.0
2024-05,CH,Renewal,P12M,2,155.4,11.64,143.76,9.24
2024-05,CH,Renewal,P1M,62,870.56,65.18,805.38,61.33
2024-05,CH,Renewal,P3M,6,194.4,14.58,179.82,11.14
2024-05,CH,Token pack,TP100,6,64.8,4.86,59.94,5.64
2024-05,CH,Token pack,TP1300,4,432.36,32.4,399.96,25.16
2024-05,CH,Token pack,TP275,3,81.03,6.06,74.97,5.52
2024-05,CH,Token pack,TP2800,1,216.19,16.2,199.99,12.24
2024-05,DE,Chargeback,P1M,5,-69.65,-11.1,-58.5,125.0
2024-05,DE,Chargeback,P3M,1,-32.13,-5.13,-27.0,25.0
2024-05,DE,New subscription,P12M,107,8314.12,1327.46,6986.69,456.68
2024-05,DE,New subscription,P1M,311,4367.12,697.28,3669.8,328.05
2024-05,DE,New subscription,P3M,76,2462.31,393.15,2069.04,148.81
2024-05,DE,Reactivation,P12M,5,388.5,62.04,326.49,23.11
2024-05,DE,Reactivation,P1M,13,182.52,29.12,153.4,14.56
2024-05,DE,Refund - subscription,P12M,3,-233.1,-37.23,-195.9,0.0
2024-05,DE,Refund - subscription,P1M,8,-112.32,-17.92,-94.4,0.0
2024-05,DE,Refund - subscription,P3M,3,-97.2,-15.51,-81.66,0.0
2024-05,DE,Refund - token pack,TP100,1,-10.8,-1.72,-9.07,0.0
2024-05,DE,Refund - token pack,TP1300,1,-108.09,-17.26,-90.83,0.0
2024-05,DE,Refund - token pack,TP275,1,-27.01,-4.31,-22.7,0.0
2024-05,DE,Renewal,P12M,5,388.5,62.05,326.5,23.1
2024-05,DE,Renewal,P1M,454,6375.12,1017.89,5357.2,480.35
2024-05,DE,Renewal,P3M,60,1943.89,310.37,1633.42,114.74
2024-05,DE,Token pack,TP100,56,604.8,96.52,508.12,48.15
2024-05,DE,Token pack,TP1300,12,1297.08,207.12,1089.96,66.15
2024-05,DE,Token pack,TP275,26,702.34,112.14,590.2,47.76
2024-05,DE,Token pack,TP2800,10,2161.9,345.2,1816.7,113.4
2024-05,DE,Token pack,TP600,12,648.48,103.55,544.92,32.32
2024-05,ES,Chargeback,P12M,1,-77.06,-13.37,-63.68,25.0
2024-05,ES,Chargeback,P1M,2,-27.86,-4.84,-23.02,50.0
2024-05,ES,Chargeback,P3M,2,-64.26,-11.16,-53.1,50.0
2024-05,ES,New subscription,P12M,32,2486.42,431.57,2054.95,144.48
2024-05,ES,New subscription,P1M,85,1193.57,207.16,986.5,88.09
2024-05,ES,New subscription,P3M,20,647.99,112.46,535.46,39.32
2024-05,ES,Reactivation,P12M,2,155.4,26.98,128.44,9.24
2024-05,ES,Reactivation,P1M,1,14.04,2.44,11.61,1.12
2024-05,ES,Refund - subscription,P12M,3,-233.1,-40.47,-192.66,0.0
2024-05,ES,Refund - subscription,P1M,7,-98.28,-17.07,-81.26,0.0
2024-05,ES,Renewal,P12M,1,77.7,13.49,64.22,4.62
2024-05,ES,Renewal,P1M,156,2190.6,380.19,1810.46,160.49
2024-05,ES,Renewal,P3M,22,712.78,123.71,589.01,43.58
2024-05,ES,Token pack,TP100,9,97.2,16.85,80.3,8.48
2024-05,ES,Token pack,TP1300,1,108.09,18.76,89.33,6.29
2024-05,ES,Token pack,TP275,8,216.08,37.52,178.64,13.29
2024-05,ES,Token pack,TP2800,2,432.38,75.04,357.34,24.48
2024-05,ES,Token pack,TP600,3,162.12,28.14,133.98,9.96
2024-05,FR,Chargeback,P1M,3,-41.79,-6.96,-34.8,75.0
2024-05,FR,New subscription,P12M,49,3807.35,634.55,3172.8,205.78
2024-05,FR,New subscription,P1M,181,2541.62,423.54,2118.03,193.07
2024-05,FR,New subscription,P3M,48,1555.14,259.2,1295.94,95.72
2024-05,FR,Reactivation,P12M,2,155.4,25.9,129.5,9.24
2024-05,FR,Reactivation,P1M,4,56.16,9.36,46.8,4.48
2024-05,FR,Reactivation,P3M,1,32.4,5.4,27.0,2.13
2024-05,FR,Refund - subscription,P12M,2,-155.4,-25.9,-129.5,0.0
2024-05,FR,Refund - subscription,P1M,11,-154.45,-25.74,-128.71,0.0
2024-05,FR,Refund - subscription,P3M,1,-32.4,-5.4,-27.0,0.0
2024-05,FR,Refund - token pack,TP100,1,-10.8,-1.8,-9.0,0.0
2024-05,FR,Refund - token pack,TP275,1,-27.01,-4.5,-22.51,0.0
2024-05,FR,Renewal,P12M,4,310.8,51.8,259.0,18.48
2024-05,FR,Renewal,P1M,235,3299.93,549.91,2749.92,240.05
2024-05,FR,Renewal,P3M,23,745.19,124.2,620.99,44.08
2024-05,FR,Token pack,TP100,24,259.2,43.2,216.0,21.07
2024-05,FR,Token pack,TP1300,7,756.63,126.09,630.51,44.05
2024-05,FR,Token pack,TP275,14,378.15,63.0,315.14,22.89
2024-05,FR,Token pack,TP2800,2,432.38,72.06,360.32,24.48
2024-05,FR,Token pack,TP600,8,432.32,72.06,360.26,24.05
2024-05,GB,Chargeback,P12M,2,-179.98,-30.0,-149.98,50.0
2024-05,GB,Chargeback,P1M,7,-113.83,-18.97,-94.86,175.0
2024-05,GB,New subscription,P12M,122,11084.47,1847.45,9237.07,572.66
2024-05,GB,New subscription,P1M,297,4876.5,812.77,4063.78,347.99
2024-05,GB,New subscription,P3M,93,3523.01,587.15,2935.87,215.12
2024-05,GB,Reactivation,P12M,11,999.45,166.55,832.82,46.88
2024-05,GB,Reactivation,P1M,9,147.78,24.65,123.13,10.26
2024-05,GB,Reactivation,P3M,5,189.4,31.55,157.85,10.29
2024-05,GB,Refund - subscription,P12M,4,-363.43,-60.57,-302.85,0.0
2024-05,GB,Refund - subscription,P1M,15,-246.3,-41.06,-205.24,0.0
2024-05,GB,Refund - subscription,P3M,3,-113.64,-18.93,-94.71,0.0
2024-05,GB,Renewal,P12M,6,545.14,90.86,454.28,28.09
2024-05,GB,Renewal,P1M,433,7109.56,1184.93,5924.63,514.38
2024-05,GB,Renewal,P3M,47,1780.4,296.73,1483.77,108.77
2024-05,GB,Token pack,TP100,63,795.5,132.55,662.95,57.22
2024-05,GB,Token pack,TP1300,13,1643.06,273.79,1369.17,84.1
2024-05,GB,Token pack,TP275,28,884.46,147.35,737.02,55.23
2024-05,GB,Token pack,TP2800,8,2022.3,337.04,1685.26,93.1
2024-05,GB,Token pack,TP600,8,505.51,84.24,421.27,27.75
2024-05,IN,Chargeback,P1M,2,-25.98,-3.96,-22.02,50.0
2024-05,IN,New subscription,P12M,34,2443.92,372.73,2071.19,125.01
2024-05,IN,New subscription,P1M,71,922.29,140.63,781.66,70.46
2024-05,IN,New subscription,P3M,18,539.46,82.26,457.2,32.85
2024-05,IN,Reactivation,P12M,2,143.76,21.92,121.84,9.22
2024-05,IN,Reactivation,P1M,1,12.99,1.98,11.01,1.08
2024-05,IN,Reactivation,P3M,1,29.97,4.57,25.4,2.1
2024-05,IN,Refund - subscription,P1M,1,-12.99,-1.98,-11.01,0.0
2024-05,IN,Renewal,P12M,3,215.64,32.88,182.76,10.3
2024-05,IN,Renewal,P1M,73,948.27,144.58,803.69,72.62
2024-05,IN,Renewal,P3M,11,329.67,50.27,279.4,21.45
2024-05,IN,Token pack,TP100,7,69.93,10.65,59.28,6.3
2024-05,IN,Token pack,TP1300,4,399.96,61.0,338.96,25.2
2024-05,IN,Token pack,TP275,3,74.97,11.43,63.54,5.4
2024-05,IN,Token pack,TP2800,1,199.99,30.51,169.48,12.3
2024-05,IN,Token pack,TP600,2,99.98,15.26,84.72,6.6
2024-05,IT,New subscription,P12M,40,3108.03,560.43,2547.6,157.26
2024-05,IT,New subscription,P1M,110,1544.62,278.52,1266.1,117.04
2024-05,IT,New subscription,P3M,38,1231.17,221.95,1009.13,72.76
2024-05,IT,Reactivation,P12M,3,233.1,42.03,191.07,13.86
2024-05,IT,Reactivation,P1M,6,84.24,15.18,69.06,6.72
2024-05,IT,Reactivation,P3M,2,64.8,11.68,53.12,4.26
2024-05,IT,Refund - subscription,P12M,3,-233.1,-42.03,-191.07,0.0
2024-05,IT,Refund - subscription,P1M,10,-140.4,-25.3,-115.1,0.0
2024-05,IT,Renewal,P1M,153,2148.45,387.42,1761.03,164.4
2024-05,IT,Renewal,P3M,26,842.37,151.87,690.49,52.13
2024-05,IT,Token pack,TP100,10,108.0,19.47,88.5,9.43
2024-05,IT,Token pack,TP1300,3,324.27,58.47,265.8,14.2
2024-05,IT,Token pack,TP275,9,243.1,43.83,199.27,16.55
2024-05,IT,Token pack,TP2800,2,432.38,77.96,354.4,24.48
2024-05,JP,New subscription,P12M,23,1653.24,150.25,1502.99,91.96
2024-05,JP,New subscription,P1M,67,870.33,79.06,791.27,67.91
2024-05,JP,New subscription,P3M,15,449.55,40.82,408.73,29.85
2024-05,JP,Reactivation,P1M,3,38.97,3.54,35.43,3.24
2024-05,JP,Refund - subscription,P12M,1,-71.88,-6.53,-65.35,0.0
2024-05,JP,Refund - subscription,P1M,4,-51.96,-4.72,-47.24,0.0
2024-05,JP,Refund - subscription,P3M,2,-59.94,-5.45,-54.49,0.0
2024-05,JP,Renewal,P12M,3,215.64,19.59,196.05,13.83
2024-05,JP,Renewal,P1M,79,1026.21,93.24,932.97,82.66
2024-05,JP,Renewal,P3M,8,239.76,21.76,218.0,16.8
2024-05,JP,Token pack,TP100,4,39.96,3.64,36.32,2.85
2024-05,JP,Token pack,TP1300,1,99.99,9.09,90.9,6.3
2024-05,JP,Token pack,TP275,4,99.96,9.08,90.88,7.2
2024-05,JP,Token pack,TP2800,1,199.99,18.18,181.81,12.3
2024-05,JP,Token pack,TP600,1,49.99,4.54,45.45,3.3
2024-05,MX,Chargeback,P1M,1,-12.99,-1.79,-11.2,25.0
2024-05,MX,New subscription,P12M,42,3018.96,416.36,2602.6,190.2
2024-05,MX,New subscription,P1M,72,935.28,128.97,806.31,71.53
2024-05,MX,New subscription,P3M,17,509.49,70.24,439.25,32.39
2024-05,MX,Reactivation,P12M,2,143.76,19.82,123.94,9.22
2024-05,MX,Reactivation,P1M,3,38.97,5.37,33.6,3.24
2024-05,MX,Refund - subscription,P12M,3,-215.64,-29.74,-185.9,0.0
2024-05,MX,Refund - subscription,P1M,2,-25.98,-3.58,-22.4,0.0
2024-05,MX,Renewal,P12M,6,431.28,59.47,371.81,24.14
2024-05,MX,Renewal,P1M,86,1117.14,154.1,963.04,81.32
2024-05,MX,Renewal,P3M,11,329.67,45.43,284.24,19.8
2024-05,MX,Token pack,TP100,3,29.97,4.14,25.83,1.95
2024-05,MX,Token pack,TP1300,1,99.99,13.79,86.2,6.3
2024-05,MX,Token pack,TP275,1,24.99,3.45,21.54,0.37
2024-05,MX,Token pack,TP600,2,99.98,13.8,86.18,4.05
2024-05,NL,Chargeback,P1M,1,-13.93,-2.42,-11.51,25.0
2024-05,NL,New subscription,P12M,34,2641.84,458.55,2183.37,129.53
2024-05,NL,New subscription,P1M,94,1319.93,229.08,1090.93,101.81
2024-05,NL,New subscription,P3M,25,809.98,140.56,669.31,45.06
2024-05,NL,Reactivation,P12M,1,77.7,13.49,64.22,4.62
2024-05,NL,Reactivation,P1M,8,112.32,19.52,92.88,8.96
2024-05,NL,Refund - subscription,P12M,2,-155.4,-26.98,-128.44,0.0
2024-05,NL,Refund - subscription,P1M,8,-112.33,-19.51,-92.87,0.0
2024-05,NL,Renewal,P12M,2,155.4,26.98,128.44,9.24
2024-05,NL,Renewal,P1M,128,1797.39,311.96,1485.49,138.16
2024-05,NL,Renewal,P3M,12,388.8,67.45,321.25,23.92
2024-05,NL,Token pack,TP100,18,194.4,33.7,160.6,16.96
2024-05,NL,Token pack,TP1300,3,324.27,56.28,267.99,9.53
2024-05,NL,Token pack,TP275,8,216.11,37.52,178.61,13.26
2024-05,NL,Token pack,TP2800,3,648.57,112.56,536.01,36.72
2024-05,NL,Token pack,TP600,2,108.08,18.76,89.32,6.64
2024-05,PL,Chargeback,P1M,1,-13.93,-2.6,-11.32,25.0
2024-05,PL,Chargeback,P3M,1,-32.13,-6.01,-26.12,25.0
2024-05,PL,New subscription,P12M,28,2175.62,406.84,1768.84,125.98
2024-05,PL,New subscription,P1M,70,982.93,183.81,799.16,73.07
2024-05,PL,New subscription,P3M,15,486.0,90.9,395.1,31.95
2024-05,PL,Reactivation,P12M,1,77.7,14.53,63.17,1.17
2024-05,PL,Reactivation,P1M,1,14.04,2.63,11.42,1.12
2024-05,PL,Refund - subscription,P12M,3,-233.1,-43.59,-189.52,0.0
2024-05,PL,Refund - subscription,P1M,3,-42.12,-7.89,-34.26,0.0
2024-05,PL,Renewal,P12M,5,388.5,72.65,315.86,19.66
2024-05,PL,Renewal,P1M,105,1474.45,275.71,1198.7,109.64
2024-05,PL,Renewal,P3M,10,324.0,60.6,263.4,19.66
2024-05,PL,Token pack,TP100,6,64.8,12.12,52.68,5.65
2024-05,PL,Token pack,TP275,6,162.07,30.3,131.77,9.6
2024-05,PL,Token pack,TP2800,2,432.38,80.86,351.52,6.48
2024-05,PL,Token pack,TP600,5,270.2,50.51,219.66,11.58
2024-05,ROW,Chargeback,P12M,2,-143.76,-6.84,-136.92,50.0
2024-05,ROW,Chargeback,P1M,5,-64.95,-3.1,-61.85,125.0
2024-05,ROW,Chargeback,P3M,3,-89.91,-4.29,-85.62,75.0
2024-05,ROW,New subscription,P12M,183,13154.04,626.39,12527.65,727.49
2024-05,ROW,New subscription,P1M,321,4169.79,198.58,3971.21,312.89
2024-05,ROW,New subscription,P3M,116,3476.52,165.52,3311.0,217.03
2024-05,ROW,Reactivation,P12M,5,359.4,17.1,342.3,23.05
2024-05,ROW,Reactivation,P1M,12,155.88,7.44,148.44,12.07
2024-05,ROW,Reactivation,P3M,1,29.97,1.43,28.54,2.1
2024-05,ROW,Refund - subscription,P12M,8,-575.04,-27.37,-547.67,0.0
2024-05,ROW,Refund - subscription,P1M,14,-181.86,-8.68,-173.18,0.0
2024-05,ROW,Refund - subscription,P3M,1,-29.97,-1.43,-28.54,0.0
2024-05,ROW,Refund - token pack,TP275,1,-24.99,-1.19,-23.8,0.0
2024-05,ROW,Refund - token pack,TP2800,1,-199.99,-9.52,-190.47,0.0
2024-05,ROW,Renewal,P12M,3,215.64,10.26,205.38,13.83
2024-05,ROW,Renewal,P1M,323,4195.77,199.81,3995.96,323.87
2024-05,ROW,Renewal,P3M,56,1678.32,79.93,1598.39,105.98
2024-05,ROW,Token pack,TP100,26,259.74,12.42,247.32,21.15
2024-05,ROW,Token pack,TP1300,6,599.94,28.56,571.38,37.8
2024-05,ROW,Token pack,TP275,10,249.9,11.9,238.0,18.0
2024-05,ROW,Token pack,TP2800,3,599.97,28.56,571.41,27.6
2024-05,ROW,Token pack,TP600,12,599.88,28.56,571.32,34.5
2024-05,SE,Chargeback,P1M,2,-27.86,-5.58,-22.28,50.0
2024-05,SE,New subscription,P12M,16,1243.21,248.64,994.57,56.69
2024-05,SE,New subscription,P1M,57,800.36,160.12,640.3,56.64
2024-05,SE,New subscription,P3M,26,842.4,168.48,673.92,50.46
2024-05,SE,Reactivation,P12M,3,233.1,46.62,186.48,13.86
2024-05,SE,Reactivation,P1M,2,28.08,5.62,22.46,2.24
2024-05,SE,Refund - subscription,P1M,4,-56.16,-11.24,-44.92,0.0
2024-05,SE,Refund - subscription,P3M,4,-129.6,-25.92,-103.68,0.0
2024-05,SE,Refund - token pack,TP2800,1,-216.19,-43.24,-172.95,0.0
2024-05,SE,Renewal,P12M,2,155.4,31.08,124.32,9.24
2024-05,SE,Renewal,P1M,79,1109.31,221.9,887.5,80.44
2024-05,SE,Renewal,P3M,11,356.4,71.28,285.12,20.15
2024-05,SE,Token pack,TP100,10,108.0,21.6,86.4,9.41
2024-05,SE,Token pack,TP275,1,27.01,5.4,21.61,1.84
2024-05,SE,Token pack,TP2800,2,432.38,86.48,345.9,24.48
2024-05,SE,Token pack,TP600,2,108.08,21.62,86.46,6.64
2024-05,US,Chargeback,P12M,5,-359.4,-20.35,-339.05,125.0
2024-05,US,Chargeback,P1M,26,-337.74,-19.17,-318.57,650.0
2024-05,US,Chargeback,P3M,5,-149.85,-8.49,-141.36,125.0
2024-05,US,New subscription,P12M,483,34718.04,1965.14,32752.9,2030.06
2024-05,US,New subscription,P1M,1322,17172.78,972.04,16200.74,1316.39
2024-05,US,New subscription,P3M,390,11688.3,661.61,11026.69,754.01
2024-05,US,Reactivation,P12M,23,1653.24,93.61,1559.63,99.01
2024-05,US,Reactivation,P1M,56,727.44,41.22,686.22,56.92
2024-05,US,Reactivation,P3M,19,569.43,32.26,537.17,39.9
2024-05,US,Refund - subscription,P12M,28,-2012.64,-113.95,-1898.69,0.0
2024-05,US,Refund - subscription,P1M,58,-753.42,-42.69,-710.73,0.0
2024-05,US,Refund - subscription,P3M,9,-269.73,-15.29,-254.44,0.0
2024-05,US,Refund - token pack,TP275,3,-74.97,-4.23,-70.74,0.0
2024-05,US,Refund - token pack,TP2800,2,-399.98,-22.64,-377.34,0.0
2024-05,US,Refund - token pack,TP600,1,-49.99,-2.83,-47.16,0.0
2024-05,US,Renewal,P12M,42,3018.96,170.91,2848.05,172.54
2024-05,US,Renewal,P1M,1872,24317.28,1376.46,22940.82,1893.26
2024-05,US,Renewal,P3M,195,5844.15,330.76,5513.39,374.57
2024-05,US,Token pack,TP100,204,2037.96,115.36,1922.6,167.04
2024-05,US,Token pack,TP1300,45,4499.55,254.7,4244.85,254.7
2024-05,US,Token pack,TP275,103,2573.97,145.67,2428.3,172.52
2024-05,US,Token pack,TP2800,42,8399.58,475.44,7924.14,479.4
2024-05,US,Token pack,TP600,74,3699.26,209.42,3489.84,218.7
2024-06,AU,Chargeback,P12M,1,-71.88,-6.53,-65.35,25.0
2024-06,AU,Chargeback,P1M,4,-51.96,-4.72,-47.24,100.0
2024-06,AU,Chargeback,P3M,1,-29.97,-2.72,-27.25,25.0
2024-06,AU,New subscription,P12M,50,3594.0,326.68,3267.32,202.36
2024-06,AU,New subscription,P1M,145,1883.55,171.19,1712.36,144.16
2024-06,AU,New subscription,P3M,55,1648.35,149.81,1498.54,108.84
2024-06,AU,Reactivation,P12M,6,431.28,39.19,392.09,17.07
2024-06,AU,Reactivation,P1M,6,77.94,7.08,70.86,6.48
2024-06,AU,Reactivation,P3M,1,29.97,2.72,27.25,2.1
2024-06,AU,Refund - subscription,P12M,2,-143.76,-13.06,-130.7,0.0
2024-06,AU,Refund - subscription,P1M,1,-12.99,-1.18,-11.81,0.0
2024-06,AU,Refund - subscription,P3M,2,-59.94,-5.45,-54.49,0.0
2024-06,AU,Refund - token pack,TP100,1,-9.99,-0.91,-9.08,0.0
2024-06,AU,Renewal,P12M,2,143.76,13.06,130.7,9.22
2024-06,AU,Renewal,P1M,188,2442.12,222.0,2220.12,188.81
2024-06,AU,Renewal,P3M,24,719.28,65.33,653.95,50.39
2024-06,AU,Token pack,TP100,20,199.8,18.2,181.6,18.0
2024-06,AU,Token pack,TP1300,7,699.93,63.63,636.3,44.1
2024-06,AU,Token pack,TP275,10,249.9,22.7,227.2,18.0
2024-06,AU,Token pack,TP2800,2,399.98,36.36,363.62,24.6
2024-06,AU,Token pack,TP600,10,499.9,45.41,454.49,27.9
2024-06,BR,Chargeback,P1M,5,-64.95,-3.1,-61.85,125.0
2024-06,BR,New subscription,P12M,43,3090.84,147.21,2943.63,177.15
2024-06,BR,New subscription,P1M,109,1415.91,67.43,1348.48,104.41
2024-06,BR,New subscription,P3M,35,1048.95,49.96,998.99,61.93
2024-06,BR,Reactivation,P12M,1,71.88,3.42,68.46,4.61
2024-06,BR,Reactivation,P1M,7,90.93,4.34,86.59,6.67
2024-06,BR,Refund - subscription,P12M,3,-215.64,-10.26,-205.38,0.0
2024-06,BR,Refund - subscription,P1M,7,-90.93,-4.34,-86.59,0.0
2024-06,BR,Refund - subscription,P3M,1,-29.97,-1.43,-28.54,0.0
2024-06,BR,Renewal,P12M,1,71.88,3.42,68.46,4.61
2024-06,BR,Renewal,P1M,119,1545.81,73.64,1472.17,116.08
2024-06,BR,Renewal,P3M,12,359.64,17.13,342.51,23.54
2024-06,BR,Token pack,TP100,10,99.9,4.79,95.11,6.75
2024-06,BR,Token pack,TP1300,2,199.98,9.52,190.46,12.6
2024-06,BR,Token pack,TP275,9,224.91,10.71,214.2,11.91
2024-06,BR,Token pack,TP2800,1,199.99,9.52,190.47,12.3
2024-06,BR,Token pack,TP600,1,49.99,2.38,47.61,3.3
2024-06,CA,Chargeback,P1M,4,-51.96,-5.96,-46.0,100.0
2024-06,CA,Chargeback,P3M,1,-29.97,-3.45,-26.52,25.0
2024-06,CA,New subscription,P12M,52,3737.76,430.04,3307.72,215.11
2024-06,CA,New subscription,P1M,181,2351.19,270.5,2080.69,183.92
2024-06,CA,New subscription,P3M,52,1558.44,179.35,1379.09,95.95
2024-06,CA,Reactivation,P12M,2,143.76,16.54,127.22,9.22
2024-06,CA,Reactivation,P1M,8,103.92,11.94,91.98,7.75
2024-06,CA,Refund - subscription,P12M,1,-71.88,-8.27,-63.61,0.0
2024-06,CA,Refund - subscription,P1M,10,-129.9,-14.91,-114.99,0.0
2024-06,CA,Refund - subscription,P3M,1,-29.97,-3.45,-26.52,0.0
2024-06,CA,Refund - token pack,TP100,1,-9.99,-1.15,-8.84,0.0
2024-06,CA,Renewal,P12M,4,287.52,33.08,254.44,18.44
2024-06,CA,Renewal,P1M,276,3585.24,412.44,3172.8,282.86
2024-06,CA,Renewal,P3M,32,959.04,110.39,848.65,63.89
2024-06,CA,Token pack,TP100,30,299.7,34.5,265.2,24.0
2024-06,CA,Token pack,TP1300,1,99.99,11.5,88.49,1.5
2024-06,CA,Token pack,TP275,10,249.9,28.71,221.19,15.14
2024-06,CA,Token pack,TP2800,1,199.99,23.01,176.98,12.3
2024-06,CA,Token pack,TP600,10,499.9,57.5,442.4,33.0
2024-06,CH,Chargeback,P1M,1,-14.04,-1.05,-12.99,25.0
2024-06,CH,New subscription,P12M,21,1624.18,121.76,1502.54,89.75
2024-06,CH,New subscription,P1M,34,475.22,35.6,439.62,36.25
2024-06,CH,New subscription,P3M,22,709.5,53.18,656.26,46.7
2024-06,CH,Reactivation,P1M,3,41.94,3.15,38.79,2.45
2024-06,CH,Reactivation,P3M,1,32.25,2.42,29.83,2.12
2024-06,CH,Refund - subscription,P12M,1,-77.34,-5.8,-71.55,0.0
2024-06,CH,Refund - subscription,P1M,1,-13.98,-1.05,-12.93,0.0
2024-06,CH,Refund - subscription,P3M,1,-32.25,-2.42,-29.83,0.0
2024-06,CH,Renewal,P12M,4,309.37,23.19,286.2,18.41
2024-06,CH,Renewal,P1M,60,838.59,62.79,775.8,58.99
2024-06,CH,Renewal,P3M,5,161.25,12.1,149.15,8.96
2024-06,CH,Token pack,TP100,11,118.25,8.89,109.36,8.0
2024-06,CH,Token pack,TP1300,5,537.95,40.3,497.65,26.69
2024-06,CH,Token pack,TP275,12,322.68,24.13,298.45,20.53
2024-06,CH,Token pack,TP2800,1,215.19,16.12,199.06,12.19
2024-06,CH,Token pack,TP600,5,268.95,20.15,248.8,16.55
2024-06,DE,Chargeback,P1M,10,-140.4,-22.4,-118.0,250.0
2024-06,DE,Chargeback,P3M,1,-32.4,-5.17,-27.22,25.0
2024-06,DE,New subscription,P12M,109,8430.34,1346.03,7084.32,453.59
2024-06,DE,New subscription,P1M,306,4277.04,682.91,3594.17,320.53
2024-06,DE,New subscription,P3M,89,2870.08,458.3,2411.85,167.67
2024-06,DE,Reactivation,P12M,3,232.02,37.05,194.97,13.8
2024-06,DE,Reactivation,P1M,12,167.75,26.76,140.99,12.53
2024-06,DE,Reactivation,P3M,2,64.5,10.3,54.2,2.6
2024-06,DE,Refund - subscription,P12M,3,-232.02,-37.05,-194.97,0.0
2024-06,DE,Refund - subscription,P1M,11,-153.76,-24.53,-129.23,0.0
2024-06,DE,Refund - subscription,P3M,2,-64.5,-10.3,-54.2,0.0
2024-06,DE,Refund - token pack,TP100,2,-21.5,-3.44,-18.06,0.0
2024-06,DE,Refund - token pack,TP1300,2,-215.18,-34.36,-180.82,0.0
2024-06,DE,Renewal,P12M,6,464.04,74.1,389.94,24.16
2024-06,DE,Renewal,P1M,510,7128.42,1138.12,5990.24,538.75
2024-06,DE,Renewal,P3M,56,1805.93,288.39,1517.59,107.44
2024-06,DE,Token pack,TP100,64,688.0,109.89,578.09,54.72
2024-06,DE,Token pack,TP1300,16,1721.44,274.88,1446.56,86.31
2024-06,DE,Token pack,TP275,35,941.15,150.23,790.91,56.9
2024-06,DE,Token pack,TP2800,8,1721.52,274.88,1446.64,97.51
2024-06,DE,Token pack,TP600,12,645.48,103.08,542.4,39.72
2024-06,ES,Chargeback,P1M,1,-14.04,-2.44,-11.61,25.0
2024-06,ES,New subscription,P12M,36,2784.35,483.23,2301.12,145.04
2024-06,ES,New subscription,P1M,105,1467.62,254.71,1212.91,111.08
2024-06,ES,New subscription,P3M,33,1064.22,184.71,879.45,61.85
2024-06,ES,Reactivation,P12M,3,232.02,40.26,191.76,13.8
2024-06,ES,Reactivation,P1M,3,41.94,7.29,34.65,3.36
2024-06,ES,Reactivation,P3M,3,96.75,16.8,79.95,4.72
2024-06,ES,Refund - subscription,P12M,2,-154.69,-26.85,-127.84,0.0
2024-06,ES,Refund - subscription,P1M,1,-13.98,-2.43,-11.55,0.0
2024-06,ES,Refund - token pack,TP100,1,-10.75,-1.87,-8.88,0.0
2024-06,ES,Renewal,P12M,3,232.02,40.26,191.76,13.8
2024-06,ES,Renewal,P1M,154,2152.49,373.56,1778.92,162.27
2024-06,ES,Renewal,P3M,25,806.23,139.95,666.25,49.77
2024-06,ES,Token pack,TP100,15,161.25,28.02,133.23,14.1
2024-06,ES,Token pack,TP1300,5,537.95,93.36,444.59,31.34
2024-06,ES,Token pack,TP275,8,215.12,37.36,177.76,13.21
2024-06,ES,Token pack,TP2800,3,645.57,112.05,533.52,36.57
2024-06,ES,Token pack,TP600,6,322.74,56.04,266.7,19.86
2024-06,FR,Chargeback,P1M,3,-42.12,-7.02,-35.1,75.0
2024-06,FR,New subscription,P12M,55,4253.88,708.95,3544.83,215.3
2024-06,FR,New subscription,P1M,160,2236.36,372.79,1863.6,170.81
2024-06,FR,New subscription,P3M,61,1967.14,327.77,1639.24,121.29
2024-06,FR,Reactivation,P12M,2,154.68,25.78,128.9,5.76
2024-06,FR,Reactivation,P1M,8,111.83,18.64,93.2,8.96
2024-06,FR,Reactivation,P3M,2,64.5,10.74,53.74,4.24
2024-06,FR,Refund - subscription,P12M,7,-541.39,-90.23,-451.15,0.0
2024-06,FR,Refund - subscription,P1M,10,-139.78,-23.3,-116.49,0.0
2024-06,FR,Refund - subscription,P3M,1,-32.25,-5.37,-26.87,0.0
2024-06,FR,Renewal,P12M,3,232.03,38.67,193.35,13.81
2024-06,FR,Renewal,P1M,267,3731.95,622.05,3109.92,272.33
2024-06,FR,Renewal,P3M,24,773.98,128.93,644.93,44.37
2024-06,FR,Token pack,TP100,28,301.0,50.13,250.86,24.76
2024-06,FR,Token pack,TP1300,12,1291.08,215.16,1075.91,75.22
2024-06,FR,Token pack,TP275,19,510.91,85.13,425.77,33.33
2024-06,FR,Token pack,TP2800,2,430.38,71.72,358.64,24.38
2024-06,FR,Token pack,TP600,5,268.95,44.8,224.1,16.55
2024-06,GB,Chargeback,P12M,1,-90.86,-15.14,-75.71,25.0
2024-06,GB,Chargeback,P1M,7,-114.94,-19.17,-95.77,175.0
2024-06,GB,New subscription,P12M,108,9866.88,1644.46,8222.34,512.37
2024-06,GB,New subscription,P1M,292,4820.92,803.49,4017.49,342.08
2024-06,GB,New subscription,P3M,95,3618.7,603.13,3015.64,219.2
2024-06,GB,Reactivation,P12M,6,548.16,91.38,456.78,28.22
2024-06,GB,Reactivation,P1M,8,132.08,22.0,110.08,10.08
2024-06,GB,Reactivation,P3M,4,152.36,25.4,126.96,9.8
2024-06,GB,Refund - subscription,P12M,5,-456.8,-76.14,-380.66,0.0
2024-06,GB,Refund - subscription,P1M,15,-247.65,-41.26,-206.4,0.0
2024-06,GB,Refund - subscription,P3M,2,-76.18,-12.7,-63.48,0.0
2024-06,GB,Refund - token pack,TP600,3,-190.62,-31.77,-158.85,0.0
2024-06,GB,Renewal,P12M,6,548.16,91.37,456.79,28.23
2024-06,GB,Renewal,P1M,489,8073.5,1345.59,6727.95,584.87
2024-06,GB,Renewal,P3M,62,2361.7,393.66,1968.09,138.52
2024-06,GB,Token pack,TP100,51,647.57,107.95,539.59,50.09
2024-06,GB,Token pack,TP1300,15,1906.33,317.7,1588.63,93.81
2024-06,GB,Token pack,TP275,34,1079.88,179.96,899.98,68.06
2024-06,GB,Token pack,TP2800,9,2287.71,381.24,1906.38,118.45
2024-06,GB,Token pack,TP600,28,1779.03,296.52,1482.57,98.94
2024-06,IN,Chargeback,P3M,2,-59.94,-9.14,-50.8,50.0
2024-06,IN,New subscription,P12M,42,3018.96,460.46,2558.5,154.85
2024-06,IN,New subscription,P1M,69,896.31,136.69,759.62,67.4
2024-06,IN,New subscription,P3M,29,869.13,132.56,736.57,49.35
2024-06,IN,Reactivation,P12M,2,143.76,21.92,121.84,9.22
2024-06,IN,Reactivation,P1M,3,38.97,5.94,33.03,3.24
2024-06,IN,Reactivation,P3M,4,119.88,18.28,101.6,8.4
2024-06,IN,Refund - subscription,P1M,5,-64.95,-9.9,-55.05,0.0
2024-06,IN,Renewal,P12M,2,143.76,21.92,121.84,9.22
2024-06,IN,Renewal,P1M,88,1143.12,174.34,968.78,89.72
2024-06,IN,Renewal,P3M,17,509.49,77.69,431.8,29.1
2024-06,IN,Token pack,TP100,2,19.98,3.04,16.94,1.8
2024-06,IN,Token pack,TP275,3,74.97,11.43,63.54,5.4
2024-06,IN,Token pack,TP600,1,49.99,7.63,42.36,3.3
2024-06,IT,Chargeback,P1M,4,-56.16,-10.12,-46.04,100.0
2024-06,IT,New subscription,P12M,31,2397.61,432.38,1965.32,118.59
2024-06,IT,New subscription,P1M,103,1439.67,259.56,1180.05,107.98
2024-06,IT,New subscription,P3M,30,967.49,174.53,792.97,60.39
2024-06,IT,Reactivation,P12M,2,154.68,27.9,126.8,5.76
2024-06,IT,Reactivation,P1M,3,41.94,7.56,34.38,3.36
2024-06,IT,Reactivation,P3M,1,32.25,5.82,26.43,2.12
2024-06,IT,Refund - subscription,P1M,5,-69.89,-12.6,-57.29,0.0
2024-06,IT,Refund - subscription,P3M,2,-64.5,-11.64,-52.86,0.0
2024-06,IT,Renewal,P12M,1,77.34,13.95,63.4,4.6
2024-06,IT,Renewal,P1M,173,2418.06,435.97,1982.02,183.51
2024-06,IT,Renewal,P3M,17,548.24,98.9,449.35,36.08
2024-06,IT,Token pack,TP100,5,53.75,9.7,44.05,4.7
2024-06,IT,Token pack,TP1300,1,107.59,19.4,88.19,6.27
2024-06,IT,Token pack,TP275,7,188.23,33.95,154.28,12.81
2024-06,IT,Token pack,TP2800,1,215.19,38.8,176.38,12.19
2024-06,IT,Token pack,TP600,5,268.95,48.5,220.45,16.55
2024-06,JP,Chargeback,P1M,3,-38.97,-3.54,-35.43,75.0
2024-06,JP,New subscription,P12M,17,1221.96,111.03,1110.93,60.73
2024-06,JP,New subscription,P1M,58,753.42,68.44,684.98,59.97
2024-06,JP,New subscription,P3M,12,359.64,32.66,326.98,25.2
2024-06,JP,Reactivation,P12M,1,71.88,6.53,65.35,4.61
2024-06,JP,Refund - subscription,P1M,1,-12.99,-1.18,-11.81,0.0
2024-06,JP,Refund - subscription,P3M,1,-29.97,-2.72,-27.25,0.0
2024-06,JP,Renewal,P12M,2,143.76,13.06,130.7,9.22
2024-06,JP,Renewal,P1M,93,1208.07,109.77,1098.3,97.76
2024-06,JP,Renewal,P3M,9,269.73,24.49,245.24,18.9
2024-06,JP,Token pack,TP100,2,19.98,1.82,18.16,1.8
2024-06,JP,Token pack,TP1300,2,199.98,18.18,181.8,12.6
2024-06,JP,Token pack,TP275,3,74.97,6.81,68.16,5.4
2024-06,JP,Token pack,TP600,1,49.99,4.54,45.45,3.3
2024-06,MX,Chargeback,P12M,1,-71.88,-9.91,-61.97,25.0
2024-06,MX,Chargeback,P3M,1,-29.97,-4.13,-25.84,25.0
2024-06,MX,New subscription,P12M,39,2803.32,386.61,2416.71,144.55
2024-06,MX,New subscription,P1M,73,948.27,130.82,817.45,73.5
2024-06,MX,New subscription,P3M,22,659.34,90.93,568.41,42.89
2024-06,MX,Reactivation,P12M,1,71.88,9.91,61.97,4.61
2024-06,MX,Reactivation,P1M,2,25.98,3.58,22.4,2.16
2024-06,MX,Reactivation,P3M,1,29.97,4.13,25.84,0.45
2024-06,MX,Refund - subscription,P12M,1,-71.88,-9.91,-61.97,0.0
2024-06,MX,Refund - subscription,P1M,3,-38.97,-5.37,-33.6,0.0
2024-06,MX,Refund - subscription,P3M,1,-29.97,-4.13,-25.84,0.0
2024-06,MX,Renewal,P12M,1,71.88,9.91,61.97,4.61
2024-06,MX,Renewal,P1M,91,1182.09,163.07,1019.02,88.5
2024-06,MX,Renewal,P3M,10,299.7,41.31,258.39,19.35
2024-06,MX,Token pack,TP100,14,139.86,19.32,120.54,10.35
2024-06,MX,Token pack,TP1300,1,99.99,13.79,86.2,6.3
2024-06,MX,Token pack,TP275,1,24.99,3.45,21.54,0.37
2024-06,MX,Token pack,TP600,4,199.96,27.6,172.36,8.1
2024-06,NL,Chargeback,P12M,1,-77.7,-13.49,-64.22,25.0
2024-06,NL,Chargeback,P1M,3,-42.12,-7.32,-34.83,75.0
2024-06,NL,Chargeback,P3M,1,-32.4,-5.62,-26.77,25.0
2024-06,NL,New subscription,P12M,36,2784.33,483.21,2301.12,141.58
2024-06,NL,New subscription,P1M,89,1243.95,215.9,1028.05,91.41
2024-06,NL,New subscription,P3M,35,1128.72,195.93,932.75,66.07
2024-06,NL,Reactivation,P1M,4,55.92,9.72,46.2,4.48
2024-06,NL,Reactivation,P3M,1,32.25,5.6,26.65,2.12
2024-06,NL,Refund - subscription,P12M,3,-232.02,-40.26,-191.76,0.0
2024-06,NL,Refund - subscription,P1M,4,-55.91,-9.71,-46.2,0.0
2024-06,NL,Refund - subscription,P3M,1,-32.25,-5.6,-26.65,0.0
2024-06,NL,Refund - token pack,TP275,1,-26.89,-4.67,-22.22,0.0
2024-06,NL,Renewal,P12M,3,232.02,40.26,191.76,13.8
2024-06,NL,Renewal,P1M,149,2082.59,361.42,1721.16,158.5
2024-06,NL,Renewal,P3M,20,644.99,111.96,533.0,40.8
2024-06,NL,Token pack,TP100,17,182.75,31.76,150.99,15.2
2024-06,NL,Token pack,TP275,10,268.9,46.69,222.21,16.87
2024-06,NL,Token pack,TP2800,6,1291.14,224.09,1067.04,64.17
2024-06,NL,Token pack,TP600,6,322.74,56.04,266.7,17.36
2024-06,PL,Chargeback,P1M,2,-28.08,-5.26,-22.84,50.0
2024-06,PL,Chargeback,P3M,1,-32.4,-6.06,-26.34,25.0
2024-06,PL,New subscription,P12M,35,2706.98,506.14,2200.8,147.33
2024-06,PL,New subscription,P1M,81,1132.11,211.69,920.44,85.23
2024-06,PL,New subscription,P3M,28,902.96,168.84,734.12,54.53
2024-06,PL,Reactivation,P12M,2,154.68,28.92,125.76,9.2
2024-06,PL,Reactivation,P1M,2,27.96,5.22,22.72,2.24
2024-06,PL,Refund - subscription,P12M,1,-77.34,-14.46,-62.88,0.0
2024-06,PL,Refund - subscription,P1M,2,-27.96,-5.22,-22.72,0.0
2024-06,PL,Refund - subscription,P3M,1,-32.25,-6.03,-26.22,0.0
2024-06,PL,Renewal,P12M,3,232.02,43.38,188.64,13.8
2024-06,PL,Renewal,P1M,108,1509.5,282.25,1227.25,111.76
2024-06,PL,Renewal,P3M,15,483.75,90.45,393.3,30.19
2024-06,PL,Token pack,TP100,14,150.5,28.14,122.36,11.6
2024-06,PL,Token pack,TP1300,3,322.77,60.36,262.41,14.15
2024-06,PL,Token pack,TP275,11,295.79,55.33,240.46,18.7
2024-06,PL,Token pack,TP2800,1,215.19,40.24,174.95,12.19
2024-06,PL,Token pack,TP600,3,161.37,30.18,131.19,9.93
2024-06,ROW,Chargeback,P12M,4,-287.52,-13.68,-273.84,100.0
2024-06,ROW,Chargeback,P1M,9,-116.91,-5.58,-111.33,225.0
2024-06,ROW,New subscription,P12M,153,10997.64,523.66,10473.98,596.18
2024-06,ROW,New subscription,P1M,261,3390.39,161.44,3228.95,253.47
2024-06,ROW,New subscription,P3M,105,3146.85,149.86,2996.99,185.7
2024-06,ROW,Reactivation,P12M,8,575.04,27.37,547.67,29.82
2024-06,ROW,Reactivation,P1M,11,142.89,6.82,136.07,11.88
2024-06,ROW,Reactivation,P3M,3,89.91,4.29,85.62,6.3
2024-06,ROW,Refund - subscription,P12M,3,-215.64,-10.26,-205.38,0.0
2024-06,ROW,Refund - subscription,P1M,13,-168.87,-8.05,-160.82,0.0
2024-06,ROW,Refund - subscription,P3M,3,-89.91,-4.28,-85.63,0.0
2024-06,ROW,Refund - token pack,TP100,1,-9.99,-0.48,-9.51,0.0
2024-06,ROW,Renewal,P12M,9,646.92,30.8,616.12,34.43
2024-06,ROW,Renewal,P1M,373,4845.27,230.74,4614.53,372.52
2024-06,ROW,Renewal,P3M,52,1558.44,74.21,1484.23,97.61
2024-06,ROW,Token pack,TP100,38,379.62,18.12,361.5,31.2
2024-06,ROW,Token pack,TP1300,3,299.97,14.28,285.69,14.1
2024-06,ROW,Token pack,TP275,22,549.78,26.18,523.6,31.03
2024-06,ROW,Token pack,TP2800,6,1199.94,57.12,1142.82,64.5
2024-06,ROW,Token pack,TP600,13,649.87,30.94,618.93,37.8
2024-06,SE,Chargeback,P1M,1,-14.04,-2.81,-11.23,25.0
2024-06,SE,New subscription,P12M,23,1778.89,355.81,1423.08,95.54
2024-06,SE,New subscription,P1M,47,656.91,131.44,525.51,48.08
2024-06,SE,New subscription,P3M,11,354.75,70.95,283.8,21.68
2024-06,SE,Reactivation,P1M,1,13.98,2.8,11.18,1.12
2024-06,SE,Reactivation,P3M,1,32.25,6.45,25.8,2.12
2024-06,SE,Refund - subscription,P12M,1,-77.34,-15.47,-61.87,0.0
2024-06,SE,Refund - subscription,P1M,5,-69.89,-13.99,-55.9,0.0
2024-06,SE,Renewal,P12M,1,77.34,15.47,61.87,1.16
2024-06,SE,Renewal,P1M,93,1299.89,260.01,1039.93,94.07
2024-06,SE,Renewal,P3M,10,322.5,64.5,258.0,21.22
2024-06,SE,Token pack,TP100,9,96.75,19.35,77.4,7.68
2024-06,SE,Token pack,TP1300,2,215.18,43.04,172.14,12.54
2024-06,SE,Token pack,TP275,4,107.56,21.52,86.04,5.89
2024-06,SE,Token pack,TP600,3,161.37,32.28,129.09,9.93
2024-06,US,Chargeback,P12M,5,-359.4,-20.35,-339.05,125.0
2024-06,US,Chargeback,P1M,34,-441.66,-25.06,-416.6,850.0
2024-06,US,Chargeback,P3M,5,-149.85,-8.5,-141.35,125.0
2024-06,US,New subscription,P12M,504,36227.52,2050.6,34176.92,2038.55
2024-06,US,New subscription,P1M,1352,17562.48,994.08,16568.4,1364.69
2024-06,US,New subscription,P3M,417,12497.49,707.4,11790.09,809.02
2024-06,US,Reactivation,P12M,26,1868.88,105.82,1763.06,112.85
2024-06,US,Reactivation,P1M,60,779.4,44.19,735.21,61.24
2024-06,US,Reactivation,P3M,18,539.46,30.56,508.9,34.5
2024-06,US,Refund - subscription,P12M,22,-1581.36,-89.53,-1491.83,0.0
2024-06,US,Refund - subscription,P1M,51,-662.49,-37.56,-624.93,0.0
2024-06,US,Refund - subscription,P3M,9,-269.73,-15.29,-254.44,0.0
2024-06,US,Refund - token pack,TP100,3,-29.97,-1.71,-28.26,0.0
2024-06,US,Refund - token pack,TP1300,1,-99.99,-5.66,-94.33,0.0
2024-06,US,Refund - token pack,TP2800,1,-199.99,-11.32,-188.67,0.0
2024-06,US,Renewal,P12M,37,2659.56,150.59,2508.97,160.08
2024-06,US,Renewal,P1M,2048,26603.52,1505.84,25097.68,2058.46
2024-06,US,Renewal,P3M,231,6923.07,391.88,6531.19,451.69
2024-06,US,Token pack,TP100,236,2357.64,133.42,2224.22,193.56
2024-06,US,Token pack,TP1300,41,4099.59,232.06,3867.53,239.1
2024-06,US,Token pack,TP275,128,3198.72,181.05,3017.67,207.54
2024-06,US,Token pack,TP2800,40,7999.6,452.8,7546.8,473.4
2024-06,US,Token pack,TP600,71,3549.29,200.93,3348.36,213.9
2024-07,AU,Chargeback,P12M,1,-71.88,-6.53,-65.35,25.0
2024-07,AU,Chargeback,P1M,4,-51.96,-4.72,-47.24,100.0
2024-07,AU,Chargeback,P3M,3,-89.91,-8.17,-81.74,75.0
2024-07,AU,New subscription,P12M,49,3522.12,320.14,3201.98,187.15
2024-07,AU,New subscription,P1M,157,2039.43,185.39,1854.04,159.77
2024-07,AU,New subscription,P3M,42,1258.74,114.39,1144.35,78.26
2024-07,AU,Reactivation,P12M,4,287.52,26.13,261.39,14.91
2024-07,AU,Reactivation,P1M,9,116.91,10.62,106.29,8.83
2024-07,AU,Reactivation,P3M,3,89.91,8.16,81.75,6.3
2024-07,AU,Refund - subscription,P12M,2,-143.76,-13.07,-130.69,0.0
2024-07,AU,Refund - subscription,P1M,4,-51.96,-4.72,-47.24,0.0
2024-07,AU,Refund - subscription,P3M,2,-59.94,-5.44,-54.5,0.0
2024-07,AU,Refund - token pack,TP100,1,-9.99,-0.91,-9.08,0.0
2024-07,AU,Renewal,P12M,5,359.4,32.65,326.75,23.05
2024-07,AU,Renewal,P1M,216,2805.84,255.1,2550.74,214.59
2024-07,AU,Renewal,P3M,35,1048.95,95.31,953.64,70.17
2024-07,AU,Token pack,TP100,14,139.86,12.74,127.12,12.6
2024-07,AU,Token pack,TP1300,2,199.98,18.18,181.8,12.6
2024-07,AU,Token pack,TP275,10,249.9,22.7,227.2,18.0
2024-07,AU,Token pack,TP2800,3,599.97,54.54,545.43,36.9
2024-07,AU,Token pack,TP600,12,599.88,54.5,545.38,39.6
2024-07,BR,Chargeback,P1M,3,-38.97,-1.86,-37.11,75.0
2024-07,BR,New subscription,P12M,81,5822.28,277.28,5545.0,306.51
2024-07,BR,New subscription,P1M,107,1389.93,66.22,1323.71,105.78
2024-07,BR,New subscription,P3M,44,1318.68,62.78,1255.9,80.8
2024-07,BR,Reactivation,P12M,5,359.4,17.1,342.3,19.52
2024-07,BR,Reactivation,P1M,5,64.95,3.1,61.85,4.51
2024-07,BR,Reactivation,P3M,2,59.94,2.86,57.08,4.2
2024-07,BR,Refund - subscription,P12M,5,-359.4,-17.11,-342.29,0.0
2024-07,BR,Refund - subscription,P1M,4,-51.96,-2.48,-49.48,0.0
2024-07,BR,Refund - subscription,P3M,1,-29.97,-1.43,-28.54,0.0
2024-07,BR,Refund - token pack,TP100,2,-19.98,-0.95,-19.03,0.0
2024-07,BR,Renewal,P12M,4,287.52,13.68,273.84,18.44
2024-07,BR,Renewal,P1M,140,1818.6,86.59,1732.01,139.64
2024-07,BR,Renewal,P3M,29,869.13,41.4,827.73,54.29
2024-07,BR,Token pack,TP100,12,119.88,5.75,114.13,10.8
2024-07,BR,Token pack,TP1300,2,199.98,9.52,190.46,12.6
2024-07,BR,Token pack,TP275,5,124.95,5.95,119.0,7.57
2024-07,BR,Token pack,TP2800,3,599.97,28.56,571.41,36.9
2024-07,BR,Token pack,TP600,1,49.99,2.38,47.61,3.3
2024-07,CA,Chargeback,P12M,2,-143.76,-16.54,-127.22,50.0
2024-07,CA,Chargeback,P1M,4,-51.96,-5.96,-46.0,100.0
2024-07,CA,Chargeback,P3M,1,-29.97,-3.45,-26.52,25.0
2024-07,CA,New subscription,P12M,58,4169.04,479.66,3689.38,232.22
2024-07,CA,New subscription,P1M,183,2377.17,273.51,2103.66,185.2
2024-07,CA,New subscription,P3M,67,2007.99,231.04,1776.95,129.05
2024-07,CA,Reactivation,P12M,9,646.92,74.43,572.49,34.43
2024-07,CA,Reactivation,P1M,7,90.93,10.43,80.5,7.56
2024-07,CA,Reactivation,P3M,7,209.79,24.15,185.64,14.7
2024-07,CA,Refund - subscription,P12M,4,-287.52,-33.08,-254.44,0.0
2024-07,CA,Refund - subscription,P1M,15,-194.85,-22.38,-172.47,0.0
2024-07,CA,Renewal,P12M,4,287.52,33.08,254.44,18.44
2024-07,CA,Renewal,P1M,308,4000.92,460.3,3540.62,313.92
2024-07,CA,Renewal,P3M,43,1288.71,148.3,1140.41,82.0
2024-07,CA,Token pack,TP100,33,329.67,37.95,291.72,28.2
2024-07,CA,Token pack,TP1300,15,1499.85,172.54,1327.31,84.9
2024-07,CA,Token pack,TP275,20,499.8,57.42,442.38,33.14
2024-07,CA,Token pack,TP2800,5,999.95,115.05,884.9,61.5
2024-07,CA,Token pack,TP600,13,649.87,74.75,575.12,42.9
2024-07,CH,Chargeback,P1M,1,-13.98,-1.05,-12.93,25.0
2024-07,CH,New subscription,P12M,24,1870.07,140.15,1729.92,97.4
2024-07,CH,New subscription,P1M,64,901.13,67.59,833.68,64.63
2024-07,CH,New subscription,P3M,22,714.74,53.5,661.14,42.09
2024-07,CH,Reactivation,P12M,1,77.92,5.84,72.08,4.64
2024-07,CH,Refund - subscription,P1M,3,-42.24,-3.18,-39.09,0.0
2024-07,CH,Refund - subscription,P3M,2,-64.98,-4.86,-60.1,0.0
2024-07,CH,Renewal,P1M,63,887.06,66.54,820.66,61.69
2024-07,CH,Renewal,P3M,13,422.35,31.61,390.67,24.5
2024-07,CH,Token pack,TP100,13,140.79,10.53,130.26,10.75
2024-07,CH,Token pack,TP1300,3,325.17,24.36,300.81,18.93
2024-07,CH,Token pack,TP275,7,189.63,14.21,175.42,11.45
2024-07,CH,Token pack,TP2800,2,433.58,32.48,401.1,15.52
2024-07,CH,Token pack,TP600,4,216.76,16.24,200.52,10.8
2024-07,DE,Chargeback,P1M,13,-181.73,-28.99,-152.74,325.0
2024-07,DE,New subscription,P12M,126,9817.66,1567.44,8250.11,539.03
2024-07,DE,New subscription,P1M,328,4618.63,737.43,3881.19,346.89
2024-07,DE,New subscription,P3M,86,2793.9,446.1,2347.8,172.23
2024-07,DE,Reactivation,P12M,9,701.28,111.96,589.3,38.27
2024-07,DE,Reactivation,P1M,7,98.56,15.75,82.81,7.84
2024-07,DE,Reactivation,P3M,7,227.42,36.32,191.1,14.97
2024-07,DE,Refund - subscription,P12M,4,-311.68,-49.76,-261.92,0.0
2024-07,DE,Refund - subscription,P1M,18,-253.44,-40.49,-212.99,0.0
2024-07,DE,Refund - subscription,P3M,3,-97.46,-15.56,-81.9,0.0
2024-07,DE,Refund - token pack,TP600,2,-108.38,-17.3,-91.08,0.0
2024-07,DE,Renewal,P12M,13,1012.96,161.72,851.22,53.36
2024-07,DE,Renewal,P1M,544,7660.18,1223.06,6437.1,576.96
2024-07,DE,Renewal,P3M,76,2469.01,394.21,2074.8,150.85
2024-07,DE,Token pack,TP100,63,682.29,108.99,573.3,56.45
2024-07,DE,Token pack,TP1300,11,1192.29,190.4,1001.89,69.41
2024-07,DE,Token pack,TP275,38,1029.42,164.44,864.98,64.2
2024-07,DE,Token pack,TP2800,13,2818.27,449.96,2368.31,150.52
2024-07,DE,Token pack,TP600,20,1083.8,173.01,910.74,59.04
2024-07,ES,Chargeback,P1M,2,-27.96,-4.86,-23.1,50.0
2024-07,ES,Chargeback,P3M,1,-32.25,-5.6,-26.65,25.0
2024-07,ES,New subscription,P12M,61,4753.03,824.92,3928.02,255.06
2024-07,ES,New subscription,P1M,124,1746.03,303.06,1443.03,130.28
2024-07,ES,New subscription,P3M,44,1429.44,248.13,1181.4,87.43
2024-07,ES,Reactivation,P12M,1,77.92,13.52,64.39,4.64
2024-07,ES,Reactivation,P1M,9,126.72,21.97,104.75,9.18
2024-07,ES,Reactivation,P3M,2,64.98,11.28,53.7,4.28
2024-07,ES,Refund - subscription,P12M,1,-77.92,-13.52,-64.39,0.0
2024-07,ES,Refund - subscription,P1M,4,-56.32,-9.76,-46.56,0.0
2024-07,ES,Refund - subscription,P3M,3,-97.46,-16.92,-80.55,0.0
2024-07,ES,Refund - token pack,TP100,1,-10.83,-1.88,-8.95,0.0
2024-07,ES,Refund - token pack,TP1300,1,-108.39,-18.81,-89.58,0.0
2024-07,ES,Renewal,P12M,5,389.6,67.61,321.96,23.19
2024-07,ES,Renewal,P1M,181,2548.7,442.35,2106.36,190.73
2024-07,ES,Renewal,P3M,35,1137.06,197.37,939.75,73.15
2024-07,ES,Token pack,TP100,18,194.94,33.84,161.1,12.34
2024-07,ES,Token pack,TP1300,7,758.73,131.67,627.05,44.17
2024-07,ES,Token pack,TP275,11,297.99,51.7,246.29,18.81
2024-07,ES,Token pack,TP2800,3,650.37,112.86,537.48,36.81
2024-07,ES,Token pack,TP600,9,487.71,84.61,403.03,27.45
2024-07,FR,Chargeback,P12M,1,-77.34,-12.89,-64.45,25.0
2024-07,FR,Chargeback,P1M,4,-55.92,-9.32,-46.6,100.0
2024-07,FR,Chargeback,P3M,1,-32.25,-5.37,-26.87,25.0
2024-07,FR,New subscription,P12M,82,6389.28,1064.94,5324.36,324.71
2024-07,FR,New subscription,P1M,178,2506.45,417.71,2088.71,189.21
2024-07,FR,New subscription,P3M,53,1721.81,286.91,1434.87,108.31
2024-07,FR,Reactivation,P12M,5,389.59,64.94,324.65,23.19
2024-07,FR,Reactivation,P1M,13,183.04,30.52,152.52,14.59
2024-07,FR,Reactivation,P3M,1,32.49,5.41,27.07,2.14
2024-07,FR,Refund - subscription,P12M,5,-389.6,-64.94,-324.65,0.0
2024-07,FR,Refund - subscription,P1M,10,-140.81,-23.47,-117.34,0.0
2024-07,FR,Refund - token pack,TP2800,1,-216.79,-36.13,-180.66,0.0
2024-07,FR,Refund - token pack,TP600,1,-54.19,-9.03,-45.16,0.0
2024-07,FR,Renewal,P12M,6,467.52,77.94,389.58,24.37
2024-07,FR,Renewal,P1M,288,4055.38,675.89,3379.48,298.24
2024-07,FR,Renewal,P3M,46,1494.4,249.03,1245.36,88.4
2024-07,FR,Token pack,TP100,33,357.39,59.49,297.75,24.99
2024-07,FR,Token pack,TP1300,6,650.34,108.38,541.94,33.18
2024-07,FR,Token pack,TP275,16,433.44,72.17,361.13,25.15
2024-07,FR,Token pack,TP2800,6,1300.74,216.78,1083.96,64.6
2024-07,FR,Token pack,TP600,19,1029.61,171.57,858.03,50.67
2024-07,GB,Chargeback,P12M,2,-182.72,-30.46,-152.26,50.0
2024-07,GB,Chargeback,P1M,5,-82.55,-13.75,-68.8,125.0
2024-07,GB,New subscription,P12M,129,11924.48,1987.43,9937.07,636.26
2024-07,GB,New subscription,P1M,320,5345.7,890.93,4454.7,376.49
2024-07,GB,New subscription,P3M,107,4123.92,687.3,3436.62,243.5
2024-07,GB,Reactivation,P12M,10,924.4,154.08,770.3,46.24
2024-07,GB,Reactivation,P1M,26,434.39,72.35,361.92,30.98
2024-07,GB,Reactivation,P3M,4,154.16,25.68,128.48,9.88
2024-07,GB,Refund - subscription,P12M,8,-739.52,-123.26,-616.24,0.0
2024-07,GB,Refund - subscription,P1M,22,-367.57,-61.2,-306.25,0.0
2024-07,GB,Refund - subscription,P3M,3,-115.62,-19.27,-96.35,0.0
2024-07,GB,Refund - token pack,TP600,1,-64.29,-10.71,-53.57,0.0
2024-07,GB,Renewal,P12M,9,831.96,138.68,693.27,48.88
2024-07,GB,Renewal,P1M,533,8903.83,1483.99,7419.9,638.6
2024-07,GB,Renewal,P3M,61,2350.99,391.78,1959.2,143.11
2024-07,GB,Token pack,TP100,54,693.72,115.58,578.14,52.73
2024-07,GB,Token pack,TP1300,18,2314.58,385.74,1928.84,111.6
2024-07,GB,Token pack,TP275,26,835.58,139.3,696.28,50.2
2024-07,GB,Token pack,TP2800,10,2571.89,428.61,2143.21,134.35
2024-07,GB,Token pack,TP600,26,1671.47,278.54,1392.89,80.6
2024-07,IN,New subscription,P12M,50,3594.0,548.18,3045.82,198.84
2024-07,IN,New subscription,P1M,78,1013.22,154.5,858.72,78.9
2024-07,IN,New subscription,P3M,25,749.25,114.26,634.99,44.24
2024-07,IN,Reactivation,P12M,1,71.88,10.96,60.92,4.61
2024-07,IN,Reactivation,P1M,7,90.93,13.86,77.07,6.67
2024-07,IN,Reactivation,P3M,4,119.88,18.28,101.6,8.4
2024-07,IN,Refund - subscription,P12M,3,-215.64,-32.88,-182.76,0.0
2024-07,IN,Refund - subscription,P1M,2,-25.98,-3.96,-22.02,0.0
2024-07,IN,Refund - subscription,P3M,1,-29.97,-4.57,-25.4,0.0
2024-07,IN,Renewal,P12M,2,143.76,21.92,121.84,9.22
2024-07,IN,Renewal,P1M,94,1221.06,186.25,1034.81,97.07
2024-07,IN,Renewal,P3M,14,419.58,63.98,355.6,26.1
2024-07,IN,Token pack,TP100,8,79.92,12.17,67.75,4.2
2024-07,IN,Token pack,TP1300,3,299.97,45.76,254.21,18.9
2024-07,IN,Token pack,TP275,1,24.99,3.81,21.18,1.8
2024-07,IN,Token pack,TP2800,1,199.99,30.51,169.48,12.3
2024-07,IN,Token pack,TP600,1,49.99,7.63,42.36,0.75
2024-07,IT,Chargeback,P1M,1,-13.98,-2.52,-11.46,25.0
2024-07,IT,New subscription,P12M,69,5376.36,969.45,4406.81,274.8
2024-07,IT,New subscription,P1M,134,1886.84,340.33,1546.65,142.45
2024-07,IT,New subscription,P3M,37,1202.02,216.8,985.31,77.42
2024-07,IT,Reactivation,P12M,6,467.52,84.3,383.21,27.83
2024-07,IT,Reactivation,P1M,9,126.72,22.86,103.86,10.1
2024-07,IT,Reactivation,P3M,3,97.47,17.58,79.89,4.77
2024-07,IT,Refund - subscription,P12M,2,-155.84,-28.1,-127.74,0.0
2024-07,IT,Refund - subscription,P1M,7,-98.56,-17.78,-80.79,0.0
2024-07,IT,Refund - subscription,P3M,3,-97.46,-17.58,-79.89,0.0
2024-07,IT,Refund - token pack,TP275,1,-27.09,-4.88,-22.2,0.0
2024-07,IT,Renewal,P12M,6,467.52,84.3,383.21,24.36
2024-07,IT,Renewal,P1M,188,2647.29,477.4,2169.88,197.7
2024-07,IT,Renewal,P3M,25,812.18,146.49,665.75,53.43
2024-07,IT,Token pack,TP100,25,270.75,48.82,221.93,22.1
2024-07,IT,Token pack,TP1300,7,758.73,136.83,621.9,44.17
2024-07,IT,Token pack,TP275,16,433.44,78.09,355.21,23.72
2024-07,IT,Token pack,TP2800,1,216.79,39.09,177.7,12.27
2024-07,IT,Token pack,TP600,10,541.9,97.7,444.18,33.3
2024-07,JP,Chargeback,P1M,4,-51.96,-4.72,-47.24,100.0
2024-07,JP,New subscription,P12M,30,2156.4,195.98,1960.42,131.29
2024-07,JP,New subscription,P1M,53,688.47,62.54,625.93,51.91
2024-07,JP,New subscription,P3M,21,629.37,57.18,572.19,35.85
2024-07,JP,Reactivation,P12M,3,215.64,19.59,196.05,13.83
2024-07,JP,Reactivation,P1M,3,38.97,3.54,35.43,3.24
2024-07,JP,Refund - subscription,P12M,1,-71.88,-6.53,-65.35,0.0
2024-07,JP,Refund - subscription,P1M,3,-38.97,-3.54,-35.43,0.0
2024-07,JP,Refund - subscription,P3M,2,-59.94,-5.44,-54.5,0.0
2024-07,JP,Renewal,P12M,2,143.76,13.06,130.7,9.22
2024-07,JP,Renewal,P1M,101,1311.99,119.2,1192.79,107.3
2024-07,JP,Renewal,P3M,15,449.55,40.83,408.72,29.85
2024-07,JP,Token pack,TP100,7,69.93,6.37,63.56,5.55
2024-07,JP,Token pack,TP1300,2,199.98,18.18,181.8,12.6
2024-07,JP,Token pack,TP275,4,99.96,9.08,90.88,7.2
2024-07,JP,Token pack,TP2800,3,599.97,54.54,545.43,36.9
2024-07,JP,Token pack,TP600,2,99.98,9.08,90.9,6.6
2024-07,MX,Chargeback,P12M,1,-71.88,-9.91,-61.97,25.0
2024-07,MX,Chargeback,P1M,1,-12.99,-1.79,-11.2,25.0
2024-07,MX,New subscription,P12M,57,4097.16,565.08,3532.08,227.57
2024-07,MX,New subscription,P1M,79,1026.21,141.55,884.66,80.0
2024-07,MX,New subscription,P3M,28,839.16,115.74,723.42,48.89
2024-07,MX,Reactivation,P1M,4,51.96,7.16,44.8,3.43
2024-07,MX,Reactivation,P3M,3,89.91,12.39,77.52,6.3
2024-07,MX,Refund - subscription,P12M,1,-71.88,-9.91,-61.97,0.0
2024-07,MX,Refund - subscription,P1M,4,-51.96,-7.16,-44.8,0.0
2024-07,MX,Refund - subscription,P3M,1,-29.97,-4.13,-25.84,0.0
2024-07,MX,Renewal,P12M,1,71.88,9.91,61.97,4.61
2024-07,MX,Renewal,P1M,99,1286.01,177.41,1108.6,97.15
2024-07,MX,Renewal,P3M,17,509.49,70.24,439.25,30.75
2024-07,MX,Token pack,TP100,11,109.89,15.18,94.71,9.15
2024-07,MX,Token pack,TP1300,2,199.98,27.58,172.4,12.6
2024-07,MX,Token pack,TP275,5,124.95,17.25,107.7,9.0
2024-07,MX,Token pack,TP2800,2,399.98,55.16,344.82,24.6
2024-07,MX,Token pack,TP600,1,49.99,6.9,43.09,3.3
2024-07,NL,Chargeback,P1M,4,-55.92,-9.72,-46.2,100.0
2024-07,NL,New subscription,P12M,42,3272.6,567.98,2704.54,173.91
2024-07,NL,New subscription,P1M,79,1112.36,193.07,919.34,84.22
2024-07,NL,New subscription,P3M,29,942.12,163.55,778.65,55.37
2024-07,NL,Reactivation,P1M,5,70.4,12.21,58.19,5.61
2024-07,NL,Refund - subscription,P1M,3,-42.24,-7.32,-34.92,0.0
2024-07,NL,Renewal,P12M,2,155.84,27.04,128.78,9.28
2024-07,NL,Renewal,P1M,155,2182.59,378.8,1803.79,164.24
2024-07,NL,Renewal,P3M,21,682.24,118.43,563.85,43.24
2024-07,NL,Token pack,TP100,7,75.81,13.16,62.65,5.85
2024-07,NL,Token pack,TP1300,3,325.17,56.43,268.74,18.93
2024-07,NL,Token pack,TP275,5,135.45,23.5,111.95,3.48
2024-07,NL,Token pack,TP2800,2,433.58,75.24,358.32,24.54
2024-07,NL,Token pack,TP600,6,325.14,56.41,268.69,14.94
2024-07,PL,Chargeback,P1M,3,-41.94,-7.83,-34.08,75.0
2024-07,PL,New subscription,P12M,28,2181.72,407.96,1773.76,119.44
2024-07,PL,New subscription,P1M,74,1041.93,194.86,847.15,74.05
2024-07,PL,New subscription,P3M,30,974.63,182.18,792.37,59.17
2024-07,PL,Reactivation,P12M,1,77.92,14.57,63.35,4.64
2024-07,PL,Reactivation,P1M,7,98.56,18.41,80.15,6.93
2024-07,PL,Refund - subscription,P12M,1,-77.92,-14.57,-63.35,0.0
2024-07,PL,Refund - subscription,P1M,5,-70.4,-13.15,-57.25,0.0
2024-07,PL,Refund - subscription,P3M,1,-32.49,-6.07,-26.41,0.0
2024-07,PL,Renewal,P12M,3,233.76,43.71,190.05,13.92
2024-07,PL,Renewal,P1M,118,1661.54,310.72,1350.86,120.82
2024-07,PL,Renewal,P3M,13,422.37,78.91,343.33,24.52
2024-07,PL,Token pack,TP100,13,140.79,26.28,114.42,12.33
2024-07,PL,Token pack,TP1300,7,758.73,141.89,616.84,39.49
2024-07,PL,Token pack,TP275,9,243.81,45.62,198.19,16.56
2024-07,PL,Token pack,TP2800,2,433.58,81.08,352.5,24.54
2024-07,PL,Token pack,TP600,2,108.38,20.26,88.12,6.66
2024-07,ROW,Chargeback,P12M,1,-71.88,-3.42,-68.46,25.0
2024-07,ROW,Chargeback,P1M,4,-51.96,-2.48,-49.48,100.0
2024-07,ROW,Chargeback,P3M,1,-29.97,-1.43,-28.54,25.0
2024-07,ROW,New subscription,P12M,188,13513.44,643.49,12869.95,747.02
2024-07,ROW,New subscription,P1M,362,4702.38,223.92,4478.46,357.1
2024-07,ROW,New subscription,P3M,119,3566.43,169.83,3396.6,228.25
2024-07,ROW,Reactivation,P12M,7,503.16,23.95,479.21,32.28
2024-07,ROW,Reactivation,P1M,8,103.92,4.96,98.96,6.86
2024-07,ROW,Reactivation,P3M,2,59.94,2.86,57.08,4.2
2024-07,ROW,Refund - subscription,P12M,8,-575.04,-27.37,-547.67,0.0
2024-07,ROW,Refund - subscription,P1M,10,-129.9,-6.2,-123.7,0.0
2024-07,ROW,Refund - subscription,P3M,4,-119.88,-5.72,-114.16,0.0
2024-07,ROW,Refund - token pack,TP100,1,-9.99,-0.48,-9.51,0.0
2024-07,ROW,Renewal,P12M,8,575.04,27.36,547.68,29.82
2024-07,ROW,Renewal,P1M,389,5053.11,240.62,4812.49,388.06
2024-07,ROW,Renewal,P3M,58,1738.26,82.75,1655.51,101.95
2024-07,ROW,Token pack,TP100,29,289.71,13.84,275.87,22.35
2024-07,ROW,Token pack,TP1300,7,699.93,33.32,666.61,34.5
2024-07,ROW,Token pack,TP275,23,574.77,27.37,547.4,35.68
2024-07,ROW,Token pack,TP2800,2,399.98,19.04,380.94,24.6
2024-07,ROW,Token pack,TP600,8,399.92,19.04,380.88,23.85
2024-07,SE,Chargeback,P1M,1,-13.98,-2.8,-11.18,25.0
2024-07,SE,New subscription,P12M,24,1870.07,373.95,1495.95,107.86
2024-07,SE,New subscription,P1M,48,675.84,135.19,540.65,52.1
2024-07,SE,New subscription,P3M,16,519.79,103.95,415.84,25.94
2024-07,SE,Reactivation,P1M,2,28.16,5.64,22.52,2.24
2024-07,SE,Refund - subscription,P12M,1,-77.92,-15.58,-62.33,0.0
2024-07,SE,Refund - subscription,P1M,4,-56.32,-11.27,-45.05,0.0
2024-07,SE,Refund - subscription,P3M,2,-64.98,-13.0,-51.98,0.0
2024-07,SE,Renewal,P12M,4,311.68,62.32,249.32,8.15
2024-07,SE,Renewal,P1M,99,1393.98,278.79,1115.15,103.99
2024-07,SE,Renewal,P3M,21,682.25,136.46,545.79,43.25
2024-07,SE,Token pack,TP100,14,151.62,30.33,121.29,11.69
2024-07,SE,Token pack,TP1300,3,325.17,65.04,260.13,18.93
2024-07,SE,Token pack,TP275,11,297.99,59.62,238.37,17.38
2024-07,SE,Token pack,TP2800,2,433.58,86.72,346.86,15.52
2024-07,SE,Token pack,TP600,6,325.14,65.04,260.1,17.46
2024-07,US,Chargeback,P12M,7,-503.16,-28.49,-474.67,175.0
2024-07,US,Chargeback,P1M,39,-506.61,-28.73,-477.88,975.0
2024-07,US,Chargeback,P3M,11,-329.67,-18.7,-310.97,275.0
2024-07,US,New subscription,P12M,615,44206.2,2502.24,41703.96,2522.3
2024-07,US,New subscription,P1M,1458,18939.42,1072.04,17867.38,1450.81
2024-07,US,New subscription,P3M,487,14595.39,826.18,13769.21,960.82
2024-07,US,Reactivation,P12M,34,2443.92,138.38,2305.54,153.31
2024-07,US,Reactivation,P1M,62,805.38,45.65,759.73,65.18
2024-07,US,Reactivation,P3M,19,569.43,32.25,537.18,36.6
2024-07,US,Refund - subscription,P12M,19,-1365.72,-77.32,-1288.4,0.0
2024-07,US,Refund - subscription,P1M,69,-896.31,-50.78,-845.53,0.0
2024-07,US,Refund - subscription,P3M,19,-569.43,-32.26,-537.17,0.0
2024-07,US,Refund - token pack,TP100,3,-29.97,-1.7,-28.27,0.0
2024-07,US,Refund - token pack,TP1300,1,-99.99,-5.66,-94.33,0.0
2024-07,US,Refund - token pack,TP275,2,-49.98,-2.82,-47.16,0.0
2024-07,US,Refund - token pack,TP2800,1,-199.99,-11.32,-188.67,0.0
2024-07,US,Refund - token pack,TP600,1,-49.99,-2.83,-47.16,0.0
2024-07,US,Renewal,P12M,41,2947.08,166.85,2780.23,174.99
2024-07,US,Renewal,P1M,2254,29279.46,1657.33,27622.13,2268.45
2024-07,US,Renewal,P3M,313,9380.61,530.97,8849.64,605.64
2024-07,US,Token pack,TP100,285,2847.15,161.15,2686.0,232.36
2024-07,US,Token pack,TP1300,59,5899.41,333.94,5565.47,333.3
2024-07,US,Token pack,TP275,145,3623.55,205.1,3418.45,239.58
2024-07,US,Token pack,TP2800,42,8399.58,475.44,7924.14,479.4
2024-07,US,Token pack,TP600,82,4099.18,232.06,3867.12,250.2
2024-08,AU,Chargeback,P12M,1,-71.88,-6.53,-65.35,25.0
2024-08,AU,Chargeback,P1M,3,-38.97,-3.54,-35.43,75.0
2024-08,AU,New subscription,P12M,57,4097.16,372.44,3724.72,238.22
2024-08,AU,New subscription,P1M,186,2416.14,219.63,2196.51,184.87
2024-08,AU,New subscription,P3M,53,1588.41,144.35,1444.06,104.62
2024-08,AU,Reactivation,P12M,4,287.52,26.12,261.4,18.44
2024-08,AU,Reactivation,P1M,11,142.89,12.98,129.91,11.88
2024-08,AU,Reactivation,P3M,2,59.94,5.44,54.5,4.2
2024-08,AU,Refund - subscription,P12M,1,-71.88,-6.53,-65.35,0.0
2024-08,AU,Refund - subscription,P1M,9,-116.91,-10.62,-106.29,0.0
2024-08,AU,Refund - subscription,P3M,1,-29.97,-2.72,-27.25,0.0
2024-08,AU,Refund - token pack,TP100,1,-9.99,-0.91,-9.08,0.0
2024-08,AU,Renewal,P12M,5,359.4,32.65,326.75,19.52
2024-08,AU,Renewal,P1M,249,3234.51,294.06,2940.45,247.54
2024-08,AU,Renewal,P3M,32,959.04,87.15,871.89,60.59
2024-08,AU,Token pack,TP100,33,329.67,30.0,299.67,27.45
2024-08,AU,Token pack,TP1300,7,699.93,63.63,636.3,44.1
2024-08,AU,Token pack,TP275,28,699.72,63.58,636.14,47.54
2024-08,AU,Token pack,TP2800,5,999.95,90.9,909.05,52.2
2024-08,AU,Token pack,TP600,13,649.87,59.05,590.82,37.8
2024-08,BR,Chargeback,P12M,1,-71.88,-3.42,-68.46,25.0
2024-08,BR,Chargeback,P1M,4,-51.96,-2.48,-49.48,100.0
2024-08,BR,Chargeback,P3M,1,-29.97,-1.43,-28.54,25.0
2024-08,BR,New subscription,P12M,65,4672.2,222.5,4449.7,260.96
2024-08,BR,New subscription,P1M,126,1636.74,77.91,1558.83,128.97
2024-08,BR,New subscription,P3M,35,1048.95,49.97,998.98,66.87
2024-08,BR,Reactivation,P12M,3,215.64,10.26,205.38,10.3
2024-08,BR,Reactivation,P1M,6,77.94,3.72,74.22,6.48
2024-08,BR,Reactivation,P3M,1,29.97,1.43,28.54,2.1
2024-08,BR,Refund - subscription,P12M,2,-143.76,-6.84,-136.92,0.0
2024-08,BR,Refund - subscription,P1M,6,-77.94,-3.72,-74.22,0.0
2024-08,BR,Refund - token pack,TP2800,1,-199.99,-9.52,-190.47,0.0
2024-08,BR,Renewal,P12M,4,287.52,13.68,273.84,18.44
2024-08,BR,Renewal,P1M,151,1961.49,93.39,1868.1,147.08
2024-08,BR,Renewal,P3M,23,689.31,32.83,656.48,46.64
2024-08,BR,Token pack,TP100,13,129.87,6.22,123.65,10.95
2024-08,BR,Token pack,TP1300,1,99.99,4.76,95.23,1.5
2024-08,BR,Token pack,TP275,4,99.96,4.76,95.2,7.2
2024-08,BR,Token pack,TP2800,3,599.97,28.56,571.41,36.9
2024-08,BR,Token pack,TP600,6,299.94,14.28,285.66,19.8
2024-08,CA,Chargeback,P12M,2,-143.76,-16.54,-127.22,50.0
2024-08,CA,Chargeback,P1M,2,-25.98,-2.98,-23.0,50.0
2024-08,CA,Chargeback,P3M,1,-29.97,-3.45,-26.52,25.0
2024-08,CA,New subscription,P12M,64,4600.32,529.28,4071.04,252.81
2024-08,CA,New subscription,P1M,203,2636.97,303.37,2333.6,212.96
2024-08,CA,New subscription,P3M,55,1648.35,189.66,1458.69,105.53
2024-08,CA,Reactivation,P12M,7,503.16,57.89,445.27,32.28
2024-08,CA,Reactivation,P1M,4,51.96,5.96,46.0,4.32
2024-08,CA,Reactivation,P3M,4,119.88,13.8,106.08,8.4
2024-08,CA,Refund - subscription,P12M,1,-71.88,-8.27,-63.61,0.0
2024-08,CA,Refund - subscription,P1M,8,-103.92,-11.93,-91.99,0.0
2024-08,CA,Refund - subscription,P3M,1,-29.97,-3.45,-26.52,0.0
2024-08,CA,Refund - token pack,TP100,2,-19.98,-2.3,-17.68,0.0
2024-08,CA,Renewal,P12M,7,503.16,57.89,445.27,28.74
2024-08,CA,Renewal,P1M,296,3845.04,442.36,3402.68,300.94
2024-08,CA,Renewal,P3M,39,1168.83,134.5,1034.33,73.6
2024-08,CA,Token pack,TP100,41,409.59,47.15,362.44,32.4
2024-08,CA,Token pack,TP1300,8,799.92,92.01,707.91,45.6
2024-08,CA,Token pack,TP275,14,349.86,40.21,309.65,23.77
2024-08,CA,Token pack,TP2800,7,1399.93,161.07,1238.86,86.1
2024-08,CA,Token pack,TP600,14,699.86,80.5,619.36,43.65
2024-08,CH,Chargeback,P12M,1,-77.92,-5.84,-72.08,25.0
2024-08,CH,Chargeback,P1M,1,-14.08,-1.06,-13.03,25.0
2024-08,CH,New subscription,P12M,31,2453.34,183.83,2269.51,138.76
2024-08,CH,New subscription,P1M,45,643.56,48.18,595.35,48.4
2024-08,CH,New subscription,P3M,15,494.96,37.06,457.85,32.45
2024-08,CH,Reactivation,P12M,1,79.14,5.93,73.21,4.7
2024-08,CH,Reactivation,P1M,5,71.51,5.36,66.15,5.69
2024-08,CH,Reactivation,P3M,3,99.0,7.41,91.56,6.48
2024-08,CH,Refund - subscription,P12M,1,-79.14,-5.93,-73.21,0.0
2024-08,CH,Refund - subscription,P1M,1,-14.3,-1.07,-13.23,0.0
2024-08,CH,Renewal,P12M,3,237.42,17.79,219.63,14.1
2024-08,CH,Renewal,P1M,84,1201.36,89.95,1111.32,84.39
2024-08,CH,Renewal,P3M,14,461.98,34.58,427.3,28.59
2024-08,CH,Token pack,TP100,6,66.0,4.92,61.02,5.7
2024-08,CH,Token pack,TP1300,6,660.54,49.5,611.04,33.65
2024-08,CH,Token pack,TP275,5,137.55,10.3,127.25,9.3
2024-08,CH,Token pack,TP2800,2,440.38,33.0,407.38,24.92
2024-08,CH,Token pack,TP600,3,165.12,12.36,152.73,7.59
2024-08,DE,Chargeback,P12M,1,-77.92,-12.44,-65.48,25.0
2024-08,DE,Chargeback,P1M,4,-56.32,-9.0,-47.32,100.0
2024-08,DE,New subscription,P12M,116,9180.24,1465.73,7714.48,478.73
2024-08,DE,New subscription,P1M,308,4405.02,703.34,3701.68,334.42
2024-08,DE,New subscription,P3M,93,3068.7,490.0,2578.78,181.23
2024-08,DE,Reactivation,P12M,14,1107.96,176.94,931.02,51.78
2024-08,DE,Reactivation,P1M,14,200.2,31.96,168.28,14.99
2024-08,DE,Reactivation,P3M,6,197.98,31.62,166.38,12.98
2024-08,DE,Refund - subscription,P12M,4,-316.56,-50.56,-266.0,0.0
2024-08,DE,Refund - subscription,P1M,9,-128.7,-20.55,-108.18,0.0
2024-08,DE,Refund - subscription,P3M,7,-230.99,-36.89,-194.11,0.0
2024-08,DE,Renewal,P12M,11,870.54,139.02,731.52,48.21
2024-08,DE,Renewal,P1M,579,8280.87,1322.14,6958.7,620.32
2024-08,DE,Renewal,P3M,67,2210.79,353.04,1857.86,134.96
2024-08,DE,Token pack,TP100,62,681.99,108.89,573.09,52.82
2024-08,DE,Token pack,TP1300,9,990.81,158.22,832.59,52.85
2024-08,DE,Token pack,TP275,31,852.9,136.16,716.72,53.38
2024-08,DE,Token pack,TP2800,11,2422.09,386.76,2035.33,127.9
2024-08,DE,Token pack,TP600,16,880.64,140.63,740.01,41.3
2024-08,ES,Chargeback,P12M,2,-155.84,-27.04,-128.78,50.0
2024-08,ES,Chargeback,P1M,5,-70.4,-12.2,-58.2,125.0
2024-08,ES,New subscription,P12M,42,3323.88,576.93,2746.95,179.94
2024-08,ES,New subscription,P1M,127,1816.39,315.26,1501.14,133.29
2024-08,ES,New subscription,P3M,31,1022.9,177.53,845.37,63.72
2024-08,ES,Reactivation,P12M,2,158.28,27.48,130.8,9.4
2024-08,ES,Reactivation,P1M,6,85.8,14.88,70.92,6.83
2024-08,ES,Reactivation,P3M,1,33.0,5.73,27.27,2.16
2024-08,ES,Refund - subscription,P1M,5,-71.5,-12.4,-59.1,0.0
2024-08,ES,Refund - subscription,P3M,1,-33.0,-5.73,-27.27,0.0
2024-08,ES,Refund - token pack,TP100,2,-22.0,-3.82,-18.18,0.0
2024-08,ES,Renewal,P12M,3,237.42,41.22,196.2,14.1
2024-08,ES,Renewal,P1M,201,2874.7,498.92,2375.82,213.72
2024-08,ES,Renewal,P3M,23,758.94,131.73,627.21,46.4
2024-08,ES,Token pack,TP100,20,220.0,38.2,181.8,17.45
2024-08,ES,Token pack,TP1300,3,330.27,57.33,272.94,19.2
2024-08,ES,Token pack,TP275,11,302.63,52.56,250.14,20.48
2024-08,ES,Token pack,TP2800,4,880.76,152.84,727.88,49.84
2024-08,ES,Token pack,TP600,5,275.2,47.75,227.45,16.9
2024-08,FR,Chargeback,P12M,1,-77.92,-12.99,-64.93,25.0
2024-08,FR,Chargeback,P1M,2,-28.16,-4.7,-23.46,50.0
2024-08,FR,Chargeback,P3M,2,-64.98,-10.82,-54.14,50.0
2024-08,FR,New subscription,P12M,77,6093.78,1015.63,5078.15,312.9
2024-08,FR,New subscription,P1M,184,2631.56,438.58,2192.93,199.01
2024-08,FR,New subscription,P3M,64,2111.79,352.0,1759.79,136.8
2024-08,FR,Reactivation,P12M,4,316.56,52.76,263.8,18.8
2024-08,FR,Reactivation,P1M,11,157.31,26.2,131.11,12.52
2024-08,FR,Reactivation,P3M,5,165.0,27.5,137.5,10.8
2024-08,FR,Refund - subscription,P12M,2,-158.28,-26.38,-131.9,0.0
2024-08,FR,Refund - subscription,P1M,9,-128.71,-21.43,-107.27,0.0
2024-08,FR,Refund - subscription,P3M,1,-33.0,-5.5,-27.5,0.0
2024-08,FR,Renewal,P12M,8,633.12,105.52,527.6,37.61
2024-08,FR,Renewal,P1M,307,4390.71,731.75,3658.87,324.96
2024-08,FR,Renewal,P3M,38,1253.9,209.0,1044.9,75.51
2024-08,FR,Token pack,TP100,44,484.0,80.66,403.32,37.22
2024-08,FR,Token pack,TP1300,9,990.81,165.15,825.66,52.85
2024-08,FR,Token pack,TP275,21,577.75,96.35,481.51,34.75
2024-08,FR,Token pack,TP2800,16,3523.04,587.2,2935.84,190.2
2024-08,FR,Token pack,TP600,16,880.64,146.74,733.9,51.51
2024-08,GB,Chargeback,P1M,7,-116.96,-19.47,-97.44,175.0
2024-08,GB,New subscription,P12M,112,10417.44,1736.24,8681.13,538.91
2024-08,GB,New subscription,P1M,323,5429.32,904.91,4524.44,384.05
2024-08,GB,New subscription,P3M,104,4033.19,672.17,3361.06,237.32
2024-08,GB,Reactivation,P12M,9,837.11,139.5,697.59,45.14
2024-08,GB,Reactivation,P1M,17,285.77,47.6,238.15,20.61
2024-08,GB,Reactivation,P3M,8,310.24,51.68,258.56,19.84
2024-08,GB,Refund - subscription,P12M,5,-465.05,-77.5,-387.55,0.0
2024-08,GB,Refund - subscription,P1M,8,-134.48,-22.4,-112.08,0.0
2024-08,GB,Refund - subscription,P3M,7,-271.46,-45.23,-226.24,0.0
2024-08,GB,Refund - token pack,TP100,1,-12.93,-2.15,-10.77,0.0
2024-08,GB,Refund - token pack,TP275,1,-32.34,-5.39,-26.95,0.0
2024-08,GB,Renewal,P12M,13,1209.16,201.51,1007.63,71.08
2024-08,GB,Renewal,P1M,563,9463.5,1577.21,7886.26,678.7
2024-08,GB,Renewal,P3M,72,2792.19,465.34,2326.89,171.15
2024-08,GB,Token pack,TP100,78,1008.3,168.02,840.3,76.64
2024-08,GB,Token pack,TP1300,15,1940.83,323.42,1617.32,106.5
2024-08,GB,Token pack,TP275,37,1196.47,199.43,997.12,73.87
2024-08,GB,Token pack,TP2800,10,2587.88,431.3,2156.58,135.12
2024-08,GB,Token pack,TP600,15,970.33,161.7,808.63,55.71
2024-08,IN,New subscription,P12M,41,2947.08,449.48,2497.6,164.38
2024-08,IN,New subscription,P1M,85,1104.15,168.39,935.76,85.57
2024-08,IN,New subscription,P3M,28,839.16,128.0,711.16,48.88
2024-08,IN,Reactivation,P12M,1,71.88,10.96,60.92,4.61
2024-08,IN,Reactivation,P1M,6,77.94,11.88,66.06,6.48
2024-08,IN,Reactivation,P3M,2,59.94,9.14,50.8,4.2
2024-08,IN,Refund - subscription,P12M,2,-143.76,-21.92,-121.84,0.0
2024-08,IN,Refund - subscription,P1M,2,-25.98,-3.96,-22.02,0.0
2024-08,IN,Refund - token pack,TP1300,1,-99.99,-15.25,-84.74,0.0
2024-08,IN,Renewal,P12M,2,143.76,21.92,121.84,9.22
2024-08,IN,Renewal,P1M,100,1299.0,198.13,1100.87,103.55
2024-08,IN,Renewal,P3M,15,449.55,68.56,380.99,29.84
2024-08,IN,Token pack,TP100,10,99.9,15.23,84.67,9.0
2024-08,IN,Token pack,TP1300,5,499.95,76.25,423.7,21.9
2024-08,IN,Token pack,TP275,12,299.88,45.72,254.16,18.74
2024-08,IN,Token pack,TP600,6,299.94,45.78,254.16,17.25
2024-08,IT,Chargeback,P12M,1,-77.92,-14.05,-63.87,25.0
2024-08,IT,New subscription,P12M,48,3798.72,684.97,3113.75,194.07
2024-08,IT,New subscription,P1M,105,1501.71,270.83,1230.91,111.98
2024-08,IT,New subscription,P3M,34,1121.92,202.3,919.62,70.2
2024-08,IT,Reactivation,P12M,3,237.42,42.81,194.61,14.1
2024-08,IT,Reactivation,P1M,8,114.4,20.64,93.77,8.18
2024-08,IT,Reactivation,P3M,5,164.99,29.75,135.24,10.81
2024-08,IT,Refund - subscription,P1M,12,-171.61,-30.95,-140.66,0.0
2024-08,IT,Refund - subscription,P3M,1,-33.0,-5.95,-27.05,0.0
2024-08,IT,Refund - token pack,TP275,1,-27.51,-4.96,-22.55,0.0
2024-08,IT,Renewal,P12M,3,237.42,42.81,194.61,14.1
2024-08,IT,Renewal,P1M,218,3117.84,562.2,2555.6,231.19
2024-08,IT,Renewal,P3M,33,1088.89,196.35,892.54,66.38
2024-08,IT,Token pack,TP100,28,307.99,55.51,252.47,25.11
2024-08,IT,Token pack,TP1300,4,440.36,79.4,360.96,25.6
2024-08,IT,Token pack,TP275,11,302.61,54.56,248.05,17.56
2024-08,IT,Token pack,TP2800,8,1761.52,317.67,1443.85,99.68
2024-08,IT,Token pack,TP600,7,385.28,69.5,315.78,23.65
2024-08,JP,New subscription,P12M,26,1868.88,169.86,1699.02,105.79
2024-08,JP,New subscription,P1M,75,974.25,88.51,885.74,76.55
2024-08,JP,New subscription,P3M,13,389.61,35.37,354.24,25.65
2024-08,JP,Reactivation,P12M,2,143.76,13.06,130.7,9.22
2024-08,JP,Reactivation,P1M,3,38.97,3.54,35.43,3.24
2024-08,JP,Refund - subscription,P1M,3,-38.97,-3.54,-35.43,0.0
2024-08,JP,Refund - subscription,P3M,1,-29.97,-2.72,-27.25,0.0
2024-08,JP,Renewal,P12M,1,71.88,6.53,65.35,4.61
2024-08,JP,Renewal,P1M,107,1389.93,126.31,1263.62,112.0
2024-08,JP,Renewal,P3M,11,329.67,29.93,299.74,23.1
2024-08,JP,Token pack,TP100,8,79.92,7.28,72.64,7.2
2024-08,JP,Token pack,TP1300,2,199.98,18.18,181.8,12.6
2024-08,JP,Token pack,TP275,4,99.96,9.08,90.88,5.77
2024-08,JP,Token pack,TP600,6,299.94,27.24,272.7,19.8
2024-08,MX,New subscription,P12M,54,3881.52,535.35,3346.17,206.69
2024-08,MX,New subscription,P1M,100,1299.0,179.21,1119.79,96.44
2024-08,MX,New subscription,P3M,43,1288.71,177.73,1110.98,83.66
2024-08,MX,Reactivation,P12M,3,215.64,29.73,185.91,13.83
2024-08,MX,Reactivation,P1M,16,207.84,28.66,179.18,15.5
2024-08,MX,Reactivation,P3M,4,119.88,16.53,103.35,8.4
2024-08,MX,Refund - subscription,P12M,3,-215.64,-29.73,-185.91,0.0
2024-08,MX,Refund - subscription,P1M,3,-38.97,-5.37,-33.6,0.0
2024-08,MX,Renewal,P12M,3,215.64,29.74,185.9,13.84
2024-08,MX,Renewal,P1M,114,1480.86,204.28,1276.58,113.36
2024-08,MX,Renewal,P3M,9,269.73,37.18,232.55,17.25
2024-08,MX,Token pack,TP100,7,69.93,9.66,60.27,4.05
2024-08,MX,Token pack,TP1300,3,299.97,41.37,258.6,18.9
2024-08,MX,Token pack,TP275,3,74.97,10.35,64.62,5.4
2024-08,MX,Token pack,TP2800,2,399.98,55.16,344.82,24.6
2024-08,MX,Token pack,TP600,5,249.95,34.5,215.45,16.5
2024-08,NL,Chargeback,P12M,1,-77.92,-13.52,-64.39,25.0
2024-08,NL,Chargeback,P1M,3,-42.24,-7.32,-34.92,75.0
2024-08,NL,Chargeback,P3M,1,-32.49,-5.64,-26.85,25.0
2024-08,NL,New subscription,P12M,37,2928.18,508.26,2419.92,163.47
2024-08,NL,New subscription,P1M,116,1659.08,287.98,1371.12,125.4
2024-08,NL,New subscription,P3M,28,923.94,160.38,763.56,60.54
2024-08,NL,Reactivation,P12M,2,158.28,27.48,130.8,9.4
2024-08,NL,Reactivation,P1M,5,71.5,12.4,59.1,4.77
2024-08,NL,Reactivation,P3M,2,66.0,11.46,54.54,4.32
2024-08,NL,Refund - subscription,P12M,1,-79.14,-13.74,-65.4,0.0
2024-08,NL,Refund - subscription,P1M,3,-42.9,-7.44,-35.46,0.0
2024-08,NL,Renewal,P12M,1,79.14,13.74,65.4,4.7
2024-08,NL,Renewal,P1M,173,2474.27,429.43,2044.86,186.48
2024-08,NL,Renewal,P3M,20,659.95,114.55,545.4,38.24
2024-08,NL,Token pack,TP100,18,198.0,34.38,163.62,14.77
2024-08,NL,Token pack,TP1300,8,880.72,152.88,727.84,46.45
2024-08,NL,Token pack,TP275,7,192.57,33.46,159.18,13.02
2024-08,NL,Token pack,TP2800,1,220.19,38.21,181.97,12.46
2024-08,NL,Token pack,TP600,4,220.16,38.2,181.96,10.97
2024-08,PL,Chargeback,P12M,1,-77.92,-14.57,-63.35,25.0
2024-08,PL,Chargeback,P1M,2,-28.16,-5.26,-22.9,50.0
2024-08,PL,New subscription,P12M,27,2136.78,399.6,1737.18,119.93
2024-08,PL,New subscription,P1M,88,1258.57,235.33,1023.27,91.72
2024-08,PL,New subscription,P3M,28,923.92,172.76,751.16,58.89
2024-08,PL,Reactivation,P1M,4,57.2,10.68,46.52,4.56
2024-08,PL,Refund - subscription,P12M,1,-79.14,-14.8,-64.34,0.0
2024-08,PL,Refund - subscription,P1M,4,-57.2,-10.69,-46.52,0.0
2024-08,PL,Refund - subscription,P3M,1,-33.0,-6.17,-26.83,0.0
2024-08,PL,Renewal,P12M,4,316.56,59.2,257.36,18.8
2024-08,PL,Renewal,P1M,120,1716.24,320.92,1395.34,124.39
2024-08,PL,Renewal,P3M,9,297.0,55.53,241.47,17.77
2024-08,PL,Token pack,TP100,9,99.0,18.52,80.46,7.78
2024-08,PL,Token pack,TP275,2,55.02,10.28,44.74,3.72
2024-08,PL,Token pack,TP2800,2,440.38,82.34,358.04,24.92
2024-08,PL,Token pack,TP600,4,220.16,41.16,179.0,13.52
2024-08,ROW,Chargeback,P12M,2,-143.76,-6.84,-136.92,50.0
2024-08,ROW,Chargeback,P1M,8,-103.92,-4.96,-98.96,200.0
2024-08,ROW,Chargeback,P3M,3,-89.91,-4.29,-85.62,75.0
2024-08,ROW,New subscription,P12M,155,11141.4,530.55,10610.85,633.68
2024-08,ROW,New subscription,P1M,340,4416.6,210.32,4206.28,341.33
2024-08,ROW,New subscription,P3M,125,3746.25,178.39,3567.86,240.82
2024-08,ROW,Reactivation,P12M,18,1293.84,61.62,1232.22,72.42
2024-08,ROW,Reactivation,P1M,18,233.82,11.16,222.66,18.55
2024-08,ROW,Reactivation,P3M,7,209.79,10.0,199.79,13.05
2024-08,ROW,Refund - subscription,P12M,7,-503.16,-23.95,-479.21,0.0
2024-08,ROW,Refund - subscription,P1M,7,-90.93,-4.34,-86.59,0.0
2024-08,ROW,Refund - subscription,P3M,1,-29.97,-1.43,-28.54,0.0
2024-08,ROW,Refund - token pack,TP1300,1,-99.99,-4.76,-95.23,0.0
2024-08,ROW,Renewal,P12M,9,646.92,30.79,616.13,37.97
2024-08,ROW,Renewal,P1M,440,5715.6,272.19,5443.41,443.11
2024-08,ROW,Renewal,P3M,70,2097.9,99.9,1998.0,130.38
2024-08,ROW,Token pack,TP100,38,379.62,18.14,361.48,31.2
2024-08,ROW,Token pack,TP1300,14,1399.86,66.64,1333.22,78.6
2024-08,ROW,Token pack,TP275,27,674.73,32.13,642.6,41.45
2024-08,ROW,Token pack,TP2800,8,1599.92,76.16,1523.76,98.4
2024-08,ROW,Token pack,TP600,16,799.84,38.08,761.76,45.15
2024-08,SE,Chargeback,P12M,2,-155.84,-31.16,-124.66,50.0
2024-08,SE,Chargeback,P1M,3,-42.24,-8.45,-33.79,75.0
2024-08,SE,New subscription,P12M,17,1345.38,269.11,1076.27,72.91
2024-08,SE,New subscription,P1M,53,757.97,151.58,606.37,53.82
2024-08,SE,New subscription,P3M,16,527.97,105.6,422.4,32.92
2024-08,SE,Reactivation,P1M,3,42.9,8.58,34.32,3.42
2024-08,SE,Reactivation,P3M,1,33.0,6.6,26.4,2.16
2024-08,SE,Refund - subscription,P1M,2,-28.6,-5.72,-22.88,0.0
2024-08,SE,Refund - subscription,P3M,1,-33.0,-6.6,-26.4,0.0
2024-08,SE,Refund - token pack,TP100,2,-22.0,-4.4,-17.6,0.0
2024-08,SE,Renewal,P12M,5,395.7,79.15,316.55,23.51
2024-08,SE,Renewal,P1M,102,1458.79,291.72,1167.03,109.48
2024-08,SE,Renewal,P3M,15,494.98,99.0,396.0,25.74
2024-08,SE,Token pack,TP100,13,143.0,28.6,114.4,10.0
2024-08,SE,Token pack,TP1300,5,550.45,110.1,440.35,32.0
2024-08,SE,Token pack,TP275,3,82.53,16.5,66.03,4.13
2024-08,SE,Token pack,TP2800,6,1321.14,264.24,1056.9,74.76
2024-08,SE,Token pack,TP600,5,275.2,55.05,220.15,14.35
2024-08,US,Chargeback,P12M,9,-646.92,-36.63,-610.29,225.0
2024-08,US,Chargeback,P1M,40,-519.6,-29.47,-490.13,1000.0
2024-08,US,Chargeback,P3M,4,-119.88,-6.8,-113.08,100.0
2024-08,US,New subscription,P12M,544,39102.72,2213.34,36889.38,2240.74
2024-08,US,New subscription,P1M,1462,18991.38,1074.98,17916.4,1466.61
2024-08,US,New subscription,P3M,450,13486.5,763.4,12723.1,879.88
2024-08,US,Reactivation,P12M,33,2372.04,134.3,2237.74,141.62
2024-08,US,Reactivation,P1M,70,909.3,51.53,857.77,67.6
2024-08,US,Reactivation,P3M,32,959.04,54.3,904.74,63.88
2024-08,US,Refund - subscription,P12M,19,-1365.72,-77.33,-1288.39,0.0
2024-08,US,Refund - subscription,P1M,62,-805.38,-45.63,-759.75,0.0
2024-08,US,Refund - subscription,P3M,17,-509.49,-28.87,-480.62,0.0
2024-08,US,Refund - token pack,TP100,5,-49.95,-2.84,-47.11,0.0
2024-08,US,Refund - token pack,TP1300,2,-199.98,-11.32,-188.66,0.0
2024-08,US,Refund - token pack,TP600,4,-199.96,-11.32,-188.64,0.0
2024-08,US,Renewal,P12M,53,3809.64,215.67,3593.97,230.34
2024-08,US,Renewal,P1M,2466,32033.34,1813.18,30220.16,2466.33
2024-08,US,Renewal,P3M,301,9020.97,510.57,8510.4,583.74
2024-08,US,Token pack,TP100,298,2977.02,168.47,2808.55,244.8
2024-08,US,Token pack,TP1300,62,6199.38,350.92,5848.46,381.0
2024-08,US,Token pack,TP275,145,3623.55,205.09,3418.46,241.0
2024-08,US,Token pack,TP2800,42,8399.58,475.44,7924.14,498.0
2024-08,US,Token pack,TP600,91,4549.09,257.53,4291.56,285.0
2024-09,AU,Chargeback,P12M,1,-71.88,-6.53,-65.35,25.0
2024-09,AU,Chargeback,P1M,4,-51.96,-4.72,-47.24,100.0
2024-09,AU,Chargeback,P3M,2,-59.94,-5.44,-54.5,50.0
2024-09,AU,New subscription,P12M,45,3234.6,294.01,2940.59,186.38
2024-09,AU,New subscription,P1M,142,1844.58,167.67,1676.91,143.57
2024-09,AU,New subscription,P3M,52,1558.44,141.62,1416.82,99.26
2024-09,AU,Reactivation,P12M,2,143.76,13.06,130.7,9.22
2024-09,AU,Reactivation,P1M,7,90.93,8.26,82.67,7.56
2024-09,AU,Reactivation,P3M,6,179.82,16.32,163.5,12.6
2024-09,AU,Refund - subscription,P12M,2,-143.76,-13.06,-130.7,0.0
2024-09,AU,Refund - subscription,P1M,3,-38.97,-3.54,-35.43,0.0
2024-09,AU,Refund - subscription,P3M,4,-119.88,-10.89,-108.99,0.0
2024-09,AU,Refund - token pack,TP275,1,-24.99,-2.27,-22.72,0.0
2024-09,AU,Renewal,P12M,9,646.92,58.78,588.14,41.5
2024-09,AU,Renewal,P1M,291,3780.09,343.66,3436.43,284.93
2024-09,AU,Renewal,P3M,40,1198.8,108.92,1089.88,82.32
2024-09,AU,Token pack,TP100,35,349.65,31.8,317.85,27.75
2024-09,AU,Token pack,TP1300,14,1399.86,127.26,1272.6,83.4
2024-09,AU,Token pack,TP275,15,374.85,34.05,340.8,27.0
2024-09,AU,Token pack,TP2800,5,999.95,90.9,909.05,61.5
2024-09,AU,Token pack,TP600,10,499.9,45.41,454.49,30.45
2024-09,BR,Chargeback,P1M,1,-12.99,-0.62,-12.37,25.0
2024-09,BR,Chargeback,P3M,1,-29.97,-1.43,-28.54,25.0
2024-09,BR,New subscription,P12M,56,4025.28,191.7,3833.58,230.06
2024-09,BR,New subscription,P1M,114,1480.86,70.51,1410.35,112.43
2024-09,BR,New subscription,P3M,33,989.01,47.09,941.92,56.09
2024-09,BR,Reactivation,P12M,3,215.64,10.26,205.38,13.83
2024-09,BR,Reactivation,P1M,3,38.97,1.86,37.11,2.35
2024-09,BR,Reactivation,P3M,1,29.97,1.43,28.54,2.1
2024-09,BR,Refund - subscription,P12M,4,-287.52,-13.69,-273.83,0.0
2024-09,BR,Refund - subscription,P1M,6,-77.94,-3.72,-74.22,0.0
2024-09,BR,Refund - subscription,P3M,2,-59.94,-2.86,-57.08,0.0
2024-09,BR,Renewal,P12M,3,215.64,10.26,205.38,10.3
2024-09,BR,Renewal,P1M,171,2221.29,105.76,2115.53,171.33
2024-09,BR,Renewal,P3M,25,749.25,35.69,713.56,44.23
2024-09,BR,Token pack,TP100,10,99.9,4.78,95.12,6.75
2024-09,BR,Token pack,TP1300,4,399.96,19.04,380.92,25.2
2024-09,BR,Token pack,TP275,6,149.94,7.14,142.8,9.37
2024-09,BR,Token pack,TP2800,1,199.99,9.52,190.47,12.3
2024-09,BR,Token pack,TP600,6,299.94,14.28,285.66,19.8
2024-09,CA,Chargeback,P1M,3,-38.97,-4.48,-34.49,75.0
2024-09,CA,New subscription,P12M,82,5894.16,678.14,5216.02,325.25
2024-09,CA,New subscription,P1M,232,3013.68,346.71,2666.97,229.21
2024-09,CA,New subscription,P3M,75,2247.75,258.59,1989.16,149.11
2024-09,CA,Reactivation,P12M,6,431.28,49.62,381.66,27.66
2024-09,CA,Reactivation,P1M,6,77.94,8.94,69.0,5.59
2024-09,CA,Reactivation,P3M,3,89.91,10.35,79.56,6.3
2024-09,CA,Refund - subscription,P12M,3,-215.64,-24.81,-190.83,0.0
2024-09,CA,Refund - subscription,P1M,4,-51.96,-5.97,-45.99,0.0
2024-09,CA,Refund - subscription,P3M,3,-89.91,-10.35,-79.56,0.0
2024-09,CA,Refund - token pack,TP100,1,-9.99,-1.15,-8.84,0.0
2024-09,CA,Renewal,P12M,7,503.16,57.89,445.27,32.28
2024-09,CA,Renewal,P1M,323,4195.77,482.72,3713.05,332.75
2024-09,CA,Renewal,P3M,32,959.04,110.38,848.66,58.93
2024-09,CA,Token pack,TP100,43,429.57,49.45,380.12,36.45
2024-09,CA,Token pack,TP1300,3,299.97,34.5,265.47,18.9
2024-09,CA,Token pack,TP275,20,499.8,57.44,442.36,31.71
2024-09,CA,Token pack,TP2800,8,1599.92,184.08,1415.84,98.4
2024-09,CA,Token pack,TP600,14,699.86,80.5,619.36,41.1
2024-09,CH,Chargeback,P12M,1,-79.14,-5.93,-73.21,25.0
2024-09,CH,Chargeback,P1M,1,-14.3,-1.07,-13.23,25.0
2024-09,CH,Chargeback,P3M,1,-33.0,-2.47,-30.52,25.0
2024-09,CH,New subscription,P12M,36,2874.95,215.4,2659.44,156.49
2024-09,CH,New subscription,P1M,77,1111.24,83.21,1027.95,79.72
2024-09,CH,New subscription,P3M,16,532.77,39.87,492.81,34.88
2024-09,CH,Reactivation,P1M,2,28.86,2.16,26.7,2.28
2024-09,CH,Reactivation,P3M,1,33.3,2.49,30.8,2.18
2024-09,CH,Refund - subscription,P12M,1,-79.86,-5.98,-73.87,0.0
2024-09,CH,Refund - subscription,P1M,4,-57.72,-4.32,-53.4,0.0
2024-09,CH,Refund - subscription,P3M,1,-33.3,-2.49,-30.8,0.0
2024-09,CH,Refund - token pack,TP1300,1,-111.09,-8.32,-102.76,0.0
2024-09,CH,Renewal,P12M,1,79.86,5.98,73.87,4.74
2024-09,CH,Renewal,P1M,90,1298.87,97.32,1201.5,93.68
2024-09,CH,Renewal,P3M,10,332.96,24.94,308.0,20.12
2024-09,CH,Token pack,TP100,10,111.0,8.3,102.7,9.6
2024-09,CH,Token pack,TP1300,4,444.36,33.28,411.04,25.84
2024-09,CH,Token pack,TP275,6,166.56,12.48,154.08,11.28
2024-09,CH,Token pack,TP600,4,222.16,16.64,205.51,13.61
2024-09,DE,Chargeback,P12M,1,-79.14,-12.64,-66.5,25.0
2024-09,DE,Chargeback,P1M,11,-157.3,-25.09,-132.22,275.0
2024-09,DE,Chargeback,P3M,2,-66.0,-10.54,-55.46,50.0
2024-09,DE,New subscription,P12M,125,9982.31,1593.75,8388.52,553.75
2024-09,DE,New subscription,P1M,294,4242.99,677.44,3565.54,305.67
2024-09,DE,New subscription,P3M,72,2397.37,382.8,2014.56,151.97
2024-09,DE,Reactivation,P12M,9,718.74,114.75,603.99,39.12
2024-09,DE,Reactivation,P1M,19,274.18,43.75,230.46,19.85
2024-09,DE,Reactivation,P3M,3,99.9,15.96,83.94,6.54
2024-09,DE,Refund - subscription,P12M,6,-479.16,-76.5,-402.66,0.0
2024-09,DE,Refund - subscription,P1M,20,-288.62,-46.05,-242.58,0.0
2024-09,DE,Refund - subscription,P3M,3,-99.9,-15.96,-83.94,0.0
2024-09,DE,Refund - token pack,TP100,1,-11.1,-1.77,-9.33,0.0
2024-09,DE,Refund - token pack,TP600,1,-55.54,-8.87,-46.67,0.0
2024-09,DE,Renewal,P12M,7,559.02,89.25,469.76,29.64
2024-09,DE,Renewal,P1M,605,8731.31,1394.06,7337.25,654.87
2024-09,DE,Renewal,P3M,75,2497.25,398.75,2098.5,148.41
2024-09,DE,Token pack,TP100,68,754.79,120.5,634.23,58.17
2024-09,DE,Token pack,TP1300,9,999.81,159.64,840.15,53.35
2024-09,DE,Token pack,TP275,27,749.6,119.68,629.91,44.85
2024-09,DE,Token pack,TP2800,10,2221.9,354.8,1867.1,88.74
2024-09,DE,Token pack,TP600,27,1499.58,239.49,1260.09,86.75
2024-09,ES,Chargeback,P1M,4,-57.2,-9.92,-47.28,100.0
2024-09,ES,Chargeback,P3M,1,-33.0,-5.73,-27.27,25.0
2024-09,ES,New subscription,P12M,52,4152.7,720.72,3431.99,235.95
2024-09,ES,New subscription,P1M,134,1933.89,335.56,1598.26,143.06
2024-09,ES,New subscription,P3M,45,1498.36,260.1,1238.36,84.66
2024-09,ES,Reactivation,P12M,5,399.3,69.3,330.0,9.54
2024-09,ES,Reactivation,P1M,9,129.87,22.52,107.35,9.35
2024-09,ES,Refund - subscription,P12M,4,-319.44,-55.44,-264.0,0.0
2024-09,ES,Refund - subscription,P1M,8,-115.45,-20.02,-95.43,0.0
2024-09,ES,Refund - subscription,P3M,1,-33.3,-5.78,-27.52,0.0
2024-09,ES,Refund - token pack,TP275,1,-27.76,-4.82,-22.95,0.0
2024-09,ES,Refund - token pack,TP600,1,-55.54,-9.64,-45.9,0.0
2024-09,ES,Renewal,P12M,7,559.02,97.02,462.0,33.18
2024-09,ES,Renewal,P1M,213,3074.01,533.48,2540.47,228.8
2024-09,ES,Renewal,P3M,34,1132.1,196.5,935.66,69.08
2024-09,ES,Token pack,TP100,24,266.4,46.27,220.13,21.46
2024-09,ES,Token pack,TP1300,8,888.72,154.24,734.48,37.31
2024-09,ES,Token pack,TP275,11,305.39,53.02,252.42,20.65
2024-09,ES,Token pack,TP2800,3,666.57,115.68,550.89,37.71
2024-09,ES,Token pack,TP600,4,222.16,38.56,183.6,13.61
2024-09,FR,Chargeback,P12M,3,-237.42,-39.57,-197.85,75.0
2024-09,FR,Chargeback,P1M,3,-42.9,-7.14,-35.76,75.0
2024-09,FR,Chargeback,P3M,2,-66.0,-11.0,-55.0,50.0
2024-09,FR,New subscription,P12M,58,4631.84,771.98,3859.88,246.68
2024-09,FR,New subscription,P1M,173,2496.73,416.14,2080.6,183.98
2024-09,FR,New subscription,P3M,42,1398.47,233.1,1165.37,86.54
2024-09,FR,Reactivation,P12M,7,559.02,93.17,465.85,29.64
2024-09,FR,Reactivation,P1M,17,245.33,40.93,204.47,17.57
2024-09,FR,Reactivation,P3M,4,133.2,22.2,111.0,7.04
2024-09,FR,Refund - subscription,P12M,2,-159.72,-26.62,-133.1,0.0
2024-09,FR,Refund - subscription,P1M,5,-72.15,-12.05,-60.15,0.0
2024-09,FR,Refund - token pack,TP100,1,-11.1,-1.85,-9.25,0.0
2024-09,FR,Refund - token pack,TP2800,1,-222.19,-37.03,-185.16,0.0
2024-09,FR,Renewal,P12M,5,399.3,66.55,332.75,16.62
2024-09,FR,Renewal,P1M,340,4906.83,817.78,4089.07,361.06
2024-09,FR,Renewal,P3M,41,1365.17,227.55,1137.63,86.03
2024-09,FR,Token pack,TP100,41,455.1,75.85,379.25,34.61
2024-09,FR,Token pack,TP1300,6,666.54,111.06,555.42,33.97
2024-09,FR,Token pack,TP275,21,582.99,97.2,485.91,37.99
2024-09,FR,Token pack,TP2800,9,1999.71,333.27,1666.43,113.13
2024-09,FR,Token pack,TP600,18,999.72,166.64,833.04,58.67
2024-09,GB,Chargeback,P1M,6,-100.86,-16.8,-84.06,150.0
2024-09,GB,Chargeback,P3M,1,-38.78,-6.46,-32.32,25.0
2024-09,GB,New subscription,P12M,101,9597.6,1599.63,7997.98,500.93
2024-09,GB,New subscription,P1M,344,5907.45,984.58,4922.92,419.41
2024-09,GB,New subscription,P3M,111,4397.82,732.98,3664.87,265.25
2024-09,GB,Reactivation,P12M,12,1140.35,190.08,950.28,54.5
2024-09,GB,Reactivation,P1M,18,309.09,51.48,257.58,21.18
2024-09,GB,Reactivation,P3M,6,237.72,39.6,198.12,15.18
2024-09,GB,Refund - subscription,P12M,5,-475.13,-79.19,-395.94,0.0
2024-09,GB,Refund - subscription,P1M,23,-394.97,-65.81,-329.13,0.0
2024-09,GB,Refund - subscription,P3M,3,-118.86,-19.81,-99.05,0.0
2024-09,GB,Refund - token pack,TP100,1,-13.21,-2.2,-11.01,0.0
2024-09,GB,Refund - token pack,TP275,1,-33.04,-5.51,-27.53,0.0
2024-09,GB,Renewal,P12M,9,855.27,142.56,712.71,46.07
2024-09,GB,Renewal,P1M,572,9822.85,1637.12,8185.66,697.96
2024-09,GB,Renewal,P3M,86,3407.32,567.9,2839.42,205.94
2024-09,GB,Token pack,TP100,76,1003.69,167.24,836.44,73.89
2024-09,GB,Token pack,TP1300,13,1718.45,286.39,1432.06,87.78
2024-09,GB,Token pack,TP275,37,1222.37,203.76,1018.61,76.84
2024-09,GB,Token pack,TP2800,5,1321.95,220.3,1101.6,74.45
2024-09,GB,Token pack,TP600,27,1784.36,297.34,1486.9,104.54
2024-09,IN,Chargeback,P1M,1,-12.99,-1.98,-11.01,25.0
2024-09,IN,New subscription,P12M,30,2156.4,328.87,1827.53,120.68
2024-09,IN,New subscription,P1M,80,1039.2,158.49,880.71,79.29
2024-09,IN,New subscription,P3M,27,809.19,123.4,685.79,48.44
2024-09,IN,Reactivation,P12M,2,143.76,21.92,121.84,9.22
2024-09,IN,Reactivation,P1M,2,25.98,3.96,22.02,2.16
2024-09,IN,Refund - subscription,P12M,1,-71.88,-10.96,-60.92,0.0
2024-09,IN,Refund - subscription,P1M,3,-38.97,-5.94,-33.03,0.0
2024-09,IN,Renewal,P12M,2,143.76,21.93,121.83,9.23
2024-09,IN,Renewal,P1M,125,1623.75,247.67,1376.08,127.88
2024-09,IN,Renewal,P3M,29,869.13,132.56,736.57,50.98
2024-09,IN,Token pack,TP100,9,89.91,13.69,76.22,8.1
2024-09,IN,Token pack,TP1300,1,99.99,15.25,84.74,6.3
2024-09,IN,Token pack,TP275,4,99.96,15.24,84.72,5.77
2024-09,IN,Token pack,TP2800,1,199.99,30.51,169.48,12.3
2024-09,IN,Token pack,TP600,2,99.98,15.26,84.72,4.05
2024-09,IT,Chargeback,P12M,1,-79.14,-14.27,-64.87,25.0
2024-09,IT,Chargeback,P1M,5,-71.5,-12.9,-58.6,125.0
2024-09,IT,Chargeback,P3M,1,-33.0,-5.95,-27.05,25.0
2024-09,IT,New subscription,P12M,43,3433.98,619.2,2814.76,168.44
2024-09,IT,New subscription,P1M,122,1760.7,317.47,1443.26,129.36
2024-09,IT,New subscription,P3M,34,1132.12,204.09,927.92,70.77
2024-09,IT,Reactivation,P12M,2,159.72,28.8,130.92,5.94
2024-09,IT,Reactivation,P1M,5,72.15,13.0,59.15,5.7
2024-09,IT,Reactivation,P3M,2,66.6,12.0,54.58,4.36
2024-09,IT,Refund - subscription,P1M,3,-43.29,-7.8,-35.49,0.0
2024-09,IT,Refund - subscription,P3M,2,-66.6,-12.0,-54.58,0.0
2024-09,IT,Refund - token pack,TP100,3,-33.3,-6.0,-27.3,0.0
2024-09,IT,Refund - token pack,TP275,1,-27.76,-5.01,-22.76,0.0
2024-09,IT,Refund - token pack,TP600,1,-55.54,-10.02,-45.52,0.0
2024-09,IT,Renewal,P12M,5,399.3,72.0,327.3,23.7
2024-09,IT,Renewal,P1M,209,3016.3,543.88,2472.41,221.44
2024-09,IT,Renewal,P3M,18,599.35,108.05,491.22,39.24
2024-09,IT,Token pack,TP100,27,299.7,54.0,245.63,23.54
2024-09,IT,Token pack,TP1300,4,444.36,80.12,364.24,21.05
2024-09,IT,Token pack,TP275,11,305.37,55.1,250.35,19.21
2024-09,IT,Token pack,TP2800,1,222.19,40.07,182.12,12.57
2024-09,IT,Token pack,TP600,9,499.86,90.16,409.7,25.48
2024-09,JP,Chargeback,P1M,2,-25.98,-2.36,-23.62,50.0
2024-09,JP,New subscription,P12M,34,2443.92,222.13,2221.79,135.64
2024-09,JP,New subscription,P1M,58,753.42,68.46,684.96,59.08
2024-09,JP,New subscription,P3M,28,839.16,76.25,762.91,53.83
2024-09,JP,Reactivation,P1M,1,12.99,1.18,11.81,1.08
2024-09,JP,Refund - subscription,P12M,1,-71.88,-6.53,-65.35,0.0
2024-09,JP,Refund - subscription,P1M,4,-51.96,-4.72,-47.24,0.0
2024-09,JP,Refund - token pack,TP100,1,-9.99,-0.91,-9.08,0.0
2024-09,JP,Renewal,P12M,1,71.88,6.53,65.35,4.61
2024-09,JP,Renewal,P1M,117,1519.83,138.1,1381.73,121.9
2024-09,JP,Renewal,P3M,13,389.61,35.39,354.22,27.3
2024-09,JP,Token pack,TP100,17,169.83,15.47,154.36,14.55
2024-09,JP,Token pack,TP1300,5,499.95,45.45,454.5,31.5
2024-09,JP,Token pack,TP275,5,124.95,11.35,113.6,9.0
2024-09,JP,Token pack,TP2800,2,399.98,36.36,363.62,24.6
2024-09,JP,Token pack,TP600,3,149.97,13.62,136.35,9.9
2024-09,MX,Chargeback,P1M,4,-51.96,-7.16,-44.8,100.0
2024-09,MX,New subscription,P12M,43,3090.84,426.27,2664.57,162.99
2024-09,MX,New subscription,P1M,106,1376.94,189.93,1187.01,106.49
2024-09,MX,New subscription,P3M,28,839.16,115.7,723.46,48.88
2024-09,MX,Reactivation,P12M,5,359.4,49.55,309.85,19.52
2024-09,MX,Reactivation,P1M,2,25.98,3.58,22.4,2.16
2024-09,MX,Reactivation,P3M,2,59.94,8.26,51.68,4.2
2024-09,MX,Refund - subscription,P12M,2,-143.76,-19.82,-123.94,0.0
2024-09,MX,Refund - subscription,P1M,5,-64.95,-8.95,-56.0,0.0
2024-09,MX,Refund - token pack,TP1300,1,-99.99,-13.79,-86.2,0.0
2024-09,MX,Renewal,P12M,1,71.88,9.91,61.97,4.61
2024-09,MX,Renewal,P1M,136,1766.64,243.7,1522.94,134.45
2024-09,MX,Renewal,P3M,14,419.58,57.85,361.73,27.75
2024-09,MX,Token pack,TP100,11,109.89,15.18,94.71,9.9
2024-09,MX,Token pack,TP1300,5,499.95,68.95,431.0,31.5
2024-09,MX,Token pack,TP275,6,149.94,20.69,129.25,7.94
2024-09,MX,Token pack,TP2800,1,199.99,27.58,172.41,12.3
2024-09,MX,Token pack,TP600,4,199.96,27.6,172.36,10.65
2024-09,NL,Chargeback,P1M,6,-85.8,-14.88,-70.92,150.0
2024-09,NL,Chargeback,P3M,1,-33.0,-5.73,-27.27,25.0
2024-09,NL,New subscription,P12M,40,3194.39,554.4,2640.0,171.93
2024-09,NL,New subscription,P1M,97,1399.9,242.91,1156.94,99.83
2024-09,NL,New subscription,P3M,23,765.84,132.94,632.95,43.42
2024-09,NL,Reactivation,P12M,3,239.58,41.58,198.0,14.22
2024-09,NL,Reactivation,P1M,6,86.58,15.0,71.58,6.84
2024-09,NL,Refund - subscription,P12M,2,-159.72,-27.72,-132.0,0.0
2024-09,NL,Refund - subscription,P1M,7,-101.01,-17.51,-83.5,0.0
2024-09,NL,Refund - subscription,P3M,2,-66.6,-11.56,-55.04,0.0
2024-09,NL,Refund - token pack,TP600,1,-55.54,-9.64,-45.9,0.0
2024-09,NL,Renewal,P12M,7,559.02,97.02,462.0,33.18
2024-09,NL,Renewal,P1M,184,2655.48,460.84,2194.6,200.26
2024-09,NL,Renewal,P3M,31,1032.22,179.18,853.09,62.54
2024-09,NL,Token pack,TP100,22,244.2,42.4,201.8,16.38
2024-09,NL,Token pack,TP1300,2,222.18,38.56,183.62,8.13
2024-09,NL,Token pack,TP275,11,305.38,53.02,252.43,20.66
2024-09,NL,Token pack,TP2800,2,444.38,77.12,367.26,25.14
2024-09,NL,Token pack,TP600,6,333.24,57.84,275.4,20.4
2024-09,PL,Chargeback,P1M,2,-28.6,-5.34,-23.26,50.0
2024-09,PL,Chargeback,P3M,1,-33.0,-6.17,-26.83,25.0
2024-09,PL,New subscription,P12M,32,2555.52,477.83,2077.69,134.0
2024-09,PL,New subscription,P1M,86,1241.17,232.1,1009.04,91.87
2024-09,PL,New subscription,P3M,23,765.85,143.23,622.61,41.74
2024-09,PL,Reactivation,P12M,1,79.86,14.93,64.93,1.2
2024-09,PL,Reactivation,P1M,3,43.29,8.1,35.19,3.42
2024-09,PL,Reactivation,P3M,1,33.3,6.23,27.07,2.18
2024-09,PL,Refund - subscription,P12M,2,-159.72,-29.87,-129.85,0.0
2024-09,PL,Refund - subscription,P1M,4,-57.72,-10.8,-46.92,0.0
2024-09,PL,Renewal,P12M,5,399.3,74.65,324.65,23.7
2024-09,PL,Renewal,P1M,128,1847.28,345.4,1501.85,132.5
2024-09,PL,Renewal,P3M,25,832.44,155.69,676.75,49.46
2024-09,PL,Token pack,TP100,10,111.0,20.79,90.21,8.02
2024-09,PL,Token pack,TP1300,2,222.18,41.54,180.64,8.13
2024-09,PL,Token pack,TP275,9,249.85,46.71,203.13,16.91
2024-09,PL,Token pack,TP2800,1,222.19,41.55,180.64,12.57
2024-09,PL,Token pack,TP600,5,277.7,51.95,225.75,11.86
2024-09,ROW,Chargeback,P12M,1,-71.88,-3.42,-68.46,25.0
2024-09,ROW,Chargeback,P1M,10,-129.9,-6.2,-123.7,250.0
2024-09,ROW,Chargeback,P3M,1,-29.97,-1.43,-28.54,25.0
2024-09,ROW,New subscription,P12M,187,13441.56,640.06,12801.5,745.94
2024-09,ROW,New subscription,P1M,336,4364.64,207.85,4156.79,327.26
2024-09,ROW,New subscription,P3M,132,3956.04,188.39,3767.65,255.51
2024-09,ROW,Reactivation,P12M,14,1006.32,47.9,958.42,61.02
2024-09,ROW,Reactivation,P1M,12,155.88,7.44,148.44,12.96
2024-09,ROW,Reactivation,P3M,4,119.88,5.72,114.16,8.4
2024-09,ROW,Refund - subscription,P12M,3,-215.64,-10.26,-205.38,0.0
2024-09,ROW,Refund - subscription,P1M,15,-194.85,-9.29,-185.56,0.0
2024-09,ROW,Refund - subscription,P3M,5,-149.85,-7.14,-142.71,0.0
2024-09,ROW,Renewal,P12M,8,575.04,27.38,547.66,33.36
2024-09,ROW,Renewal,P1M,470,6105.3,290.72,5814.58,472.83
2024-09,ROW,Renewal,P3M,73,2187.81,104.18,2083.63,136.68
2024-09,ROW,Token pack,TP100,50,499.5,23.84,475.66,41.25
2024-09,ROW,Token pack,TP1300,16,1599.84,76.16,1523.68,91.2
2024-09,ROW,Token pack,TP275,23,574.77,27.37,547.4,32.83
2024-09,ROW,Token pack,TP2800,8,1599.92,76.17,1523.75,89.1
2024-09,ROW,Token pack,TP600,15,749.85,35.7,714.15,49.5
2024-09,SE,Chargeback,P3M,1,-33.0,-6.6,-26.4,25.0
2024-09,SE,New subscription,P12M,27,2156.22,431.22,1724.95,117.38
2024-09,SE,New subscription,P1M,68,981.35,196.29,785.14,72.21
2024-09,SE,New subscription,P3M,25,832.43,166.5,665.93,52.82
2024-09,SE,Reactivation,P12M,1,79.86,15.97,63.89,4.74
2024-09,SE,Reactivation,P1M,3,43.29,8.67,34.65,3.42
2024-09,SE,Refund - subscription,P1M,5,-72.15,-14.44,-57.74,0.0
2024-09,SE,Refund - token pack,TP100,1,-11.1,-2.22,-8.88,0.0
2024-09,SE,Renewal,P12M,1,79.86,15.97,63.89,4.74
2024-09,SE,Renewal,P1M,117,1688.54,337.73,1350.84,126.42
2024-09,SE,Renewal,P3M,12,399.58,79.92,319.66,22.8
2024-09,SE,Token pack,TP100,13,144.3,28.86,115.44,10.9
2024-09,SE,Token pack,TP1300,3,333.27,66.66,266.61,19.38
2024-09,SE,Token pack,TP275,5,138.8,27.75,111.05,9.4
2024-09,SE,Token pack,TP2800,1,222.19,44.44,177.75,12.57
2024-09,SE,Token pack,TP600,6,333.24,66.66,266.58,17.84
2024-09,US,Chargeback,P12M,7,-503.16,-28.49,-474.67,175.0
2024-09,US,Chargeback,P1M,37,-480.63,-27.27,-453.36,925.0
2024-09,US,Chargeback,P3M,7,-209.79,-11.89,-197.9,175.0
2024-09,US,New subscription,P12M,543,39030.84,2209.31,36821.53,2257.33
2024-09,US,New subscription,P1M,1575,20459.25,1158.08,19301.17,1575.32
2024-09,US,New subscription,P3M,466,13966.02,790.52,13175.5,911.82
2024-09,US,Reactivation,P12M,36,2587.68,146.51,2441.17,148.38
2024-09,US,Reactivation,P1M,80,1039.2,58.88,980.32,81.96
2024-09,US,Reactivation,P3M,19,569.43,32.27,537.16,38.25
2024-09,US,Refund - subscription,P12M,25,-1797.0,-101.74,-1695.26,0.0
2024-09,US,Refund - subscription,P1M,78,-1013.22,-57.41,-955.81,0.0
2024-09,US,Refund - subscription,P3M,20,-599.4,-33.94,-565.46,0.0
2024-09,US,Refund - token pack,TP100,4,-39.96,-2.28,-37.68,0.0
2024-09,US,Refund - token pack,TP1300,2,-199.98,-11.32,-188.66,0.0
2024-09,US,Refund - token pack,TP275,3,-74.97,-4.23,-70.74,0.0
2024-09,US,Refund - token pack,TP2800,1,-199.99,-11.32,-188.67,0.0
2024-09,US,Refund - token pack,TP600,3,-149.97,-8.49,-141.48,0.0
2024-09,US,Renewal,P12M,55,3953.4,223.81,3729.59,236.03
2024-09,US,Renewal,P1M,2613,33942.87,1921.3,32021.57,2597.59
2024-09,US,Renewal,P3M,337,10099.89,571.65,9528.24,655.99
2024-09,US,Token pack,TP100,330,3296.7,186.63,3110.07,275.76
2024-09,US,Token pack,TP1300,66,6599.34,373.56,6225.78,406.2
2024-09,US,Token pack,TP275,160,3998.4,226.34,3772.06,248.04
2024-09,US,Token pack,TP2800,42,8399.58,475.44,7924.14,460.8
2024-09,US,Token pack,TP600,118,5898.82,333.94,5564.88,366.45
2024-10,AU,Chargeback,P1M,4,-51.96,-4.72,-47.24,100.0
2024-10,AU,New subscription,P12M,70,5031.6,457.38,4574.22,284.02
2024-10,AU,New subscription,P1M,188,2442.12,222.02,2220.1,191.46
2024-10,AU,New subscription,P3M,60,1798.2,163.43,1634.77,119.31
2024-10,AU,Reactivation,P12M,4,287.52,26.12,261.4,18.44
2024-10,AU,Reactivation,P1M,15,194.85,17.7,177.15,15.31
2024-10,AU,Reactivation,P3M,5,149.85,13.6,136.25,8.85
2024-10,AU,Refund - subscription,P12M,2,-143.76,-13.06,-130.7,0.0
2024-10,AU,Refund - subscription,P1M,8,-103.92,-9.44,-94.48,0.0
2024-10,AU,Refund - subscription,P3M,3,-89.91,-8.16,-81.75,0.0
2024-10,AU,Refund - token pack,TP1300,1,-99.99,-9.09,-90.9,0.0
2024-10,AU,Refund - token pack,TP275,1,-24.99,-2.27,-22.72,0.0
2024-10,AU,Refund - token pack,TP600,1,-49.99,-4.54,-45.45,0.0
2024-10,AU,Renewal,P12M,11,790.68,71.85,718.83,43.66
2024-10,AU,Renewal,P1M,303,3935.97,357.83,3578.14,304.05
2024-10,AU,Renewal,P3M,36,1078.92,98.03,980.89,72.27
2024-10,AU,Token pack,TP100,27,269.73,24.56,245.17,21.3
2024-10,AU,Token pack,TP1300,8,799.92,72.72,727.2,50.4
2024-10,AU,Token pack,TP275,20,499.8,45.41,454.39,30.28
2024-10,AU,Token pack,TP2800,3,599.97,54.54,545.43,36.9
2024-10,AU,Token pack,TP4500,3,899.97,81.81,818.16,54.9
2024-10,AU,Token pack,TP600,17,849.83,77.22,772.61,48.45
2024-10,BR,Chargeback,P12M,1,-71.88,-3.42,-68.46,25.0
2024-10,BR,Chargeback,P1M,2,-25.98,-1.24,-24.74,50.0
2024-10,BR,Chargeback,P3M,1,-29.97,-1.43,-28.54,25.0
2024-10,BR,New subscription,P12M,79,5678.52,270.43,5408.09,322.01
2024-10,BR,New subscription,P1M,128,1662.72,79.18,1583.54,130.25
2024-10,BR,New subscription,P3M,43,1288.71,61.36,1227.35,85.31
2024-10,BR,Reactivation,P12M,3,215.64,10.26,205.38,13.83
2024-10,BR,Reactivation,P1M,2,25.98,1.24,24.74,1.27
2024-10,BR,Reactivation,P3M,3,89.91,4.29,85.62,6.3
2024-10,BR,Refund - subscription,P12M,5,-359.4,-17.11,-342.29,0.0
2024-10,BR,Refund - subscription,P1M,7,-90.93,-4.34,-86.59,0.0
2024-10,BR,Refund - subscription,P3M,1,-29.97,-1.43,-28.54,0.0
2024-10,BR,Refund - token pack,TP275,1,-24.99,-1.19,-23.8,0.0
2024-10,BR,Renewal,P12M,11,790.68,37.63,753.05,43.66
2024-10,BR,Renewal,P1M,192,2494.08,118.78,2375.3,191.34
2024-10,BR,Renewal,P3M,33,989.01,47.11,941.9,61.03
2024-10,BR,Token pack,TP100,11,109.89,5.26,104.63,7.65
2024-10,BR,Token pack,TP1300,1,99.99,4.76,95.23,6.3
2024-10,BR,Token pack,TP275,10,249.9,11.9,238.0,18.0
2024-10,BR,Token pack,TP2800,3,599.97,28.56,571.41,27.6
2024-10,BR,Token pack,TP4500,2,599.98,28.58,571.4,36.6
2024-10,BR,Token pack,TP600,3,149.97,7.14,142.83,9.9
2024-10,CA,Chargeback,P12M,1,-71.88,-8.27,-63.61,25.0
2024-10,CA,Chargeback,P1M,2,-25.98,-2.98,-23.0,50.0
2024-10,CA,New subscription,P12M,84,6037.92,694.68,5343.24,352.13
2024-10,CA,New subscription,P1M,245,3182.55,366.16,2816.39,246.8
2024-10,CA,New subscription,P3M,73,2187.81,251.74,1936.07,143.3
2024-10,CA,Reactivation,P12M,6,431.28,49.62,381.66,24.13
2024-10,CA,Reactivation,P1M,25,324.75,37.32,287.43,27.0
2024-10,CA,Reactivation,P3M,4,119.88,13.8,106.08,8.4
2024-10,CA,Refund - subscription,P12M,2,-143.76,-16.54,-127.22,0.0
2024-10,CA,Refund - subscription,P1M,10,-129.9,-14.92,-114.98,0.0
2024-10,CA,Refund - subscription,P3M,2,-59.94,-6.9,-53.04,0.0
2024-10,CA,Renewal,P12M,19,1365.72,157.13,1208.59,84.1
2024-10,CA,Renewal,P1M,346,4494.54,517.07,3977.47,354.89
2024-10,CA,Renewal,P3M,57,1708.29,196.56,1511.73,106.44
2024-10,CA,Token pack,TP100,45,449.55,51.75,397.8,39.75
2024-10,CA,Token pack,TP1300,8,799.92,92.0,707.92,45.6
2024-10,CA,Token pack,TP275,25,624.75,71.8,552.95,35.0
2024-10,CA,Token pack,TP2800,5,999.95,115.05,884.9,61.5
2024-10,CA,Token pack,TP4500,2,599.98,69.02,530.96,36.6
2024-10,CA,Token pack,TP600,10,499.9,57.5,442.4,33.0
2024-10,CH,Chargeback,P1M,2,-28.86,-2.16,-26.7,50.0
2024-10,CH,New subscription,P12M,29,2272.15,170.23,2101.92,124.69
2024-10,CH,New subscription,P1M,69,977.03,73.15,903.75,74.28
2024-10,CH,New subscription,P3M,19,620.7,46.54,574.18,37.5
2024-10,CH,Reactivation,P12M,1,78.35,5.87,72.48,4.66
2024-10,CH,Reactivation,P1M,6,84.96,6.36,78.6,5.86
2024-10,CH,Reactivation,P3M,1,32.67,2.45,30.22,2.15
2024-10,CH,Refund - subscription,P1M,5,-70.8,-5.3,-65.49,0.0
2024-10,CH,Refund - subscription,P3M,2,-65.34,-4.9,-60.44,0.0
2024-10,CH,Refund - token pack,TP100,1,-10.89,-0.82,-10.07,0.0
2024-10,CH,Refund - token pack,TP275,1,-27.24,-2.04,-25.2,0.0
2024-10,CH,Renewal,P12M,4,313.4,23.48,289.92,18.64
2024-10,CH,Renewal,P1M,104,1472.59,110.29,1362.19,108.28
2024-10,CH,Renewal,P3M,13,424.68,31.85,392.86,24.61
2024-10,CH,Token pack,TP100,19,206.91,15.56,191.35,17.26
2024-10,CH,Token pack,TP275,8,217.92,16.32,201.6,14.8
2024-10,CH,Token pack,TP600,7,381.43,28.57,352.86,20.91
2024-10,DE,Chargeback,P12M,1,-79.86,-12.75,-67.11,25.0
2024-10,DE,Chargeback,P1M,10,-144.3,-23.02,-121.3,250.0
2024-10,DE,Chargeback,P3M,2,-66.6,-10.64,-55.96,50.0
2024-10,DE,New subscription,P12M,143,11203.98,1788.93,9415.12,596.61
2024-10,DE,New subscription,P1M,370,5238.84,836.48,4402.41,386.48
2024-10,DE,New subscription,P3M,114,3724.04,594.58,3129.46,228.15
2024-10,DE,Reactivation,P12M,9,705.15,112.59,592.56,38.46
2024-10,DE,Reactivation,P1M,17,240.72,38.42,202.29,18.29
2024-10,DE,Reactivation,P3M,6,196.02,31.32,164.7,12.9
2024-10,DE,Refund - subscription,P12M,9,-705.15,-112.59,-592.56,0.0
2024-10,DE,Refund - subscription,P1M,20,-283.2,-45.2,-237.99,0.0
2024-10,DE,Refund - subscription,P3M,4,-130.68,-20.88,-109.8,0.0
2024-10,DE,Renewal,P12M,26,2037.1,325.26,1711.84,110.71
2024-10,DE,Renewal,P1M,627,8877.75,1417.46,7460.28,660.98
2024-10,DE,Renewal,P3M,83,2711.37,432.91,2278.46,166.59
2024-10,DE,Token pack,TP100,79,860.3,137.4,722.85,66.37
2024-10,DE,Token pack,TP1300,23,2506.77,400.2,2106.5,141.18
2024-10,DE,Token pack,TP275,33,898.92,143.55,755.37,56.71
2024-10,DE,Token pack,TP2800,8,1743.92,278.4,1465.44,98.72
2024-10,DE,Token pack,TP4500,7,2288.93,365.47,1923.46,101.45
2024-10,DE,Token pack,TP600,28,1525.72,243.6,1282.12,91.19
2024-10,ES,Chargeback,P1M,2,-28.86,-5.0,-23.86,50.0
2024-10,ES,New subscription,P12M,36,2820.6,489.57,2331.0,167.76
2024-10,ES,New subscription,P1M,152,2152.21,373.5,1778.68,161.5
2024-10,ES,New subscription,P3M,29,947.35,164.43,782.99,58.96
2024-10,ES,Reactivation,P12M,4,313.4,54.4,259.0,18.64
2024-10,ES,Reactivation,P1M,9,127.44,22.13,105.3,8.33
2024-10,ES,Reactivation,P3M,3,98.01,17.01,81.0,6.45
2024-10,ES,Refund - subscription,P1M,5,-70.8,-12.29,-58.5,0.0
2024-10,ES,Refund - subscription,P3M,2,-65.34,-11.34,-54.0,0.0
2024-10,ES,Refund - token pack,TP275,1,-27.24,-4.73,-22.51,0.0
2024-10,ES,Renewal,P12M,9,705.15,122.4,582.75,34.98
2024-10,ES,Renewal,P1M,228,3228.23,560.27,2668.0,239.94
2024-10,ES,Renewal,P3M,45,1470.01,255.15,1214.94,91.63
2024-10,ES,Token pack,TP100,25,272.25,47.25,225.0,22.17
2024-10,ES,Token pack,TP1300,2,217.98,37.84,180.14,12.68
2024-10,ES,Token pack,TP275,12,326.88,56.73,270.12,20.76
2024-10,ES,Token pack,TP2800,3,653.97,113.49,540.48,37.02
2024-10,ES,Token pack,TP4500,3,980.97,170.25,810.72,54.99
2024-10,ES,Token pack,TP600,12,653.88,113.5,540.37,37.65
2024-10,FR,Chargeback,P1M,6,-86.58,-14.46,-72.18,150.0
2024-10,FR,New subscription,P12M,82,6424.69,1070.77,5353.82,350.72
2024-10,FR,New subscription,P1M,217,3072.49,512.12,2560.42,229.34
2024-10,FR,New subscription,P3M,63,2058.02,342.94,1715.05,122.0
2024-10,FR,Reactivation,P12M,4,313.4,52.24,261.16,15.16
2024-10,FR,Reactivation,P1M,9,127.44,21.24,106.2,10.17
2024-10,FR,Reactivation,P3M,2,65.34,10.88,54.44,4.3
2024-10,FR,Refund - subscription,P12M,1,-78.35,-13.06,-65.29,0.0
2024-10,FR,Refund - subscription,P1M,8,-113.27,-18.88,-94.4,0.0
2024-10,FR,Refund - subscription,P3M,1,-32.67,-5.44,-27.22,0.0
2024-10,FR,Refund - token pack,TP100,1,-10.89,-1.81,-9.07,0.0
2024-10,FR,Renewal,P12M,26,2037.1,339.54,1697.54,96.78
2024-10,FR,Renewal,P1M,344,4870.72,811.84,4058.9,358.07
2024-10,FR,Renewal,P3M,56,1829.38,304.81,1524.46,111.95
2024-10,FR,Token pack,TP100,35,381.15,63.45,317.55,30.09
2024-10,FR,Token pack,TP1300,12,1307.88,217.94,1089.86,61.97
2024-10,FR,Token pack,TP275,22,599.28,99.88,499.4,37.81
2024-10,FR,Token pack,TP2800,1,217.99,36.33,181.66,12.34
2024-10,FR,Token pack,TP4500,2,653.98,109.0,544.98,36.66
2024-10,FR,Token pack,TP600,11,599.39,99.88,499.51,34.31
2024-10,GB,Chargeback,P12M,1,-95.03,-15.84,-79.19,25.0
2024-10,GB,Chargeback,P1M,10,-171.71,-28.6,-143.1,250.0
2024-10,GB,Chargeback,P3M,2,-79.24,-13.2,-66.04,50.0
2024-10,GB,New subscription,P12M,158,14820.91,2470.21,12350.84,772.03
2024-10,GB,New subscription,P1M,373,6323.1,1053.83,5269.24,443.35
2024-10,GB,New subscription,P3M,112,4380.37,730.09,3650.32,239.9
2024-10,GB,Reactivation,P12M,7,656.6,109.41,547.19,30.37
2024-10,GB,Reactivation,P1M,21,355.96,59.38,296.68,25.87
2024-10,GB,Reactivation,P3M,2,78.22,13.04,65.18,5.0
2024-10,GB,Refund - subscription,P12M,9,-844.22,-140.69,-703.53,0.0
2024-10,GB,Refund - subscription,P1M,15,-254.26,-42.41,-211.91,0.0
2024-10,GB,Refund - subscription,P3M,1,-39.11,-6.52,-32.59,0.0
2024-10,GB,Refund - token pack,TP275,1,-32.61,-5.44,-27.18,0.0
2024-10,GB,Renewal,P12M,29,2720.28,453.35,2266.93,151.59
2024-10,GB,Renewal,P1M,624,10578.0,1763.01,8815.02,747.75
2024-10,GB,Renewal,P3M,88,3441.7,573.66,2868.1,206.65
2024-10,GB,Token pack,TP100,66,860.42,143.43,717.03,63.44
2024-10,GB,Token pack,TP1300,21,2740.23,456.75,2283.54,135.79
2024-10,GB,Token pack,TP275,45,1467.52,244.64,1222.96,89.84
2024-10,GB,Token pack,TP2800,11,2870.88,478.5,2392.39,140.13
2024-10,GB,Token pack,TP4500,5,1957.45,326.25,1631.2,93.39
2024-10,GB,Token pack,TP600,26,1696.17,282.69,1413.43,93.55
2024-10,IN,Chargeback,P1M,2,-25.98,-3.96,-22.02,50.0
2024-10,IN,New subscription,P12M,56,4025.28,613.98,3411.3,226.53
2024-10,IN,New subscription,P1M,81,1052.19,160.45,891.74,80.37
2024-10,IN,New subscription,P3M,31,929.07,141.7,787.37,63.42
2024-10,IN,Reactivation,P12M,2,143.76,21.92,121.84,5.69
2024-10,IN,Reactivation,P1M,6,77.94,11.88,66.06,6.48
2024-10,IN,Reactivation,P3M,2,59.94,9.14,50.8,2.55
2024-10,IN,Refund - subscription,P1M,4,-51.96,-7.92,-44.04,0.0
2024-10,IN,Refund - subscription,P3M,1,-29.97,-4.57,-25.4,0.0
2024-10,IN,Refund - token pack,TP100,1,-9.99,-1.52,-8.47,0.0
2024-10,IN,Renewal,P12M,6,431.28,65.77,365.51,27.67
2024-10,IN,Renewal,P1M,141,1831.59,279.4,1552.19,141.63
2024-10,IN,Renewal,P3M,18,539.46,82.27,457.19,32.85
2024-10,IN,Token pack,TP100,10,99.9,15.2,84.7,7.5
2024-10,IN,Token pack,TP1300,3,299.97,45.75,254.22,9.3
2024-10,IN,Token pack,TP275,7,174.93,26.67,148.26,8.31
2024-10,IN,Token pack,TP2800,1,199.99,30.51,169.48,12.3
2024-10,IN,Token pack,TP4500,1,299.99,45.76,254.23,18.3
2024-10,IN,Token pack,TP600,1,49.99,7.63,42.36,3.3
2024-10,IT,Chargeback,P1M,2,-28.86,-5.2,-23.66,50.0
2024-10,IT,Chargeback,P3M,1,-33.3,-6.0,-27.29,25.0
2024-10,IT,New subscription,P12M,56,4387.6,791.24,3596.32,240.04
2024-10,IT,New subscription,P1M,143,2024.8,365.16,1659.63,150.44
2024-10,IT,New subscription,P3M,46,1502.68,270.94,1231.73,93.78
2024-10,IT,Reactivation,P12M,3,235.05,42.39,192.66,10.5
2024-10,IT,Reactivation,P1M,4,56.64,10.2,46.44,4.52
2024-10,IT,Refund - subscription,P12M,1,-78.35,-14.13,-64.22,0.0
2024-10,IT,Refund - subscription,P1M,7,-99.12,-17.87,-81.25,0.0
2024-10,IT,Refund - subscription,P3M,1,-32.67,-5.89,-26.78,0.0
2024-10,IT,Refund - token pack,TP275,2,-54.48,-9.82,-44.66,0.0
2024-10,IT,Renewal,P12M,9,705.15,127.17,577.98,34.98
2024-10,IT,Renewal,P1M,236,3341.51,602.58,2738.96,246.21
2024-10,IT,Renewal,P3M,29,947.35,170.81,776.54,62.27
2024-10,IT,Token pack,TP100,20,217.8,39.25,178.55,19.0
2024-10,IT,Token pack,TP1300,7,762.93,137.56,625.37,30.26
2024-10,IT,Token pack,TP275,13,354.12,63.83,290.26,24.05
2024-10,IT,Token pack,TP2800,2,435.98,78.62,357.36,24.68
2024-10,IT,Token pack,TP4500,2,653.98,117.94,536.04,36.66
2024-10,IT,Token pack,TP600,13,708.37,127.78,580.59,35.95
2024-10,JP,Chargeback,P12M,1,-71.88,-6.53,-65.35,25.0
2024-10,JP,Chargeback,P1M,1,-12.99,-1.18,-11.81,25.0
2024-10,JP,New subscription,P12M,33,2372.04,215.58,2156.46,145.14
2024-10,JP,New subscription,P1M,75,974.25,88.51,885.74,74.77
2024-10,JP,New subscription,P3M,20,599.4,54.44,544.96,40.35
2024-10,JP,Reactivation,P12M,4,287.52,26.12,261.4,18.44
2024-10,JP,Reactivation,P1M,1,12.99,1.18,11.81,1.08
2024-10,JP,Reactivation,P3M,1,29.97,2.72,27.25,2.1
2024-10,JP,Refund - subscription,P12M,2,-143.76,-13.06,-130.7,0.0
2024-10,JP,Refund - subscription,P1M,3,-38.97,-3.54,-35.43,0.0
2024-10,JP,Renewal,P12M,1,71.88,6.53,65.35,4.61
2024-10,JP,Renewal,P1M,119,1545.81,140.47,1405.34,122.3
2024-10,JP,Renewal,P3M,16,479.52,43.56,435.96,30.3
2024-10,JP,Token pack,TP100,6,59.94,5.46,54.48,5.4
2024-10,JP,Token pack,TP1300,2,199.98,18.18,181.8,12.6
2024-10,JP,Token pack,TP275,10,249.9,22.71,227.19,15.14
2024-10,JP,Token pack,TP600,4,199.96,18.16,181.8,13.2
2024-10,MX,Chargeback,P12M,1,-71.88,-9.91,-61.97,25.0
2024-10,MX,Chargeback,P1M,2,-25.98,-3.58,-22.4,50.0
2024-10,MX,Chargeback,P3M,1,-29.97,-4.13,-25.84,25.0
2024-10,MX,New subscription,P12M,78,5606.64,773.3,4833.34,282.06
2024-10,MX,New subscription,P1M,89,1156.11,159.49,996.62,89.89
2024-10,MX,New subscription,P3M,37,1108.89,152.94,955.95,74.39
2024-10,MX,Reactivation,P12M,1,71.88,9.91,61.97,4.61
2024-10,MX,Reactivation,P1M,7,90.93,12.53,78.4,7.56
2024-10,MX,Reactivation,P3M,2,59.94,8.26,51.68,2.55
2024-10,MX,Refund - subscription,P12M,3,-215.64,-29.74,-185.9,0.0
2024-10,MX,Refund - subscription,P1M,5,-64.95,-8.95,-56.0,0.0
2024-10,MX,Refund - subscription,P3M,1,-29.97,-4.13,-25.84,0.0
2024-10,MX,Refund - token pack,TP275,1,-24.99,-3.45,-21.54,0.0
2024-10,MX,Renewal,P12M,6,431.28,59.46,371.82,24.13
2024-10,MX,Renewal,P1M,159,2065.41,284.9,1780.51,163.71
2024-10,MX,Renewal,P3M,22,659.34,90.91,568.43,41.24
2024-10,MX,Token pack,TP100,16,159.84,22.08,137.76,12.9
2024-10,MX,Token pack,TP1300,3,299.97,41.37,258.6,14.1
2024-10,MX,Token pack,TP275,7,174.93,24.15,150.78,11.17
2024-10,MX,Token pack,TP2800,3,599.97,82.75,517.22,36.9
2024-10,MX,Token pack,TP4500,3,899.97,124.14,775.83,54.9
2024-10,MX,Token pack,TP600,6,299.94,41.4,258.54,19.8
2024-10,NL,Chargeback,P12M,1,-79.86,-13.86,-66.0,25.0
2024-10,NL,Chargeback,P1M,3,-43.29,-7.5,-35.79,75.0
2024-10,NL,New subscription,P12M,38,2977.3,516.75,2460.51,156.17
2024-10,NL,New subscription,P1M,110,1557.54,270.25,1287.21,114.12
2024-10,NL,New subscription,P3M,28,914.69,158.76,755.99,56.82
2024-10,NL,Reactivation,P12M,5,391.75,68.0,323.75,19.82
2024-10,NL,Reactivation,P1M,8,113.28,19.67,93.6,9.04
2024-10,NL,Reactivation,P3M,3,98.01,17.01,81.0,4.79
2024-10,NL,Refund - subscription,P12M,3,-235.05,-40.8,-194.25,0.0
2024-10,NL,Refund - subscription,P1M,3,-42.48,-7.38,-35.1,0.0
2024-10,NL,Refund - subscription,P3M,1,-32.67,-5.67,-27.0,0.0
2024-10,NL,Refund - token pack,TP600,1,-54.49,-9.46,-45.03,0.0
2024-10,NL,Renewal,P12M,8,626.8,108.8,518.0,33.8
2024-10,NL,Renewal,P1M,199,2817.65,489.02,2328.66,210.84
2024-10,NL,Renewal,P3M,25,816.67,141.75,674.98,50.35
2024-10,NL,Token pack,TP100,23,250.47,43.47,207.0,19.48
2024-10,NL,Token pack,TP1300,5,544.95,94.6,450.35,31.7
2024-10,NL,Token pack,TP275,13,354.12,61.48,292.63,21.17
2024-10,NL,Token pack,TP2800,3,653.97,113.49,540.48,37.02
2024-10,NL,Token pack,TP4500,1,326.99,56.75,270.24,18.33
2024-10,NL,Token pack,TP600,7,381.43,66.22,315.21,18.39
2024-10,PL,Chargeback,P1M,3,-43.29,-8.1,-35.19,75.0
2024-10,PL,New subscription,P12M,47,3682.45,688.55,2993.86,187.65
2024-10,PL,New subscription,P1M,100,1415.97,264.78,1151.13,106.53
2024-10,PL,New subscription,P3M,27,882.03,164.96,717.12,54.68
2024-10,PL,Reactivation,P12M,3,235.05,43.95,191.1,13.98
2024-10,PL,Reactivation,P1M,4,56.64,10.6,46.04,3.6
2024-10,PL,Reactivation,P3M,3,98.01,18.33,79.68,6.45
2024-10,PL,Refund - subscription,P12M,2,-156.7,-29.3,-127.4,0.0
2024-10,PL,Refund - subscription,P1M,2,-28.32,-5.3,-23.02,0.0
2024-10,PL,Refund - token pack,TP100,1,-10.89,-2.04,-8.85,0.0
2024-10,PL,Refund - token pack,TP275,1,-27.24,-5.09,-22.15,0.0
2024-10,PL,Renewal,P12M,6,470.1,87.9,382.2,24.48
2024-10,PL,Renewal,P1M,141,1996.44,373.34,1623.1,145.42
2024-10,PL,Renewal,P3M,23,751.36,140.53,610.88,46.08
2024-10,PL,Token pack,TP100,21,228.69,42.8,185.88,17.57
2024-10,PL,Token pack,TP1300,6,653.94,122.28,531.66,38.05
2024-10,PL,Token pack,TP275,10,272.4,50.92,221.48,15.61
2024-10,PL,Token pack,TP2800,3,653.97,122.28,531.69,37.02
2024-10,PL,Token pack,TP4500,1,326.99,61.14,265.84,18.33
2024-10,PL,Token pack,TP600,6,326.94,61.14,265.8,17.57
2024-10,ROW,Chargeback,P12M,1,-71.88,-3.42,-68.46,25.0
2024-10,ROW,Chargeback,P1M,8,-103.92,-4.96,-98.96,200.0
2024-10,ROW,New subscription,P12M,181,13010.28,619.53,12390.75,704.13
2024-10,ROW,New subscription,P1M,366,4754.34,226.43,4527.91,359.67
2024-10,ROW,New subscription,P3M,119,3566.43,169.81,3396.62,218.35
2024-10,ROW,Reactivation,P12M,9,646.92,30.78,616.14,37.96
2024-10,ROW,Reactivation,P1M,25,324.75,15.49,309.26,25.22
2024-10,ROW,Reactivation,P3M,3,89.91,4.29,85.62,6.3
2024-10,ROW,Refund - subscription,P12M,4,-287.52,-13.68,-273.84,0.0
2024-10,ROW,Refund - subscription,P1M,20,-259.8,-12.39,-247.41,0.0
2024-10,ROW,Refund - subscription,P3M,1,-29.97,-1.43,-28.54,0.0
2024-10,ROW,Refund - token pack,TP100,1,-9.99,-0.48,-9.51,0.0
2024-10,ROW,Refund - token pack,TP600,1,-49.99,-2.38,-47.61,0.0
2024-10,ROW,Renewal,P12M,32,2300.16,109.5,2190.66,136.98
2024-10,ROW,Renewal,P1M,494,6417.06,305.59,6111.47,486.34
2024-10,ROW,Renewal,P3M,63,1888.11,89.88,1798.23,117.37
2024-10,ROW,Token pack,TP100,50,499.5,23.82,475.68,37.5
2024-10,ROW,Token pack,TP1300,6,599.94,28.56,571.38,18.6
2024-10,ROW,Token pack,TP275,28,699.72,33.32,666.4,40.4
2024-10,ROW,Token pack,TP2800,9,1799.91,85.68,1714.23,110.7
2024-10,ROW,Token pack,TP4500,3,899.97,42.87,857.1,41.1
2024-10,ROW,Token pack,TP600,10,499.9,23.8,476.1,33.0
2024-10,SE,Chargeback,P12M,1,-79.86,-15.97,-63.89,25.0
2024-10,SE,Chargeback,P1M,2,-28.86,-5.78,-23.1,50.0
2024-10,SE,Chargeback,P3M,1,-33.3,-6.66,-26.64,25.0
2024-10,SE,New subscription,P12M,25,1958.75,391.75,1567.0,113.01
2024-10,SE,New subscription,P1M,70,991.2,198.23,792.88,69.91
2024-10,SE,New subscription,P3M,31,1012.68,202.52,810.12,59.93
2024-10,SE,Reactivation,P12M,3,235.05,47.01,188.04,13.98
2024-10,SE,Reactivation,P1M,4,56.64,11.32,45.32,4.52
2024-10,SE,Reactivation,P3M,2,65.34,13.06,52.26,4.3
2024-10,SE,Refund - subscription,P12M,1,-78.35,-15.67,-62.68,0.0
2024-10,SE,Refund - subscription,P1M,2,-28.32,-5.66,-22.66,0.0
2024-10,SE,Refund - subscription,P3M,3,-98.01,-19.59,-78.39,0.0
2024-10,SE,Renewal,P12M,14,1096.9,219.38,877.52,61.76
2024-10,SE,Renewal,P1M,133,1883.19,376.65,1506.52,141.89
2024-10,SE,Renewal,P3M,16,522.69,104.51,418.11,31.06
2024-10,SE,Token pack,TP100,13,141.57,28.33,113.24,9.98
2024-10,SE,Token pack,TP1300,4,435.96,87.2,348.76,25.36
2024-10,SE,Token pack,TP275,15,408.6,81.74,326.85,23.42
2024-10,SE,Token pack,TP2800,1,217.99,43.6,174.39,12.34
2024-10,SE,Token pack,TP4500,1,326.99,65.4,261.59,4.9
2024-10,SE,Token pack,TP600,5,272.45,54.5,217.95,16.75
2024-10,US,Chargeback,P12M,6,-431.28,-24.42,-406.86,150.0
2024-10,US,Chargeback,P1M,39,-506.61,-28.74,-477.87,975.0
2024-10,US,Chargeback,P3M,8,-239.76,-13.6,-226.16,200.0
2024-10,US,New subscription,P12M,673,48375.24,2738.22,45637.02,2758.04
2024-10,US,New subscription,P1M,1645,21368.55,1209.54,20159.01,1666.85
2024-10,US,New subscription,P3M,505,15134.85,856.67,14278.18,968.91
2024-10,US,Reactivation,P12M,41,2947.08,166.87,2780.21,175.0
2024-10,US,Reactivation,P1M,103,1337.97,75.8,1262.17,105.9
2024-10,US,Reactivation,P3M,30,899.1,50.92,848.18,59.69
2024-10,US,Refund - subscription,P12M,30,-2156.4,-122.09,-2034.31,0.0
2024-10,US,Refund - subscription,P1M,73,-948.27,-53.73,-894.54,0.0
2024-10,US,Refund - subscription,P3M,12,-359.64,-20.37,-339.27,0.0
2024-10,US,Refund - token pack,TP100,5,-49.95,-2.84,-47.11,0.0
2024-10,US,Refund - token pack,TP275,2,-49.98,-2.82,-47.16,0.0
2024-10,US,Refund - token pack,TP2800,2,-399.98,-22.64,-377.34,0.0
2024-10,US,Renewal,P12M,123,8841.24,500.48,8340.76,510.82
2024-10,US,Renewal,P1M,2867,37242.33,2108.06,35134.27,2846.99
2024-10,US,Renewal,P3M,438,13126.86,743.05,12383.81,838.23
2024-10,US,Token pack,TP100,327,3266.73,184.91,3081.82,267.08
2024-10,US,Token pack,TP1300,72,7199.28,407.52,6791.76,410.4
2024-10,US,Token pack,TP275,180,4498.2,254.62,4243.58,296.86
2024-10,US,Token pack,TP2800,47,9399.53,532.04,8867.49,531.6
2024-10,US,Token pack,TP4500,23,6899.77,390.54,6509.23,393.3
2024-10,US,Token pack,TP600,103,5148.97,291.49,4857.48,314.4
2024-11,AU,Chargeback,P12M,1,-71.88,-6.53,-65.35,25.0
2024-11,AU,Chargeback,P1M,1,-12.99,-1.18,-11.81,25.0
2024-11,AU,Chargeback,P3M,1,-29.97,-2.72,-27.25,25.0
2024-11,AU,New subscription,P12M,90,6469.2,588.07,5881.13,369.19
2024-11,AU,New subscription,P1M,225,2922.75,265.7,2657.05,229.62
2024-11,AU,New subscription,P3M,66,1978.02,179.77,1798.25,126.94
2024-11,AU,Reactivation,P12M,4,287.52,26.12,261.4,18.44
2024-11,AU,Reactivation,P1M,21,272.79,24.78,248.01,22.68
2024-11,AU,Reactivation,P3M,8,239.76,21.76,218.0,16.8
2024-11,AU,Refund - subscription,P12M,7,-503.16,-45.73,-457.43,0.0
2024-11,AU,Refund - subscription,P1M,11,-142.89,-12.98,-129.91,0.0
2024-11,AU,Refund - subscription,P3M,3,-89.91,-8.17,-81.74,0.0
2024-11,AU,Refund - token pack,TP100,2,-19.98,-1.82,-18.16,0.0
2024-11,AU,Renewal,P12M,37,2659.56,241.74,2417.82,145.91
2024-11,AU,Renewal,P1M,313,4065.87,369.65,3696.22,311.35
2024-11,AU,Renewal,P3M,48,1438.56,130.73,1307.83,92.52
2024-11,AU,Token pack,TP100,63,629.37,57.27,572.1,48.45
2024-11,AU,Token pack,TP1300,12,1199.88,109.08,1090.8,70.8
2024-11,AU,Token pack,TP275,26,649.74,59.03,590.71,41.08
2024-11,AU,Token pack,TP2800,8,1599.92,145.44,1454.48,98.4
2024-11,AU,Token pack,TP4500,3,899.97,81.81,818.16,54.9
2024-11,AU,Token pack,TP600,17,849.83,77.21,772.62,45.9
2024-11,BR,Chargeback,P1M,3,-38.97,-1.86,-37.11,75.0
2024-11,BR,Chargeback,P3M,1,-29.97,-1.43,-28.54,25.0
2024-11,BR,New subscription,P12M,96,6900.48,328.58,6571.9,379.19
2024-11,BR,New subscription,P1M,149,1935.51,92.15,1843.36,144.92
2024-11,BR,New subscription,P3M,55,1648.35,78.49,1569.86,107.16
2024-11,BR,Reactivation,P12M,7,503.16,23.96,479.2,28.75
2024-11,BR,Reactivation,P1M,14,181.86,8.68,173.18,14.23
2024-11,BR,Reactivation,P3M,6,179.82,8.58,171.24,12.6
2024-11,BR,Refund - subscription,P12M,5,-359.4,-17.12,-342.28,0.0
2024-11,BR,Refund - subscription,P1M,2,-25.98,-1.24,-24.74,0.0
2024-11,BR,Refund - token pack,TP275,1,-24.99,-1.19,-23.8,0.0
2024-11,BR,Renewal,P12M,26,1868.88,88.97,1779.91,105.78
2024-11,BR,Renewal,P1M,184,2390.16,113.8,2276.36,180.97
2024-11,BR,Renewal,P3M,25,749.25,35.67,713.58,50.84
2024-11,BR,Token pack,TP100,17,169.83,8.13,161.7,12.3
2024-11,BR,Token pack,TP1300,3,299.97,14.28,285.69,14.1
2024-11,BR,Token pack,TP275,13,324.87,15.47,309.4,16.25
2024-11,BR,Token pack,TP4500,2,599.98,28.58,571.4,36.6
2024-11,BR,Token pack,TP600,10,499.9,23.8,476.1,25.35
2024-11,CA,Chargeback,P1M,7,-90.93,-10.43,-80.5,175.0
2024-11,CA,Chargeback,P3M,2,-59.94,-6.9,-53.04,50.0
2024-11,CA,New subscription,P12M,116,8338.08,959.31,7378.77,482.11
2024-11,CA,New subscription,P1M,232,3013.68,346.72,2666.96,237.16
2024-11,CA,New subscription,P3M,82,2457.54,282.74,2174.8,167.09
2024-11,CA,Reactivation,P12M,13,934.44,107.51,826.93,59.95
2024-11,CA,Reactivation,P1M,25,324.75,37.3,287.45,26.11
2024-11,CA,Reactivation,P3M,7,209.79,24.15,185.64,13.05
2024-11,CA,Refund - subscription,P12M,5,-359.4,-41.35,-318.05,0.0
2024-11,CA,Refund - subscription,P1M,6,-77.94,-8.94,-69.0,0.0
2024-11,CA,Refund - subscription,P3M,3,-89.91,-10.35,-79.56,0.0
2024-11,CA,Refund - token pack,TP100,1,-9.99,-1.15,-8.84,0.0
2024-11,CA,Renewal,P12M,27,1940.76,223.29,1717.47,121.02
2024-11,CA,Renewal,P1M,379,4923.21,566.37,4356.84,384.32
2024-11,CA,Renewal,P3M,53,1588.41,182.77,1405.64,98.03
2024-11,CA,Token pack,TP100,72,719.28,82.8,636.48,59.55
2024-11,CA,Token pack,TP1300,15,1499.85,172.53,1327.32,94.5
2024-11,CA,Token pack,TP275,33,824.67,94.81,729.86,57.97
2024-11,CA,Token pack,TP2800,9,1799.91,207.09,1592.82,101.4
2024-11,CA,Token pack,TP4500,3,899.97,103.53,796.44,54.9
2024-11,CA,Token pack,TP600,23,1149.77,132.25,1017.52,73.35
2024-11,CH,Chargeback,P1M,1,-14.16,-1.06,-13.1,25.0
2024-11,CH,Chargeback,P3M,1,-32.67,-2.45,-30.22,25.0
2024-11,CH,New subscription,P12M,41,3132.78,234.78,2898.0,162.78
2024-11,CH,New subscription,P1M,63,869.97,65.13,804.72,64.52
2024-11,CH,New subscription,P3M,29,923.93,69.22,854.63,56.05
2024-11,CH,Reactivation,P12M,5,382.05,28.65,353.4,22.75
2024-11,CH,Reactivation,P1M,6,82.86,6.18,76.62,6.66
2024-11,CH,Reactivation,P3M,3,95.58,7.17,88.41,4.68
2024-11,CH,Refund - subscription,P12M,1,-76.41,-5.73,-70.68,0.0
2024-11,CH,Refund - subscription,P1M,4,-55.24,-4.13,-51.09,0.0
2024-11,CH,Renewal,P12M,8,611.28,45.82,565.46,29.6
2024-11,CH,Renewal,P1M,113,1560.38,116.9,1443.42,117.29
2024-11,CH,Renewal,P3M,21,669.04,50.14,618.87,42.49
2024-11,CH,Token pack,TP100,19,201.78,15.14,186.64,15.41
2024-11,CH,Token pack,TP1300,4,425.16,31.84,393.32,24.8
2024-11,CH,Token pack,TP275,7,185.93,13.93,172.0,9.85
2024-11,CH,Token pack,TP2800,7,1488.13,111.51,1376.62,84.28
2024-11,CH,Token pack,TP4500,2,637.78,47.78,589.98,35.78
2024-11,CH,Token pack,TP600,9,478.26,35.82,442.44,29.44
2024-11,DE,Chargeback,P12M,1,-78.35,-12.51,-65.84,25.0
2024-11,DE,Chargeback,P1M,7,-99.12,-15.82,-83.3,175.0
2024-11,DE,Chargeback,P3M,2,-65.34,-10.44,-54.9,50.0
2024-11,DE,New subscription,P12M,204,15587.37,2488.79,13098.62,863.98
2024-11,DE,New subscription,P1M,407,5620.0,897.34,4722.69,425.35
2024-11,DE,New subscription,P3M,119,3791.09,605.31,3185.77,229.03
2024-11,DE,Reactivation,P12M,12,916.92,146.4,770.52,51.2
2024-11,DE,Reactivation,P1M,50,690.46,110.16,580.15,53.7
2024-11,DE,Reactivation,P3M,18,573.47,91.6,481.87,37.81
2024-11,DE,Refund - subscription,P12M,7,-534.87,-85.4,-449.47,0.0
2024-11,DE,Refund - subscription,P1M,21,-289.99,-46.27,-243.65,0.0
2024-11,DE,Refund - subscription,P3M,2,-63.72,-10.18,-53.54,0.0
2024-11,DE,Refund - token pack,TP100,1,-10.62,-1.7,-8.92,0.0
2024-11,DE,Refund - token pack,TP275,1,-26.56,-4.24,-22.32,0.0
2024-11,DE,Refund - token pack,TP600,1,-53.14,-8.48,-44.65,0.0
2024-11,DE,Renewal,P12M,58,4431.77,707.6,3724.17,229.97
2024-11,DE,Renewal,P1M,654,9030.67,1441.84,7588.82,675.06
2024-11,DE,Renewal,P3M,84,2676.06,427.29,2248.76,161.95
2024-11,DE,Token pack,TP100,114,1210.65,193.33,1017.32,96.41
2024-11,DE,Token pack,TP1300,28,2976.12,475.16,2500.96,155.13
2024-11,DE,Token pack,TP275,72,1912.6,305.33,1607.27,119.06
2024-11,DE,Token pack,TP2800,10,2125.9,339.41,1786.49,111.55
2024-11,DE,Token pack,TP4500,12,3826.68,611.03,3215.65,201.57
2024-11,DE,Token pack,TP600,35,1859.9,296.91,1562.86,109.58
2024-11,ES,Chargeback,P1M,4,-56.64,-9.84,-46.8,100.0
2024-11,ES,New subscription,P12M,76,5807.08,1007.79,4799.17,298.26
2024-11,ES,New subscription,P1M,174,2402.65,417.0,1985.69,180.42
2024-11,ES,New subscription,P3M,48,1529.2,265.44,1263.84,91.13
2024-11,ES,Reactivation,P12M,6,458.46,79.56,378.89,27.3
2024-11,ES,Reactivation,P1M,19,262.39,45.56,216.81,21.09
2024-11,ES,Reactivation,P3M,5,159.3,27.65,131.65,8.88
2024-11,ES,Refund - subscription,P12M,7,-534.86,-92.82,-442.04,0.0
2024-11,ES,Refund - subscription,P1M,4,-55.24,-9.6,-45.64,0.0
2024-11,ES,Refund - token pack,TP100,3,-31.86,-5.52,-26.34,0.0
2024-11,ES,Refund - token pack,TP275,1,-26.56,-4.61,-21.95,0.0
2024-11,ES,Renewal,P12M,29,2215.89,384.54,1831.26,125.16
2024-11,ES,Renewal,P1M,224,3093.09,536.85,2556.27,234.11
2024-11,ES,Renewal,P3M,29,923.92,160.37,763.57,57.67
2024-11,ES,Token pack,TP100,36,382.32,66.35,315.97,30.49
2024-11,ES,Token pack,TP1300,7,744.03,129.13,614.88,38.78
2024-11,ES,Token pack,TP275,15,398.42,69.15,329.27,21.51
2024-11,ES,Token pack,TP2800,6,1275.54,221.4,1054.14,72.24
2024-11,ES,Token pack,TP4500,2,637.78,110.68,527.08,35.78
2024-11,ES,Token pack,TP600,6,318.84,55.32,263.52,19.62
2024-11,FR,Chargeback,P12M,1,-78.35,-13.06,-65.29,25.0
2024-11,FR,Chargeback,P1M,4,-56.64,-9.44,-47.2,100.0
2024-11,FR,Chargeback,P3M,1,-32.67,-5.44,-27.22,25.0
2024-11,FR,New subscription,P12M,109,8328.54,1388.03,6940.39,431.48
2024-11,FR,New subscription,P1M,231,3189.73,531.63,2658.1,236.45
2024-11,FR,New subscription,P3M,71,2261.91,377.01,1884.98,142.76
2024-11,FR,Reactivation,P12M,8,611.28,101.85,509.37,29.6
2024-11,FR,Reactivation,P1M,23,317.63,52.9,264.67,22.83
2024-11,FR,Reactivation,P3M,6,191.16,31.86,159.3,12.6
2024-11,FR,Refund - subscription,P12M,3,-229.23,-38.2,-191.02,0.0
2024-11,FR,Refund - subscription,P1M,12,-165.72,-27.6,-138.1,0.0
2024-11,FR,Refund - subscription,P3M,1,-31.86,-5.31,-26.55,0.0
2024-11,FR,Refund - token pack,TP2800,1,-212.59,-35.43,-177.16,0.0
2024-11,FR,Refund - token pack,TP600,1,-53.14,-8.86,-44.28,0.0
2024-11,FR,Renewal,P12M,39,2979.96,496.59,2483.22,163.87
2024-11,FR,Renewal,P1M,362,4998.62,833.1,4165.53,372.75
2024-11,FR,Renewal,P3M,54,1720.39,286.74,1433.67,108.57
2024-11,FR,Token pack,TP100,74,785.87,130.98,654.9,61.37
2024-11,FR,Token pack,TP1300,12,1275.48,212.54,1062.86,74.38
2024-11,FR,Token pack,TP275,21,557.8,92.99,464.9,35.19
2024-11,FR,Token pack,TP2800,10,2125.9,354.3,1771.6,120.4
2024-11,FR,Token pack,TP4500,4,1275.56,212.6,1062.96,71.56
2024-11,FR,Token pack,TP600,20,1062.8,177.17,885.63,65.43
2024-11,GB,Chargeback,P12M,1,-93.8,-15.63,-78.17,25.0
2024-11,GB,Chargeback,P1M,13,-220.35,-36.78,-183.68,325.0
2024-11,GB,Chargeback,P3M,2,-78.22,-13.04,-65.18,50.0
2024-11,GB,New subscription,P12M,193,17687.86,2947.97,14739.9,931.92
2024-11,GB,New subscription,P1M,433,7171.45,1195.24,5976.21,516.65
2024-11,GB,New subscription,P3M,135,5158.6,859.74,4298.84,306.53
2024-11,GB,Reactivation,P12M,28,2566.12,427.65,2138.37,134.86
2024-11,GB,Reactivation,P1M,57,944.04,157.32,786.72,68.79
2024-11,GB,Reactivation,P3M,9,343.9,57.33,286.57,22.05
2024-11,GB,Refund - subscription,P12M,7,-641.53,-106.92,-534.6,0.0
2024-11,GB,Refund - subscription,P1M,30,-496.85,-82.8,-414.05,0.0
2024-11,GB,Refund - subscription,P3M,1,-38.21,-6.37,-31.84,0.0
2024-11,GB,Refund - token pack,TP100,1,-12.74,-2.12,-10.61,0.0
2024-11,GB,Refund - token pack,TP275,3,-95.58,-15.93,-79.65,0.0
2024-11,GB,Renewal,P12M,53,4857.25,809.53,4047.67,269.63
2024-11,GB,Renewal,P1M,657,10881.37,1813.62,9067.84,774.79
2024-11,GB,Renewal,P3M,96,3668.37,611.4,3056.96,220.3
2024-11,GB,Token pack,TP100,152,1936.07,322.67,1613.39,145.01
2024-11,GB,Token pack,TP1300,25,3187.17,531.21,2656.0,151.34
2024-11,GB,Token pack,TP275,76,2421.49,403.56,2017.93,145.12
2024-11,GB,Token pack,TP2800,18,4589.8,764.99,3824.82,227.03
2024-11,GB,Token pack,TP4500,10,3824.88,637.5,3187.4,182.58
2024-11,GB,Token pack,TP600,35,2230.81,371.79,1858.94,120.51
2024-11,IN,Chargeback,P1M,1,-12.99,-1.98,-11.01,25.0
2024-11,IN,New subscription,P12M,68,4887.84,745.55,4142.29,267.72
2024-11,IN,New subscription,P1M,115,1493.85,227.87,1265.98,113.52
2024-11,IN,New subscription,P3M,38,1138.86,173.68,965.18,66.59
2024-11,IN,Reactivation,P12M,7,503.16,76.72,426.44,28.74
2024-11,IN,Reactivation,P1M,9,116.91,17.82,99.09,8.83
2024-11,IN,Reactivation,P3M,6,179.82,27.42,152.4,12.6
2024-11,IN,Refund - subscription,P12M,2,-143.76,-21.92,-121.84,0.0
2024-11,IN,Refund - subscription,P1M,3,-38.97,-5.94,-33.03,0.0
2024-11,IN,Refund - subscription,P3M,2,-59.94,-9.14,-50.8,0.0
2024-11,IN,Renewal,P12M,11,790.68,120.58,670.1,40.14
2024-11,IN,Renewal,P1M,131,1701.69,259.56,1442.13,131.7
2024-11,IN,Renewal,P3M,22,659.34,100.55,558.79,39.59
2024-11,IN,Token pack,TP100,14,139.86,21.31,118.55,11.1
2024-11,IN,Token pack,TP1300,2,199.98,30.5,169.48,7.8
2024-11,IN,Token pack,TP275,8,199.92,30.48,169.44,12.97
2024-11,IN,Token pack,TP2800,2,399.98,61.02,338.96,24.6
2024-11,IN,Token pack,TP4500,1,299.99,45.76,254.23,18.3
2024-11,IN,Token pack,TP600,3,149.97,22.89,127.08,7.35
2024-11,IT,Chargeback,P1M,5,-70.8,-12.75,-58.05,125.0
2024-11,IT,Chargeback,P3M,1,-32.67,-5.89,-26.78,25.0
2024-11,IT,New subscription,P12M,75,5730.68,1033.43,4697.25,310.73
2024-11,IT,New subscription,P1M,155,2140.31,385.95,1754.36,163.89
2024-11,IT,New subscription,P3M,43,1369.94,246.96,1122.87,83.85
2024-11,IT,Reactivation,P12M,8,611.28,110.24,501.04,26.2
2024-11,IT,Reactivation,P1M,17,234.77,42.33,192.44,18.87
2024-11,IT,Reactivation,P3M,10,318.6,57.41,261.11,19.38
2024-11,IT,Refund - subscription,P12M,4,-305.64,-55.12,-250.52,0.0
2024-11,IT,Refund - subscription,P1M,8,-110.48,-19.92,-90.56,0.0
2024-11,IT,Refund - subscription,P3M,1,-31.86,-5.74,-26.11,0.0
2024-11,IT,Refund - token pack,TP100,1,-10.62,-1.91,-8.7,0.0
2024-11,IT,Refund - token pack,TP275,1,-26.56,-4.79,-21.77,0.0
2024-11,IT,Refund - token pack,TP2800,1,-212.59,-38.34,-174.25,0.0
2024-11,IT,Renewal,P12M,16,1222.56,220.48,1002.08,66.01
2024-11,IT,Renewal,P1M,242,3341.65,602.58,2739.07,249.54
2024-11,IT,Renewal,P3M,44,1401.8,252.72,1148.99,87.57
2024-11,IT,Token pack,TP100,47,499.14,89.9,409.03,39.2
2024-11,IT,Token pack,TP1300,10,1062.9,191.69,871.21,48.17
2024-11,IT,Token pack,TP275,11,292.17,52.69,239.48,18.5
2024-11,IT,Token pack,TP2800,4,850.36,153.36,697.0,48.16
2024-11,IT,Token pack,TP4500,5,1594.45,287.5,1306.9,63.23
2024-11,IT,Token pack,TP600,11,584.54,105.38,479.16,33.5
2024-11,JP,Chargeback,P1M,1,-12.99,-1.18,-11.81,25.0
2024-11,JP,New subscription,P12M,45,3234.6,294.02,2940.58,186.37
2024-11,JP,New subscription,P1M,82,1065.18,96.79,968.39,83.22
2024-11,JP,New subscription,P3M,35,1048.95,95.28,953.67,65.23
2024-11,JP,Reactivation,P12M,7,503.16,45.71,457.45,25.21
2024-11,JP,Reactivation,P1M,8,103.92,9.44,94.48,8.64
2024-11,JP,Reactivation,P3M,1,29.97,2.72,27.25,2.1
2024-11,JP,Refund - subscription,P1M,3,-38.97,-3.54,-35.43,0.0
2024-11,JP,Refund - subscription,P3M,1,-29.97,-2.72,-27.25,0.0
2024-11,JP,Refund - token pack,TP100,1,-9.99,-0.91,-9.08,0.0
2024-11,JP,Refund - token pack,TP275,1,-24.99,-2.27,-22.72,0.0
2024-11,JP,Renewal,P12M,12,862.56,78.38,784.18,48.28
2024-11,JP,Renewal,P1M,119,1545.81,140.47,1405.34,121.42
2024-11,JP,Renewal,P3M,12,359.64,32.65,326.99,23.55
2024-11,JP,Token pack,TP100,24,239.76,21.84,217.92,17.85
2024-11,JP,Token pack,TP1300,5,499.95,45.45,454.5,31.5
2024-11,JP,Token pack,TP275,13,324.87,29.51,295.36,20.54
2024-11,JP,Token pack,TP2800,5,999.95,90.9,909.05,52.2
2024-11,JP,Token pack,TP4500,1,299.99,27.27,272.72,18.3
2024-11,JP,Token pack,TP600,9,449.91,40.87,409.04,24.6
2024-11,MX,Chargeback,P1M,2,-25.98,-3.58,-22.4,50.0
2024-11,MX,New subscription,P12M,74,5319.12,733.65,4585.47,313.07
2024-11,MX,New subscription,P1M,131,1701.69,234.72,1466.97,132.59
2024-11,MX,New subscription,P3M,46,1378.62,190.14,1188.48,88.3
2024-11,MX,Reactivation,P12M,8,575.04,79.3,495.74,33.36
2024-11,MX,Reactivation,P1M,9,116.91,16.12,100.79,9.72
2024-11,MX,Reactivation,P3M,3,89.91,12.39,77.52,6.3
2024-11,MX,Refund - subscription,P12M,5,-359.4,-49.56,-309.84,0.0
2024-11,MX,Refund - subscription,P1M,5,-64.95,-8.95,-56.0,0.0
2024-11,MX,Refund - subscription,P3M,3,-89.91,-12.39,-77.52,0.0
2024-11,MX,Renewal,P12M,14,1006.32,138.77,867.55,61.04
2024-11,MX,Renewal,P1M,147,1909.53,263.4,1646.13,147.2
2024-11,MX,Renewal,P3M,28,839.16,115.72,723.44,53.83
2024-11,MX,Token pack,TP100,16,159.84,22.08,137.76,14.4
2024-11,MX,Token pack,TP1300,11,1099.89,151.69,948.2,59.7
2024-11,MX,Token pack,TP275,7,174.93,24.15,150.78,9.74
2024-11,MX,Token pack,TP2800,3,599.97,82.74,517.23,36.9
2024-11,MX,Token pack,TP4500,1,299.99,41.38,258.61,18.3
2024-11,MX,Token pack,TP600,6,299.94,41.4,258.54,19.8
2024-11,NL,Chargeback,P12M,2,-156.7,-27.2,-129.5,50.0
2024-11,NL,Chargeback,P1M,4,-56.64,-9.84,-46.8,100.0
2024-11,NL,Chargeback,P3M,1,-32.67,-5.67,-27.0,25.0
2024-11,NL,New subscription,P12M,57,4355.32,755.82,3599.4,239.03
2024-11,NL,New subscription,P1M,128,1767.46,306.76,1460.75,130.32
2024-11,NL,New subscription,P3M,42,1338.08,232.26,1105.86,81.76
2024-11,NL,Reactivation,P12M,5,382.05,66.3,315.75,19.35
2024-11,NL,Reactivation,P1M,24,331.44,57.54,273.84,25.74
2024-11,NL,Reactivation,P3M,7,223.02,38.71,184.31,14.7
2024-11,NL,Refund - subscription,P12M,1,-76.41,-13.26,-63.15,0.0
2024-11,NL,Refund - subscription,P1M,2,-27.62,-4.8,-22.82,0.0
2024-11,NL,Refund - token pack,TP100,1,-10.62,-1.84,-8.78,0.0
2024-11,NL,Renewal,P12M,21,1604.61,278.46,1326.1,78.55
2024-11,NL,Renewal,P1M,200,2761.69,479.3,2282.39,204.75
2024-11,NL,Renewal,P3M,33,1051.33,182.49,868.89,66.1
2024-11,NL,Token pack,TP100,27,286.74,49.73,237.01,24.4
2024-11,NL,Token pack,TP1300,5,531.45,92.24,439.2,30.99
2024-11,NL,Token pack,TP275,16,424.99,73.76,351.23,27.55
2024-11,NL,Token pack,TP2800,3,637.77,110.7,527.07,27.27
2024-11,NL,Token pack,TP600,11,584.54,101.42,483.12,35.97
2024-11,PL,Chargeback,P1M,3,-42.48,-7.95,-34.53,75.0
2024-11,PL,New subscription,P12M,42,3209.2,600.15,2609.04,160.52
2024-11,PL,New subscription,P1M,118,1629.41,304.67,1324.73,122.83
2024-11,PL,New subscription,P3M,36,1146.92,214.47,932.4,72.4
2024-11,PL,Reactivation,P12M,7,534.87,100.03,434.84,28.45
2024-11,PL,Reactivation,P1M,12,165.72,30.96,134.73,13.32
2024-11,PL,Reactivation,P3M,3,95.58,17.88,77.7,4.68
2024-11,PL,Refund - subscription,P12M,2,-152.82,-28.58,-124.24,0.0
2024-11,PL,Refund - subscription,P1M,4,-55.24,-10.32,-44.92,0.0
2024-11,PL,Refund - token pack,TP100,1,-10.62,-1.99,-8.63,0.0
2024-11,PL,Refund - token pack,TP4500,1,-318.89,-59.63,-259.26,0.0
2024-11,PL,Renewal,P12M,12,916.92,171.48,745.44,51.2
2024-11,PL,Renewal,P1M,150,2071.23,387.27,1683.94,154.71
2024-11,PL,Renewal,P3M,17,541.62,101.28,440.3,34.08
2024-11,PL,Token pack,TP100,27,286.74,53.66,233.08,22.08
2024-11,PL,Token pack,TP1300,1,106.29,19.88,86.41,6.2
2024-11,PL,Token pack,TP275,17,451.56,84.45,367.16,29.36
2024-11,PL,Token pack,TP2800,4,850.36,159.0,691.36,48.16
2024-11,PL,Token pack,TP4500,3,956.67,178.89,777.78,27.45
2024-11,PL,Token pack,TP600,9,478.26,89.44,388.82,26.98
2024-11,ROW,Chargeback,P12M,1,-71.88,-3.42,-68.46,25.0
2024-11,ROW,Chargeback,P1M,6,-77.94,-3.72,-74.22,150.0
2024-11,ROW,New subscription,P12M,278,19982.64,951.55,19031.09,1102.08
2024-11,ROW,New subscription,P1M,437,5676.63,270.34,5406.29,431.89
2024-11,ROW,New subscription,P3M,143,4285.71,204.08,4081.63,258.83
2024-11,ROW,Reactivation,P12M,26,1868.88,88.99,1779.89,109.32
2024-11,ROW,Reactivation,P1M,44,571.56,27.26,544.3,45.74
2024-11,ROW,Reactivation,P3M,18,539.46,25.73,513.73,36.15
2024-11,ROW,Refund - subscription,P12M,7,-503.16,-23.95,-479.21,0.0
2024-11,ROW,Refund - subscription,P1M,23,-298.77,-14.25,-284.52,0.0
2024-11,ROW,Refund - subscription,P3M,2,-59.94,-2.86,-57.08,0.0
2024-11,ROW,Refund - token pack,TP1300,1,-99.99,-4.76,-95.23,0.0
2024-11,ROW,Renewal,P12M,47,3378.36,160.86,3217.5,188.5
2024-11,ROW,Renewal,P1M,544,7066.56,336.51,6730.05,525.28
2024-11,ROW,Renewal,P3M,107,3206.79,152.71,3054.08,198.1
2024-11,ROW,Token pack,TP100,61,609.39,29.05,580.34,46.65
2024-11,ROW,Token pack,TP1300,9,899.91,42.84,857.07,51.9
2024-11,ROW,Token pack,TP275,39,974.61,46.41,928.2,61.63
2024-11,ROW,Token pack,TP2800,6,1199.94,57.13,1142.81,55.2
2024-11,ROW,Token pack,TP4500,5,1499.95,71.44,1428.51,77.7
2024-11,ROW,Token pack,TP600,20,999.8,47.6,952.2,55.8
2024-11,SE,Chargeback,P1M,2,-28.32,-5.66,-22.66,50.0
2024-11,SE,New subscription,P12M,42,3209.2,641.81,2567.37,167.32
2024-11,SE,New subscription,P1M,59,814.75,162.94,651.76,60.97
2024-11,SE,New subscription,P3M,26,828.33,165.63,662.69,51.39
2024-11,SE,Reactivation,P12M,8,611.28,122.24,489.03,36.4
2024-11,SE,Reactivation,P1M,7,96.67,19.32,77.34,6.87
2024-11,SE,Reactivation,P3M,2,63.72,12.74,50.98,4.2
2024-11,SE,Refund - subscription,P12M,1,-76.41,-15.28,-61.13,0.0
2024-11,SE,Refund - subscription,P1M,1,-13.81,-2.76,-11.05,0.0
2024-11,SE,Refund - token pack,TP275,1,-26.56,-5.31,-21.25,0.0
2024-11,SE,Renewal,P12M,11,840.51,168.08,672.42,43.25
2024-11,SE,Renewal,P1M,142,1960.79,392.18,1568.63,144.92
2024-11,SE,Renewal,P3M,17,541.62,108.29,433.31,30.84
2024-11,SE,Token pack,TP100,21,223.02,44.56,178.46,18.8
2024-11,SE,Token pack,TP1300,8,850.32,170.08,680.24,40.38
2024-11,SE,Token pack,TP275,22,584.35,116.85,467.5,37.0
2024-11,SE,Token pack,TP2800,1,212.59,42.52,170.07,3.19
2024-11,SE,Token pack,TP4500,3,956.67,191.34,765.33,40.56
2024-11,SE,Token pack,TP600,1,53.14,10.63,42.51,3.27
2024-11,US,Chargeback,P12M,9,-646.92,-36.63,-610.29,225.0
2024-11,US,Chargeback,P1M,37,-480.63,-27.27,-453.36,925.0
2024-11,US,Chargeback,P3M,10,-299.7,-16.98,-282.72,250.0
2024-11,US,New subscription,P12M,860,61816.8,3499.04,58317.76,3560.51
2024-11,US,New subscription,P1M,1941,25213.59,1427.2,23786.39,1948.29
2024-11,US,New subscription,P3M,615,18431.55,1043.29,17388.26,1199.75
2024-11,US,Reactivation,P12M,83,5966.04,337.73,5628.31,368.75
2024-11,US,Reactivation,P1M,180,2338.2,132.35,2205.85,183.72
2024-11,US,Reactivation,P3M,73,2187.81,123.84,2063.97,148.25
2024-11,US,Refund - subscription,P12M,29,-2084.52,-118.01,-1966.51,0.0
2024-11,US,Refund - subscription,P1M,83,-1078.17,-61.09,-1017.08,0.0
2024-11,US,Refund - subscription,P3M,17,-509.49,-28.86,-480.63,0.0
2024-11,US,Refund - token pack,TP100,6,-59.94,-3.42,-56.52,0.0
2024-11,US,Refund - token pack,TP1300,2,-199.98,-11.32,-188.66,0.0
2024-11,US,Refund - token pack,TP275,5,-124.95,-7.07,-117.88,0.0
2024-11,US,Refund - token pack,TP600,1,-49.99,-2.83,-47.16,0.0
2024-11,US,Renewal,P12M,280,20126.4,1139.24,18987.16,1178.47
2024-11,US,Renewal,P1M,2989,38827.11,2197.74,36629.37,2979.55
2024-11,US,Renewal,P3M,415,12437.55,703.99,11733.56,809.76
2024-11,US,Token pack,TP100,571,5704.29,322.88,5381.41,464.07
2024-11,US,Token pack,TP1300,127,12698.73,718.82,11979.91,728.08
2024-11,US,Token pack,TP275,325,8121.75,459.72,7662.03,526.37
2024-11,US,Token pack,TP2800,70,13999.3,792.4,13206.9,777.3
2024-11,US,Token pack,TP4500,42,12599.58,713.16,11886.42,727.2
2024-11,US,Token pack,TP600,181,9048.19,512.23,8535.96,548.82
2024-12,AU,Chargeback,P12M,3,-215.64,-19.59,-196.05,75.0
2024-12,AU,Chargeback,P1M,2,-25.98,-2.36,-23.62,50.0
2024-12,AU,Chargeback,P3M,1,-29.97,-2.72,-27.25,25.0
2024-12,AU,New subscription,P12M,91,6541.08,594.61,5946.47,373.8
2024-12,AU,New subscription,P1M,203,2636.97,239.72,2397.25,202.33
2024-12,AU,New subscription,P3M,63,1888.11,171.62,1716.49,120.66
2024-12,AU,Reactivation,P12M,2,143.76,13.06,130.7,5.69
2024-12,AU,Reactivation,P1M,16,207.84,18.88,188.96,16.39
2024-12,AU,Reactivation,P3M,2,59.94,5.44,54.5,4.2
2024-12,AU,Refund - subscription,P12M,4,-287.52,-26.13,-261.39,0.0
2024-12,AU,Refund - subscription,P1M,12,-155.88,-14.16,-141.72,0.0
2024-12,AU,Refund - subscription,P3M,2,-59.94,-5.44,-54.5,0.0
2024-12,AU,Refund - token pack,TP100,1,-9.99,-0.91,-9.08,0.0
2024-12,AU,Renewal,P12M,22,1581.36,143.71,1437.65,90.86
2024-12,AU,Renewal,P1M,357,4637.43,421.57,4215.86,353.5
2024-12,AU,Renewal,P3M,49,1468.53,133.45,1335.08,99.55
2024-12,AU,Token pack,TP100,47,469.53,42.71,426.82,37.8
2024-12,AU,Token pack,TP1300,18,1799.82,163.62,1636.2,108.6
2024-12,AU,Token pack,TP275,24,599.76,54.5,545.26,43.2
2024-12,AU,Token pack,TP2800,9,1799.91,163.62,1636.29,110.7
2024-12,AU,Token pack,TP4500,2,599.98,54.54,545.44,36.6
2024-12,AU,Token pack,TP600,21,1049.79,95.37,954.42,66.75
2024-12,BR,Chargeback,P12M,1,-71.88,-3.42,-68.46,25.0
2024-12,BR,Chargeback,P1M,4,-51.96,-2.48,-49.48,100.0
2024-12,BR,Chargeback,P3M,1,-29.97,-1.43,-28.54,25.0
2024-12,BR,New subscription,P12M,98,7044.24,335.48,6708.76,391.99
2024-12,BR,New subscription,P1M,145,1883.55,89.71,1793.84,145.03
2024-12,BR,New subscription,P3M,62,1858.14,88.5,1769.64,116.92
2024-12,BR,Reactivation,P12M,8,575.04,27.37,547.67,36.89
2024-12,BR,Reactivation,P1M,12,155.88,7.44,148.44,11.18
2024-12,BR,Reactivation,P3M,1,29.97,1.43,28.54,2.1
2024-12,BR,Refund - subscription,P12M,3,-215.64,-10.26,-205.38,0.0
2024-12,BR,Refund - subscription,P1M,8,-103.92,-4.96,-98.96,0.0
2024-12,BR,Refund - subscription,P3M,1,-29.97,-1.43,-28.54,0.0
2024-12,BR,Refund - token pack,TP2800,1,-199.99,-9.52,-190.47,0.0
2024-12,BR,Renewal,P12M,16,1150.08,54.75,1095.33,66.73
2024-12,BR,Renewal,P1M,221,2870.79,136.67,2734.12,218.22
2024-12,BR,Renewal,P3M,26,779.22,37.1,742.12,41.39
2024-12,BR,Token pack,TP100,30,299.7,14.31,285.39,22.5
2024-12,BR,Token pack,TP1300,5,499.95,23.8,476.15,31.5
2024-12,BR,Token pack,TP275,14,349.86,16.66,333.2,20.91
2024-12,BR,Token pack,TP2800,3,599.97,28.56,571.41,27.6
2024-12,BR,Token pack,TP4500,4,1199.96,57.16,1142.8,59.4
2024-12,BR,Token pack,TP600,10,499.9,23.8,476.1,33.0
2024-12,CA,Chargeback,P1M,6,-77.94,-8.95,-68.99,150.0
2024-12,CA,New subscription,P12M,105,7547.4,868.35,6679.05,431.34
2024-12,CA,New subscription,P1M,255,3312.45,381.13,2931.32,252.26
2024-12,CA,New subscription,P3M,74,2217.78,255.18,1962.6,147.03
2024-12,CA,Reactivation,P12M,12,862.56,99.24,763.32,48.26
2024-12,CA,Reactivation,P1M,19,246.81,28.35,218.46,20.52
2024-12,CA,Reactivation,P3M,4,119.88,13.8,106.08,6.75
2024-12,CA,Refund - subscription,P12M,4,-287.52,-33.08,-254.44,0.0
2024-12,CA,Refund - subscription,P1M,8,-103.92,-11.95,-91.97,0.0
2024-12,CA,Refund - subscription,P3M,1,-29.97,-3.45,-26.52,0.0
2024-12,CA,Refund - token pack,TP100,2,-19.98,-2.3,-17.68,0.0
2024-12,CA,Renewal,P12M,21,1509.48,173.67,1335.81,89.79
2024-12,CA,Renewal,P1M,404,5247.96,603.74,4644.22,410.43
2024-12,CA,Renewal,P3M,48,1438.56,165.51,1273.05,87.55
2024-12,CA,Token pack,TP100,73,729.27,83.94,645.33,61.94
2024-12,CA,Token pack,TP1300,13,1299.87,149.51,1150.36,81.9
2024-12,CA,Token pack,TP275,33,824.67,94.79,729.88,50.83
2024-12,CA,Token pack,TP2800,8,1599.92,184.08,1415.84,98.4
2024-12,CA,Token pack,TP4500,5,1499.95,172.55,1327.4,77.7
2024-12,CA,Token pack,TP600,20,999.8,115.0,884.8,55.8
2024-12,CH,Chargeback,P1M,4,-55.24,-4.12,-51.08,100.0
2024-12,CH,New subscription,P12M,46,3465.18,259.59,3205.59,183.13
2024-12,CH,New subscription,P1M,74,1007.39,75.48,931.91,77.72
2024-12,CH,New subscription,P3M,24,753.84,56.45,697.39,49.87
2024-12,CH,Reactivation,P12M,4,301.32,22.56,278.76,14.6
2024-12,CH,Reactivation,P1M,5,68.05,5.1,62.95,5.5
2024-12,CH,Reactivation,P3M,3,94.23,7.05,87.18,6.24
2024-12,CH,Refund - subscription,P12M,3,-225.99,-16.92,-209.07,0.0
2024-12,CH,Refund - subscription,P1M,7,-95.27,-7.14,-88.13,0.0
2024-12,CH,Refund - subscription,P3M,1,-31.41,-2.35,-29.06,0.0
2024-12,CH,Renewal,P12M,7,527.31,39.48,487.83,24.71
2024-12,CH,Renewal,P1M,120,1633.6,122.4,1511.2,121.12
2024-12,CH,Renewal,P3M,15,471.15,35.28,435.87,29.57
2024-12,CH,Token pack,TP100,29,303.63,22.69,280.94,26.13
2024-12,CH,Token pack,TP1300,7,733.53,54.95,678.58,29.16
2024-12,CH,Token pack,TP275,19,497.61,37.24,460.34,32.61
2024-12,CH,Token pack,TP2800,2,419.18,31.4,387.76,23.76
2024-12,CH,Token pack,TP4500,2,628.78,47.12,581.66,35.28
2024-12,CH,Token pack,TP600,7,366.73,27.51,339.22,22.61
2024-12,DE,Chargeback,P12M,3,-229.23,-36.6,-192.63,75.0
2024-12,DE,Chargeback,P1M,13,-179.53,-28.62,-150.82,325.0
2024-12,DE,Chargeback,P3M,3,-95.58,-15.27,-80.31,75.0
2024-12,DE,New subscription,P12M,189,14237.37,2273.24,11964.24,781.97
2024-12,DE,New subscription,P1M,431,5867.43,936.81,4930.64,447.61
2024-12,DE,New subscription,P3M,137,4302.96,686.97,3615.91,255.67
2024-12,DE,Reactivation,P12M,14,1054.62,168.42,886.22,62.88
2024-12,DE,Reactivation,P1M,21,285.85,45.61,240.24,22.2
2024-12,DE,Reactivation,P3M,3,94.23,15.03,79.17,6.24
2024-12,DE,Refund - subscription,P12M,10,-753.3,-120.28,-633.02,0.0
2024-12,DE,Refund - subscription,P1M,19,-258.63,-41.27,-217.36,0.0
2024-12,DE,Refund - subscription,P3M,3,-94.23,-15.03,-79.17,0.0
2024-12,DE,Refund - token pack,TP100,3,-31.41,-5.01,-26.4,0.0
2024-12,DE,Refund - token pack,TP600,1,-52.39,-8.36,-44.02,0.0
2024-12,DE,Renewal,P12M,28,2109.24,336.82,1772.48,115.71
2024-12,DE,Renewal,P1M,708,9638.37,1538.9,8099.52,726.02
2024-12,DE,Renewal,P3M,99,3109.46,496.4,2612.94,191.18
2024-12,DE,Token pack,TP100,121,1266.87,202.25,1064.54,104.32
2024-12,DE,Token pack,TP1300,30,3143.7,501.9,2641.8,160.67
2024-12,DE,Token pack,TP275,68,1780.92,284.3,1496.57,111.92
2024-12,DE,Token pack,TP2800,14,2934.26,468.46,2465.8,140.09
2024-12,DE,Token pack,TP4500,5,1571.95,251.0,1320.95,75.28
2024-12,DE,Token pack,TP600,48,2514.72,401.44,2113.12,137.98
2024-12,ES,Chargeback,P1M,2,-27.62,-4.8,-22.82,50.0
2024-12,ES,New subscription,P12M,71,5348.43,928.25,4420.22,285.36
2024-12,ES,New subscription,P1M,194,2641.01,458.36,2182.66,193.46
2024-12,ES,New subscription,P3M,45,1413.45,245.25,1168.06,82.24
2024-12,ES,Reactivation,P12M,7,527.31,91.5,435.81,31.44
2024-12,ES,Reactivation,P1M,9,122.5,21.25,101.25,9.0
2024-12,ES,Reactivation,P3M,5,157.05,27.25,129.8,8.79
2024-12,ES,Refund - subscription,P12M,1,-75.33,-13.07,-62.26,0.0
2024-12,ES,Refund - subscription,P1M,10,-136.11,-23.61,-112.5,0.0
2024-12,ES,Refund - subscription,P3M,2,-62.82,-10.9,-51.92,0.0
2024-12,ES,Renewal,P12M,19,1431.27,248.37,1182.9,81.99
2024-12,ES,Renewal,P1M,258,3512.28,609.57,2902.78,263.81
2024-12,ES,Renewal,P3M,34,1067.93,185.3,882.56,65.83
2024-12,ES,Token pack,TP100,36,376.92,65.41,311.45,29.52
2024-12,ES,Token pack,TP1300,6,628.74,109.13,519.61,32.13
2024-12,ES,Token pack,TP275,21,549.99,95.53,454.46,33.39
2024-12,ES,Token pack,TP2800,3,628.77,109.14,519.63,35.64
2024-12,ES,Token pack,TP4500,3,943.17,163.68,779.49,52.92
2024-12,ES,Token pack,TP600,12,628.68,109.08,519.59,36.32
2024-12,FR,Chargeback,P12M,1,-76.41,-12.73,-63.67,25.0
2024-12,FR,Chargeback,P1M,9,-124.29,-20.7,-103.59,225.0
2024-12,FR,Chargeback,P3M,2,-63.72,-10.62,-53.1,50.0
2024-12,FR,New subscription,P12M,96,7231.68,1205.37,6026.49,387.63
2024-12,FR,New subscription,P1M,223,3035.8,505.93,2529.86,219.94
2024-12,FR,New subscription,P3M,69,2167.25,361.14,1805.99,136.89
2024-12,FR,Reactivation,P12M,9,677.97,113.02,565.0,37.06
2024-12,FR,Reactivation,P1M,23,313.08,52.21,260.88,25.29
2024-12,FR,Reactivation,P3M,3,94.23,15.69,78.51,6.24
2024-12,FR,Refund - subscription,P12M,2,-150.66,-25.11,-125.55,0.0
2024-12,FR,Refund - subscription,P1M,9,-122.5,-20.43,-102.07,0.0
2024-12,FR,Refund - subscription,P3M,2,-62.82,-10.46,-52.34,0.0
2024-12,FR,Refund - token pack,TP100,2,-20.94,-3.48,-17.44,0.0
2024-12,FR,Renewal,P12M,20,1506.6,251.15,1255.55,79.76
2024-12,FR,Renewal,P1M,411,5595.19,932.52,4662.63,417.6
2024-12,FR,Renewal,P3M,41,1287.8,214.55,1073.09,77.16
2024-12,FR,Token pack,TP100,88,921.36,153.47,767.71,68.42
2024-12,FR,Token pack,TP1300,19,1991.01,331.78,1659.12,107.05
2024-12,FR,Token pack,TP275,27,707.13,117.78,589.2,44.13
2024-12,FR,Token pack,TP2800,7,1467.13,244.51,1222.62,74.41
2024-12,FR,Token pack,TP4500,7,2200.73,366.8,1833.93,110.56
2024-12,FR,Token pack,TP600,18,943.02,157.14,785.87,53.26
2024-12,GB,Chargeback,P12M,4,-366.6,-61.08,-305.48,100.0
2024-12,GB,Chargeback,P1M,7,-115.92,-19.32,-96.6,175.0
2024-12,GB,Chargeback,P3M,4,-152.84,-25.48,-127.36,100.0
2024-12,GB,New subscription,P12M,204,18549.34,3091.55,15457.79,964.01
2024-12,GB,New subscription,P1M,398,6540.09,1090.01,5450.05,466.79
2024-12,GB,New subscription,P3M,145,5497.25,916.17,4581.02,336.33
2024-12,GB,Reactivation,P12M,10,909.3,151.52,757.72,49.51
2024-12,GB,Reactivation,P1M,34,558.66,93.15,465.53,40.55
2024-12,GB,Reactivation,P3M,11,417.01,69.52,347.51,24.95
2024-12,GB,Refund - subscription,P12M,6,-545.58,-90.91,-454.63,0.0
2024-12,GB,Refund - subscription,P1M,27,-443.64,-73.97,-369.72,0.0
2024-12,GB,Refund - subscription,P3M,4,-151.64,-25.28,-126.37,0.0
2024-12,GB,Refund - token pack,TP100,2,-25.28,-4.22,-21.06,0.0
2024-12,GB,Refund - token pack,TP275,1,-31.61,-5.27,-26.34,0.0
2024-12,GB,Renewal,P12M,31,2818.79,469.74,2348.95,161.87
2024-12,GB,Renewal,P1M,778,12784.35,2130.75,10653.66,912.99
2024-12,GB,Renewal,P3M,116,4397.82,732.93,3664.83,269.46
2024-12,GB,Token pack,TP100,124,1567.01,261.17,1305.86,115.93
2024-12,GB,Token pack,TP1300,22,2782.72,463.76,2318.96,155.35
2024-12,GB,Token pack,TP275,67,2118.0,353.06,1765.01,131.91
2024-12,GB,Token pack,TP2800,27,6830.67,1138.38,5692.2,374.61
2024-12,GB,Token pack,TP4500,10,3794.89,632.5,3162.4,196.67
2024-12,GB,Token pack,TP600,48,3035.36,505.92,2529.56,178.04
2024-12,IN,Chargeback,P12M,2,-143.76,-21.92,-121.84,50.0
2024-12,IN,Chargeback,P3M,2,-59.94,-9.14,-50.8,50.0
2024-12,IN,New subscription,P12M,46,3306.48,504.3,2802.18,187.42
2024-12,IN,New subscription,P1M,114,1480.86,225.88,1254.98,110.68
2024-12,IN,New subscription,P3M,30,899.1,137.13,761.97,53.07
2024-12,IN,Reactivation,P12M,3,215.64,32.88,182.76,13.83
2024-12,IN,Reactivation,P1M,10,129.9,19.8,110.1,9.91
2024-12,IN,Reactivation,P3M,1,29.97,4.57,25.4,2.1
2024-12,IN,Refund - subscription,P12M,3,-215.64,-32.89,-182.75,0.0
2024-12,IN,Refund - subscription,P1M,5,-64.95,-9.9,-55.05,0.0
2024-12,IN,Renewal,P12M,7,503.16,76.73,426.43,32.28
2024-12,IN,Renewal,P1M,161,2091.39,319.04,1772.35,159.65
2024-12,IN,Renewal,P3M,37,1108.89,169.13,939.76,64.47
2024-12,IN,Token pack,TP100,16,159.84,24.35,135.49,12.15
2024-12,IN,Token pack,TP1300,4,399.96,61.0,338.96,25.2
2024-12,IN,Token pack,TP275,6,149.94,22.86,127.08,9.37
2024-12,IN,Token pack,TP2800,7,1399.93,213.57,1186.36,76.8
2024-12,IN,Token pack,TP4500,1,299.99,45.76,254.23,4.5
2024-12,IN,Token pack,TP600,5,249.95,38.13,211.82,16.5
2024-12,IT,Chargeback,P12M,1,-76.41,-13.78,-62.63,25.0
2024-12,IT,Chargeback,P1M,6,-82.86,-14.94,-67.92,150.0
2024-12,IT,New subscription,P12M,71,5348.43,964.46,4383.97,275.3
2024-12,IT,New subscription,P1M,161,2191.78,395.17,1796.51,161.66
2024-12,IT,New subscription,P3M,47,1476.24,266.16,1209.92,91.23
2024-12,IT,Reactivation,P12M,4,301.32,54.32,247.0,17.96
2024-12,IT,Reactivation,P1M,8,108.88,19.6,89.28,8.8
2024-12,IT,Reactivation,P3M,5,157.05,28.3,128.7,7.18
2024-12,IT,Refund - subscription,P12M,2,-150.66,-27.16,-123.5,0.0
2024-12,IT,Refund - subscription,P1M,9,-122.5,-22.06,-100.44,0.0
2024-12,IT,Refund - subscription,P3M,1,-31.41,-5.66,-25.74,0.0
2024-12,IT,Renewal,P12M,23,1732.59,312.39,1420.2,83.15
2024-12,IT,Renewal,P1M,268,3648.42,657.85,2990.5,275.64
2024-12,IT,Renewal,P3M,24,753.84,135.91,617.83,49.85
2024-12,IT,Token pack,TP100,34,355.98,64.22,291.73,29.23
2024-12,IT,Token pack,TP1300,6,628.74,113.4,515.34,36.66
2024-12,IT,Token pack,TP275,26,680.94,122.77,558.17,42.34
2024-12,IT,Token pack,TP2800,6,1257.54,226.75,1030.75,62.53
2024-12,IT,Token pack,TP4500,4,1257.56,226.76,1030.8,44.72
2024-12,IT,Token pack,TP600,11,576.29,103.93,472.35,28.21
2024-12,JP,Chargeback,P1M,3,-38.97,-3.54,-35.43,75.0
2024-12,JP,New subscription,P12M,35,2515.8,228.66,2287.14,147.32
2024-12,JP,New subscription,P1M,82,1065.18,96.78,968.4,82.34
2024-12,JP,New subscription,P3M,33,989.01,89.86,899.15,65.97
2024-12,JP,Reactivation,P12M,1,71.88,6.53,65.35,1.08
2024-12,JP,Reactivation,P1M,9,116.91,10.62,106.29,8.83
2024-12,JP,Reactivation,P3M,3,89.91,8.17,81.74,6.3
2024-12,JP,Refund - subscription,P12M,1,-71.88,-6.53,-65.35,0.0
2024-12,JP,Refund - subscription,P1M,2,-25.98,-2.36,-23.62,0.0
2024-12,JP,Refund - subscription,P3M,1,-29.97,-2.72,-27.25,0.0
2024-12,JP,Renewal,P12M,8,575.04,52.25,522.79,26.29
2024-12,JP,Renewal,P1M,135,1753.65,159.39,1594.26,140.46
2024-12,JP,Renewal,P3M,22,659.34,59.9,599.44,46.19
2024-12,JP,Token pack,TP100,23,229.77,20.93,208.84,16.95
2024-12,JP,Token pack,TP1300,5,499.95,45.45,454.5,21.9
2024-12,JP,Token pack,TP275,11,274.89,24.97,249.92,16.94
2024-12,JP,Token pack,TP2800,1,199.99,18.18,181.81,12.3
2024-12,JP,Token pack,TP4500,1,299.99,27.27,272.72,18.3
2024-12,JP,Token pack,TP600,7,349.93,31.78,318.15,18.0
2024-12,MX,Chargeback,P12M,1,-71.88,-9.91,-61.97,25.0
2024-12,MX,Chargeback,P1M,4,-51.96,-7.17,-44.79,100.0
2024-12,MX,New subscription,P12M,73,5247.24,723.7,4523.54,290.78
2024-12,MX,New subscription,P1M,138,1792.62,247.26,1545.36,143.68
2024-12,MX,New subscription,P3M,43,1288.71,177.73,1110.98,82.0
2024-12,MX,Reactivation,P12M,1,71.88,9.91,61.97,4.61
2024-12,MX,Reactivation,P1M,2,25.98,3.58,22.4,2.16
2024-12,MX,Reactivation,P3M,3,89.91,12.39,77.52,6.3
2024-12,MX,Refund - subscription,P12M,1,-71.88,-9.91,-61.97,0.0
2024-12,MX,Refund - subscription,P1M,3,-38.97,-5.37,-33.6,0.0
2024-12,MX,Refund - token pack,TP600,1,-49.99,-6.9,-43.09,0.0
2024-12,MX,Renewal,P12M,14,1006.32,138.75,867.57,50.42
2024-12,MX,Renewal,P1M,168,2182.32,301.05,1881.27,169.86
2024-12,MX,Renewal,P3M,27,809.19,111.57,697.62,50.1
2024-12,MX,Token pack,TP100,27,269.73,37.24,232.49,21.3
2024-12,MX,Token pack,TP1300,2,199.98,27.58,172.4,12.6
2024-12,MX,Token pack,TP275,20,499.8,68.95,430.85,34.57
2024-12,MX,Token pack,TP2800,2,399.98,55.16,344.82,24.6
2024-12,MX,Token pack,TP4500,1,299.99,41.38,258.61,18.3
2024-12,MX,Token pack,TP600,10,499.9,68.99,430.91,33.0
2024-12,NL,Chargeback,P12M,1,-76.41,-13.26,-63.15,25.0
2024-12,NL,Chargeback,P1M,4,-55.24,-9.6,-45.64,100.0
2024-12,NL,Chargeback,P3M,1,-31.86,-5.53,-26.33,25.0
2024-12,NL,New subscription,P12M,47,3540.51,614.43,2926.09,180.88
2024-12,NL,New subscription,P1M,111,1511.08,262.27,1248.77,115.69
2024-12,NL,New subscription,P3M,35,1099.33,190.76,908.51,69.5
2024-12,NL,Reactivation,P12M,6,451.98,78.42,373.56,23.58
2024-12,NL,Reactivation,P1M,10,136.11,23.61,112.5,10.1
2024-12,NL,Reactivation,P3M,3,94.23,16.35,77.88,6.24
2024-12,NL,Refund - subscription,P12M,4,-301.32,-52.28,-249.04,0.0
2024-12,NL,Refund - subscription,P1M,6,-81.67,-14.17,-67.5,0.0
2024-12,NL,Refund - subscription,P3M,1,-31.41,-5.45,-25.96,0.0
2024-12,NL,Refund - token pack,TP100,1,-10.47,-1.82,-8.65,0.0
2024-12,NL,Renewal,P12M,10,753.3,130.7,622.6,31.46
2024-12,NL,Renewal,P1M,238,3240.03,562.32,2677.76,243.6
2024-12,NL,Renewal,P3M,30,942.3,163.5,778.7,57.5
2024-12,NL,Token pack,TP100,28,293.16,50.89,242.22,25.18
2024-12,NL,Token pack,TP1300,7,733.53,127.32,606.21,42.78
2024-12,NL,Token pack,TP275,19,497.61,86.42,411.19,32.61
2024-12,NL,Token pack,TP2800,5,1047.95,181.89,866.06,50.66
2024-12,NL,Token pack,TP4500,2,628.78,109.12,519.66,35.28
2024-12,NL,Token pack,TP600,13,681.07,118.18,562.88,29.79
2024-12,PL,Chargeback,P1M,3,-41.43,-7.74,-33.69,75.0
2024-12,PL,New subscription,P12M,38,2862.54,535.32,2327.22,153.91
2024-12,PL,New subscription,P1M,99,1347.68,252.02,1095.7,98.91
2024-12,PL,New subscription,P3M,34,1067.92,199.66,868.26,69.03
2024-12,PL,Reactivation,P12M,4,301.32,56.36,244.96,17.96
2024-12,PL,Reactivation,P1M,6,81.66,15.3,66.42,6.6
2024-12,PL,Reactivation,P3M,3,94.23,17.61,76.62,4.63
2024-12,PL,Refund - subscription,P12M,1,-75.33,-14.09,-61.24,0.0
2024-12,PL,Refund - subscription,P1M,4,-54.45,-10.19,-44.28,0.0
2024-12,PL,Refund - subscription,P3M,1,-31.41,-5.87,-25.54,0.0
2024-12,PL,Refund - token pack,TP100,2,-20.94,-3.92,-17.02,0.0
2024-12,PL,Renewal,P12M,6,451.98,84.53,367.45,26.95
2024-12,PL,Renewal,P1M,194,2641.01,493.83,2147.19,198.84
2024-12,PL,Renewal,P3M,27,848.07,158.56,689.51,44.87
2024-12,PL,Token pack,TP100,37,387.39,72.47,314.92,29.7
2024-12,PL,Token pack,TP1300,6,628.74,117.55,511.15,36.67
2024-12,PL,Token pack,TP275,15,392.85,73.47,319.35,22.66
2024-12,PL,Token pack,TP2800,5,1047.95,195.95,852.0,59.4
2024-12,PL,Token pack,TP4500,1,314.39,58.79,255.6,17.64
2024-12,PL,Token pack,TP600,11,576.29,107.78,468.51,33.09
2024-12,ROW,Chargeback,P12M,3,-215.64,-10.26,-205.38,75.0
2024-12,ROW,Chargeback,P1M,8,-103.92,-4.96,-98.96,200.0
2024-12,ROW,Chargeback,P3M,1,-29.97,-1.43,-28.54,25.0
2024-12,ROW,New subscription,P12M,258,18545.04,883.1,17661.94,1045.18
2024-12,ROW,New subscription,P1M,434,5637.66,268.5,5369.16,423.31
2024-12,ROW,New subscription,P3M,154,4615.38,219.78,4395.6,293.42
2024-12,ROW,Reactivation,P12M,19,1365.72,65.02,1300.7,84.1
2024-12,ROW,Reactivation,P1M,34,441.66,21.07,420.59,34.94
2024-12,ROW,Reactivation,P3M,14,419.58,19.99,399.59,27.75
2024-12,ROW,Refund - subscription,P12M,11,-790.68,-37.64,-753.04,0.0
2024-12,ROW,Refund - subscription,P1M,9,-116.91,-5.58,-111.33,0.0
2024-12,ROW,Refund - subscription,P3M,3,-89.91,-4.28,-85.63,0.0
2024-12,ROW,Refund - token pack,TP100,2,-19.98,-0.96,-19.02,0.0
2024-12,ROW,Refund - token pack,TP1300,1,-99.99,-4.76,-95.23,0.0
2024-12,ROW,Refund - token pack,TP275,1,-24.99,-1.19,-23.8,0.0
2024-12,ROW,Refund - token pack,TP2800,1,-199.99,-9.52,-190.47,0.0
2024-12,ROW,Renewal,P12M,43,3090.84,147.15,2943.69,180.65
2024-12,ROW,Renewal,P1M,589,7651.11,364.34,7286.77,575.62
2024-12,ROW,Renewal,P3M,94,2817.18,134.14,2683.04,182.39
2024-12,ROW,Token pack,TP100,68,679.32,32.36,646.96,51.45
2024-12,ROW,Token pack,TP1300,13,1299.87,61.88,1237.99,72.3
2024-12,ROW,Token pack,TP275,35,874.65,41.65,833.0,57.28
2024-12,ROW,Token pack,TP2800,21,4199.79,199.96,3999.83,211.8
2024-12,ROW,Token pack,TP4500,5,1499.95,71.45,1428.5,91.5
2024-12,ROW,Token pack,TP600,23,1149.77,54.74,1095.03,65.7
2024-12,SE,Chargeback,P1M,3,-41.43,-8.28,-33.15,75.0
2024-12,SE,New subscription,P12M,30,2259.9,452.0,1807.9,121.33
2024-12,SE,New subscription,P1M,73,993.77,198.77,794.97,71.28
2024-12,SE,New subscription,P3M,19,596.79,119.32,477.45,36.29
2024-12,SE,Reactivation,P12M,2,150.66,30.13,120.53,8.99
2024-12,SE,Reactivation,P1M,5,68.06,13.61,54.45,5.5
2024-12,SE,Refund - subscription,P12M,2,-150.66,-30.14,-120.52,0.0
2024-12,SE,Refund - subscription,P1M,3,-40.83,-8.16,-32.67,0.0
2024-12,SE,Refund - token pack,TP275,1,-26.19,-5.24,-20.95,0.0
2024-12,SE,Renewal,P12M,9,677.97,135.63,542.34,40.41
2024-12,SE,Renewal,P1M,151,2055.64,411.14,1644.44,155.18
2024-12,SE,Renewal,P3M,19,596.79,119.33,477.42,36.25
2024-12,SE,Token pack,TP100,28,293.16,58.59,234.57,24.43
2024-12,SE,Token pack,TP1300,5,523.95,104.8,419.15,26.01
2024-12,SE,Token pack,TP275,14,366.66,73.36,293.3,25.06
2024-12,SE,Token pack,TP2800,5,1047.95,209.6,838.35,59.4
2024-12,SE,Token pack,TP4500,2,628.78,125.76,503.02,35.28
2024-12,SE,Token pack,TP600,8,419.12,83.84,335.28,23.4
2024-12,US,Chargeback,P12M,8,-575.04,-32.56,-542.48,200.0
2024-12,US,Chargeback,P1M,48,-623.52,-35.35,-588.17,1200.0
2024-12,US,Chargeback,P3M,12,-359.64,-20.38,-339.26,300.0
2024-12,US,New subscription,P12M,778,55922.64,3165.41,52757.23,3214.06
2024-12,US,New subscription,P1M,1836,23849.64,1349.97,22499.67,1855.27
2024-12,US,New subscription,P3M,571,17112.87,968.67,16144.2,1099.13
2024-12,US,Reactivation,P12M,60,4312.8,244.16,4068.64,248.48
2024-12,US,Reactivation,P1M,138,1792.62,101.52,1691.1,141.02
2024-12,US,Reactivation,P3M,52,1558.44,88.24,1470.2,102.54
2024-12,US,Refund - subscription,P12M,39,-2803.32,-158.72,-2644.6,0.0
2024-12,US,Refund - subscription,P1M,82,-1065.18,-60.34,-1004.84,0.0
2024-12,US,Refund - subscription,P3M,18,-539.46,-30.55,-508.91,0.0
2024-12,US,Refund - token pack,TP100,9,-89.91,-5.12,-84.79,0.0
2024-12,US,Refund - token pack,TP275,5,-124.95,-7.06,-117.89,0.0
2024-12,US,Refund - token pack,TP4500,1,-299.99,-16.98,-283.01,0.0
2024-12,US,Refund - token pack,TP600,3,-149.97,-8.49,-141.48,0.0
2024-12,US,Renewal,P12M,183,13154.04,744.53,12409.51,776.98
2024-12,US,Renewal,P1M,3324,43178.76,2444.08,40734.68,3311.08
2024-12,US,Renewal,P3M,439,13156.83,744.72,12412.11,855.18
2024-12,US,Token pack,TP100,584,5834.16,330.22,5503.94,478.02
2024-12,US,Token pack,TP1300,127,12698.73,718.82,11979.91,756.9
2024-12,US,Token pack,TP275,335,8371.65,473.88,7897.77,548.66
2024-12,US,Token pack,TP2800,86,17199.14,973.52,16225.62,927.6
2024-12,US,Token pack,TP4500,58,17399.42,984.84,16414.58,909.6
2024-12,US,Token pack,TP600,214,10697.86,605.62,10092.24,647.52
2025-01,AU,Chargeback,P12M,3,-215.64,-19.6,-196.04,75.0
2025-01,AU,Chargeback,P1M,4,-51.96,-4.72,-47.24,100.0
2025-01,AU,Chargeback,P3M,2,-59.94,-5.44,-54.5,50.0
2025-01,AU,New subscription,P12M,77,5534.76,503.12,5031.64,323.37
2025-01,AU,New subscription,P1M,204,2649.96,240.89,2409.07,208.71
2025-01,AU,New subscription,P3M,79,2367.63,215.2,2152.43,146.0
2025-01,AU,Reactivation,P12M,9,646.92,58.77,588.15,41.49
2025-01,AU,Reactivation,P1M,12,155.88,14.16,141.72,12.96
2025-01,AU,Reactivation,P3M,4,119.88,10.88,109.0,8.4
2025-01,AU,Refund - subscription,P12M,2,-143.76,-13.06,-130.7,0.0
2025-01,AU,Refund - subscription,P1M,8,-103.92,-9.44,-94.48,0.0
2025-01,AU,Refund - subscription,P3M,4,-119.88,-10.88,-109.0,0.0
2025-01,AU,Refund - token pack,TP100,1,-9.99,-0.91,-9.08,0.0
2025-01,AU,Refund - token pack,TP275,1,-24.99,-2.27,-22.72,0.0
2025-01,AU,Renewal,P12M,23,1653.24,150.25,1502.99,84.88
2025-01,AU,Renewal,P1M,361,4689.39,426.32,4263.07,357.8
2025-01,AU,Renewal,P3M,58,1738.26,157.96,1580.3,116.77
2025-01,AU,Token pack,TP100,69,689.31,62.64,626.67,54.6
2025-01,AU,Token pack,TP1300,14,1399.86,127.26,1272.6,73.8
2025-01,AU,Token pack,TP275,45,1124.55,102.2,1022.35,68.14
2025-01,AU,Token pack,TP2800,12,2399.88,218.16,2181.72,129.0
2025-01,AU,Token pack,TP4500,10,2999.9,272.7,2727.2,155.4
2025-01,AU,Token pack,TP600,23,1149.77,104.49,1045.28,63.15
2025-01,BR,Chargeback,P12M,2,-143.76,-6.84,-136.92,50.0
2025-01,BR,Chargeback,P1M,1,-12.99,-0.62,-12.37,25.0
2025-01,BR,New subscription,P12M,107,7691.16,366.26,7324.9,440.54
2025-01,BR,New subscription,P1M,166,2156.34,102.71,2053.63,157.07
2025-01,BR,New subscription,P3M,54,1618.38,77.06,1541.32,98.49
2025-01,BR,Reactivation,P12M,6,431.28,20.52,410.76,27.66
2025-01,BR,Reactivation,P1M,10,129.9,6.2,123.7,10.8
2025-01,BR,Reactivation,P3M,6,179.82,8.58,171.24,12.6
2025-01,BR,Refund - subscription,P12M,6,-431.28,-20.53,-410.75,0.0
2025-01,BR,Refund - subscription,P1M,2,-25.98,-1.24,-24.74,0.0
2025-01,BR,Refund - subscription,P3M,1,-29.97,-1.43,-28.54,0.0
2025-01,BR,Renewal,P12M,16,1150.08,54.73,1095.35,70.24
2025-01,BR,Renewal,P1M,233,3026.67,144.13,2882.54,227.63
2025-01,BR,Renewal,P3M,37,1108.89,52.81,1056.08,69.42
2025-01,BR,Token pack,TP100,33,329.67,15.74,313.93,28.2
2025-01,BR,Token pack,TP1300,4,399.96,19.04,380.92,20.4
2025-01,BR,Token pack,TP275,24,599.76,28.56,571.2,38.91
2025-01,BR,Token pack,TP2800,3,599.97,28.56,571.41,27.6
2025-01,BR,Token pack,TP4500,1,299.99,14.29,285.7,4.5
2025-01,BR,Token pack,TP600,11,549.89,26.18,523.71,31.2
2025-01,CA,Chargeback,P12M,2,-143.76,-16.54,-127.22,50.0
2025-01,CA,Chargeback,P1M,6,-77.94,-8.94,-69.0,150.0
2025-01,CA,Chargeback,P3M,3,-89.91,-10.35,-79.56,75.0
2025-01,CA,New subscription,P12M,103,7403.64,851.8,6551.84,418.57
2025-01,CA,New subscription,P1M,243,3156.57,363.16,2793.41,249.94
2025-01,CA,New subscription,P3M,70,2097.9,241.37,1856.53,138.63
2025-01,CA,Reactivation,P12M,9,646.92,74.43,572.49,37.97
2025-01,CA,Reactivation,P1M,21,272.79,31.34,241.45,21.79
2025-01,CA,Reactivation,P3M,6,179.82,20.7,159.12,12.6
2025-01,CA,Refund - subscription,P12M,6,-431.28,-49.62,-381.66,0.0
2025-01,CA,Refund - subscription,P1M,13,-168.87,-19.4,-149.47,0.0
2025-01,CA,Refund - subscription,P3M,1,-29.97,-3.45,-26.52,0.0
2025-01,CA,Refund - token pack,TP100,1,-9.99,-1.15,-8.84,0.0
2025-01,CA,Renewal,P12M,17,1221.96,140.59,1081.37,71.34
2025-01,CA,Renewal,P1M,436,5663.64,651.55,5012.09,439.63
2025-01,CA,Renewal,P3M,72,2157.84,248.28,1909.56,139.53
2025-01,CA,Token pack,TP100,86,859.14,98.89,760.25,70.65
2025-01,CA,Token pack,TP1300,15,1499.85,172.52,1327.33,94.5
2025-01,CA,Token pack,TP275,38,949.62,109.19,840.43,64.11
2025-01,CA,Token pack,TP2800,10,1999.9,230.1,1769.8,104.4
2025-01,CA,Token pack,TP4500,7,2099.93,241.57,1858.36,100.5
2025-01,CA,Token pack,TP600,20,999.8,115.0,884.8,60.9
2025-01,CH,Chargeback,P1M,2,-27.22,-2.04,-25.18,50.0
2025-01,CH,Chargeback,P3M,1,-31.41,-2.35,-29.06,25.0
2025-01,CH,New subscription,P12M,27,2008.73,150.46,1858.14,99.96
2025-01,CH,New subscription,P1M,80,1075.5,80.57,994.97,78.3
2025-01,CH,New subscription,P3M,19,589.38,44.13,545.16,37.5
2025-01,CH,Reactivation,P12M,1,74.4,5.57,68.82,4.44
2025-01,CH,Reactivation,P1M,6,80.65,6.05,74.63,5.65
2025-01,CH,Reactivation,P3M,1,31.02,2.32,28.69,2.06
2025-01,CH,Refund - subscription,P12M,1,-74.4,-5.57,-68.82,0.0
2025-01,CH,Refund - subscription,P1M,1,-13.44,-1.01,-12.44,0.0
2025-01,CH,Refund - token pack,TP100,1,-10.34,-0.77,-9.56,0.0
2025-01,CH,Refund - token pack,TP275,1,-25.86,-1.94,-23.93,0.0
2025-01,CH,Renewal,P12M,13,967.18,72.43,894.66,54.4
2025-01,CH,Renewal,P1M,121,1626.79,121.86,1504.89,123.88
2025-01,CH,Renewal,P3M,18,558.36,41.79,516.45,29.1
2025-01,CH,Token pack,TP100,24,248.16,18.55,229.51,20.55
2025-01,CH,Token pack,TP1300,7,724.43,54.26,670.17,42.28
2025-01,CH,Token pack,TP275,13,336.19,25.22,311.08,21.64
2025-01,CH,Token pack,TP2800,2,413.98,31.02,382.96,23.46
2025-01,CH,Token pack,TP4500,1,310.49,23.27,287.22,17.43
2025-01,CH,Token pack,TP600,10,517.4,38.78,478.62,27.14
2025-01,DE,Chargeback,P12M,3,-225.99,-36.09,-189.9,75.0
2025-01,DE,Chargeback,P1M,8,-108.89,-17.37,-91.52,200.0
2025-01,DE,Chargeback,P3M,3,-94.23,-15.03,-79.17,75.0
2025-01,DE,New subscription,P12M,167,12424.09,1983.66,10440.41,651.98
2025-01,DE,New subscription,P1M,375,5041.75,805.0,4236.75,380.11
2025-01,DE,New subscription,P3M,116,3598.22,574.55,3023.73,224.18
2025-01,DE,Reactivation,P12M,15,1115.97,178.19,937.77,63.28
2025-01,DE,Reactivation,P1M,33,443.6,70.88,372.88,35.08
2025-01,DE,Reactivation,P3M,12,372.24,59.4,312.84,23.13
2025-01,DE,Refund - subscription,P12M,7,-520.79,-83.16,-437.63,0.0
2025-01,DE,Refund - subscription,P1M,19,-255.41,-40.81,-214.69,0.0
2025-01,DE,Refund - subscription,P3M,6,-186.12,-29.72,-156.4,0.0
2025-01,DE,Refund - token pack,TP100,2,-20.68,-3.3,-17.38,0.0
2025-01,DE,Refund - token pack,TP275,2,-51.72,-8.26,-43.48,0.0
2025-01,DE,Refund - token pack,TP600,1,-51.74,-8.26,-43.48,0.0
2025-01,DE,Renewal,P12M,41,3050.29,487.04,2563.23,165.45
2025-01,DE,Renewal,P1M,774,10406.16,1661.53,8744.66,786.39
2025-01,DE,Renewal,P3M,103,3194.96,510.13,2684.84,195.85
2025-01,DE,Token pack,TP100,153,1582.02,252.56,1329.41,124.53
2025-01,DE,Token pack,TP1300,25,2587.25,413.05,2174.2,146.53
2025-01,DE,Token pack,TP275,56,1448.37,231.28,1217.17,97.93
2025-01,DE,Token pack,TP2800,14,2897.86,462.7,2435.16,164.24
2025-01,DE,Token pack,TP4500,7,2173.43,347.0,1826.43,109.23
2025-01,DE,Token pack,TP600,42,2173.08,346.93,1826.14,122.16
2025-01,ES,Chargeback,P12M,1,-75.33,-13.07,-62.26,25.0
2025-01,ES,Chargeback,P1M,5,-68.05,-11.8,-56.25,125.0
2025-01,ES,Chargeback,P3M,1,-31.41,-5.45,-25.96,25.0
2025-01,ES,New subscription,P12M,82,6100.49,1058.78,5041.67,334.31
2025-01,ES,New subscription,P1M,173,2325.91,403.66,1922.28,171.65
2025-01,ES,New subscription,P3M,46,1426.91,247.62,1179.29,89.84
2025-01,ES,Reactivation,P12M,7,520.78,90.37,430.38,31.08
2025-01,ES,Reactivation,P1M,10,134.41,23.31,111.1,10.01
2025-01,ES,Reactivation,P3M,5,155.1,26.91,128.19,10.29
2025-01,ES,Refund - subscription,P12M,2,-148.8,-25.82,-122.96,0.0
2025-01,ES,Refund - subscription,P1M,6,-80.64,-13.98,-66.66,0.0
2025-01,ES,Refund - subscription,P3M,3,-93.06,-16.14,-76.92,0.0
2025-01,ES,Renewal,P12M,27,2008.74,348.58,1660.02,113.25
2025-01,ES,Renewal,P1M,288,3872.1,671.99,3200.05,289.8
2025-01,ES,Renewal,P3M,54,1675.07,290.7,1384.37,103.1
2025-01,ES,Token pack,TP100,40,413.6,71.71,341.89,31.45
2025-01,ES,Token pack,TP1300,8,827.92,143.68,684.24,43.83
2025-01,ES,Token pack,TP275,17,439.66,76.33,363.42,27.36
2025-01,ES,Token pack,TP2800,6,1241.94,215.53,1026.41,61.76
2025-01,ES,Token pack,TP4500,5,1552.45,269.45,1283.0,87.15
2025-01,ES,Token pack,TP600,20,1034.8,179.6,855.2,61.51
2025-01,FR,Chargeback,P12M,3,-225.99,-37.68,-188.34,75.0
2025-01,FR,Chargeback,P1M,3,-40.83,-6.81,-34.02,75.0
2025-01,FR,New subscription,P12M,160,11903.3,1983.97,9919.47,634.2
2025-01,FR,New subscription,P1M,396,5324.1,887.36,4436.71,407.49
2025-01,FR,New subscription,P3M,99,3070.91,511.83,2559.11,187.66
2025-01,FR,Reactivation,P12M,16,1190.38,198.4,991.98,67.72
2025-01,FR,Reactivation,P1M,17,228.51,38.08,190.43,17.64
2025-01,FR,Reactivation,P3M,11,341.22,56.87,284.35,21.06
2025-01,FR,Refund - subscription,P12M,5,-371.99,-62.0,-309.99,0.0
2025-01,FR,Refund - subscription,P1M,10,-134.42,-22.4,-112.02,0.0
2025-01,FR,Refund - subscription,P3M,4,-124.08,-20.68,-103.4,0.0
2025-01,FR,Refund - token pack,TP100,2,-20.68,-3.44,-17.24,0.0
2025-01,FR,Refund - token pack,TP275,1,-25.86,-4.31,-21.55,0.0
2025-01,FR,Refund - token pack,TP600,1,-51.74,-8.62,-43.12,0.0
2025-01,FR,Renewal,P12M,31,2306.3,384.4,1921.91,127.69
2025-01,FR,Renewal,P1M,407,5471.95,912.0,4559.94,409.71
2025-01,FR,Renewal,P3M,66,2047.28,341.22,1706.09,126.19
2025-01,FR,Token pack,TP100,87,899.58,149.92,749.66,72.31
2025-01,FR,Token pack,TP1300,18,1862.82,310.49,1552.32,90.77
2025-01,FR,Token pack,TP275,38,982.83,163.78,819.05,63.22
2025-01,FR,Token pack,TP2800,10,2069.9,345.0,1724.9,117.3
2025-01,FR,Token pack,TP4500,2,620.98,103.5,517.48,34.86
2025-01,FR,Token pack,TP600,28,1448.72,241.43,1207.29,82.27
2025-01,GB,Chargeback,P12M,3,-272.79,-45.45,-227.31,75.0
2025-01,GB,Chargeback,P1M,7,-115.01,-19.18,-95.83,175.0
2025-01,GB,Chargeback,P3M,2,-75.82,-12.64,-63.18,50.0
2025-01,GB,New subscription,P12M,157,13948.44,2324.73,11623.72,728.46
2025-01,GB,New subscription,P1M,416,6679.13,1113.21,5566.01,482.21
2025-01,GB,New subscription,P3M,111,4111.78,685.29,3426.51,246.65
2025-01,GB,Reactivation,P12M,9,799.57,133.28,666.35,47.15
2025-01,GB,Reactivation,P1M,44,706.51,117.79,588.72,54.25
2025-01,GB,Reactivation,P3M,8,296.33,49.37,246.96,19.11
2025-01,GB,Refund - subscription,P12M,7,-621.89,-103.66,-518.27,0.0
2025-01,GB,Refund - subscription,P1M,28,-449.58,-74.94,-374.64,0.0
2025-01,GB,Refund - subscription,P3M,2,-74.08,-12.34,-61.74,0.0
2025-01,GB,Refund - token pack,TP100,5,-61.75,-10.3,-51.45,0.0
2025-01,GB,Refund - token pack,TP1300,1,-123.59,-20.6,-102.99,0.0
2025-01,GB,Refund - token pack,TP275,2,-61.78,-10.3,-51.48,0.0
2025-01,GB,Refund - token pack,TP2800,1,-247.19,-41.2,-205.99,0.0
2025-01,GB,Refund - token pack,TP600,2,-123.58,-20.6,-102.98,0.0
2025-01,GB,Renewal,P12M,47,4175.62,695.94,3479.74,226.63
2025-01,GB,Renewal,P1M,800,12844.52,2140.75,10703.71,926.93
2025-01,GB,Renewal,P3M,106,3926.55,654.44,3272.18,229.24
2025-01,GB,Token pack,TP100,129,1592.85,265.49,1327.41,125.19
2025-01,GB,Token pack,TP1300,25,3089.75,515.0,2574.75,168.1
2025-01,GB,Token pack,TP275,58,1791.51,298.59,1492.92,109.34
2025-01,GB,Token pack,TP2800,25,6179.74,1029.99,5149.75,307.73
2025-01,GB,Token pack,TP4500,10,3707.9,618.0,3089.9,161.87
2025-01,GB,Token pack,TP600,37,2286.2,381.07,1905.13,121.8
2025-01,IN,Chargeback,P12M,1,-71.88,-10.96,-60.92,25.0
2025-01,IN,Chargeback,P1M,3,-38.97,-5.94,-33.03,75.0
2025-01,IN,New subscription,P12M,40,2875.2,438.52,2436.68,166.86
2025-01,IN,New subscription,P1M,116,1506.84,229.84,1277.0,119.05
2025-01,IN,New subscription,P3M,34,1018.98,155.39,863.59,64.79
2025-01,IN,Reactivation,P12M,6,431.28,65.76,365.52,27.66
2025-01,IN,Reactivation,P1M,2,25.98,3.96,22.02,2.16
2025-01,IN,Refund - subscription,P12M,1,-71.88,-10.96,-60.92,0.0
2025-01,IN,Refund - subscription,P1M,4,-51.96,-7.92,-44.04,0.0
2025-01,IN,Refund - token pack,TP100,1,-9.99,-1.52,-8.47,0.0
2025-01,IN,Renewal,P12M,14,1006.32,153.46,852.86,61.03
2025-01,IN,Renewal,P1M,185,2403.15,366.6,2036.55,184.69
2025-01,IN,Renewal,P3M,28,839.16,127.99,711.17,50.54
2025-01,IN,Token pack,TP100,16,159.84,24.35,135.49,12.15
2025-01,IN,Token pack,TP1300,4,399.96,61.0,338.96,20.4
2025-01,IN,Token pack,TP275,10,249.9,38.11,211.79,16.57
2025-01,IN,Token pack,TP4500,2,599.98,91.52,508.46,36.6
2025-01,IN,Token pack,TP600,3,149.97,22.89,127.08,7.35
2025-01,IT,Chargeback,P1M,2,-27.22,-4.9,-22.32,50.0
2025-01,IT,Chargeback,P3M,1,-31.41,-5.66,-25.74,25.0
2025-01,IT,New subscription,P12M,60,4463.78,804.98,3658.8,243.2
2025-01,IT,New subscription,P1M,156,2097.34,378.21,1719.12,158.46
2025-01,IT,New subscription,P3M,47,1457.93,262.87,1195.06,88.72
2025-01,IT,Reactivation,P12M,8,595.2,107.36,487.84,35.52
2025-01,IT,Reactivation,P1M,10,134.41,24.21,110.2,10.9
2025-01,IT,Reactivation,P3M,2,62.04,11.18,50.86,4.12
2025-01,IT,Refund - subscription,P12M,5,-372.0,-67.1,-304.9,0.0
2025-01,IT,Refund - subscription,P1M,7,-94.08,-16.94,-77.14,0.0
2025-01,IT,Refund - token pack,TP275,1,-25.86,-4.66,-21.2,0.0
2025-01,IT,Renewal,P12M,16,1190.38,214.7,975.68,71.04
2025-01,IT,Renewal,P1M,295,3966.2,715.22,3250.9,298.36
2025-01,IT,Renewal,P3M,37,1147.74,206.95,940.79,72.92
2025-01,IT,Token pack,TP100,41,423.94,76.4,347.54,35.41
2025-01,IT,Token pack,TP1300,5,517.45,93.3,424.15,30.2
2025-01,IT,Token pack,TP275,23,594.84,107.24,487.6,39.37
2025-01,IT,Token pack,TP2800,6,1241.94,223.98,1017.96,61.75
2025-01,IT,Token pack,TP4500,7,2173.43,391.93,1781.5,109.23
2025-01,IT,Token pack,TP600,14,724.36,130.62,593.74,39.93
2025-01,JP,Chargeback,P12M,1,-71.88,-6.53,-65.35,25.0
2025-01,JP,Chargeback,P1M,5,-64.95,-5.9,-59.05,125.0
2025-01,JP,New subscription,P12M,36,2587.68,235.17,2352.51,155.43
2025-01,JP,New subscription,P1M,82,1065.18,96.76,968.42,81.45
2025-01,JP,New subscription,P3M,29,869.13,78.95,790.18,54.29
2025-01,JP,Reactivation,P12M,1,71.88,6.53,65.35,4.61
2025-01,JP,Reactivation,P1M,7,90.93,8.26,82.67,7.56
2025-01,JP,Reactivation,P3M,4,119.88,10.88,109.0,8.4
2025-01,JP,Refund - subscription,P12M,2,-143.76,-13.06,-130.7,0.0
2025-01,JP,Refund - subscription,P1M,6,-77.94,-7.08,-70.86,0.0
2025-01,JP,Refund - token pack,TP100,1,-9.99,-0.91,-9.08,0.0
2025-01,JP,Renewal,P12M,8,575.04,52.25,522.79,33.36
2025-01,JP,Renewal,P1M,149,1935.51,175.94,1759.57,154.67
2025-01,JP,Renewal,P3M,21,629.37,57.16,572.21,40.79
2025-01,JP,Token pack,TP100,24,239.76,21.83,217.93,21.6
2025-01,JP,Token pack,TP1300,6,599.94,54.54,545.4,37.8
2025-01,JP,Token pack,TP275,12,299.88,27.24,272.64,20.17
2025-01,JP,Token pack,TP2800,4,799.96,72.72,727.24,49.2
2025-01,JP,Token pack,TP600,4,199.96,18.16,181.8,13.2
2025-01,MX,Chargeback,P12M,1,-71.88,-9.91,-61.97,25.0
2025-01,MX,Chargeback,P1M,2,-25.98,-3.58,-22.4,50.0
2025-01,MX,Chargeback,P3M,1,-29.97,-4.13,-25.84,25.0
2025-01,MX,New subscription,P12M,60,4312.8,594.82,3717.98,255.55
2025-01,MX,New subscription,P1M,114,1480.86,204.29,1276.57,111.58
2025-01,MX,New subscription,P3M,38,1138.86,157.07,981.79,69.87
2025-01,MX,Reactivation,P12M,1,71.88,9.91,61.97,4.61
2025-01,MX,Reactivation,P1M,9,116.91,16.12,100.79,8.83
2025-01,MX,Reactivation,P3M,1,29.97,4.13,25.84,2.1
2025-01,MX,Refund - subscription,P1M,5,-64.95,-8.95,-56.0,0.0
2025-01,MX,Refund - token pack,TP100,1,-9.99,-1.38,-8.61,0.0
2025-01,MX,Renewal,P12M,15,1078.2,148.68,929.52,69.17
2025-01,MX,Renewal,P1M,190,2468.1,340.47,2127.63,193.62
2025-01,MX,Renewal,P3M,27,809.19,111.59,697.6,56.68
2025-01,MX,Token pack,TP100,27,269.73,37.26,232.47,20.55
2025-01,MX,Token pack,TP1300,2,199.98,27.58,172.4,12.6
2025-01,MX,Token pack,TP275,15,374.85,51.71,323.14,22.71
2025-01,MX,Token pack,TP4500,5,1499.95,206.9,1293.05,91.5
2025-01,MX,Token pack,TP600,7,349.93,48.28,301.65,18.0
2025-01,NL,Chargeback,P1M,3,-40.83,-7.08,-33.75,75.0
2025-01,NL,New subscription,P12M,52,3868.62,671.4,3197.14,217.65
2025-01,NL,New subscription,P1M,140,1882.23,326.67,1555.61,142.8
2025-01,NL,New subscription,P3M,37,1147.74,199.15,948.59,71.36
2025-01,NL,Reactivation,P12M,6,446.4,77.46,368.88,26.64
2025-01,NL,Reactivation,P1M,16,215.06,37.3,177.76,17.44
2025-01,NL,Reactivation,P3M,3,93.06,16.14,76.92,4.59
2025-01,NL,Refund - subscription,P12M,5,-372.0,-64.55,-307.4,0.0
2025-01,NL,Refund - subscription,P1M,5,-67.2,-11.65,-55.55,0.0
2025-01,NL,Refund - subscription,P3M,1,-31.02,-5.38,-25.64,0.0
2025-01,NL,Refund - token pack,TP275,1,-25.86,-4.49,-21.38,0.0
2025-01,NL,Renewal,P12M,15,1115.98,193.65,922.22,53.32
2025-01,NL,Renewal,P1M,232,3119.15,541.31,2577.83,235.95
2025-01,NL,Renewal,P3M,33,1023.65,177.63,846.03,63.12
2025-01,NL,Token pack,TP100,38,392.92,68.15,324.77,31.12
2025-01,NL,Token pack,TP1300,5,517.45,89.8,427.65,30.2
2025-01,NL,Token pack,TP275,18,465.52,80.82,384.8,30.51
2025-01,NL,Token pack,TP2800,3,620.97,107.76,513.21,35.19
2025-01,NL,Token pack,TP4500,1,310.49,53.89,256.6,17.43
2025-01,NL,Token pack,TP600,14,724.36,125.72,598.64,39.93
2025-01,PL,Chargeback,P12M,1,-75.33,-14.09,-61.24,25.0
2025-01,PL,Chargeback,P1M,1,-13.61,-2.55,-11.07,25.0
2025-01,PL,Chargeback,P3M,2,-62.82,-11.74,-51.08,50.0
2025-01,PL,New subscription,P12M,57,4240.61,792.9,3447.55,243.2
2025-01,PL,New subscription,P1M,94,1263.77,236.33,1027.42,98.01
2025-01,PL,New subscription,P3M,26,806.52,150.8,655.72,47.14
2025-01,PL,Reactivation,P12M,2,148.8,27.82,120.96,8.88
2025-01,PL,Reactivation,P1M,7,94.09,17.58,76.51,6.74
2025-01,PL,Reactivation,P3M,1,31.02,5.8,25.22,2.06
2025-01,PL,Refund - subscription,P12M,2,-148.8,-27.82,-120.96,0.0
2025-01,PL,Refund - subscription,P1M,1,-13.44,-2.51,-10.93,0.0
2025-01,PL,Renewal,P12M,13,967.17,180.83,786.27,47.76
2025-01,PL,Renewal,P1M,208,2796.47,522.93,2273.55,209.8
2025-01,PL,Renewal,P3M,24,744.48,139.2,605.28,47.79
2025-01,PL,Token pack,TP100,38,392.92,73.45,319.47,28.08
2025-01,PL,Token pack,TP1300,4,413.96,77.4,336.56,19.67
2025-01,PL,Token pack,TP275,11,284.48,53.22,231.33,18.11
2025-01,PL,Token pack,TP2800,1,206.99,38.71,168.28,11.73
2025-01,PL,Token pack,TP4500,1,310.49,58.06,252.43,17.43
2025-01,PL,Token pack,TP600,9,465.66,87.04,378.55,21.53
2025-01,ROW,Chargeback,P12M,1,-71.88,-3.42,-68.46,25.0
2025-01,ROW,Chargeback,P1M,12,-155.88,-7.44,-148.44,300.0
2025-01,ROW,Chargeback,P3M,2,-59.94,-2.86,-57.08,50.0
2025-01,ROW,New subscription,P12M,242,17394.96,828.33,16566.63,960.79
2025-01,ROW,New subscription,P1M,379,4923.21,234.42,4688.79,374.55
2025-01,ROW,New subscription,P3M,163,4885.11,232.63,4652.48,310.66
2025-01,ROW,Reactivation,P12M,20,1437.6,68.46,1369.14,85.19
2025-01,ROW,Reactivation,P1M,29,376.71,17.97,358.74,28.65
2025-01,ROW,Reactivation,P3M,14,419.58,20.01,399.57,19.5
2025-01,ROW,Refund - subscription,P12M,11,-790.68,-37.64,-753.04,0.0
2025-01,ROW,Refund - subscription,P1M,21,-272.79,-13.01,-259.78,0.0
2025-01,ROW,Refund - subscription,P3M,4,-119.88,-5.72,-114.16,0.0
2025-01,ROW,Refund - token pack,TP100,2,-19.98,-0.96,-19.02,0.0
2025-01,ROW,Refund - token pack,TP275,1,-24.99,-1.19,-23.8,0.0
2025-01,ROW,Renewal,P12M,44,3162.72,150.62,3012.1,185.3
2025-01,ROW,Renewal,P1M,642,8339.58,397.13,7942.45,625.73
2025-01,ROW,Renewal,P3M,99,2967.03,141.28,2825.75,181.35
2025-01,ROW,Token pack,TP100,75,749.25,35.67,713.58,60.0
2025-01,ROW,Token pack,TP1300,14,1399.86,66.64,1333.22,83.4
2025-01,ROW,Token pack,TP275,60,1499.4,71.4,1428.0,92.28
2025-01,ROW,Token pack,TP2800,9,1799.91,85.69,1714.22,82.8
2025-01,ROW,Token pack,TP4500,8,2399.92,114.3,2285.62,146.4
2025-01,ROW,Token pack,TP600,27,1349.73,64.26,1285.47,81.45
2025-01,SE,Chargeback,P1M,3,-40.83,-8.16,-32.67,75.0
2025-01,SE,New subscription,P12M,40,2975.88,595.2,2380.68,164.34
2025-01,SE,New subscription,P1M,85,1142.72,228.61,914.28,88.2
2025-01,SE,New subscription,P3M,27,837.54,167.47,670.07,52.37
2025-01,SE,Reactivation,P12M,3,223.2,44.64,178.56,13.32
2025-01,SE,Reactivation,P1M,5,67.2,13.45,53.8,5.45
2025-01,SE,Reactivation,P3M,1,31.02,6.2,24.82,2.06
2025-01,SE,Refund - subscription,P12M,2,-148.8,-29.76,-119.04,0.0
2025-01,SE,Refund - subscription,P1M,7,-94.09,-18.83,-75.31,0.0
2025-01,SE,Refund - subscription,P3M,1,-31.02,-6.2,-24.82,0.0
2025-01,SE,Refund - token pack,TP275,1,-25.86,-5.17,-20.69,0.0
2025-01,SE,Renewal,P12M,10,744.0,148.8,595.2,37.76
2025-01,SE,Renewal,P1M,152,2043.57,408.69,1634.87,155.89
2025-01,SE,Renewal,P3M,24,744.48,148.86,595.62,44.61
2025-01,SE,Token pack,TP100,24,248.16,49.68,198.48,18.25
2025-01,SE,Token pack,TP1300,5,517.45,103.5,413.95,30.2
2025-01,SE,Token pack,TP275,18,465.49,93.07,372.42,29.11
2025-01,SE,Token pack,TP2800,4,827.96,165.6,662.36,46.92
2025-01,SE,Token pack,TP4500,4,1241.96,248.4,993.56,69.72
2025-01,SE,Token pack,TP600,6,310.44,62.1,248.34,19.2
2025-01,US,Chargeback,P12M,11,-790.68,-44.77,-745.91,275.0
2025-01,US,Chargeback,P1M,50,-649.5,-36.81,-612.69,1250.0
2025-01,US,Chargeback,P3M,11,-329.67,-18.69,-310.98,275.0
2025-01,US,New subscription,P12M,764,54916.32,3108.45,51807.87,3138.93
2025-01,US,New subscription,P1M,1845,23966.55,1356.61,22609.94,1862.35
2025-01,US,New subscription,P3M,586,17562.42,994.1,16568.32,1115.79
2025-01,US,Reactivation,P12M,67,4815.96,272.67,4543.29,294.97
2025-01,US,Reactivation,P1M,175,2273.25,128.69,2144.56,171.25
2025-01,US,Reactivation,P3M,46,1378.62,78.06,1300.56,93.25
2025-01,US,Refund - subscription,P12M,38,-2731.44,-154.63,-2576.81,0.0
2025-01,US,Refund - subscription,P1M,109,-1415.91,-80.21,-1335.7,0.0
2025-01,US,Refund - subscription,P3M,19,-569.43,-32.26,-537.17,0.0
2025-01,US,Refund - token pack,TP100,9,-89.91,-5.12,-84.79,0.0
2025-01,US,Refund - token pack,TP1300,2,-199.98,-11.32,-188.66,0.0
2025-01,US,Refund - token pack,TP275,3,-74.97,-4.23,-70.74,0.0
2025-01,US,Refund - token pack,TP600,5,-249.95,-14.15,-235.8,0.0
2025-01,US,Renewal,P12M,193,13872.84,785.24,13087.6,805.46
2025-01,US,Renewal,P1M,3465,45010.35,2547.77,42462.58,3449.97
2025-01,US,Renewal,P3M,530,15884.1,899.12,14984.98,1006.56
2025-01,US,Token pack,TP100,600,5994.0,339.29,5654.71,485.68
2025-01,US,Token pack,TP1300,101,10098.99,571.66,9527.33,597.89
2025-01,US,Token pack,TP275,320,7996.8,452.66,7544.14,516.0
2025-01,US,Token pack,TP2800,67,13399.33,758.44,12640.89,768.3
2025-01,US,Token pack,TP4500,37,11099.63,628.26,10471.37,566.7
2025-01,US,Token pack,TP600,194,9698.06,549.02,9149.04,589.18
2025-02,AU,Chargeback,P12M,1,-71.88,-6.53,-65.35,25.0
2025-02,AU,Chargeback,P1M,2,-25.98,-2.36,-23.62,50.0
2025-02,AU,Chargeback,P3M,2,-59.94,-5.44,-54.5,50.0
2025-02,AU,New subscription,P12M,88,6325.44,574.99,5750.45,356.44
2025-02,AU,New subscription,P1M,200,2598.0,236.19,2361.81,203.53
2025-02,AU,New subscription,P3M,63,1888.11,171.61,1716.5,123.94
2025-02,AU,Reactivation,P12M,12,862.56,78.39,784.17,44.75
2025-02,AU,Reactivation,P1M,41,532.59,48.38,484.21,44.28
2025-02,AU,Reactivation,P3M,7,209.79,19.04,190.75,13.05
2025-02,AU,Refund - subscription,P12M,8,-575.04,-52.26,-522.78,0.0
2025-02,AU,Refund - subscription,P1M,11,-142.89,-12.98,-129.91,0.0
2025-02,AU,Refund - subscription,P3M,4,-119.88,-10.89,-108.99,0.0
2025-02,AU,Refund - token pack,TP100,1,-9.99,-0.91,-9.08,0.0
2025-02,AU,Refund - token pack,TP275,1,-24.99,-2.27,-22.72,0.0
2025-02,AU,Renewal,P12M,14,1006.32,91.45,914.87,57.51
2025-02,AU,Renewal,P1M,387,5027.13,457.0,4570.13,384.12
2025-02,AU,Renewal,P3M,69,2067.93,187.94,1879.99,136.56
2025-02,AU,Token pack,TP100,60,599.4,54.5,544.9,51.0
2025-02,AU,Token pack,TP1300,14,1399.86,127.26,1272.6,88.2
2025-02,AU,Token pack,TP275,40,999.6,90.84,908.76,62.0
2025-02,AU,Token pack,TP2800,4,799.96,72.72,727.24,30.6
2025-02,AU,Token pack,TP4500,8,2399.92,218.16,2181.76,132.6
2025-02,AU,Token pack,TP600,31,1549.69,140.84,1408.85,99.75
2025-02,BR,Chargeback,P12M,1,-71.88,-3.42,-68.46,25.0
2025-02,BR,Chargeback,P1M,3,-38.97,-1.86,-37.11,75.0
2025-02,BR,Chargeback,P3M,1,-29.97,-1.43,-28.54,25.0
2025-02,BR,New subscription,P12M,98,7044.24,335.46,6708.78,409.66
2025-02,BR,New subscription,P1M,171,2221.29,105.78,2115.51,172.21
2025-02,BR,New subscription,P3M,43,1288.71,61.37,1227.34,73.76
2025-02,BR,Reactivation,P12M,16,1150.08,54.75,1095.33,66.72
2025-02,BR,Reactivation,P1M,24,311.76,14.87,296.89,25.92
2025-02,BR,Reactivation,P3M,6,179.82,8.57,171.25,12.6
2025-02,BR,Refund - subscription,P12M,3,-215.64,-10.26,-205.38,0.0
2025-02,BR,Refund - subscription,P1M,7,-90.93,-4.34,-86.59,0.0
2025-02,BR,Refund - subscription,P3M,2,-59.94,-2.86,-57.08,0.0
2025-02,BR,Renewal,P12M,21,1509.48,71.87,1437.61,89.8
2025-02,BR,Renewal,P1M,256,3325.44,158.38,3167.06,255.09
2025-02,BR,Renewal,P3M,37,1108.89,52.81,1056.08,72.71
2025-02,BR,Token pack,TP100,28,279.72,13.36,266.36,19.2
2025-02,BR,Token pack,TP1300,8,799.92,38.08,761.84,40.8
2025-02,BR,Token pack,TP275,18,449.82,21.42,428.4,28.11
2025-02,BR,Token pack,TP2800,4,799.96,38.08,761.88,12.0
2025-02,BR,Token pack,TP4500,4,1199.96,57.16,1142.8,45.6
2025-02,BR,Token pack,TP600,18,899.82,42.84,856.98,54.3
2025-02,CA,Chargeback,P1M,3,-38.97,-4.47,-34.5,75.0
2025-02,CA,Chargeback,P3M,2,-59.94,-6.9,-53.04,50.0
2025-02,CA,New subscription,P12M,116,8338.08,959.3,7378.78,482.09
2025-02,CA,New subscription,P1M,252,3273.48,376.63,2896.85,249.9
2025-02,CA,New subscription,P3M,83,2487.51,286.2,2201.31,160.95
2025-02,CA,Reactivation,P12M,26,1868.88,215.02,1653.86,116.4
2025-02,CA,Reactivation,P1M,32,415.68,47.78,367.9,33.67
2025-02,CA,Reactivation,P3M,12,359.64,41.4,318.24,25.2
2025-02,CA,Refund - subscription,P12M,3,-215.64,-24.81,-190.83,0.0
2025-02,CA,Refund - subscription,P1M,10,-129.9,-14.92,-114.98,0.0
2025-02,CA,Refund - subscription,P3M,1,-29.97,-3.45,-26.52,0.0
2025-02,CA,Refund - token pack,TP100,2,-19.98,-2.3,-17.68,0.0
2025-02,CA,Refund - token pack,TP275,2,-49.98,-5.74,-44.24,0.0
2025-02,CA,Renewal,P12M,35,2515.8,289.45,2226.35,150.83
2025-02,CA,Renewal,P1M,449,5832.51,671.01,5161.5,451.93
2025-02,CA,Renewal,P3M,73,2187.81,251.72,1936.09,139.97
2025-02,CA,Token pack,TP100,96,959.04,110.39,848.65,80.4
2025-02,CA,Token pack,TP1300,15,1499.85,172.55,1327.3,84.9
2025-02,CA,Token pack,TP275,64,1599.36,183.94,1415.42,110.91
2025-02,CA,Token pack,TP2800,9,1799.91,207.08,1592.83,110.7
2025-02,CA,Token pack,TP4500,5,1499.95,172.55,1327.4,77.7
2025-02,CA,Token pack,TP600,26,1299.74,149.5,1150.24,75.6
2025-02,CH,Chargeback,P1M,1,-13.44,-1.01,-12.44,25.0
2025-02,CH,New subscription,P12M,28,2095.15,156.99,1938.16,111.69
2025-02,CH,New subscription,P1M,89,1203.57,90.2,1113.39,90.21
2025-02,CH,New subscription,P3M,22,686.4,51.47,634.92,42.31
2025-02,CH,Reactivation,P12M,9,673.46,50.48,622.98,40.22
2025-02,CH,Reactivation,P1M,10,135.21,10.11,125.1,10.91
2025-02,CH,Reactivation,P3M,3,93.6,7.02,86.58,6.21
2025-02,CH,Refund - subscription,P12M,1,-74.83,-5.61,-69.22,0.0
2025-02,CH,Refund - subscription,P1M,3,-40.57,-3.04,-37.53,0.0
2025-02,CH,Refund - subscription,P3M,1,-31.2,-2.34,-28.86,0.0
2025-02,CH,Refund - token pack,TP100,1,-10.4,-0.78,-9.62,0.0
2025-02,CH,Renewal,P12M,11,823.09,61.67,761.42,45.79
2025-02,CH,Renewal,P1M,141,1906.7,142.89,1763.87,139.95
2025-02,CH,Renewal,P3M,30,936.0,70.15,865.8,55.62
2025-02,CH,Token pack,TP100,31,322.4,24.18,298.22,25.49
2025-02,CH,Token pack,TP1300,6,624.54,46.8,577.74,27.4
2025-02,CH,Token pack,TP275,14,364.16,27.3,336.96,23.53
2025-02,CH,Token pack,TP2800,5,1040.95,78.0,962.95,59.0
2025-02,CH,Token pack,TP4500,1,312.29,23.4,288.89,17.53
2025-02,CH,Token pack,TP600,9,468.36,35.1,433.26,26.46
2025-02,DE,Chargeback,P12M,3,-223.2,-35.64,-187.56,75.0
2025-02,DE,Chargeback,P1M,16,-215.08,-34.36,-180.79,400.0
2025-02,DE,Chargeback,P3M,2,-62.04,-9.9,-52.14,50.0
2025-02,DE,New subscription,P12M,166,12421.3,1983.23,10438.08,674.43
2025-02,DE,New subscription,P1M,393,5314.38,848.54,4465.9,409.37
2025-02,DE,New subscription,P3M,115,3587.92,572.88,3014.98,218.44
2025-02,DE,Reactivation,P12M,27,2020.33,322.57,1697.76,100.55
2025-02,DE,Reactivation,P1M,40,540.92,86.39,454.52,42.83
2025-02,DE,Reactivation,P3M,20,624.0,99.61,524.37,38.17
2025-02,DE,Refund - subscription,P12M,10,-748.28,-119.48,-628.8,0.0
2025-02,DE,Refund - subscription,P1M,20,-270.44,-43.19,-227.25,0.0
2025-02,DE,Refund - subscription,P3M,2,-62.4,-9.96,-52.44,0.0
2025-02,DE,Refund - token pack,TP100,2,-20.8,-3.32,-17.48,0.0
2025-02,DE,Refund - token pack,TP275,1,-26.01,-4.15,-21.86,0.0
2025-02,DE,Renewal,P12M,66,4938.57,788.49,4150.08,278.04
2025-02,DE,Renewal,P1M,784,10601.69,1692.71,8909.0,796.9
2025-02,DE,Renewal,P3M,127,3962.28,632.65,3329.59,241.6
2025-02,DE,Token pack,TP100,140,1456.0,232.4,1223.5,122.17
2025-02,DE,Token pack,TP1300,34,3539.06,565.08,2973.98,197.46
2025-02,DE,Token pack,TP275,77,2003.1,319.81,1683.24,123.16
2025-02,DE,Token pack,TP2800,14,2914.66,465.36,2449.3,165.2
2025-02,DE,Token pack,TP4500,7,2186.03,349.02,1837.01,122.7
2025-02,DE,Token pack,TP600,38,1977.52,315.78,1661.74,109.87
2025-02,ES,Chargeback,P12M,2,-148.8,-25.82,-122.96,50.0
2025-02,ES,Chargeback,P1M,2,-26.89,-4.67,-22.22,50.0
2025-02,ES,Chargeback,P3M,2,-62.04,-10.76,-51.28,50.0
2025-02,ES,New subscription,P12M,66,4938.6,857.12,4081.44,268.02
2025-02,ES,New subscription,P1M,162,2190.67,380.18,1810.46,161.13
2025-02,ES,New subscription,P3M,37,1154.4,200.29,953.98,73.27
2025-02,ES,Reactivation,P12M,11,823.11,142.87,680.24,49.15
2025-02,ES,Reactivation,P1M,15,202.83,35.22,167.67,15.49
2025-02,ES,Reactivation,P3M,5,156.0,27.06,128.91,8.74
2025-02,ES,Refund - subscription,P12M,4,-299.32,-51.96,-247.36,0.0
2025-02,ES,Refund - subscription,P1M,13,-175.79,-30.51,-145.3,0.0
2025-02,ES,Refund - token pack,TP100,2,-20.8,-3.6,-17.18,0.0
2025-02,ES,Renewal,P12M,13,972.77,168.85,803.92,51.4
2025-02,ES,Renewal,P1M,308,4164.97,722.86,3442.12,314.6
2025-02,ES,Renewal,P3M,55,1715.98,297.76,1418.1,108.86
2025-02,ES,Token pack,TP100,56,582.4,101.03,481.27,51.61
2025-02,ES,Token pack,TP1300,14,1457.26,252.94,1204.32,80.51
2025-02,ES,Token pack,TP275,22,572.27,99.27,473.0,34.99
2025-02,ES,Token pack,TP2800,6,1249.14,216.78,1032.36,70.8
2025-02,ES,Token pack,TP4500,5,1561.45,271.0,1290.45,74.8
2025-02,ES,Token pack,TP600,19,988.76,171.57,817.17,58.58
2025-02,FR,Chargeback,P12M,2,-148.8,-24.8,-124.0,50.0
2025-02,FR,Chargeback,P1M,4,-53.76,-8.96,-44.8,100.0
2025-02,FR,Chargeback,P3M,2,-62.04,-10.34,-51.7,50.0
2025-02,FR,New subscription,P12M,153,11448.55,1908.07,9540.45,633.08
2025-02,FR,New subscription,P1M,433,5855.29,975.86,4879.38,443.29
2025-02,FR,New subscription,P3M,117,3650.3,608.4,3041.9,222.55
2025-02,FR,Reactivation,P12M,17,1272.09,211.99,1060.1,59.23
2025-02,FR,Reactivation,P1M,33,446.27,74.36,371.91,35.19
2025-02,FR,Reactivation,P3M,9,280.8,46.8,234.0,18.62
2025-02,FR,Refund - subscription,P12M,6,-448.97,-74.82,-374.15,0.0
2025-02,FR,Refund - subscription,P1M,12,-162.25,-27.02,-135.24,0.0
2025-02,FR,Refund - subscription,P3M,5,-156.0,-26.0,-130.0,0.0
2025-02,FR,Refund - token pack,TP100,2,-20.8,-3.46,-17.34,0.0
2025-02,FR,Refund - token pack,TP275,1,-26.01,-4.34,-21.68,0.0
2025-02,FR,Refund - token pack,TP600,2,-104.08,-17.34,-86.74,0.0
2025-02,FR,Renewal,P12M,33,2469.29,411.52,2057.76,134.03
2025-02,FR,Renewal,P1M,550,7437.39,1239.59,6197.86,559.67
2025-02,FR,Renewal,P3M,68,2121.58,353.6,1767.99,135.71
2025-02,FR,Token pack,TP100,104,1081.6,180.26,901.33,85.15
2025-02,FR,Token pack,TP1300,21,2185.89,364.32,1821.54,123.0
2025-02,FR,Token pack,TP275,47,1222.65,203.8,1018.96,80.88
2025-02,FR,Token pack,TP2800,16,3331.04,555.2,2775.84,180.12
2025-02,FR,Token pack,TP4500,11,3435.19,572.55,2862.64,179.97
2025-02,FR,Token pack,TP600,30,1561.2,260.19,1301.01,89.02
2025-02,GB,Chargeback,P12M,2,-177.68,-29.62,-148.08,50.0
2025-02,GB,Chargeback,P1M,8,-128.47,-21.43,-107.04,200.0
2025-02,GB,Chargeback,P3M,1,-37.04,-6.17,-30.87,25.0
2025-02,GB,New subscription,P12M,178,16031.68,2671.95,13359.74,853.13
2025-02,GB,New subscription,P1M,390,6347.79,1057.95,5289.86,452.6
2025-02,GB,New subscription,P3M,114,4280.96,713.49,3567.45,251.32
2025-02,GB,Reactivation,P12M,19,1711.32,285.19,1425.96,100.71
2025-02,GB,Reactivation,P1M,41,667.38,111.21,556.06,45.08
2025-02,GB,Reactivation,P3M,21,788.55,131.46,657.16,48.9
2025-02,GB,Refund - subscription,P12M,8,-720.55,-120.08,-600.41,0.0
2025-02,GB,Refund - subscription,P1M,16,-260.44,-43.4,-217.0,0.0
2025-02,GB,Refund - subscription,P3M,4,-150.2,-25.04,-125.17,0.0
2025-02,GB,Refund - token pack,TP100,4,-50.08,-8.36,-41.72,0.0
2025-02,GB,Refund - token pack,TP275,2,-62.62,-10.44,-52.18,0.0
2025-02,GB,Renewal,P12M,57,5133.78,855.58,4278.06,302.26
2025-02,GB,Renewal,P1M,853,13883.83,2313.98,11569.85,999.07
2025-02,GB,Renewal,P3M,119,4468.71,744.79,3723.94,274.5
2025-02,GB,Token pack,TP100,168,2102.87,350.48,1752.43,156.58
2025-02,GB,Token pack,TP1300,24,3006.91,501.12,2505.79,152.32
2025-02,GB,Token pack,TP275,90,2818.09,469.69,2348.4,170.48
2025-02,GB,Token pack,TP2800,18,4510.56,751.74,3758.82,243.98
2025-02,GB,Token pack,TP4500,19,7141.87,1190.33,5951.56,368.66
2025-02,GB,Token pack,TP600,51,3194.47,532.44,2662.13,173.59
2025-02,IN,Chargeback,P1M,3,-38.97,-5.94,-33.03,75.0
2025-02,IN,New subscription,P12M,50,3594.0,548.16,3045.84,209.41
2025-02,IN,New subscription,P1M,102,1324.98,202.09,1122.89,101.27
2025-02,IN,New subscription,P3M,39,1168.83,178.3,990.53,73.59
2025-02,IN,Reactivation,P12M,9,646.92,98.65,548.27,41.5
2025-02,IN,Reactivation,P1M,11,142.89,21.78,121.11,11.88
2025-02,IN,Reactivation,P3M,7,209.79,32.0,177.79,13.04
2025-02,IN,Refund - subscription,P12M,5,-359.4,-54.8,-304.6,0.0
2025-02,IN,Refund - subscription,P1M,6,-77.94,-11.89,-66.05,0.0
2025-02,IN,Refund - subscription,P3M,1,-29.97,-4.57,-25.4,0.0
2025-02,IN,Refund - token pack,TP600,1,-49.99,-7.63,-42.36,0.0
2025-02,IN,Renewal,P12M,16,1150.08,175.4,974.68,70.26
2025-02,IN,Renewal,P1M,196,2546.04,388.4,2157.64,196.54
2025-02,IN,Renewal,P3M,31,929.07,141.69,787.38,55.18
2025-02,IN,Token pack,TP100,20,199.8,30.43,169.37,16.5
2025-02,IN,Token pack,TP1300,3,299.97,45.75,254.22,18.9
2025-02,IN,Token pack,TP275,8,199.92,30.48,169.44,12.97
2025-02,IN,Token pack,TP2800,2,399.98,61.02,338.96,24.6
2025-02,IN,Token pack,TP4500,2,599.98,91.52,508.46,22.8
2025-02,IN,Token pack,TP600,9,449.91,68.67,381.24,24.6
2025-02,IT,Chargeback,P1M,4,-53.76,-9.68,-44.08,100.0
2025-02,IT,New subscription,P12M,77,5761.69,1038.98,4722.67,310.44
2025-02,IT,New subscription,P1M,150,2028.41,365.77,1662.6,151.61
2025-02,IT,New subscription,P3M,48,1497.59,270.06,1227.52,92.79
2025-02,IT,Reactivation,P12M,6,448.98,80.94,367.98,23.47
2025-02,IT,Reactivation,P1M,19,256.92,46.36,210.56,18.97
2025-02,IT,Reactivation,P3M,8,249.6,45.03,204.57,16.55
2025-02,IT,Refund - subscription,P12M,2,-149.66,-26.98,-122.66,0.0
2025-02,IT,Refund - subscription,P1M,3,-40.56,-7.32,-33.24,0.0
2025-02,IT,Refund - token pack,TP275,1,-26.01,-4.69,-21.32,0.0
2025-02,IT,Renewal,P12M,15,1122.43,202.37,919.97,56.99
2025-02,IT,Renewal,P1M,305,4124.4,743.72,3380.63,307.78
2025-02,IT,Renewal,P3M,58,1809.58,326.32,1483.24,111.86
2025-02,IT,Token pack,TP100,46,478.4,86.33,392.07,37.0
2025-02,IT,Token pack,TP1300,13,1353.17,244.01,1109.16,78.93
2025-02,IT,Token pack,TP275,25,650.31,117.25,533.05,41.72
2025-02,IT,Token pack,TP2800,5,1040.95,187.7,853.25,59.0
2025-02,IT,Token pack,TP4500,10,3122.9,563.13,2559.77,162.43
2025-02,IT,Token pack,TP600,14,728.56,131.35,597.21,42.51
2025-02,JP,Chargeback,P12M,1,-71.88,-6.53,-65.35,25.0
2025-02,JP,Chargeback,P3M,1,-29.97,-2.72,-27.25,25.0
2025-02,JP,New subscription,P12M,32,2300.16,209.04,2091.12,133.46
2025-02,JP,New subscription,P1M,77,1000.23,90.88,909.35,72.49
2025-02,JP,New subscription,P3M,31,929.07,84.42,844.65,56.84
2025-02,JP,Reactivation,P12M,7,503.16,45.73,457.43,32.29
2025-02,JP,Reactivation,P1M,10,129.9,11.8,118.1,8.14
2025-02,JP,Reactivation,P3M,2,59.94,5.44,54.5,4.2
2025-02,JP,Refund - subscription,P12M,6,-431.28,-39.18,-392.1,0.0
2025-02,JP,Refund - subscription,P1M,4,-51.96,-4.72,-47.24,0.0
2025-02,JP,Refund - token pack,TP100,2,-19.98,-1.82,-18.16,0.0
2025-02,JP,Refund - token pack,TP600,1,-49.99,-4.54,-45.45,0.0
2025-02,JP,Renewal,P12M,10,718.8,65.33,653.47,42.59
2025-02,JP,Renewal,P1M,169,2195.31,199.55,1995.76,173.61
2025-02,JP,Renewal,P3M,22,659.34,59.92,599.42,44.54
2025-02,JP,Token pack,TP100,24,239.76,21.81,217.95,17.1
2025-02,JP,Token pack,TP1300,2,199.98,18.18,181.8,12.6
2025-02,JP,Token pack,TP275,9,224.91,20.43,204.48,11.91
2025-02,JP,Token pack,TP2800,2,399.98,36.36,363.62,24.6
2025-02,JP,Token pack,TP600,11,549.89,49.96,499.93,31.2
2025-02,MX,Chargeback,P12M,2,-143.76,-19.82,-123.94,50.0
2025-02,MX,Chargeback,P1M,2,-25.98,-3.58,-22.4,50.0
2025-02,MX,New subscription,P12M,68,4887.84,674.16,4213.68,267.74
2025-02,MX,New subscription,P1M,128,1662.72,229.35,1433.37,120.47
2025-02,MX,New subscription,P3M,39,1168.83,161.2,1007.63,73.61
2025-02,MX,Reactivation,P12M,13,934.44,128.86,805.58,49.36
2025-02,MX,Reactivation,P1M,13,168.87,23.27,145.6,12.26
2025-02,MX,Reactivation,P3M,4,119.88,16.53,103.35,6.75
2025-02,MX,Refund - subscription,P12M,3,-215.64,-29.73,-185.91,0.0
2025-02,MX,Refund - subscription,P1M,4,-51.96,-7.16,-44.8,0.0
2025-02,MX,Renewal,P12M,17,1221.96,168.51,1053.45,74.87
2025-02,MX,Renewal,P1M,184,2390.16,329.69,2060.47,187.16
2025-02,MX,Renewal,P3M,31,929.07,128.14,800.93,60.12
2025-02,MX,Token pack,TP100,24,239.76,33.12,206.64,19.35
2025-02,MX,Token pack,TP1300,6,599.94,82.74,517.2,37.8
2025-02,MX,Token pack,TP275,12,299.88,41.38,258.5,17.31
2025-02,MX,Token pack,TP2800,2,399.98,55.16,344.82,15.3
2025-02,MX,Token pack,TP4500,4,1199.96,165.52,1034.44,59.4
2025-02,MX,Token pack,TP600,11,549.89,75.88,474.01,31.2
2025-02,NL,Chargeback,P12M,1,-74.4,-12.91,-61.48,25.0
2025-02,NL,Chargeback,P1M,3,-40.32,-6.99,-33.33,75.0
2025-02,NL,Chargeback,P3M,1,-31.02,-5.38,-25.64,25.0
2025-02,NL,New subscription,P12M,50,3741.35,649.35,3092.0,199.9
2025-02,NL,New subscription,P1M,132,1785.02,309.79,1475.19,132.79
2025-02,NL,New subscription,P3M,51,1591.19,276.07,1314.94,102.21
2025-02,NL,Reactivation,P12M,6,448.98,77.94,371.04,23.47
2025-02,NL,Reactivation,P1M,21,283.96,49.31,234.74,22.04
2025-02,NL,Reactivation,P3M,6,187.2,32.46,154.68,12.42
2025-02,NL,Refund - subscription,P12M,1,-74.83,-12.99,-61.84,0.0
2025-02,NL,Refund - subscription,P1M,7,-94.64,-16.45,-78.26,0.0
2025-02,NL,Refund - subscription,P3M,3,-93.6,-16.23,-77.34,0.0
2025-02,NL,Refund - token pack,TP600,1,-52.04,-9.03,-43.01,0.0
2025-02,NL,Renewal,P12M,21,1571.37,272.73,1298.64,83.78
2025-02,NL,Renewal,P1M,260,3515.87,610.21,2905.72,264.8
2025-02,NL,Renewal,P3M,43,1341.59,232.77,1108.68,84.07
2025-02,NL,Token pack,TP100,44,457.6,79.33,378.09,35.94
2025-02,NL,Token pack,TP1300,8,832.72,144.54,688.18,44.07
2025-02,NL,Token pack,TP275,25,650.32,112.82,537.5,40.33
2025-02,NL,Token pack,TP2800,4,832.76,144.52,688.24,47.2
2025-02,NL,Token pack,TP4500,3,936.87,162.6,774.27,52.59
2025-02,NL,Token pack,TP600,17,884.68,153.51,731.17,47.28
2025-02,PL,Chargeback,P1M,2,-26.88,-5.02,-21.86,50.0
2025-02,PL,Chargeback,P3M,1,-31.02,-5.8,-25.22,25.0
2025-02,PL,New subscription,P12M,42,3142.74,587.65,2555.15,174.22
2025-02,PL,New subscription,P1M,110,1487.53,278.16,1209.37,106.94
2025-02,PL,New subscription,P3M,29,904.8,169.16,735.53,53.54
2025-02,PL,Reactivation,P12M,10,748.28,139.9,608.38,41.34
2025-02,PL,Reactivation,P1M,6,81.12,15.18,65.94,6.54
2025-02,PL,Reactivation,P3M,8,249.6,46.65,202.89,16.55
2025-02,PL,Refund - subscription,P12M,1,-74.83,-13.99,-60.84,0.0
2025-02,PL,Refund - subscription,P1M,2,-27.04,-5.06,-21.98,0.0
2025-02,PL,Refund - token pack,TP275,1,-26.01,-4.86,-21.15,0.0
2025-02,PL,Renewal,P12M,10,748.28,139.9,608.38,44.68
2025-02,PL,Renewal,P1M,213,2880.32,538.61,2341.73,213.36
2025-02,PL,Renewal,P3M,29,904.8,169.15,735.52,56.75
2025-02,PL,Token pack,TP100,36,374.4,69.95,304.31,30.09
2025-02,PL,Token pack,TP1300,4,416.36,77.84,338.52,24.28
2025-02,PL,Token pack,TP275,17,442.22,82.67,359.55,27.48
2025-02,PL,Token pack,TP2800,1,208.19,38.93,169.26,11.8
2025-02,PL,Token pack,TP4500,1,312.29,58.4,253.89,4.68
2025-02,PL,Token pack,TP600,11,572.44,107.03,465.41,35.31
2025-02,ROW,Chargeback,P1M,12,-155.88,-7.44,-148.44,300.0
2025-02,ROW,Chargeback,P3M,3,-89.91,-4.29,-85.62,75.0
2025-02,ROW,New subscription,P12M,269,19335.72,920.75,18414.97,1064.1
2025-02,ROW,New subscription,P1M,384,4988.16,237.53,4750.63,377.34
2025-02,ROW,New subscription,P3M,154,4615.38,219.78,4395.6,301.69
2025-02,ROW,Reactivation,P12M,40,2875.2,136.92,2738.28,149.17
2025-02,ROW,Reactivation,P1M,41,532.59,25.42,507.17,44.28
2025-02,ROW,Reactivation,P3M,23,689.31,32.82,656.49,45.0
2025-02,ROW,Refund - subscription,P12M,7,-503.16,-23.94,-479.22,0.0
2025-02,ROW,Refund - subscription,P1M,21,-272.79,-13.0,-259.79,0.0
2025-02,ROW,Refund - subscription,P3M,4,-119.88,-5.71,-114.17,0.0
2025-02,ROW,Refund - token pack,TP100,2,-19.98,-0.96,-19.02,0.0
2025-02,ROW,Refund - token pack,TP1300,2,-199.98,-9.52,-190.46,0.0
2025-02,ROW,Renewal,P12M,45,3234.6,154.01,3080.59,189.88
2025-02,ROW,Renewal,P1M,668,8677.32,413.18,8264.14,648.51
2025-02,ROW,Renewal,P3M,134,4015.98,191.25,3824.73,243.23
2025-02,ROW,Token pack,TP100,91,909.09,43.3,865.79,72.15
2025-02,ROW,Token pack,TP1300,27,2699.73,128.53,2571.2,146.1
2025-02,ROW,Token pack,TP275,54,1349.46,64.26,1285.2,84.34
2025-02,ROW,Token pack,TP2800,11,2199.89,104.74,2095.15,116.7
2025-02,ROW,Token pack,TP4500,9,2699.91,128.61,2571.3,137.1
2025-02,ROW,Token pack,TP600,37,1849.63,88.06,1761.57,104.25
2025-02,SE,Chargeback,P12M,1,-74.4,-14.88,-59.52,25.0
2025-02,SE,Chargeback,P1M,1,-13.44,-2.69,-10.76,25.0
2025-02,SE,New subscription,P12M,39,2918.27,583.71,2334.56,157.49
2025-02,SE,New subscription,P1M,68,919.55,183.87,735.62,69.0
2025-02,SE,New subscription,P3M,24,748.8,149.76,599.04,48.03
2025-02,SE,Reactivation,P12M,5,374.14,74.84,299.3,18.99
2025-02,SE,Reactivation,P1M,10,135.2,27.0,108.2,10.01
2025-02,SE,Reactivation,P3M,2,62.4,12.48,49.92,2.54
2025-02,SE,Refund - subscription,P12M,1,-74.83,-14.97,-59.86,0.0
2025-02,SE,Refund - subscription,P1M,4,-54.08,-10.8,-43.28,0.0
2025-02,SE,Refund - subscription,P3M,2,-62.4,-12.48,-49.92,0.0
2025-02,SE,Renewal,P12M,14,1047.59,209.55,838.04,59.2
2025-02,SE,Renewal,P1M,160,2163.62,432.74,1730.86,168.75
2025-02,SE,Renewal,P3M,23,717.6,143.52,574.08,39.55
2025-02,SE,Token pack,TP100,25,260.0,52.0,208.0,22.26
2025-02,SE,Token pack,TP1300,5,520.45,104.1,416.35,16.82
2025-02,SE,Token pack,TP275,15,390.18,78.02,312.17,25.31
2025-02,SE,Token pack,TP2800,6,1249.14,249.84,999.3,70.8
2025-02,SE,Token pack,TP4500,1,312.29,62.46,249.83,17.53
2025-02,SE,Token pack,TP600,9,468.36,93.69,374.67,21.6
2025-02,US,Chargeback,P12M,9,-646.92,-36.63,-610.29,225.0
2025-02,US,Chargeback,P1M,54,-701.46,-39.76,-661.7,1350.0
2025-02,US,Chargeback,P3M,5,-149.85,-8.5,-141.35,125.0
2025-02,US,New subscription,P12M,821,59013.48,3340.38,55673.1,3355.91
2025-02,US,New subscription,P1M,1747,22693.53,1284.53,21409.0,1764.51
2025-02,US,New subscription,P3M,535,16033.95,907.58,15126.37,1033.51
2025-02,US,Reactivation,P12M,124,8913.12,504.47,8408.65,518.95
2025-02,US,Reactivation,P1M,293,3806.07,215.45,3590.62,298.57
2025-02,US,Reactivation,P3M,69,2067.93,117.07,1950.86,129.94
2025-02,US,Refund - subscription,P12M,51,-3665.88,-207.5,-3458.38,0.0
2025-02,US,Refund - subscription,P1M,100,-1299.0,-73.57,-1225.43,0.0
2025-02,US,Refund - subscription,P3M,20,-599.4,-33.96,-565.44,0.0
2025-02,US,Refund - token pack,TP100,9,-89.91,-5.13,-84.78,0.0
2025-02,US,Refund - token pack,TP1300,7,-699.93,-39.62,-660.31,0.0
2025-02,US,Refund - token pack,TP275,2,-49.98,-2.82,-47.16,0.0
2025-02,US,Refund - token pack,TP2800,1,-199.99,-11.32,-188.67,0.0
2025-02,US,Refund - token pack,TP600,2,-99.98,-5.66,-94.32,0.0
2025-02,US,Renewal,P12M,260,18688.8,1057.84,17630.96,1103.88
2025-02,US,Renewal,P1M,3643,47322.57,2678.63,44643.94,3638.57
2025-02,US,Renewal,P3M,566,16963.02,960.19,16002.83,1098.54
2025-02,US,Token pack,TP100,705,7042.95,398.64,6644.31,568.87
2025-02,US,Token pack,TP1300,148,14798.52,837.68,13960.84,855.59
2025-02,US,Token pack,TP275,366,9146.34,517.73,8628.61,611.56
2025-02,US,Token pack,TP2800,93,18599.07,1052.76,17546.31,1041.6
2025-02,US,Token pack,TP4500,43,12899.57,730.14,12169.43,731.7
2025-02,US,Token pack,TP600,244,12197.56,690.51,11507.05,720.96
2025-03,AU,Chargeback,P12M,1,-71.88,-6.53,-65.35,25.0
2025-03,AU,Chargeback,P1M,6,-77.94,-7.08,-70.86,150.0
2025-03,AU,Chargeback,P3M,1,-29.97,-2.72,-27.25,25.0
2025-03,AU,New subscription,P12M,90,6469.2,588.07,5881.13,372.75
2025-03,AU,New subscription,P1M,204,2853.96,259.44,2594.52,215.77
2025-03,AU,New subscription,P3M,70,2097.9,190.65,1907.25,138.63
2025-03,AU,Reactivation,P12M,10,718.8,65.31,653.49,35.51
2025-03,AU,Reactivation,P1M,20,279.8,25.41,254.39,20.94
2025-03,AU,Reactivation,P3M,10,299.7,27.23,272.47,19.35
2025-03,AU,Refund - subscription,P12M,4,-287.52,-26.12,-261.4,0.0
2025-03,AU,Refund - subscription,P1M,9,-121.91,-11.08,-110.83,0.0
2025-03,AU,Refund - subscription,P3M,3,-89.91,-8.16,-81.75,0.0
2025-03,AU,Refund - token pack,TP100,2,-19.98,-1.82,-18.16,0.0
2025-03,AU,Refund - token pack,TP275,1,-24.99,-2.27,-22.72,0.0
2025-03,AU,Renewal,P12M,22,1581.36,143.72,1437.64,90.87
2025-03,AU,Renewal,P1M,411,5340.89,485.52,4855.37,414.56
2025-03,AU,Renewal,P3M,56,1678.32,152.52,1525.8,109.27
2025-03,AU,Token pack,TP100,62,619.38,56.31,563.07,51.3
2025-03,AU,Token pack,TP1300,18,1799.82,163.62,1636.2,99.0
2025-03,AU,Token pack,TP275,38,949.62,86.29,863.33,65.54
2025-03,AU,Token pack,TP2800,9,1799.91,163.62,1636.29,110.7
2025-03,AU,Token pack,TP4500,5,1499.95,136.35,1363.6,91.5
2025-03,AU,Token pack,TP600,31,1549.69,140.82,1408.87,89.55
2025-03,BR,Chargeback,P12M,2,-143.76,-6.84,-136.92,50.0
2025-03,BR,Chargeback,P1M,6,-77.94,-3.72,-74.22,150.0
2025-03,BR,New subscription,P12M,94,6756.72,321.76,6434.96,387.65
2025-03,BR,New subscription,P1M,148,2070.52,98.55,1971.97,151.05
2025-03,BR,New subscription,P3M,54,1618.38,77.08,1541.3,105.09
2025-03,BR,Reactivation,P12M,10,718.8,34.22,684.58,42.59
2025-03,BR,Reactivation,P1M,10,139.9,6.67,133.23,10.47
2025-03,BR,Reactivation,P3M,5,149.85,7.14,142.71,8.85
2025-03,BR,Refund - subscription,P12M,4,-287.52,-13.68,-273.84,0.0
2025-03,BR,Refund - subscription,P1M,6,-81.94,-3.91,-78.03,0.0
2025-03,BR,Renewal,P12M,24,1725.12,82.11,1643.01,85.94
2025-03,BR,Renewal,P1M,266,3458.34,164.71,3293.63,267.8
2025-03,BR,Renewal,P3M,50,1498.5,71.32,1427.18,86.81
2025-03,BR,Token pack,TP100,33,329.67,15.74,313.93,27.45
2025-03,BR,Token pack,TP1300,9,899.91,42.84,857.07,56.7
2025-03,BR,Token pack,TP275,21,524.79,24.99,499.8,32.08
2025-03,BR,Token pack,TP2800,6,1199.94,57.12,1142.82,73.8
2025-03,BR,Token pack,TP4500,6,1799.94,85.73,1714.21,96.0
2025-03,BR,Token pack,TP600,8,399.92,19.04,380.88,23.85
2025-03,CA,Chargeback,P12M,2,-143.76,-16.54,-127.22,50.0
2025-03,CA,Chargeback,P1M,8,-103.92,-11.93,-91.99,200.0
2025-03,CA,Chargeback,P3M,1,-29.97,-3.45,-26.52,25.0
2025-03,CA,New subscription,P12M,131,9416.28,1083.35,8332.93,544.19
2025-03,CA,New subscription,P1M,239,3343.61,384.74,2958.87,251.92
2025-03,CA,New subscription,P3M,69,2067.93,237.92,1830.01,134.87
2025-03,CA,Reactivation,P12M,8,575.04,66.16,508.88,36.88
2025-03,CA,Reactivation,P1M,28,391.72,45.08,346.64,30.06
2025-03,CA,Reactivation,P3M,11,329.67,37.95,291.72,23.1
2025-03,CA,Refund - subscription,P12M,6,-431.28,-49.62,-381.66,0.0
2025-03,CA,Refund - subscription,P1M,9,-120.91,-13.9,-107.01,0.0
2025-03,CA,Refund - subscription,P3M,1,-29.97,-3.45,-26.52,0.0
2025-03,CA,Refund - token pack,TP100,1,-9.99,-1.15,-8.84,0.0
2025-03,CA,Refund - token pack,TP600,1,-49.99,-5.75,-44.24,0.0
2025-03,CA,Renewal,P12M,20,1437.6,165.4,1272.2,74.58
2025-03,CA,Renewal,P1M,481,6251.19,719.17,5532.02,491.08
2025-03,CA,Renewal,P3M,59,1768.23,203.46,1564.77,113.92
2025-03,CA,Token pack,TP100,78,779.22,89.7,689.52,62.7
2025-03,CA,Token pack,TP1300,15,1499.85,172.53,1327.32,89.7
2025-03,CA,Token pack,TP275,47,1174.53,135.06,1039.47,71.75
2025-03,CA,Token pack,TP2800,7,1399.93,161.07,1238.86,76.8
2025-03,CA,Token pack,TP4500,7,2099.93,241.57,1858.36,128.1
2025-03,CA,Token pack,TP600,32,1599.68,184.0,1415.68,95.4
2025-03,CH,Chargeback,P1M,1,-13.52,-1.01,-12.51,25.0
2025-03,CH,New subscription,P12M,44,3418.83,256.11,3162.72,175.77
2025-03,CH,New subscription,P1M,99,1497.19,112.18,1385.01,111.29
2025-03,CH,New subscription,P3M,29,939.6,70.47,869.13,55.21
2025-03,CH,Reactivation,P12M,4,310.8,23.28,287.52,18.48
2025-03,CH,Reactivation,P1M,11,166.33,12.44,153.89,12.03
2025-03,CH,Reactivation,P3M,3,97.2,7.29,89.91,6.39
2025-03,CH,Refund - subscription,P1M,7,-101.53,-7.6,-93.93,0.0
2025-03,CH,Refund - token pack,TP275,2,-54.02,-4.04,-49.98,0.0
2025-03,CH,Renewal,P12M,16,1243.2,93.12,1150.08,67.05
2025-03,CH,Renewal,P1M,154,2163.6,162.14,2001.46,154.63
2025-03,CH,Renewal,P3M,16,518.4,38.88,479.52,34.08
2025-03,CH,Token pack,TP100,42,453.6,34.02,419.58,36.52
2025-03,CH,Token pack,TP1300,3,324.27,24.3,299.97,18.87
2025-03,CH,Token pack,TP275,11,297.11,22.22,274.89,17.38
2025-03,CH,Token pack,TP2800,3,648.57,48.6,599.97,36.72
2025-03,CH,Token pack,TP4500,4,1297.16,97.2,1199.96,59.42
2025-03,CH,Token pack,TP600,10,540.4,40.5,499.9,30.69
2025-03,DE,Chargeback,P12M,7,-523.81,-83.65,-440.16,175.0
2025-03,DE,Chargeback,P1M,10,-135.22,-21.6,-113.62,250.0
2025-03,DE,Chargeback,P3M,4,-124.8,-19.92,-104.88,100.0
2025-03,DE,New subscription,P12M,164,12743.16,2034.59,10708.55,682.19
2025-03,DE,New subscription,P1M,427,6457.59,1031.01,5426.55,482.66
2025-03,DE,New subscription,P3M,120,3887.75,620.74,3266.92,229.48
2025-03,DE,Reactivation,P12M,24,1864.81,297.8,1567.16,100.56
2025-03,DE,Reactivation,P1M,38,574.67,91.71,482.96,40.12
2025-03,DE,Reactivation,P3M,13,421.2,67.23,353.88,22.77
2025-03,DE,Refund - subscription,P12M,7,-543.9,-86.86,-457.09,0.0
2025-03,DE,Refund - subscription,P1M,19,-280.83,-44.8,-236.02,0.0
2025-03,DE,Refund - subscription,P3M,5,-162.0,-25.86,-136.11,0.0
2025-03,DE,Refund - token pack,TP100,2,-21.6,-3.44,-18.14,0.0
2025-03,DE,Refund - token pack,TP275,1,-27.01,-4.31,-22.7,0.0
2025-03,DE,Refund - token pack,TP600,1,-54.04,-8.63,-45.41,0.0
2025-03,DE,Renewal,P12M,49,3807.37,607.92,3199.53,209.25
2025-03,DE,Renewal,P1M,842,11839.73,1890.38,9949.29,892.9
2025-03,DE,Renewal,P3M,129,4179.35,667.3,3511.96,256.88
2025-03,DE,Token pack,TP100,157,1695.51,270.72,1424.69,131.78
2025-03,DE,Token pack,TP1300,33,3566.97,569.57,2997.39,198.32
2025-03,DE,Token pack,TP275,74,1999.01,319.17,1679.81,123.02
2025-03,DE,Token pack,TP2800,19,4107.61,655.86,3451.73,196.57
2025-03,DE,Token pack,TP4500,8,2594.32,414.23,2180.08,132.18
2025-03,DE,Token pack,TP600,44,2377.76,379.66,1998.04,131.05
2025-03,ES,Chargeback,P1M,5,-67.6,-11.75,-55.9,125.0
2025-03,ES,Chargeback,P3M,1,-31.2,-5.41,-25.78,25.0
2025-03,ES,New subscription,P12M,61,4739.79,822.65,3917.21,271.66
2025-03,ES,New subscription,P1M,172,2601.24,451.43,2149.73,188.97
2025-03,ES,New subscription,P3M,47,1522.76,264.32,1258.38,87.0
2025-03,ES,Reactivation,P12M,11,854.7,148.37,706.4,43.92
2025-03,ES,Reactivation,P1M,10,151.23,26.23,125.0,11.8
2025-03,ES,Reactivation,P3M,3,97.2,16.86,80.31,6.39
2025-03,ES,Refund - subscription,P12M,3,-233.1,-40.47,-192.66,0.0
2025-03,ES,Refund - subscription,P1M,12,-174.99,-30.37,-144.63,0.0
2025-03,ES,Refund - subscription,P3M,3,-97.2,-16.86,-80.31,0.0
2025-03,ES,Refund - token pack,TP100,1,-10.8,-1.87,-8.92,0.0
2025-03,ES,Renewal,P12M,23,1787.12,310.23,1477.02,99.38
2025-03,ES,Renewal,P1M,317,4454.61,773.09,3681.52,334.98
2025-03,ES,Renewal,P3M,49,1587.55,275.54,1311.92,94.56
2025-03,ES,Token pack,TP100,61,658.8,114.29,544.34,52.88
2025-03,ES,Token pack,TP1300,11,1188.99,206.36,982.63,64.53
2025-03,ES,Token pack,TP275,17,459.2,79.73,379.58,29.82
2025-03,ES,Token pack,TP2800,4,864.76,150.08,714.68,30.96
2025-03,ES,Token pack,TP4500,6,1945.74,337.68,1608.06,82.48
2025-03,ES,Token pack,TP600,13,702.52,121.94,580.58,38.14
2025-03,FR,Chargeback,P12M,1,-74.83,-12.47,-62.36,25.0
2025-03,FR,Chargeback,P1M,11,-148.74,-24.77,-123.97,275.0
2025-03,FR,Chargeback,P3M,1,-31.2,-5.2,-26.0,25.0
2025-03,FR,New subscription,P12M,173,13442.48,2240.35,11202.09,716.91
2025-03,FR,New subscription,P1M,427,6457.62,1076.28,5381.29,470.24
2025-03,FR,New subscription,P3M,124,4017.35,669.6,3347.77,242.94
2025-03,FR,Reactivation,P12M,20,1554.01,259.0,1295.01,85.52
2025-03,FR,Reactivation,P1M,23,347.81,57.96,289.85,27.14
2025-03,FR,Reactivation,P3M,11,356.39,59.4,296.99,23.44
2025-03,FR,Refund - subscription,P12M,5,-388.5,-64.75,-323.75,0.0
2025-03,FR,Refund - subscription,P1M,25,-369.41,-61.56,-307.82,0.0
2025-03,FR,Refund - subscription,P3M,4,-129.6,-21.6,-108.0,0.0
2025-03,FR,Refund - token pack,TP1300,1,-108.09,-18.01,-90.07,0.0
2025-03,FR,Refund - token pack,TP275,1,-27.01,-4.5,-22.51,0.0
2025-03,FR,Refund - token pack,TP4500,1,-324.29,-54.05,-270.24,0.0
2025-03,FR,Renewal,P12M,35,2719.55,453.25,2266.3,134.14
2025-03,FR,Renewal,P1M,660,9269.99,1545.06,7725.02,696.17
2025-03,FR,Renewal,P3M,75,2429.85,405.0,2024.86,150.02
2025-03,FR,Token pack,TP100,123,1328.36,221.4,1106.97,102.78
2025-03,FR,Token pack,TP1300,24,2594.16,432.29,2161.73,132.33
2025-03,FR,Token pack,TP275,68,1836.97,306.1,1530.77,109.1
2025-03,FR,Token pack,TP2800,17,3675.23,612.51,3062.71,199.08
2025-03,FR,Token pack,TP4500,8,2594.32,432.4,2161.92,132.18
2025-03,FR,Token pack,TP600,31,1675.24,279.22,1396.02,90.39
2025-03,GB,Chargeback,P12M,3,-270.21,-45.03,-225.15,75.0
2025-03,GB,Chargeback,P1M,8,-130.24,-21.68,-108.48,200.0
2025-03,GB,Chargeback,P3M,3,-112.65,-18.78,-93.87,75.0
2025-03,GB,New subscription,P12M,163,15114.26,2519.06,12595.19,819.33
2025-03,GB,New subscription,P1M,436,7868.54,1311.43,6557.12,550.01
2025-03,GB,New subscription,P3M,111,4291.43,715.22,3576.19,235.09
2025-03,GB,Reactivation,P12M,26,2410.89,401.79,2009.02,117.34
2025-03,GB,Reactivation,P1M,41,739.93,123.37,616.64,51.85
2025-03,GB,Reactivation,P3M,8,309.28,51.52,257.76,19.84
2025-03,GB,Refund - subscription,P12M,9,-834.55,-139.07,-695.43,0.0
2025-03,GB,Refund - subscription,P1M,23,-400.92,-66.82,-334.07,0.0
2025-03,GB,Refund - subscription,P3M,4,-154.64,-25.77,-128.88,0.0
2025-03,GB,Refund - token pack,TP100,3,-38.67,-6.45,-32.22,0.0
2025-03,GB,Refund - token pack,TP1300,2,-257.98,-43.0,-214.98,0.0
2025-03,GB,Refund - token pack,TP275,3,-96.72,-16.11,-80.58,0.0
2025-03,GB,Refund - token pack,TP4500,1,-386.99,-64.5,-322.49,0.0
2025-03,GB,Renewal,P12M,41,3801.78,633.6,3168.07,203.15
2025-03,GB,Renewal,P1M,885,14842.93,2473.85,12369.09,1057.74
2025-03,GB,Renewal,P3M,148,5721.93,953.63,4768.24,347.54
2025-03,GB,Token pack,TP100,156,2010.42,335.05,1675.38,152.22
2025-03,GB,Token pack,TP1300,31,3998.59,666.47,3332.19,208.7
2025-03,GB,Token pack,TP275,85,2740.16,456.69,2283.43,164.07
2025-03,GB,Token pack,TP2800,17,4385.79,730.99,3654.83,247.18
2025-03,GB,Token pack,TP4500,14,5417.84,903.0,4514.86,239.52
2025-03,GB,Token pack,TP600,50,3224.33,537.46,2687.0,171.39
2025-03,IN,Chargeback,P1M,1,-12.99,-1.98,-11.01,25.0
2025-03,IN,New subscription,P12M,53,3809.64,581.06,3228.58,205.58
2025-03,IN,New subscription,P1M,108,1510.92,230.45,1280.47,112.89
2025-03,IN,New subscription,P3M,38,1138.86,173.69,965.17,64.94
2025-03,IN,Reactivation,P12M,4,287.52,43.84,243.68,14.91
2025-03,IN,Reactivation,P1M,8,111.92,17.05,94.87,9.12
2025-03,IN,Reactivation,P3M,4,119.88,18.28,101.6,5.1
2025-03,IN,Refund - subscription,P12M,3,-215.64,-32.88,-182.76,0.0
2025-03,IN,Refund - subscription,P1M,8,-106.92,-16.3,-90.62,0.0
2025-03,IN,Renewal,P12M,11,790.68,120.58,670.1,43.66
2025-03,IN,Renewal,P1M,204,2659.96,405.74,2254.22,209.29
2025-03,IN,Renewal,P3M,38,1138.86,173.7,965.16,68.23
2025-03,IN,Token pack,TP100,26,259.74,39.6,220.14,21.15
2025-03,IN,Token pack,TP1300,1,99.99,15.25,84.74,6.3
2025-03,IN,Token pack,TP275,8,199.92,30.48,169.44,12.97
2025-03,IN,Token pack,TP2800,2,399.98,61.02,338.96,15.3
2025-03,IN,Token pack,TP600,7,349.93,53.41,296.52,20.55
2025-03,IT,Chargeback,P12M,2,-149.66,-26.98,-122.66,50.0
2025-03,IT,Chargeback,P1M,1,-13.52,-2.44,-11.08,25.0
2025-03,IT,Chargeback,P3M,1,-31.2,-5.63,-25.57,25.0
2025-03,IT,New subscription,P12M,67,5206.02,938.79,4267.23,289.03
2025-03,IT,New subscription,P1M,147,2223.13,400.86,1822.23,167.08
2025-03,IT,New subscription,P3M,51,1652.32,297.92,1354.39,102.12
2025-03,IT,Reactivation,P12M,6,466.2,84.06,382.14,27.72
2025-03,IT,Reactivation,P1M,8,120.96,21.84,99.2,8.49
2025-03,IT,Reactivation,P3M,6,194.4,35.04,159.36,12.78
2025-03,IT,Refund - subscription,P12M,1,-77.7,-14.01,-63.69,0.0
2025-03,IT,Refund - subscription,P1M,12,-176.07,-31.75,-144.34,0.0
2025-03,IT,Refund - subscription,P3M,2,-64.8,-11.68,-53.12,0.0
2025-03,IT,Renewal,P12M,19,1476.33,266.22,1210.11,77.45
2025-03,IT,Renewal,P1M,326,4585.32,826.88,3758.49,338.93
2025-03,IT,Renewal,P3M,29,939.56,169.4,770.16,61.81
2025-03,IT,Token pack,TP100,53,572.4,103.17,469.09,42.99
2025-03,IT,Token pack,TP1300,10,1080.9,194.9,886.0,58.24
2025-03,IT,Token pack,TP275,20,540.25,97.4,442.85,32.46
2025-03,IT,Token pack,TP2800,11,2378.09,428.8,1949.22,134.64
2025-03,IT,Token pack,TP600,14,756.56,136.39,620.09,46.48
2025-03,JP,Chargeback,P12M,1,-71.88,-6.53,-65.35,25.0
2025-03,JP,Chargeback,P1M,3,-38.97,-3.54,-35.43,75.0
2025-03,JP,Chargeback,P3M,1,-29.97,-2.72,-27.25,25.0
2025-03,JP,New subscription,P12M,38,2731.44,248.24,2483.2,154.06
2025-03,JP,New subscription,P1M,96,1343.04,122.09,1220.95,96.42
2025-03,JP,New subscription,P3M,25,749.25,68.04,681.21,45.9
2025-03,JP,Reactivation,P12M,6,431.28,39.19,392.09,24.13
2025-03,JP,Reactivation,P1M,14,195.86,17.78,178.08,15.03
2025-03,JP,Refund - subscription,P12M,4,-287.52,-26.12,-261.4,0.0
2025-03,JP,Refund - subscription,P1M,9,-123.91,-11.25,-112.66,0.0
2025-03,JP,Renewal,P12M,7,503.16,45.73,457.43,32.29
2025-03,JP,Renewal,P1M,169,2199.31,199.95,1999.36,167.65
2025-03,JP,Renewal,P3M,29,869.13,78.96,790.17,60.87
2025-03,JP,Token pack,TP100,18,179.82,16.38,163.44,15.45
2025-03,JP,Token pack,TP1300,10,999.9,90.9,909.0,63.0
2025-03,JP,Token pack,TP275,8,199.92,18.16,181.76,14.4
2025-03,JP,Token pack,TP4500,2,599.98,54.54,545.44,36.6
2025-03,JP,Token pack,TP600,6,299.94,27.25,272.69,19.8
2025-03,MX,Chargeback,P1M,2,-25.98,-3.58,-22.4,50.0
2025-03,MX,New subscription,P12M,63,4528.44,624.56,3903.88,251.73
2025-03,MX,New subscription,P1M,117,1636.83,225.81,1411.02,127.8
2025-03,MX,New subscription,P3M,40,1198.8,165.33,1033.47,74.1
2025-03,MX,Reactivation,P12M,6,431.28,59.47,371.81,27.67
2025-03,MX,Reactivation,P1M,12,167.88,23.16,144.72,13.68
2025-03,MX,Reactivation,P3M,5,149.85,20.65,129.2,8.85
2025-03,MX,Refund - subscription,P1M,3,-40.97,-5.65,-35.32,0.0
2025-03,MX,Refund - subscription,P3M,1,-29.97,-4.13,-25.84,0.0
2025-03,MX,Refund - token pack,TP100,1,-9.99,-1.38,-8.61,0.0
2025-03,MX,Renewal,P12M,12,862.56,118.94,743.62,51.8
2025-03,MX,Renewal,P1M,203,2643.97,364.68,2279.29,200.95
2025-03,MX,Renewal,P3M,40,1198.8,165.3,1033.5,77.36
2025-03,MX,Token pack,TP100,35,349.65,48.27,301.38,27.75
2025-03,MX,Token pack,TP1300,6,599.94,82.74,517.2,33.0
2025-03,MX,Token pack,TP275,18,449.82,62.06,387.76,28.11
2025-03,MX,Token pack,TP2800,8,1599.92,220.64,1379.28,98.4
2025-03,MX,Token pack,TP4500,4,1199.96,165.52,1034.44,73.2
2025-03,MX,Token pack,TP600,7,349.93,48.3,301.63,20.55
2025-03,NL,Chargeback,P1M,4,-54.08,-9.4,-44.72,100.0
2025-03,NL,Chargeback,P3M,1,-31.2,-5.41,-25.78,25.0
2025-03,NL,New subscription,P12M,52,4040.48,701.27,3339.26,212.79
2025-03,NL,New subscription,P1M,128,1935.79,335.91,1599.81,141.74
2025-03,NL,New subscription,P3M,39,1263.54,219.32,1044.17,78.2
2025-03,NL,Reactivation,P12M,11,854.71,148.38,706.41,50.83
2025-03,NL,Reactivation,P1M,12,181.45,31.45,150.0,12.26
2025-03,NL,Reactivation,P3M,5,162.0,28.1,133.85,10.65
2025-03,NL,Refund - subscription,P12M,3,-233.1,-40.47,-192.66,0.0
2025-03,NL,Refund - subscription,P1M,8,-118.81,-20.61,-98.21,0.0
2025-03,NL,Refund - subscription,P3M,1,-32.4,-5.62,-26.77,0.0
2025-03,NL,Refund - token pack,TP100,1,-10.8,-1.87,-8.92,0.0
2025-03,NL,Refund - token pack,TP275,1,-27.01,-4.69,-22.33,0.0
2025-03,NL,Renewal,P12M,18,1398.6,242.78,1155.92,76.29
2025-03,NL,Renewal,P1M,282,3963.14,687.78,3275.38,295.7
2025-03,NL,Renewal,P3M,42,1360.76,236.16,1124.48,82.94
2025-03,NL,Token pack,TP100,46,496.8,86.18,410.48,41.06
2025-03,NL,Token pack,TP1300,4,432.36,75.04,357.32,25.16
2025-03,NL,Token pack,TP275,17,459.19,79.73,379.59,29.83
2025-03,NL,Token pack,TP2800,6,1297.14,225.12,1072.02,64.44
2025-03,NL,Token pack,TP4500,2,648.58,112.56,536.02,36.38
2025-03,NL,Token pack,TP600,8,432.32,75.04,357.28,21.54
2025-03,PL,Chargeback,P1M,3,-40.56,-7.59,-32.97,75.0
2025-03,PL,Chargeback,P3M,1,-31.2,-5.83,-25.36,25.0
2025-03,PL,New subscription,P12M,52,4040.47,755.56,3285.01,219.68
2025-03,PL,New subscription,P1M,102,1542.59,288.46,1254.16,107.17
2025-03,PL,New subscription,P3M,30,971.98,181.78,790.2,58.99
2025-03,PL,Reactivation,P12M,2,155.4,29.06,126.34,9.24
2025-03,PL,Reactivation,P1M,5,75.6,14.15,61.5,5.9
2025-03,PL,Reactivation,P3M,3,97.2,18.18,79.02,6.39
2025-03,PL,Refund - subscription,P1M,12,-176.05,-32.95,-143.19,0.0
2025-03,PL,Refund - token pack,TP2800,1,-216.19,-40.43,-175.76,0.0
2025-03,PL,Renewal,P12M,8,621.6,116.24,505.37,33.52
2025-03,PL,Renewal,P1M,217,3049.33,570.2,2479.1,226.36
2025-03,PL,Renewal,P3M,36,1166.36,218.12,948.24,70.14
2025-03,PL,Token pack,TP100,30,324.0,60.6,263.4,24.4
2025-03,PL,Token pack,TP1300,2,216.18,40.42,175.76,12.58
2025-03,PL,Token pack,TP275,23,621.3,116.17,505.13,40.82
2025-03,PL,Token pack,TP2800,8,1729.52,323.44,1406.08,79.92
2025-03,PL,Token pack,TP4500,2,648.58,121.28,527.3,23.05
2025-03,PL,Token pack,TP600,11,594.44,111.11,483.24,28.99
2025-03,ROW,Chargeback,P12M,3,-215.64,-10.27,-205.37,75.0
2025-03,ROW,Chargeback,P1M,12,-155.88,-7.44,-148.44,300.0
2025-03,ROW,Chargeback,P3M,5,-149.85,-7.15,-142.7,125.0
2025-03,ROW,New subscription,P12M,221,15885.48,756.43,15129.05,874.51
2025-03,ROW,New subscription,P1M,441,6169.59,293.77,5875.82,455.95
2025-03,ROW,New subscription,P3M,133,3986.01,189.8,3796.21,255.96
2025-03,ROW,Reactivation,P12M,22,1581.36,75.28,1506.08,83.79
2025-03,ROW,Reactivation,P1M,47,657.53,31.34,626.19,50.79
2025-03,ROW,Reactivation,P3M,9,269.73,12.84,256.89,18.9
2025-03,ROW,Refund - subscription,P12M,10,-718.8,-34.23,-684.57,0.0
2025-03,ROW,Refund - subscription,P1M,25,-337.75,-16.08,-321.67,0.0
2025-03,ROW,Refund - subscription,P3M,1,-29.97,-1.43,-28.54,0.0
2025-03,ROW,Refund - token pack,TP100,2,-19.98,-0.96,-19.02,0.0
2025-03,ROW,Refund - token pack,TP1300,1,-99.99,-4.76,-95.23,0.0
2025-03,ROW,Renewal,P12M,58,4169.04,198.51,3970.53,242.78
2025-03,ROW,Renewal,P1M,665,8652.35,412.01,8240.34,645.16
2025-03,ROW,Renewal,P3M,144,4315.68,205.52,4110.16,279.04
2025-03,ROW,Token pack,TP100,91,909.09,43.33,865.76,72.15
2025-03,ROW,Token pack,TP1300,18,1799.82,85.68,1714.14,103.8
2025-03,ROW,Token pack,TP275,55,1374.45,65.45,1309.0,90.42
2025-03,ROW,Token pack,TP2800,10,1999.9,95.21,1904.69,113.7
2025-03,ROW,Token pack,TP4500,5,1499.95,71.45,1428.5,50.1
2025-03,ROW,Token pack,TP600,30,1499.7,71.4,1428.3,91.35
2025-03,SE,Chargeback,P1M,2,-27.04,-5.4,-21.64,50.0
2025-03,SE,New subscription,P12M,30,2331.05,466.2,1864.85,135.23
2025-03,SE,New subscription,P1M,76,1149.38,229.84,919.53,82.16
2025-03,SE,New subscription,P3M,23,745.19,149.04,596.15,44.08
2025-03,SE,Reactivation,P12M,3,233.1,46.62,186.48,13.86
2025-03,SE,Reactivation,P1M,6,90.72,18.12,72.6,7.08
2025-03,SE,Reactivation,P3M,3,97.2,19.44,77.76,6.39
2025-03,SE,Refund - subscription,P12M,2,-155.4,-31.08,-124.32,0.0
2025-03,SE,Refund - subscription,P1M,3,-44.28,-8.85,-35.43,0.0
2025-03,SE,Refund - token pack,TP100,1,-10.8,-2.16,-8.64,0.0
2025-03,SE,Refund - token pack,TP275,1,-27.01,-5.4,-21.61,0.0
2025-03,SE,Renewal,P12M,6,466.2,93.24,372.96,27.72
2025-03,SE,Renewal,P1M,169,2375.33,475.07,1900.28,181.58
2025-03,SE,Renewal,P3M,22,712.79,142.56,570.23,43.58
2025-03,SE,Token pack,TP100,32,345.6,69.12,276.48,27.83
2025-03,SE,Token pack,TP1300,5,540.45,108.1,432.35,12.77
2025-03,SE,Token pack,TP275,13,351.15,70.21,280.94,21.04
2025-03,SE,Token pack,TP2800,3,648.57,129.72,518.85,27.72
2025-03,SE,Token pack,TP4500,3,972.87,194.58,778.29,41.24
2025-03,SE,Token pack,TP600,11,594.44,118.91,475.53,23.97
2025-03,US,Chargeback,P12M,10,-718.8,-40.7,-678.1,250.0
2025-03,US,Chargeback,P1M,54,-701.46,-39.78,-661.68,1350.0
2025-03,US,Chargeback,P3M,5,-149.85,-8.5,-141.35,125.0
2025-03,US,New subscription,P12M,795,57144.6,3234.61,53909.99,3331.39
2025-03,US,New subscription,P1M,1923,26902.77,1522.8,25379.97,2048.85
2025-03,US,New subscription,P3M,601,18011.97,1019.55,16992.42,1168.7
2025-03,US,Reactivation,P12M,125,8985.0,508.57,8476.43,537.72
2025-03,US,Reactivation,P1M,188,2630.12,148.9,2481.22,200.36
2025-03,US,Reactivation,P3M,77,2307.69,130.65,2177.04,148.41
2025-03,US,Refund - subscription,P12M,36,-2587.68,-146.51,-2441.17,0.0
2025-03,US,Refund - subscription,P1M,119,-1618.81,-91.63,-1527.18,0.0
2025-03,US,Refund - subscription,P3M,16,-479.52,-27.17,-452.35,0.0
2025-03,US,Refund - token pack,TP100,12,-119.88,-6.83,-113.05,0.0
2025-03,US,Refund - token pack,TP1300,3,-299.97,-16.98,-282.99,0.0
2025-03,US,Refund - token pack,TP275,6,-149.94,-8.46,-141.48,0.0
2025-03,US,Refund - token pack,TP2800,2,-399.98,-22.64,-377.34,0.0
2025-03,US,Refund - token pack,TP4500,1,-299.99,-16.98,-283.01,0.0
2025-03,US,Refund - token pack,TP600,6,-299.94,-16.98,-282.96,0.0
2025-03,US,Renewal,P12M,226,16244.88,919.51,15325.37,968.24
2025-03,US,Renewal,P1M,3814,49599.86,2807.54,46792.32,3806.7
2025-03,US,Renewal,P3M,544,16303.68,922.87,15380.81,1045.78
2025-03,US,Token pack,TP100,773,7722.27,437.1,7285.17,632.3
2025-03,US,Token pack,TP1300,154,15398.46,871.64,14526.82,898.18
2025-03,US,Token pack,TP275,341,8521.59,482.37,8039.22,555.18
2025-03,US,Token pack,TP2800,79,15799.21,894.28,14904.93,860.1
2025-03,US,Token pack,TP4500,55,16499.45,933.9,15565.55,937.5
2025-03,US,Token pack,TP600,219,10947.81,619.76,10328.05,656.31
2025-04,AU,Chargeback,P1M,6,-78.94,-7.17,-71.77,150.0
2025-04,AU,Chargeback,P3M,1,-29.97,-2.72,-27.25,25.0
2025-04,AU,New subscription,P12M,136,7639.68,694.54,6945.14,464.03
2025-04,AU,New subscription,P1M,205,2867.95,260.73,2607.22,220.6
2025-04,AU,New subscription,P3M,71,2019.87,183.58,1836.29,129.98
2025-04,AU,Reactivation,P12M,12,862.56,78.37,784.19,55.33
2025-04,AU,Reactivation,P1M,27,377.73,34.3,343.43,29.85
2025-04,AU,Reactivation,P3M,8,239.76,21.78,217.98,15.15
2025-04,AU,Refund - subscription,P12M,4,-263.52,-23.95,-239.57,0.0
2025-04,AU,Refund - subscription,P1M,6,-80.94,-7.35,-73.59,0.0
2025-04,AU,Refund - subscription,P3M,1,-26.97,-2.45,-24.52,0.0
2025-04,AU,Refund - token pack,TP275,2,-49.98,-4.54,-45.44,0.0
2025-04,AU,Renewal,P12M,26,1868.88,169.86,1699.02,95.2
2025-04,AU,Renewal,P1M,435,5779.65,525.43,5254.22,441.3
2025-04,AU,Renewal,P3M,78,2337.66,212.48,2125.18,153.78
2025-04,AU,Token pack,TP100,84,839.16,76.29,762.87,71.1
2025-04,AU,Token pack,TP1300,17,1699.83,154.53,1545.3,73.5
2025-04,AU,Token pack,TP275,46,1149.54,104.49,1045.05,79.94
2025-04,AU,Token pack,TP2800,18,3599.82,327.24,3272.58,184.2
2025-04,AU,Token pack,TP4500,6,1799.94,163.62,1636.32,82.2
2025-04,AU,Token pack,TP600,23,1149.77,104.46,1045.31,63.15
2025-04,BR,Chargeback,P12M,3,-215.64,-10.26,-205.38,75.0
2025-04,BR,Chargeback,P1M,3,-40.97,-1.95,-39.02,75.0
2025-04,BR,New subscription,P12M,138,7903.44,376.37,7527.07,450.01
2025-04,BR,New subscription,P1M,163,2280.37,108.57,2171.8,174.64
2025-04,BR,New subscription,P3M,62,1750.14,83.33,1666.81,115.65
2025-04,BR,Reactivation,P12M,9,646.92,30.8,616.12,34.44
2025-04,BR,Reactivation,P1M,18,251.82,12.04,239.78,18.66
2025-04,BR,Reactivation,P3M,9,269.73,12.86,256.87,18.9
2025-04,BR,Refund - subscription,P12M,6,-335.28,-15.96,-319.32,0.0
2025-04,BR,Refund - subscription,P1M,3,-41.97,-2.01,-39.96,0.0
2025-04,BR,Refund - subscription,P3M,1,-26.97,-1.28,-25.69,0.0
2025-04,BR,Refund - token pack,TP100,1,-9.99,-0.48,-9.51,0.0
2025-04,BR,Refund - token pack,TP600,1,-49.99,-2.38,-47.61,0.0
2025-04,BR,Renewal,P12M,17,1221.96,58.18,1163.78,78.41
2025-04,BR,Renewal,P1M,271,3601.29,171.52,3429.77,273.04
2025-04,BR,Renewal,P3M,46,1378.62,65.64,1312.98,83.37
2025-04,BR,Token pack,TP100,31,309.69,14.81,294.88,21.9
2025-04,BR,Token pack,TP1300,10,999.9,47.6,952.3,63.0
2025-04,BR,Token pack,TP275,23,574.77,27.37,547.4,37.12
2025-04,BR,Token pack,TP2800,3,599.97,28.56,571.41,36.9
2025-04,BR,Token pack,TP4500,4,1199.96,57.15,1142.81,73.2
2025-04,BR,Token pack,TP600,14,699.86,33.32,666.54,41.1
2025-04,CA,Chargeback,P1M,8,-106.92,-12.28,-94.64,200.0
2025-04,CA,Chargeback,P3M,4,-119.88,-13.8,-106.08,100.0
2025-04,CA,New subscription,P12M,167,9675.96,1113.14,8562.82,545.13
2025-04,CA,New subscription,P1M,223,3119.77,358.95,2760.82,241.12
2025-04,CA,New subscription,P3M,78,2247.66,258.59,1989.07,140.66
2025-04,CA,Reactivation,P12M,23,1653.24,190.21,1463.03,95.48
2025-04,CA,Reactivation,P1M,32,447.68,51.52,396.16,29.97
2025-04,CA,Reactivation,P3M,12,359.64,41.4,318.24,23.55
2025-04,CA,Refund - subscription,P12M,5,-311.4,-35.83,-275.57,0.0
2025-04,CA,Refund - subscription,P1M,7,-96.93,-11.15,-85.78,0.0
2025-04,CA,Refund - subscription,P3M,3,-83.91,-9.66,-74.25,0.0
2025-04,CA,Refund - token pack,TP100,1,-9.99,-1.15,-8.84,0.0
2025-04,CA,Refund - token pack,TP2800,1,-199.99,-23.01,-176.98,0.0
2025-04,CA,Refund - token pack,TP600,2,-99.98,-11.5,-88.48,0.0
2025-04,CA,Renewal,P12M,34,2443.92,281.18,2162.74,132.09
2025-04,CA,Renewal,P1M,512,6802.88,782.62,6020.26,527.66
2025-04,CA,Renewal,P3M,74,2217.78,255.16,1962.62,145.38
2025-04,CA,Token pack,TP100,98,979.02,112.7,866.32,76.2
2025-04,CA,Token pack,TP1300,21,2099.79,241.52,1858.27,108.3
2025-04,CA,Token pack,TP275,60,1499.4,172.42,1326.98,102.29
2025-04,CA,Token pack,TP2800,15,2999.85,345.15,2654.7,184.5
2025-04,CA,Token pack,TP4500,6,1799.94,207.06,1592.88,96.0
2025-04,CA,Token pack,TP600,31,1549.69,178.25,1371.44,99.75
2025-04,CH,Chargeback,P1M,2,-28.08,-2.1,-25.98,50.0
2025-04,CH,Chargeback,P3M,1,-32.4,-2.43,-29.97,25.0
2025-04,CH,New subscription,P12M,53,3415.76,255.99,3159.82,196.78
2025-04,CH,New subscription,P1M,66,1036.86,77.68,959.21,72.27
2025-04,CH,New subscription,P3M,31,986.08,73.87,912.18,58.72
2025-04,CH,Reactivation,P12M,2,161.44,12.1,149.34,9.58
2025-04,CH,Reactivation,P1M,8,125.68,9.43,116.25,8.72
2025-04,CH,Reactivation,P3M,4,134.64,10.08,124.52,8.8
2025-04,CH,Refund - subscription,P12M,2,-107.54,-8.06,-99.48,0.0
2025-04,CH,Refund - subscription,P1M,5,-78.55,-5.9,-72.65,0.0
2025-04,CH,Refund - subscription,P3M,1,-30.29,-2.27,-28.02,0.0
2025-04,CH,Refund - token pack,TP100,1,-11.22,-0.84,-10.38,0.0
2025-04,CH,Renewal,P12M,4,322.88,24.2,298.68,15.58
2025-04,CH,Renewal,P1M,170,2542.82,190.52,2352.26,183.15
2025-04,CH,Renewal,P3M,22,740.48,55.46,684.9,38.22
2025-04,CH,Token pack,TP100,40,448.8,33.6,415.13,37.09
2025-04,CH,Token pack,TP1300,7,786.03,58.88,727.1,45.7
2025-04,CH,Token pack,TP275,16,448.99,33.63,415.36,25.84
2025-04,CH,Token pack,TP2800,4,898.36,67.32,831.04,50.8
2025-04,CH,Token pack,TP600,16,898.24,67.33,830.88,47.24
2025-04,DE,Chargeback,P12M,4,-310.8,-49.64,-261.2,100.0
2025-04,DE,Chargeback,P1M,17,-245.19,-39.13,-206.06,425.0
2025-04,DE,Chargeback,P3M,2,-64.8,-10.34,-54.44,50.0
2025-04,DE,New subscription,P12M,243,15868.92,2533.67,13335.23,866.31
2025-04,DE,New subscription,P1M,394,6190.07,988.32,5201.73,449.98
2025-04,DE,New subscription,P3M,125,4001.5,638.87,3362.66,240.89
2025-04,DE,Reactivation,P12M,23,1856.56,296.46,1560.15,103.01
2025-04,DE,Reactivation,P1M,48,754.08,120.44,633.67,57.27
2025-04,DE,Reactivation,P3M,16,538.53,85.95,452.51,33.5
2025-04,DE,Refund - subscription,P12M,6,-430.42,-68.74,-361.68,0.0
2025-04,DE,Refund - subscription,P1M,16,-250.24,-39.98,-210.27,0.0
2025-04,DE,Refund - subscription,P3M,5,-164.92,-26.33,-138.58,0.0
2025-04,DE,Refund - token pack,TP100,4,-44.88,-7.16,-37.72,0.0
2025-04,DE,Refund - token pack,TP1300,1,-112.29,-17.93,-94.36,0.0
2025-04,DE,Refund - token pack,TP275,1,-28.06,-4.48,-23.58,0.0
2025-04,DE,Refund - token pack,TP2800,1,-224.59,-35.86,-188.73,0.0
2025-04,DE,Renewal,P12M,47,3793.84,605.79,3188.17,214.39
2025-04,DE,Renewal,P1M,921,13768.83,2198.42,11570.47,1025.63
2025-04,DE,Renewal,P3M,124,4173.43,666.29,3507.06,254.28
2025-04,DE,Token pack,TP100,151,1694.04,270.47,1423.59,130.87
2025-04,DE,Token pack,TP1300,38,4267.02,681.32,3585.68,218.95
2025-04,DE,Token pack,TP275,81,2273.2,362.9,1910.25,137.16
2025-04,DE,Token pack,TP2800,18,4042.62,645.48,3397.14,228.6
2025-04,DE,Token pack,TP4500,14,4716.46,753.06,3963.4,250.49
2025-04,DE,Token pack,TP600,47,2638.56,421.26,2217.3,151.24
2025-04,ES,Chargeback,P1M,11,-156.61,-27.19,-129.47,275.0
2025-04,ES,Chargeback,P3M,1,-32.4,-5.62,-26.77,25.0
2025-04,ES,New subscription,P12M,107,6912.24,1199.61,5712.59,401.88
2025-04,ES,New subscription,P1M,158,2482.24,430.83,2051.46,173.23
2025-04,ES,New subscription,P3M,60,1908.19,331.18,1577.04,113.2
2025-04,ES,Reactivation,P12M,8,645.76,112.08,533.68,38.32
2025-04,ES,Reactivation,P1M,17,267.07,46.39,220.68,19.62
2025-04,ES,Reactivation,P3M,11,370.25,64.24,306.01,20.81
2025-04,ES,Refund - subscription,P12M,2,-134.49,-23.34,-111.15,0.0
2025-04,ES,Refund - subscription,P1M,6,-93.14,-16.16,-76.98,0.0
2025-04,ES,Refund - token pack,TP100,3,-33.66,-5.85,-27.81,0.0
2025-04,ES,Renewal,P12M,18,1452.96,252.18,1200.79,82.64
2025-04,ES,Renewal,P1M,326,4863.4,844.09,4019.34,356.95
2025-04,ES,Renewal,P3M,57,1918.43,332.88,1585.51,116.93
2025-04,ES,Token pack,TP100,43,482.43,83.75,398.66,36.02
2025-04,ES,Token pack,TP1300,9,1010.61,175.41,835.2,49.05
2025-04,ES,Token pack,TP275,31,869.94,150.97,718.97,55.71
2025-04,ES,Token pack,TP2800,6,1347.54,233.88,1113.66,57.54
2025-04,ES,Token pack,TP4500,2,673.78,116.94,556.84,23.93
2025-04,ES,Token pack,TP600,19,1066.66,185.09,881.57,62.75
2025-04,FR,Chargeback,P12M,1,-77.7,-12.95,-64.75,25.0
2025-04,FR,Chargeback,P1M,11,-158.77,-26.46,-132.31,275.0
2025-04,FR,Chargeback,P3M,1,-32.4,-5.4,-27.0,25.0
2025-04,FR,New subscription,P12M,259,16729.25,2788.22,13941.02,932.81
2025-04,FR,New subscription,P1M,366,5750.13,958.35,4791.76,414.02
2025-04,FR,New subscription,P3M,116,3715.48,619.27,3096.23,228.78
2025-04,FR,Reactivation,P12M,17,1372.24,228.67,1143.59,70.69
2025-04,FR,Reactivation,P1M,28,439.88,73.36,366.53,32.0
2025-04,FR,Reactivation,P3M,7,235.61,39.27,196.34,15.4
2025-04,FR,Refund - subscription,P12M,14,-860.58,-143.42,-717.16,0.0
2025-04,FR,Refund - subscription,P1M,18,-280.54,-46.77,-233.78,0.0
2025-04,FR,Refund - subscription,P3M,4,-134.63,-22.44,-112.19,0.0
2025-04,FR,Refund - token pack,TP100,1,-11.22,-1.87,-9.35,0.0
2025-04,FR,Refund - token pack,TP1300,1,-112.29,-18.71,-93.57,0.0
2025-04,FR,Refund - token pack,TP275,2,-56.12,-9.36,-46.78,0.0
2025-04,FR,Refund - token pack,TP2800,2,-449.18,-74.86,-374.32,0.0
2025-04,FR,Renewal,P12M,35,2825.2,470.84,2354.41,160.49
2025-04,FR,Renewal,P1M,727,10881.57,1813.6,9067.96,804.53
2025-04,FR,Renewal,P3M,99,3332.01,555.38,2776.63,202.61
2025-04,FR,Token pack,TP100,132,1480.93,246.84,1234.09,114.06
2025-04,FR,Token pack,TP1300,26,2919.54,486.53,2432.89,150.33
2025-04,FR,Token pack,TP275,79,2217.05,369.51,1847.56,139.26
2025-04,FR,Token pack,TP2800,23,5165.57,860.89,4304.63,254.78
2025-04,FR,Token pack,TP4500,4,1347.56,224.6,1122.96,75.52
2025-04,FR,Token pack,TP600,42,2357.87,392.99,1964.81,131.43
2025-04,GB,Chargeback,P1M,16,-275.88,-45.97,-229.85,400.0
2025-04,GB,Chargeback,P3M,4,-154.64,-25.76,-128.88,100.0
2025-04,GB,New subscription,P12M,256,18660.47,3110.09,15550.39,1031.67
2025-04,GB,New subscription,P1M,359,6599.46,1099.9,5499.53,456.09
2025-04,GB,New subscription,P3M,153,5761.13,960.22,4800.92,341.99
2025-04,GB,Reactivation,P12M,21,1983.45,330.55,1652.91,116.39
2025-04,GB,Reactivation,P1M,47,864.03,144.01,720.04,59.6
2025-04,GB,Reactivation,P3M,19,748.22,124.66,623.56,45.93
2025-04,GB,Refund - subscription,P12M,12,-818.02,-136.36,-681.72,0.0
2025-04,GB,Refund - subscription,P1M,14,-250.79,-41.78,-209.0,0.0
2025-04,GB,Refund - subscription,P3M,2,-78.76,-13.12,-65.64,0.0
2025-04,GB,Refund - token pack,TP100,2,-26.26,-4.38,-21.88,0.0
2025-04,GB,Refund - token pack,TP2800,1,-262.79,-43.8,-218.99,0.0
2025-04,GB,Refund - token pack,TP600,1,-65.69,-10.95,-54.74,0.0
2025-04,GB,Renewal,P12M,65,6139.25,1023.21,5116.11,323.21
2025-04,GB,Renewal,P1M,957,16705.42,2784.25,13921.2,1176.21
2025-04,GB,Renewal,P3M,133,5237.56,872.92,4364.68,307.65
2025-04,GB,Token pack,TP100,159,2087.15,347.83,1739.31,154.72
2025-04,GB,Token pack,TP1300,24,3153.3,525.57,2627.76,165.03
2025-04,GB,Token pack,TP275,97,3185.16,530.85,2654.32,194.14
2025-04,GB,Token pack,TP2800,23,6044.12,1007.39,5036.77,264.43
2025-04,GB,Token pack,TP4500,21,8277.94,1379.69,6898.29,430.39
2025-04,GB,Token pack,TP600,45,2955.89,492.7,2463.3,166.44
2025-04,IN,Chargeback,P12M,1,-71.88,-10.96,-60.92,25.0
2025-04,IN,Chargeback,P1M,3,-39.97,-6.09,-33.88,75.0
2025-04,IN,Chargeback,P3M,1,-29.97,-4.57,-25.4,25.0
2025-04,IN,New subscription,P12M,94,5484.72,836.6,4648.12,301.99
2025-04,IN,New subscription,P1M,102,1426.98,217.68,1209.3,107.91
2025-04,IN,New subscription,P3M,37,1060.89,161.82,899.07,57.43
2025-04,IN,Reactivation,P12M,13,934.44,142.51,791.93,49.36
2025-04,IN,Reactivation,P1M,17,237.83,36.25,201.58,17.52
2025-04,IN,Reactivation,P3M,6,179.82,27.42,152.4,10.95
2025-04,IN,Refund - subscription,P12M,3,-167.64,-25.57,-142.07,0.0
2025-04,IN,Refund - subscription,P1M,1,-13.99,-2.13,-11.86,0.0
2025-04,IN,Refund - token pack,TP100,2,-19.98,-3.04,-16.94,0.0
2025-04,IN,Refund - token pack,TP275,2,-49.98,-7.62,-42.36,0.0
2025-04,IN,Renewal,P12M,14,1006.32,153.48,852.84,57.5
2025-04,IN,Renewal,P1M,208,2775.92,423.42,2352.5,215.43
2025-04,IN,Renewal,P3M,37,1108.89,169.13,939.76,66.11
2025-04,IN,Token pack,TP100,32,319.68,48.74,270.94,25.8
2025-04,IN,Token pack,TP1300,6,599.94,91.51,508.43,33.0
2025-04,IN,Token pack,TP275,17,424.83,64.77,360.06,29.17
2025-04,IN,Token pack,TP2800,2,399.98,61.02,338.96,24.6
2025-04,IN,Token pack,TP4500,2,599.98,91.52,508.46,36.6
2025-04,IN,Token pack,TP600,9,449.91,68.66,381.25,29.7
2025-04,IT,Chargeback,P1M,2,-29.16,-5.26,-23.91,50.0
2025-04,IT,Chargeback,P3M,1,-32.4,-5.84,-26.56,25.0
2025-04,IT,New subscription,P12M,106,6858.47,1236.74,5621.69,381.08
2025-04,IT,New subscription,P1M,156,2450.83,441.97,2008.95,176.69
2025-04,IT,New subscription,P3M,58,1874.57,338.03,1536.53,111.8
2025-04,IT,Reactivation,P12M,13,1049.36,189.27,860.09,62.27
2025-04,IT,Reactivation,P1M,24,377.04,67.98,309.11,28.13
2025-04,IT,Reactivation,P3M,7,235.61,42.49,193.12,15.4
2025-04,IT,Refund - subscription,P12M,7,-403.34,-72.76,-330.58,0.0
2025-04,IT,Refund - subscription,P1M,10,-154.86,-27.91,-126.95,0.0
2025-04,IT,Refund - token pack,TP100,2,-22.44,-4.04,-18.4,0.0
2025-04,IT,Refund - token pack,TP600,1,-56.14,-10.12,-46.02,0.0
2025-04,IT,Renewal,P12M,22,1775.84,320.29,1455.55,91.06
2025-04,IT,Renewal,P1M,304,4525.64,816.11,3709.53,328.06
2025-04,IT,Renewal,P3M,44,1480.9,267.08,1213.82,91.72
2025-04,IT,Token pack,TP100,70,785.38,141.6,643.73,61.3
2025-04,IT,Token pack,TP1300,8,898.32,162.0,736.32,42.54
2025-04,IT,Token pack,TP275,24,673.48,121.44,552.04,39.52
2025-04,IT,Token pack,TP2800,6,1347.54,243.0,1104.54,76.2
2025-04,IT,Token pack,TP4500,3,1010.67,182.25,828.42,56.64
2025-04,IT,Token pack,TP600,17,954.38,172.09,782.29,48.08
2025-04,JP,Chargeback,P1M,1,-12.99,-1.18,-11.81,25.0
2025-04,JP,Chargeback,P3M,2,-59.94,-5.44,-54.5,50.0
2025-04,JP,New subscription,P12M,73,4191.24,381.02,3810.22,235.29
2025-04,JP,New subscription,P1M,90,1259.1,114.46,1144.64,95.16
2025-04,JP,New subscription,P3M,29,818.13,74.36,743.77,56.16
2025-04,JP,Reactivation,P12M,4,287.52,26.12,261.4,14.91
2025-04,JP,Reactivation,P1M,15,209.85,19.05,190.8,16.17
2025-04,JP,Reactivation,P3M,5,149.85,13.61,136.24,10.5
2025-04,JP,Refund - subscription,P12M,4,-239.52,-21.77,-217.75,0.0
2025-04,JP,Refund - subscription,P1M,2,-27.98,-2.54,-25.44,0.0
2025-04,JP,Refund - subscription,P3M,2,-53.94,-4.9,-49.04,0.0
2025-04,JP,Refund - token pack,TP600,2,-99.98,-9.08,-90.9,0.0
2025-04,JP,Renewal,P12M,6,431.28,39.18,392.1,24.13
2025-04,JP,Renewal,P1M,183,2437.17,221.55,2215.62,184.96
2025-04,JP,Renewal,P3M,26,779.22,70.79,708.43,51.29
2025-04,JP,Token pack,TP100,19,189.81,17.28,172.53,14.85
2025-04,JP,Token pack,TP1300,7,699.93,63.63,636.3,44.1
2025-04,JP,Token pack,TP275,16,399.84,36.33,363.51,27.37
2025-04,JP,Token pack,TP2800,5,999.95,90.9,909.05,61.5
2025-04,JP,Token pack,TP4500,5,1499.95,136.35,1363.6,91.5
2025-04,JP,Token pack,TP600,8,399.92,36.34,363.58,26.4
2025-04,MX,Chargeback,P1M,5,-65.95,-9.09,-56.86,125.0
2025-04,MX,New subscription,P12M,106,6059.28,835.76,5223.52,349.3
2025-04,MX,New subscription,P1M,115,1608.85,221.95,1386.9,125.52
2025-04,MX,New subscription,P3M,32,908.04,125.24,782.8,52.97
2025-04,MX,Reactivation,P12M,12,862.56,118.93,743.63,55.33
2025-04,MX,Reactivation,P1M,11,153.89,21.23,132.66,12.54
2025-04,MX,Reactivation,P3M,7,209.79,28.92,180.87,14.7
2025-04,MX,Refund - subscription,P12M,6,-311.28,-42.92,-268.36,0.0
2025-04,MX,Refund - subscription,P1M,1,-13.99,-1.93,-12.06,0.0
2025-04,MX,Refund - subscription,P3M,1,-26.97,-3.72,-23.25,0.0
2025-04,MX,Renewal,P12M,16,1150.08,158.6,991.48,66.73
2025-04,MX,Renewal,P1M,194,2580.06,355.85,2224.21,195.2
2025-04,MX,Renewal,P3M,33,989.01,136.38,852.63,65.96
2025-04,MX,Token pack,TP100,33,329.67,45.52,284.15,24.45
2025-04,MX,Token pack,TP1300,8,799.92,110.32,689.6,50.4
2025-04,MX,Token pack,TP275,17,424.83,58.63,366.2,30.6
2025-04,MX,Token pack,TP2800,2,399.98,55.16,344.82,24.6
2025-04,MX,Token pack,TP4500,5,1499.95,206.9,1293.05,77.7
2025-04,MX,Token pack,TP600,5,249.95,34.5,215.45,13.95
2025-04,NL,Chargeback,P12M,2,-155.4,-26.98,-128.44,50.0
2025-04,NL,Chargeback,P1M,4,-59.4,-10.3,-49.11,100.0
2025-04,NL,New subscription,P12M,72,4545.19,788.8,3756.34,243.37
2025-04,NL,New subscription,P1M,138,2168.04,376.27,1791.79,156.76
2025-04,NL,New subscription,P3M,46,1480.8,257.01,1223.84,89.21
2025-04,NL,Reactivation,P12M,5,403.6,70.05,333.55,23.95
2025-04,NL,Reactivation,P1M,17,267.07,46.37,220.7,18.66
2025-04,NL,Reactivation,P3M,1,33.66,5.84,27.82,2.2
2025-04,NL,Refund - subscription,P12M,3,-188.26,-32.67,-155.59,0.0
2025-04,NL,Refund - subscription,P1M,6,-92.02,-15.98,-76.03,0.0
2025-04,NL,Refund - token pack,TP100,1,-11.22,-1.95,-9.27,0.0
2025-04,NL,Renewal,P12M,15,1210.8,210.15,1000.66,71.85
2025-04,NL,Renewal,P1M,291,4327.04,750.98,3576.05,313.4
2025-04,NL,Renewal,P3M,38,1278.97,221.92,1057.04,73.43
2025-04,NL,Token pack,TP100,51,572.21,99.31,472.85,45.34
2025-04,NL,Token pack,TP1300,10,1122.9,194.9,928.0,60.45
2025-04,NL,Token pack,TP275,21,589.33,102.27,487.06,35.34
2025-04,NL,Token pack,TP2800,8,1796.72,311.84,1484.88,73.61
2025-04,NL,Token pack,TP4500,3,1010.67,175.41,835.26,56.64
2025-04,NL,Token pack,TP600,15,842.1,146.11,695.99,43.8
2025-04,PL,Chargeback,P12M,1,-77.7,-14.53,-63.17,25.0
2025-04,PL,Chargeback,P1M,1,-14.04,-2.63,-11.42,25.0
2025-04,PL,New subscription,P12M,72,4706.89,880.12,3826.72,258.34
2025-04,PL,New subscription,P1M,113,1775.27,331.98,1443.33,122.49
2025-04,PL,New subscription,P3M,26,831.3,155.4,675.79,51.58
2025-04,PL,Reactivation,P12M,10,807.2,150.93,656.27,40.74
2025-04,PL,Reactivation,P1M,18,282.78,52.9,229.9,18.9
2025-04,PL,Reactivation,P3M,4,134.63,25.17,109.45,8.8
2025-04,PL,Refund - subscription,P12M,3,-215.21,-40.23,-174.97,0.0
2025-04,PL,Refund - subscription,P1M,3,-46.01,-8.61,-37.4,0.0
2025-04,PL,Refund - token pack,TP100,2,-22.44,-4.2,-18.24,0.0
2025-04,PL,Refund - token pack,TP275,1,-28.06,-5.25,-22.82,0.0
2025-04,PL,Renewal,P12M,16,1291.52,241.48,1050.04,65.9
2025-04,PL,Renewal,P1M,209,3109.5,581.4,2528.04,223.44
2025-04,PL,Renewal,P3M,29,976.07,182.48,793.51,58.71
2025-04,PL,Token pack,TP100,40,448.8,83.96,364.8,33.9
2025-04,PL,Token pack,TP1300,8,898.32,167.99,730.32,47.38
2025-04,PL,Token pack,TP275,27,757.7,141.74,616.06,42.25
2025-04,PL,Token pack,TP2800,10,2245.9,419.99,1825.9,99.01
2025-04,PL,Token pack,TP600,12,673.68,125.98,547.68,38.68
2025-04,ROW,Chargeback,P12M,3,-215.64,-10.26,-205.38,75.0
2025-04,ROW,Chargeback,P1M,9,-120.91,-5.77,-115.14,225.0
2025-04,ROW,Chargeback,P3M,4,-119.88,-5.72,-114.16,100.0
2025-04,ROW,New subscription,P12M,345,19902.6,947.75,18954.85,1124.75
2025-04,ROW,New subscription,P1M,369,5162.31,245.85,4916.46,385.07
2025-04,ROW,New subscription,P3M,135,3883.95,184.93,3699.02,249.87
2025-04,ROW,Reactivation,P12M,33,2372.04,112.94,2259.1,130.99
2025-04,ROW,Reactivation,P1M,43,601.57,28.65,572.92,43.44
2025-04,ROW,Reactivation,P3M,25,749.25,35.69,713.56,49.17
2025-04,ROW,Refund - subscription,P12M,14,-814.32,-38.77,-775.55,0.0
2025-04,ROW,Refund - subscription,P1M,14,-191.86,-9.16,-182.7,0.0
2025-04,ROW,Refund - subscription,P3M,7,-203.79,-9.71,-194.08,0.0
2025-04,ROW,Refund - token pack,TP100,3,-29.97,-1.44,-28.53,0.0
2025-04,ROW,Refund - token pack,TP275,1,-24.99,-1.19,-23.8,0.0
2025-04,ROW,Refund - token pack,TP4500,1,-299.99,-14.29,-285.7,0.0
2025-04,ROW,Renewal,P12M,59,4240.92,201.94,4038.98,226.22
2025-04,ROW,Renewal,P1M,727,9706.73,462.24,9244.49,726.81
2025-04,ROW,Renewal,P3M,134,4015.98,191.27,3824.71,246.5
2025-04,ROW,Token pack,TP100,93,929.07,44.25,884.82,73.95
2025-04,ROW,Token pack,TP1300,14,1399.86,66.64,1333.22,78.6
2025-04,ROW,Token pack,TP275,46,1149.54,54.74,1094.8,72.79
2025-04,ROW,Token pack,TP2800,16,3199.84,152.34,3047.5,196.8
2025-04,ROW,Token pack,TP4500,4,1199.96,57.16,1142.8,73.2
2025-04,ROW,Token pack,TP600,17,849.83,40.46,809.37,48.45
2025-04,SE,Chargeback,P12M,1,-77.7,-15.54,-62.16,25.0
2025-04,SE,Chargeback,P1M,3,-43.2,-8.64,-34.56,75.0
2025-04,SE,New subscription,P12M,42,2851.24,570.24,2281.01,147.22
2025-04,SE,New subscription,P1M,51,801.21,160.23,641.02,57.97
2025-04,SE,New subscription,P3M,19,595.69,119.15,476.54,34.74
2025-04,SE,Reactivation,P12M,5,403.6,80.7,322.9,20.37
2025-04,SE,Reactivation,P1M,8,125.68,25.12,100.56,7.75
2025-04,SE,Reactivation,P3M,4,134.64,26.92,107.72,7.1
2025-04,SE,Refund - subscription,P12M,1,-53.77,-10.75,-43.02,0.0
2025-04,SE,Refund - subscription,P1M,1,-15.71,-3.14,-12.57,0.0
2025-04,SE,Refund - token pack,TP100,1,-11.22,-2.24,-8.98,0.0
2025-04,SE,Renewal,P12M,6,484.32,96.84,387.48,25.16
2025-04,SE,Renewal,P1M,170,2533.83,506.76,2027.09,186.54
2025-04,SE,Renewal,P3M,26,875.1,174.99,700.11,53.81
2025-04,SE,Token pack,TP100,31,347.82,69.5,278.32,28.41
2025-04,SE,Token pack,TP1300,5,561.45,112.3,449.15,32.65
2025-04,SE,Token pack,TP275,18,505.12,101.02,404.1,34.06
2025-04,SE,Token pack,TP2800,3,673.77,134.76,539.01,38.1
2025-04,SE,Token pack,TP4500,4,1347.56,269.52,1078.04,47.86
2025-04,SE,Token pack,TP600,14,785.96,157.21,628.74,42.96
2025-04,US,Chargeback,P12M,5,-359.4,-20.35,-339.05,125.0
2025-04,US,Chargeback,P1M,50,-667.5,-37.81,-629.69,1250.0
2025-04,US,Chargeback,P3M,11,-329.67,-18.7,-310.97,275.0
2025-04,US,New subscription,P12M,1204,69431.52,3930.12,65501.4,4090.56
2025-04,US,New subscription,P1M,1702,23810.98,1347.82,22463.16,1798.89
2025-04,US,New subscription,P3M,608,17375.76,983.55,16392.21,1136.65
2025-04,US,Reactivation,P12M,111,7978.68,451.62,7527.06,469.59
2025-04,US,Reactivation,P1M,241,3371.59,190.85,3180.74,261.58
2025-04,US,Reactivation,P3M,63,1888.11,106.88,1781.23,119.02
2025-04,US,Refund - subscription,P12M,58,-3233.04,-183.01,-3050.03,0.0
2025-04,US,Refund - subscription,P1M,83,-1134.17,-64.19,-1069.98,0.0
2025-04,US,Refund - subscription,P3M,20,-572.4,-32.42,-539.98,0.0
2025-04,US,Refund - token pack,TP100,5,-49.95,-2.85,-47.1,0.0
2025-04,US,Refund - token pack,TP1300,2,-199.98,-11.32,-188.66,0.0
2025-04,US,Refund - token pack,TP275,5,-124.95,-7.05,-117.9,0.0
2025-04,US,Refund - token pack,TP2800,1,-199.99,-11.32,-188.67,0.0
2025-04,US,Refund - token pack,TP600,2,-99.98,-5.66,-94.32,0.0
2025-04,US,Renewal,P12M,239,17179.32,972.43,16206.89,1024.69
2025-04,US,Renewal,P1M,3972,52772.28,2987.12,49785.16,4031.27
2025-04,US,Renewal,P3M,596,17862.12,1011.06,16851.06,1126.88
2025-04,US,Token pack,TP100,717,7162.83,405.42,6757.41,583.41
2025-04,US,Token pack,TP1300,156,15598.44,882.96,14715.48,896.38
2025-04,US,Token pack,TP275,423,10570.77,598.33,9972.44,674.24
2025-04,US,Token pack,TP2800,102,20398.98,1154.64,19244.34,1143.0
2025-04,US,Token pack,TP4500,53,15899.47,899.94,14999.53,900.9
2025-04,US,Token pack,TP600,232,11597.68,656.55,10941.13,719.64
2025-05,AU,Chargeback,P12M,1,-71.88,-6.53,-65.35,25.0
2025-05,AU,Chargeback,P1M,2,-27.98,-2.54,-25.44,50.0
2025-05,AU,Chargeback,P3M,3,-86.91,-7.9,-79.01,75.0
2025-05,AU,New subscription,P12M,118,6465.84,587.81,5878.03,386.84
2025-05,AU,New subscription,P1M,199,2784.01,253.08,2530.93,213.79
2025-05,AU,New subscription,P3M,76,2163.72,196.67,1967.05,141.64
2025-05,AU,Reactivation,P12M,22,1581.36,143.72,1437.64,97.94
2025-05,AU,Reactivation,P1M,27,377.73,34.31,343.42,27.99
2025-05,AU,Reactivation,P3M,6,179.82,16.33,163.49,12.6
2025-05,AU,Refund - subscription,P12M,4,-239.52,-21.77,-217.75,0.0
2025-05,AU,Refund - subscription,P1M,5,-69.95,-6.35,-63.6,0.0
2025-05,AU,Refund - subscription,P3M,4,-113.88,-10.35,-103.53,0.0
2025-05,AU,Refund - token pack,TP100,1,-9.99,-0.91,-9.08,0.0
2025-05,AU,Refund - token pack,TP1300,1,-99.99,-9.09,-90.9,0.0
2025-05,AU,Renewal,P12M,22,1581.36,143.7,1437.66,97.92
2025-05,AU,Renewal,P1M,463,6477.37,588.88,5888.49,491.26
2025-05,AU,Renewal,P3M,74,2217.78,201.58,2016.2,143.72
2025-05,AU,Token pack,TP100,93,929.07,84.46,844.61,74.7
2025-05,AU,Token pack,TP1300,11,1099.89,99.99,999.9,64.5
2025-05,AU,Token pack,TP275,44,1099.56,99.93,999.63,77.77
2025-05,AU,Token pack,TP2800,7,1399.93,127.26,1272.67,76.8
2025-05,AU,Token pack,TP4500,9,2699.91,245.43,2454.48,164.7
2025-05,AU,Token pack,TP600,39,1949.61,177.18,1772.43,121.05
2025-05,BR,Chargeback,P12M,2,-119.76,-5.7,-114.06,50.0
2025-05,BR,Chargeback,P1M,5,-66.95,-3.2,-63.75,125.0
2025-05,BR,New subscription,P12M,133,7592.04,361.53,7230.51,459.51
2025-05,BR,New subscription,P1M,157,2196.43,104.56,2091.87,164.09
2025-05,BR,New subscription,P3M,68,1944.96,92.6,1852.36,111.38
2025-05,BR,Reactivation,P12M,16,1150.08,54.74,1095.34,73.78
2025-05,BR,Reactivation,P1M,15,209.85,10.03,199.82,16.17
2025-05,BR,Reactivation,P3M,11,329.67,15.72,313.95,23.1
2025-05,BR,Refund - subscription,P12M,2,-95.76,-4.56,-91.2,0.0
2025-05,BR,Refund - subscription,P1M,2,-27.98,-1.33,-26.65,0.0
2025-05,BR,Refund - subscription,P3M,3,-83.91,-3.99,-79.92,0.0
2025-05,BR,Renewal,P12M,22,1581.36,75.3,1506.06,94.4
2025-05,BR,Renewal,P1M,290,4057.1,193.18,3863.92,304.41
2025-05,BR,Renewal,P3M,42,1258.74,59.92,1198.82,76.61
2025-05,BR,Token pack,TP100,36,359.64,17.16,342.48,30.15
2025-05,BR,Token pack,TP1300,9,899.91,42.84,857.07,47.1
2025-05,BR,Token pack,TP275,22,549.78,26.18,523.6,36.74
2025-05,BR,Token pack,TP2800,3,599.97,28.57,571.4,27.6
2025-05,BR,Token pack,TP4500,2,599.98,28.58,571.4,22.8
2025-05,BR,Token pack,TP600,8,399.92,19.04,380.88,26.4
2025-05,CA,Chargeback,P12M,1,-71.88,-8.27,-63.61,25.0
2025-05,CA,Chargeback,P1M,1,-13.99,-1.61,-12.38,25.0
2025-05,CA,New subscription,P12M,151,8789.88,1011.23,7778.65,522.04
2025-05,CA,New subscription,P1M,238,3329.62,383.11,2946.51,253.55
2025-05,CA,New subscription,P3M,103,2957.91,340.28,2617.63,194.19
2025-05,CA,Reactivation,P12M,13,934.44,107.51,826.93,49.34
2025-05,CA,Reactivation,P1M,26,363.74,41.86,321.88,26.85
2025-05,CA,Reactivation,P3M,14,419.58,48.3,371.28,27.75
2025-05,CA,Refund - subscription,P12M,2,-119.76,-13.78,-105.98,0.0
2025-05,CA,Refund - subscription,P1M,11,-153.89,-17.71,-136.18,0.0
2025-05,CA,Refund - subscription,P3M,5,-143.85,-16.55,-127.3,0.0
2025-05,CA,Refund - token pack,TP100,1,-9.99,-1.15,-8.84,0.0
2025-05,CA,Refund - token pack,TP1300,1,-99.99,-11.5,-88.49,0.0
2025-05,CA,Refund - token pack,TP275,1,-24.99,-2.87,-22.12,0.0
2025-05,CA,Refund - token pack,TP4500,1,-299.99,-34.51,-265.48,0.0
2025-05,CA,Refund - token pack,TP600,2,-99.98,-11.5,-88.48,0.0
2025-05,CA,Renewal,P12M,41,2947.08,339.07,2608.01,167.91
2025-05,CA,Renewal,P1M,535,7484.65,861.07,6623.58,570.55
2025-05,CA,Renewal,P3M,92,2757.24,317.19,2440.05,178.17
2025-05,CA,Token pack,TP100,118,1178.82,135.7,1043.12,94.95
2025-05,CA,Token pack,TP1300,21,2099.79,241.56,1858.23,127.5
2025-05,CA,Token pack,TP275,52,1299.48,149.44,1150.04,86.45
2025-05,CA,Token pack,TP2800,23,4599.77,529.22,4070.55,282.9
2025-05,CA,Token pack,TP4500,9,2699.91,310.59,2389.32,150.9
2025-05,CA,Token pack,TP600,32,1599.68,184.0,1415.68,100.5
2025-05,CH,New subscription,P12M,42,2620.33,196.37,2423.94,145.18
2025-05,CH,New subscription,P1M,80,1262.4,94.55,1167.85,91.56
2025-05,CH,New subscription,P3M,34,1088.49,81.55,1006.92,66.92
2025-05,CH,Reactivation,P12M,2,162.16,12.16,150.02,9.62
2025-05,CH,Reactivation,P1M,11,173.58,12.98,160.6,12.44
2025-05,CH,Reactivation,P3M,3,101.43,7.59,93.81,6.63
2025-05,CH,Refund - subscription,P12M,2,-135.09,-10.13,-124.97,0.0
2025-05,CH,Refund - subscription,P1M,6,-94.68,-7.09,-87.59,0.0
2025-05,CH,Refund - subscription,P3M,1,-33.81,-2.53,-31.27,0.0
2025-05,CH,Refund - token pack,TP100,1,-11.27,-0.84,-10.42,0.0
2025-05,CH,Renewal,P12M,16,1297.28,97.25,1200.13,76.96
2025-05,CH,Renewal,P1M,167,2635.35,197.46,2437.88,187.69
2025-05,CH,Renewal,P3M,29,980.4,73.45,906.91,57.27
2025-05,CH,Token pack,TP100,35,394.44,29.53,364.83,31.55
2025-05,CH,Token pack,TP1300,5,563.95,42.25,521.69,32.76
2025-05,CH,Token pack,TP275,11,310.09,23.21,286.87,19.42
2025-05,CH,Token pack,TP2800,4,902.36,67.6,834.76,51.04
2025-05,CH,Token pack,TP4500,4,1353.56,101.44,1252.12,61.96
2025-05,CH,Token pack,TP600,10,563.9,42.27,521.63,29.3
2025-05,DE,Chargeback,P12M,1,-80.72,-12.89,-67.83,25.0
2025-05,DE,Chargeback,P3M,1,-33.66,-5.37,-28.28,25.0
2025-05,DE,New subscription,P12M,227,14994.28,2394.04,12600.22,782.07
2025-05,DE,New subscription,P1M,433,6833.07,1090.99,5742.04,488.12
2025-05,DE,New subscription,P3M,123,3988.94,636.87,3352.06,244.27
2025-05,DE,Reactivation,P12M,21,1702.68,271.91,1430.77,97.42
2025-05,DE,Reactivation,P1M,42,662.76,105.84,556.92,49.22
2025-05,DE,Reactivation,P3M,13,439.52,70.2,369.33,28.73
2025-05,DE,Refund - subscription,P12M,11,-675.32,-107.81,-567.51,0.0
2025-05,DE,Refund - subscription,P1M,17,-268.26,-42.84,-225.42,0.0
2025-05,DE,Refund - subscription,P3M,4,-131.85,-21.05,-110.79,0.0
2025-05,DE,Refund - token pack,TP100,3,-33.81,-5.4,-28.41,0.0
2025-05,DE,Refund - token pack,TP275,2,-56.38,-9.0,-47.38,0.0
2025-05,DE,Refund - token pack,TP600,1,-56.39,-9.0,-47.39,0.0
2025-05,DE,Renewal,P12M,60,4864.8,776.81,4087.99,263.46
2025-05,DE,Renewal,P1M,946,14928.58,2383.58,12545.01,1098.2
2025-05,DE,Renewal,P3M,159,5375.18,858.25,4516.95,317.23
2025-05,DE,Token pack,TP100,197,2219.92,354.47,1865.58,172.69
2025-05,DE,Token pack,TP1300,33,3722.07,594.31,3127.74,191.93
2025-05,DE,Token pack,TP275,92,2593.38,414.01,2179.3,155.59
2025-05,DE,Token pack,TP2800,21,4737.39,756.42,3980.97,230.42
2025-05,DE,Token pack,TP4500,17,5752.63,918.51,4834.12,308.44
2025-05,DE,Token pack,TP600,51,2875.86,459.16,2416.71,152.56
2025-05,ES,Chargeback,P12M,2,-134.49,-23.34,-111.15,50.0
2025-05,ES,New subscription,P12M,102,6564.72,1139.34,5425.37,360.14
2025-05,ES,New subscription,P1M,171,2698.48,468.34,2230.17,188.65
2025-05,ES,New subscription,P3M,64,2028.21,352.04,1676.17,127.58
2025-05,ES,Reactivation,P12M,4,324.32,56.28,268.04,19.24
2025-05,ES,Reactivation,P1M,21,331.38,57.54,273.84,24.63
2025-05,ES,Reactivation,P3M,5,169.05,29.35,139.7,9.35
2025-05,ES,Refund - subscription,P12M,7,-432.21,-75.0,-357.21,0.0
2025-05,ES,Refund - subscription,P1M,6,-94.68,-16.44,-78.24,0.0
2025-05,ES,Refund - subscription,P3M,3,-91.26,-15.84,-75.42,0.0
2025-05,ES,Refund - token pack,TP600,1,-56.39,-9.79,-46.6,0.0
2025-05,ES,Renewal,P12M,15,1216.2,211.05,1005.15,68.56
2025-05,ES,Renewal,P1M,343,5412.84,939.42,4473.38,391.26
2025-05,ES,Renewal,P3M,49,1656.54,287.5,1369.05,106.59
2025-05,ES,Token pack,TP100,65,732.49,127.15,605.34,58.25
2025-05,ES,Token pack,TP1300,8,902.32,156.57,745.69,47.55
2025-05,ES,Token pack,TP275,32,902.08,156.51,745.53,53.4
2025-05,ES,Token pack,TP2800,6,1353.54,234.9,1118.63,67.17
2025-05,ES,Token pack,TP4500,7,2368.73,411.11,1957.62,118.84
2025-05,ES,Token pack,TP600,17,958.63,166.39,792.21,50.85
2025-05,FR,Chargeback,P12M,1,-80.72,-13.45,-67.27,25.0
2025-05,FR,Chargeback,P1M,4,-60.6,-10.1,-50.5,100.0
2025-05,FR,Chargeback,P3M,1,-33.66,-5.61,-28.05,25.0
2025-05,FR,New subscription,P12M,240,15696.37,2616.07,13080.29,869.37
2025-05,FR,New subscription,P1M,421,6643.71,1107.23,5536.4,478.38
2025-05,FR,New subscription,P3M,136,4367.49,727.92,3639.62,269.62
2025-05,FR,Reactivation,P12M,22,1783.76,297.26,1486.5,98.64
2025-05,FR,Reactivation,P1M,34,536.52,89.42,447.1,40.47
2025-05,FR,Reactivation,P3M,10,338.09,56.31,281.7,20.4
2025-05,FR,Refund - subscription,P12M,9,-621.44,-103.56,-517.87,0.0
2025-05,FR,Refund - subscription,P1M,20,-315.6,-52.6,-263.0,0.0
2025-05,FR,Refund - subscription,P3M,8,-263.69,-43.93,-219.73,0.0
2025-05,FR,Refund - token pack,TP100,1,-11.27,-1.88,-9.39,0.0
2025-05,FR,Refund - token pack,TP275,1,-28.19,-4.7,-23.49,0.0
2025-05,FR,Refund - token pack,TP600,2,-112.78,-18.8,-93.98,0.0
2025-05,FR,Renewal,P12M,19,1540.52,256.72,1283.8,87.8
2025-05,FR,Renewal,P1M,752,11867.13,1977.76,9889.23,862.92
2025-05,FR,Renewal,P3M,92,3110.15,518.35,2591.84,194.8
2025-05,FR,Token pack,TP100,125,1408.59,234.77,1173.76,110.85
2025-05,FR,Token pack,TP1300,30,3383.7,563.99,2819.7,181.99
2025-05,FR,Token pack,TP275,67,1888.68,314.78,1573.83,111.03
2025-05,FR,Token pack,TP2800,16,3609.44,601.59,3007.84,166.62
2025-05,FR,Token pack,TP4500,11,3722.29,620.4,3101.89,153.04
2025-05,FR,Token pack,TP600,57,3214.2,535.69,2678.43,181.07
2025-05,GB,Chargeback,P12M,1,-62.91,-10.49,-52.43,25.0
2025-05,GB,Chargeback,P1M,3,-53.83,-8.96,-44.86,75.0
2025-05,GB,New subscription,P12M,231,18092.63,3015.46,15077.2,935.15
2025-05,GB,New subscription,P1M,392,7332.21,1222.05,6110.17,510.82
2025-05,GB,New subscription,P3M,105,3990.8,665.15,3325.6,237.65
2025-05,GB,Reactivation,P12M,21,2018.15,336.37,1681.84,114.19
2025-05,GB,Reactivation,P1M,61,1140.9,190.15,950.82,79.77
2025-05,GB,Reactivation,P3M,16,641.12,106.87,534.24,40.84
2025-05,GB,Refund - subscription,P12M,7,-480.21,-80.04,-400.17,0.0
2025-05,GB,Refund - subscription,P1M,21,-392.76,-65.48,-327.35,0.0
2025-05,GB,Refund - subscription,P3M,1,-36.06,-6.01,-30.05,0.0
2025-05,GB,Refund - token pack,TP100,1,-13.36,-2.23,-11.13,0.0
2025-05,GB,Refund - token pack,TP275,2,-66.82,-11.14,-55.68,0.0
2025-05,GB,Renewal,P12M,68,6535.04,1089.16,5445.88,324.53
2025-05,GB,Renewal,P1M,970,18143.48,3023.94,15119.55,1255.05
2025-05,GB,Renewal,P3M,137,5489.59,914.89,4574.62,328.38
2025-05,GB,Token pack,TP100,178,2377.48,396.24,1981.19,183.33
2025-05,GB,Token pack,TP1300,32,4277.98,712.96,3565.02,223.72
2025-05,GB,Token pack,TP275,92,3073.81,512.35,2561.61,186.12
2025-05,GB,Token pack,TP2800,29,7754.23,1292.32,6461.82,414.57
2025-05,GB,Token pack,TP4500,16,6417.42,1069.59,5347.84,325.78
2025-05,GB,Token pack,TP600,64,4277.55,712.96,3564.6,233.51
2025-05,IN,Chargeback,P1M,1,-13.99,-2.13,-11.86,25.0
2025-05,IN,New subscription,P12M,104,6059.52,924.33,5135.19,344.73
2025-05,IN,New subscription,P1M,100,1399.0,213.39,1185.61,102.84
2025-05,IN,New subscription,P3M,42,1198.74,182.85,1015.89,76.71
2025-05,IN,Reactivation,P12M,6,431.28,65.76,365.52,27.66
2025-05,IN,Reactivation,P1M,7,97.93,14.91,83.02,7.98
2025-05,IN,Reactivation,P3M,4,119.88,18.28,101.6,8.4
2025-05,IN,Refund - subscription,P12M,4,-215.52,-32.87,-182.65,0.0
2025-05,IN,Refund - subscription,P1M,3,-41.97,-6.4,-35.57,0.0
2025-05,IN,Renewal,P12M,17,1221.96,186.34,1035.62,67.78
2025-05,IN,Renewal,P1M,203,2839.97,433.18,2406.79,218.32
2025-05,IN,Renewal,P3M,50,1498.5,228.57,1269.93,95.04
2025-05,IN,Token pack,TP100,17,169.83,25.86,143.97,13.05
2025-05,IN,Token pack,TP1300,2,199.98,30.5,169.48,12.6
2025-05,IN,Token pack,TP275,15,374.85,57.15,317.7,25.57
2025-05,IN,Token pack,TP2800,1,199.99,30.51,169.48,3.0
2025-05,IN,Token pack,TP4500,2,599.98,91.52,508.46,22.8
2025-05,IN,Token pack,TP600,6,299.94,45.77,254.17,19.8
2025-05,IT,Chargeback,P1M,2,-29.18,-5.26,-23.92,50.0
2025-05,IT,Chargeback,P3M,2,-63.95,-11.53,-52.42,50.0
2025-05,IT,New subscription,P12M,98,6429.91,1159.48,5270.44,330.85
2025-05,IT,New subscription,P1M,164,2588.0,466.72,2121.41,187.96
2025-05,IT,New subscription,P3M,62,1997.84,360.28,1637.6,118.64
2025-05,IT,Reactivation,P12M,15,1216.2,219.3,996.9,68.56
2025-05,IT,Reactivation,P1M,19,299.82,54.1,245.81,23.18
2025-05,IT,Reactivation,P3M,9,304.27,54.88,249.39,18.19
2025-05,IT,Refund - subscription,P12M,1,-81.08,-14.62,-66.46,0.0
2025-05,IT,Refund - subscription,P1M,5,-78.9,-14.25,-64.7,0.0
2025-05,IT,Refund - subscription,P3M,3,-94.65,-17.08,-77.59,0.0
2025-05,IT,Refund - token pack,TP100,1,-11.27,-2.03,-9.24,0.0
2025-05,IT,Refund - token pack,TP275,2,-56.38,-10.16,-46.22,0.0
2025-05,IT,Renewal,P12M,18,1459.44,263.16,1196.28,75.81
2025-05,IT,Renewal,P1M,314,4955.17,893.55,4061.65,349.08
2025-05,IT,Renewal,P3M,51,1724.15,310.94,1413.21,105.91
2025-05,IT,Token pack,TP100,55,619.79,111.76,508.04,48.55
2025-05,IT,Token pack,TP1300,8,902.32,162.72,739.6,47.55
2025-05,IT,Token pack,TP275,21,591.98,106.74,485.24,39.9
2025-05,IT,Token pack,TP2800,7,1579.13,284.76,1294.37,89.31
2025-05,IT,Token pack,TP4500,4,1353.56,244.08,1109.48,75.84
2025-05,IT,Token pack,TP600,13,733.07,132.21,600.86,44.85
2025-05,JP,New subscription,P12M,61,3592.68,326.58,3266.1,217.28
2025-05,JP,New subscription,P1M,81,1133.19,103.02,1030.17,84.9
2025-05,JP,New subscription,P3M,24,686.28,62.37,623.91,46.89
2025-05,JP,Reactivation,P12M,14,1006.32,91.43,914.89,57.49
2025-05,JP,Reactivation,P1M,13,181.87,16.51,165.36,13.89
2025-05,JP,Refund - subscription,P12M,4,-215.52,-19.58,-195.94,0.0
2025-05,JP,Refund - subscription,P1M,2,-27.98,-2.54,-25.44,0.0
2025-05,JP,Refund - token pack,TP100,1,-9.99,-0.91,-9.08,0.0
2025-05,JP,Refund - token pack,TP600,1,-49.99,-4.54,-45.45,0.0
2025-05,JP,Renewal,P12M,11,790.68,71.87,718.81,47.22
2025-05,JP,Renewal,P1M,194,2714.06,246.74,2467.32,205.31
2025-05,JP,Renewal,P3M,27,809.19,73.51,735.68,56.67
2025-05,JP,Token pack,TP100,33,329.67,30.01,299.66,27.45
2025-05,JP,Token pack,TP1300,6,599.94,54.54,545.4,37.8
2025-05,JP,Token pack,TP275,11,274.89,24.97,249.92,19.8
2025-05,JP,Token pack,TP2800,5,999.95,90.9,909.05,52.2
2025-05,JP,Token pack,TP4500,2,599.98,54.54,545.44,36.6
2025-05,JP,Token pack,TP600,9,449.91,40.88,409.03,29.7
2025-05,MX,Chargeback,P12M,1,-47.88,-6.6,-41.28,25.0
2025-05,MX,Chargeback,P1M,3,-40.97,-5.65,-35.32,75.0
2025-05,MX,New subscription,P12M,108,6155.04,848.97,5306.07,339.38
2025-05,MX,New subscription,P1M,127,1776.73,245.11,1531.62,133.62
2025-05,MX,New subscription,P3M,54,1549.38,213.69,1335.69,91.69
2025-05,MX,Reactivation,P12M,15,1078.2,148.66,929.54,51.5
2025-05,MX,Reactivation,P1M,15,209.85,28.95,180.9,16.17
2025-05,MX,Reactivation,P3M,8,239.76,33.04,206.72,15.15
2025-05,MX,Refund - subscription,P12M,5,-263.4,-36.32,-227.08,0.0
2025-05,MX,Refund - subscription,P1M,2,-27.98,-3.86,-24.12,0.0
2025-05,MX,Refund - subscription,P3M,1,-29.97,-4.13,-25.84,0.0
2025-05,MX,Renewal,P12M,16,1150.08,158.58,991.5,70.25
2025-05,MX,Renewal,P1M,201,2811.99,387.93,2424.06,214.21
2025-05,MX,Renewal,P3M,31,929.07,128.12,800.95,58.49
2025-05,MX,Token pack,TP100,25,249.75,34.47,215.28,18.0
2025-05,MX,Token pack,TP1300,8,799.92,110.32,689.6,40.8
2025-05,MX,Token pack,TP275,17,424.83,58.62,366.21,26.31
2025-05,MX,Token pack,TP2800,5,999.95,137.9,862.05,61.5
2025-05,MX,Token pack,TP4500,3,899.97,124.14,775.83,54.9
2025-05,MX,Token pack,TP600,4,199.96,27.59,172.37,10.65
2025-05,NL,Chargeback,P1M,2,-29.18,-5.06,-24.12,50.0
2025-05,NL,Chargeback,P3M,1,-33.66,-5.84,-27.82,25.0
2025-05,NL,New subscription,P12M,79,5322.51,923.77,4398.73,286.28
2025-05,NL,New subscription,P1M,121,1909.43,331.43,1578.08,142.47
2025-05,NL,New subscription,P3M,45,1446.8,251.1,1195.7,87.23
2025-05,NL,Reactivation,P12M,7,567.56,98.5,469.07,33.67
2025-05,NL,Reactivation,P1M,19,299.82,52.06,247.77,20.21
2025-05,NL,Reactivation,P3M,5,169.05,29.35,139.7,9.35
2025-05,NL,Refund - subscription,P12M,3,-189.1,-32.81,-156.29,0.0
2025-05,NL,Refund - subscription,P1M,9,-142.02,-24.66,-117.37,0.0
2025-05,NL,Refund - subscription,P3M,1,-33.81,-5.87,-27.94,0.0
2025-05,NL,Refund - token pack,TP275,1,-28.19,-4.89,-23.3,0.0
2025-05,NL,Refund - token pack,TP600,1,-56.39,-9.79,-46.6,0.0
2025-05,NL,Renewal,P12M,17,1378.36,239.19,1139.17,78.18
2025-05,NL,Renewal,P1M,295,4655.35,807.96,3847.38,333.78
2025-05,NL,Renewal,P3M,59,1994.58,346.15,1648.45,123.58
2025-05,NL,Token pack,TP100,35,394.44,68.5,325.94,32.35
2025-05,NL,Token pack,TP1300,13,1466.27,254.43,1211.75,80.31
2025-05,NL,Token pack,TP275,27,761.13,132.06,629.04,46.86
2025-05,NL,Token pack,TP2800,8,1804.72,313.2,1491.49,102.05
2025-05,NL,Token pack,TP4500,3,1015.17,176.19,838.98,43.0
2025-05,NL,Token pack,TP600,21,1184.19,205.54,978.61,69.85
2025-05,PL,New subscription,P12M,63,3998.16,747.63,3250.55,216.1
2025-05,PL,New subscription,P1M,119,1877.86,351.1,1526.77,139.08
2025-05,PL,New subscription,P3M,38,1227.08,229.45,997.6,75.94
2025-05,PL,Reactivation,P12M,4,324.32,60.64,263.68,19.24
2025-05,PL,Reactivation,P1M,14,220.92,41.3,179.62,17.08
2025-05,PL,Reactivation,P3M,3,101.43,18.96,82.44,6.63
2025-05,PL,Refund - subscription,P12M,4,-216.04,-40.4,-175.64,0.0
2025-05,PL,Refund - subscription,P1M,5,-78.9,-14.75,-64.15,0.0
2025-05,PL,Refund - subscription,P3M,1,-30.42,-5.69,-24.73,0.0
2025-05,PL,Refund - token pack,TP100,2,-22.54,-4.22,-18.32,0.0
2025-05,PL,Renewal,P12M,11,891.88,166.76,725.12,52.91
2025-05,PL,Renewal,P1M,225,3550.66,663.97,2886.75,251.48
2025-05,PL,Renewal,P3M,36,1217.09,227.52,989.35,72.76
2025-05,PL,Token pack,TP100,28,315.56,59.0,256.48,24.76
2025-05,PL,Token pack,TP1300,8,902.32,168.72,733.6,42.69
2025-05,PL,Token pack,TP275,23,648.37,121.21,527.16,37.78
2025-05,PL,Token pack,TP2800,5,1127.95,210.9,917.05,54.42
2025-05,PL,Token pack,TP600,10,563.9,105.41,458.41,24.1
2025-05,ROW,Chargeback,P12M,1,-71.88,-3.42,-68.46,25.0
2025-05,ROW,Chargeback,P1M,5,-68.95,-3.3,-65.65,125.0
2025-05,ROW,Chargeback,P3M,1,-26.97,-1.28,-25.69,25.0
2025-05,ROW,New subscription,P12M,320,18273.6,870.18,17403.42,1025.82
2025-05,ROW,New subscription,P1M,401,5609.99,267.13,5342.86,421.54
2025-05,ROW,New subscription,P3M,160,4585.2,218.36,4366.84,287.06
2025-05,ROW,Reactivation,P12M,30,2156.4,102.67,2053.73,131.3
2025-05,ROW,Reactivation,P1M,50,699.5,33.33,666.17,56.07
2025-05,ROW,Reactivation,P3M,23,689.31,32.83,656.48,44.99
2025-05,ROW,Refund - subscription,P12M,12,-718.56,-34.2,-684.36,0.0
2025-05,ROW,Refund - subscription,P1M,16,-223.84,-10.69,-213.15,0.0
2025-05,ROW,Refund - subscription,P3M,4,-116.88,-5.57,-111.31,0.0
2025-05,ROW,Refund - token pack,TP100,3,-29.97,-1.44,-28.53,0.0
2025-05,ROW,Refund - token pack,TP600,1,-49.99,-2.38,-47.61,0.0
2025-05,ROW,Renewal,P12M,57,4097.16,195.09,3902.07,231.12
2025-05,ROW,Renewal,P1M,739,10338.61,492.32,9846.29,767.67
2025-05,ROW,Renewal,P3M,136,4075.92,194.09,3881.83,250.71
2025-05,ROW,Token pack,TP100,117,1168.83,55.66,1113.17,91.05
2025-05,ROW,Token pack,TP1300,24,2399.76,114.24,2285.52,127.2
2025-05,ROW,Token pack,TP275,63,1574.37,74.97,1499.4,100.53
2025-05,ROW,Token pack,TP2800,12,2399.88,114.25,2285.63,147.6
2025-05,ROW,Token pack,TP4500,14,4199.86,200.03,3999.83,242.4
2025-05,ROW,Token pack,TP600,26,1299.74,61.88,1237.86,75.6
2025-05,SE,Chargeback,P12M,1,-53.77,-10.75,-43.02,25.0
2025-05,SE,Chargeback,P1M,1,-14.59,-2.92,-11.67,25.0
2025-05,SE,New subscription,P12M,49,3296.17,659.23,2636.92,169.36
2025-05,SE,New subscription,P1M,79,1246.62,249.32,997.3,92.32
2025-05,SE,New subscription,P3M,23,743.72,148.71,594.93,45.54
2025-05,SE,Reactivation,P12M,4,324.32,64.88,259.44,19.24
2025-05,SE,Reactivation,P1M,8,126.24,25.27,100.97,8.77
2025-05,SE,Reactivation,P3M,3,101.43,20.28,81.12,6.63
2025-05,SE,Refund - subscription,P12M,3,-243.24,-48.66,-194.58,0.0
2025-05,SE,Refund - subscription,P1M,2,-31.56,-6.32,-25.24,0.0
2025-05,SE,Refund - token pack,TP600,2,-112.78,-22.56,-90.22,0.0
2025-05,SE,Renewal,P12M,9,729.72,145.97,583.75,36.11
2025-05,SE,Renewal,P1M,162,2556.44,511.26,2045.19,186.53
2025-05,SE,Renewal,P3M,34,1149.43,229.84,919.47,64.93
2025-05,SE,Token pack,TP100,37,416.98,83.35,333.48,35.09
2025-05,SE,Token pack,TP1300,8,902.32,180.47,721.84,47.55
2025-05,SE,Token pack,TP275,22,620.18,124.08,496.1,38.84
2025-05,SE,Token pack,TP2800,7,1579.13,315.84,1263.29,70.56
2025-05,SE,Token pack,TP4500,5,1691.95,338.4,1353.55,80.92
2025-05,SE,Token pack,TP600,16,902.24,180.48,721.76,50.0
2025-05,US,Chargeback,P12M,6,-359.28,-20.34,-338.94,150.0
2025-05,US,Chargeback,P1M,24,-326.76,-18.5,-308.26,600.0
2025-05,US,Chargeback,P3M,11,-323.67,-18.34,-305.33,275.0
2025-05,US,New subscription,P12M,1079,61166.52,3462.27,57704.25,3599.9
2025-05,US,New subscription,P1M,1900,26581.0,1504.62,25076.38,2045.88
2025-05,US,New subscription,P3M,620,17684.4,1001.02,16683.38,1143.78
2025-05,US,Reactivation,P12M,127,9128.76,516.74,8612.02,539.88
2025-05,US,Reactivation,P1M,230,3217.7,182.16,3035.54,248.16
2025-05,US,Reactivation,P3M,72,2157.84,122.14,2035.7,139.53
2025-05,US,Refund - subscription,P12M,53,-3113.64,-176.25,-2937.39,0.0
2025-05,US,Refund - subscription,P1M,89,-1245.11,-70.47,-1174.64,0.0
2025-05,US,Refund - subscription,P3M,16,-458.52,-25.97,-432.55,0.0
2025-05,US,Refund - token pack,TP100,18,-179.82,-10.22,-169.6,0.0
2025-05,US,Refund - token pack,TP1300,3,-299.97,-16.98,-282.99,0.0
2025-05,US,Refund - token pack,TP275,10,-249.9,-14.11,-235.79,0.0
2025-05,US,Refund - token pack,TP2800,3,-599.97,-33.96,-566.01,0.0
2025-05,US,Refund - token pack,TP600,6,-299.94,-16.98,-282.96,0.0
2025-05,US,Renewal,P12M,267,19191.96,1086.32,18105.64,1146.76
2025-05,US,Renewal,P1M,4028,56351.72,3189.72,53162.0,4230.75
2025-05,US,Renewal,P3M,597,17892.09,1012.75,16879.34,1150.43
2025-05,US,Token pack,TP100,755,7542.45,426.94,7115.51,611.6
2025-05,US,Token pack,TP1300,175,17498.25,990.5,16507.75,996.88
2025-05,US,Token pack,TP275,408,10195.92,577.12,9618.8,648.65
2025-05,US,Token pack,TP2800,110,21998.9,1245.2,20753.7,1232.1
2025-05,US,Token pack,TP4500,55,16499.45,933.9,15565.55,978.9
2025-05,US,Token pack,TP600,269,13447.31,761.25,12686.06,790.68
2025-06,AU,Chargeback,P1M,2,-27.98,-2.54,-25.44,50.0
2025-06,AU,New subscription,P12M,149,7134.12,648.56,6485.56,431.04
2025-06,AU,New subscription,P1M,182,2546.18,231.48,2314.7,194.44
2025-06,AU,New subscription,P3M,60,1618.2,147.1,1471.1,110.56
2025-06,AU,Reactivation,P12M,15,718.2,65.27,652.93,47.57
2025-06,AU,Reactivation,P1M,19,265.81,24.16,241.65,18.87
2025-06,AU,Reactivation,P3M,6,161.82,14.7,147.12,11.52
2025-06,AU,Refund - subscription,P12M,3,-143.64,-13.05,-130.59,0.0
2025-06,AU,Refund - subscription,P1M,11,-153.89,-13.98,-139.91,0.0
2025-06,AU,Refund - subscription,P3M,3,-80.91,-7.35,-73.56,0.0
2025-06,AU,Refund - token pack,TP100,1,-9.99,-0.91,-9.08,0.0
2025-06,AU,Renewal,P12M,47,2634.36,239.48,2394.88,159.12
2025-06,AU,Renewal,P1M,456,6379.44,579.93,5799.51,486.09
2025-06,AU,Renewal,P3M,71,2115.87,192.33,1923.54,135.09
2025-06,AU,Token pack,TP100,81,809.19,73.55,735.64,66.9
2025-06,AU,Token pack,TP1300,9,899.91,81.81,818.1,56.7
2025-06,AU,Token pack,TP275,36,899.64,81.75,817.89,59.08
2025-06,AU,Token pack,TP2800,13,2599.87,236.34,2363.53,141.3
2025-06,AU,Token pack,TP4500,4,1199.96,109.08,1090.88,59.4
2025-06,AU,Token pack,TP600,31,1549.69,140.83,1408.86,92.1
2025-06,BR,New subscription,P12M,140,6703.2,319.2,6384.0,402.45
2025-06,BR,New subscription,P1M,152,2126.48,101.25,2025.23,158.4
2025-06,BR,New subscription,P3M,45,1213.65,57.76,1155.89,84.82
2025-06,BR,Reactivation,P12M,23,1101.24,52.44,1048.8,65.61
2025-06,BR,Reactivation,P1M,14,195.86,9.35,186.51,15.96
2025-06,BR,Reactivation,P3M,3,80.91,3.84,77.07,5.76
2025-06,BR,Refund - subscription,P12M,1,-47.88,-2.28,-45.6,0.0
2025-06,BR,Refund - subscription,P1M,7,-97.93,-4.69,-93.24,0.0
2025-06,BR,Refund - subscription,P3M,1,-26.97,-1.28,-25.69,0.0
2025-06,BR,Refund - token pack,TP100,1,-9.99,-0.48,-9.51,0.0
2025-06,BR,Refund - token pack,TP275,1,-24.99,-1.19,-23.8,0.0
2025-06,BR,Renewal,P12M,31,1868.28,88.94,1779.34,109.39
2025-06,BR,Renewal,P1M,295,4127.05,196.54,3930.51,310.08
2025-06,BR,Renewal,P3M,63,1873.11,89.17,1783.94,115.08
2025-06,BR,Token pack,TP100,52,519.48,24.77,494.71,41.55
2025-06,BR,Token pack,TP1300,6,599.94,28.56,571.38,33.0
2025-06,BR,Token pack,TP275,13,324.87,15.47,309.4,21.97
2025-06,BR,Token pack,TP2800,2,399.98,19.04,380.94,24.6
2025-06,BR,Token pack,TP4500,3,899.97,42.86,857.11,41.1
2025-06,BR,Token pack,TP600,14,699.86,33.32,666.54,43.65
2025-06,CA,Chargeback,P1M,1,-13.99,-1.61,-12.38,25.0
2025-06,CA,New subscription,P12M,194,9288.72,1068.6,8220.12,546.81
2025-06,CA,New subscription,P1M,244,3413.56,392.75,3020.81,260.38
2025-06,CA,New subscription,P3M,91,2454.27,282.37,2171.9,163.95
2025-06,CA,Reactivation,P12M,24,1149.12,132.22,1016.9,76.14
2025-06,CA,Reactivation,P1M,30,419.7,48.3,371.4,32.34
2025-06,CA,Reactivation,P3M,9,242.73,27.91,214.82,17.28
2025-06,CA,Refund - subscription,P12M,14,-670.32,-77.13,-593.19,0.0
2025-06,CA,Refund - subscription,P1M,11,-153.89,-17.71,-136.18,0.0
2025-06,CA,Refund - subscription,P3M,3,-80.91,-9.3,-71.61,0.0
2025-06,CA,Refund - token pack,TP100,2,-19.98,-2.3,-17.68,0.0
2025-06,CA,Refund - token pack,TP275,2,-49.98,-5.74,-44.24,0.0
2025-06,CA,Renewal,P12M,40,2323.2,267.31,2055.89,147.86
2025-06,CA,Renewal,P1M,524,7330.76,843.34,6487.42,556.13
2025-06,CA,Renewal,P3M,75,2229.75,256.52,1973.23,141.59
2025-06,CA,Token pack,TP100,127,1268.73,146.04,1122.69,107.54
2025-06,CA,Token pack,TP1300,25,2499.75,287.55,2212.2,152.7
2025-06,CA,Token pack,TP275,44,1099.56,126.44,973.12,73.49
2025-06,CA,Token pack,TP2800,18,3599.82,414.16,3185.66,221.4
2025-06,CA,Token pack,TP4500,6,1799.94,207.06,1592.88,109.8
2025-06,CA,Token pack,TP600,39,1949.61,224.26,1725.35,123.6
2025-06,CH,Chargeback,P1M,1,-15.78,-1.18,-14.6,25.0
2025-06,CH,New subscription,P12M,57,3146.76,235.81,2910.99,175.14
2025-06,CH,New subscription,P1M,69,1112.97,83.42,1029.59,82.38
2025-06,CH,New subscription,P3M,16,497.57,37.28,460.29,31.37
2025-06,CH,Reactivation,P12M,3,165.62,12.41,153.21,10.16
2025-06,CH,Reactivation,P1M,13,209.69,15.73,193.96,15.09
2025-06,CH,Reactivation,P3M,1,31.1,2.33,28.77,2.06
2025-06,CH,Refund - subscription,P12M,2,-110.42,-8.28,-102.14,0.0
2025-06,CH,Refund - subscription,P1M,4,-64.52,-4.84,-59.68,0.0
2025-06,CH,Renewal,P12M,24,1546.36,115.89,1430.48,82.14
2025-06,CH,Renewal,P1M,167,2693.72,201.83,2491.95,189.69
2025-06,CH,Renewal,P3M,25,860.48,64.49,795.99,52.6
2025-06,CH,Token pack,TP100,46,529.9,39.7,490.2,42.79
2025-06,CH,Token pack,TP1300,8,922.32,69.12,853.2,48.56
2025-06,CH,Token pack,TP275,27,777.94,58.32,719.62,47.68
2025-06,CH,Token pack,TP2800,12,2767.08,207.36,2559.72,146.79
2025-06,CH,Token pack,TP4500,3,1037.67,77.76,959.91,43.93
2025-06,CH,Token pack,TP600,13,749.32,56.16,693.16,45.76
2025-06,DE,Chargeback,P12M,1,-81.08,-12.95,-68.13,25.0
2025-06,DE,Chargeback,P1M,4,-63.12,-10.08,-53.04,100.0
2025-06,DE,Chargeback,P3M,1,-33.81,-5.4,-28.41,25.0
2025-06,DE,New subscription,P12M,308,17003.36,2714.8,14288.51,925.28
2025-06,DE,New subscription,P1M,353,5694.08,909.16,4785.0,408.86
2025-06,DE,New subscription,P3M,150,4664.47,744.69,3919.75,286.71
2025-06,DE,Reactivation,P12M,45,2484.3,396.6,2087.56,134.49
2025-06,DE,Reactivation,P1M,45,725.85,115.94,610.04,52.66
2025-06,DE,Reactivation,P3M,17,528.65,84.37,444.21,31.84
2025-06,DE,Refund - subscription,P12M,19,-1048.95,-167.43,-881.42,0.0
2025-06,DE,Refund - subscription,P1M,20,-322.6,-51.54,-271.14,0.0
2025-06,DE,Refund - subscription,P3M,4,-124.39,-19.85,-104.52,0.0
2025-06,DE,Refund - token pack,TP100,1,-11.52,-1.84,-9.68,0.0
2025-06,DE,Refund - token pack,TP275,1,-28.81,-4.6,-24.21,0.0
2025-06,DE,Renewal,P12M,71,4915.79,784.9,4130.96,266.66
2025-06,DE,Renewal,P1M,942,15194.9,2426.06,12768.87,1101.7
2025-06,DE,Renewal,P3M,124,4271.07,681.96,3589.09,269.59
2025-06,DE,Token pack,TP100,180,2073.33,331.05,1742.35,159.2
2025-06,DE,Token pack,TP1300,44,5072.73,809.93,4262.72,284.44
2025-06,DE,Token pack,TP275,87,2506.75,400.2,2106.54,154.76
2025-06,DE,Token pack,TP2800,25,5764.75,920.46,4844.26,325.76
2025-06,DE,Token pack,TP4500,18,6226.02,994.1,5231.92,306.16
2025-06,DE,Token pack,TP600,53,3054.92,487.78,2567.14,167.94
2025-06,ES,Chargeback,P1M,1,-15.78,-2.74,-13.04,25.0
2025-06,ES,Chargeback,P3M,1,-33.81,-5.87,-27.94,25.0
2025-06,ES,New subscription,P12M,120,6624.69,1149.7,5474.92,347.53
2025-06,ES,New subscription,P1M,166,2677.58,464.8,2212.93,189.46
2025-06,ES,New subscription,P3M,46,1430.44,248.24,1182.2,89.99
2025-06,ES,Reactivation,P12M,19,1048.97,182.02,866.8,64.39
2025-06,ES,Reactivation,P1M,12,193.56,33.6,159.96,13.88
2025-06,ES,Reactivation,P3M,7,217.69,37.79,179.9,14.42
2025-06,ES,Refund - subscription,P12M,5,-276.05,-47.9,-228.1,0.0
2025-06,ES,Refund - subscription,P1M,12,-193.56,-33.6,-159.96,0.0
2025-06,ES,Refund - subscription,P3M,1,-31.1,-5.4,-25.7,0.0
2025-06,ES,Refund - token pack,TP100,1,-11.52,-2.0,-9.52,0.0
2025-06,ES,Refund - token pack,TP275,1,-28.81,-5.0,-23.81,0.0
2025-06,ES,Refund - token pack,TP2800,1,-230.59,-40.02,-190.57,0.0
2025-06,ES,Renewal,P12M,35,2430.34,421.75,2008.46,138.61
2025-06,ES,Renewal,P1M,368,5936.0,1030.24,4905.78,420.44
2025-06,ES,Renewal,P3M,50,1720.89,298.64,1422.22,98.28
2025-06,ES,Token pack,TP100,70,806.34,140.0,666.4,62.35
2025-06,ES,Token pack,TP1300,9,1037.61,180.09,857.52,60.21
2025-06,ES,Token pack,TP275,26,749.13,130.0,619.13,45.75
2025-06,ES,Token pack,TP2800,9,2075.31,360.18,1715.13,107.7
2025-06,ES,Token pack,TP4500,8,2767.12,480.24,2286.88,154.97
2025-06,ES,Token pack,TP600,18,1037.52,180.04,857.48,63.36
2025-06,FR,Chargeback,P12M,3,-243.24,-40.53,-202.71,75.0
2025-06,FR,Chargeback,P1M,4,-63.12,-10.52,-52.6,100.0
2025-06,FR,Chargeback,P3M,1,-33.81,-5.63,-28.17,25.0
2025-06,FR,New subscription,P12M,296,16340.87,2723.49,13617.38,910.26
2025-06,FR,New subscription,P1M,332,5355.29,892.55,4462.74,388.83
2025-06,FR,New subscription,P3M,129,4011.43,668.56,3342.86,243.47
2025-06,FR,Reactivation,P12M,28,1545.82,257.6,1288.06,92.31
2025-06,FR,Reactivation,P1M,25,403.25,67.25,336.02,30.93
2025-06,FR,Reactivation,P3M,11,342.08,57.0,285.03,21.07
2025-06,FR,Refund - subscription,P12M,16,-883.33,-147.21,-736.03,0.0
2025-06,FR,Refund - subscription,P1M,10,-161.3,-26.89,-134.41,0.0
2025-06,FR,Refund - subscription,P3M,4,-124.4,-20.72,-103.64,0.0
2025-06,FR,Refund - token pack,TP100,3,-34.56,-5.76,-28.8,0.0
2025-06,FR,Refund - token pack,TP2800,1,-230.59,-38.43,-192.16,0.0
2025-06,FR,Refund - token pack,TP4500,1,-345.89,-57.65,-288.24,0.0
2025-06,FR,Refund - token pack,TP600,1,-57.64,-9.61,-48.03,0.0
2025-06,FR,Renewal,P12M,68,4418.1,736.32,3681.72,245.55
2025-06,FR,Renewal,P1M,822,13259.24,2209.88,11049.38,960.22
2025-06,FR,Renewal,P3M,110,3776.93,629.52,3147.4,230.75
2025-06,FR,Token pack,TP100,169,1946.62,324.48,1622.15,153.22
2025-06,FR,Token pack,TP1300,31,3573.98,595.59,2978.24,182.59
2025-06,FR,Token pack,TP275,77,2218.6,369.76,1848.8,132.41
2025-06,FR,Token pack,TP2800,22,5072.98,845.46,4227.5,267.53
2025-06,FR,Token pack,TP4500,13,4496.57,749.45,3747.12,237.65
2025-06,FR,Token pack,TP600,54,3112.54,518.78,2593.72,190.08
2025-06,GB,Chargeback,P12M,2,-128.04,-21.34,-106.7,50.0
2025-06,GB,Chargeback,P1M,7,-130.9,-21.84,-109.13,175.0
2025-06,GB,Chargeback,P3M,2,-80.14,-13.36,-66.78,50.0
2025-06,GB,New subscription,P12M,263,17062.73,2843.77,14219.0,945.09
2025-06,GB,New subscription,P1M,376,7127.61,1187.89,5939.7,493.69
2025-06,GB,New subscription,P3M,124,4531.5,755.19,3776.26,270.92
2025-06,GB,Reactivation,P12M,43,2789.7,464.97,2324.73,162.64
2025-06,GB,Reactivation,P1M,32,606.64,101.12,505.52,43.45
2025-06,GB,Reactivation,P3M,16,584.69,97.44,487.25,34.14
2025-06,GB,Refund - subscription,P12M,9,-583.91,-97.3,-486.55,0.0
2025-06,GB,Refund - subscription,P1M,19,-360.2,-60.04,-300.17,0.0
2025-06,GB,Refund - subscription,P3M,7,-255.79,-42.63,-213.16,0.0
2025-06,GB,Refund - token pack,TP100,4,-54.16,-9.04,-45.12,0.0
2025-06,GB,Refund - token pack,TP1300,1,-135.49,-22.58,-112.91,0.0
2025-06,GB,Refund - token pack,TP275,1,-33.86,-5.64,-28.22,0.0
2025-06,GB,Refund - token pack,TP2800,1,-270.99,-45.16,-225.82,0.0
2025-06,GB,Refund - token pack,TP600,3,-203.22,-33.87,-169.35,0.0
2025-06,GB,Renewal,P12M,96,7724.1,1287.38,6436.78,422.82
2025-06,GB,Renewal,P1M,997,18899.56,3149.91,15749.64,1301.99
2025-06,GB,Renewal,P3M,146,5904.63,984.07,4920.48,340.3
2025-06,GB,Token pack,TP100,171,2314.75,385.78,1928.88,175.57
2025-06,GB,Token pack,TP1300,43,5825.93,970.94,4854.99,312.37
2025-06,GB,Token pack,TP275,106,3589.28,598.2,2991.11,224.25
2025-06,GB,Token pack,TP2800,26,7045.68,1174.22,5871.33,362.99
2025-06,GB,Token pack,TP4500,16,6503.81,1083.98,5419.84,346.72
2025-06,GB,Token pack,TP600,53,3590.05,598.37,2991.68,197.69
2025-06,IN,Chargeback,P1M,1,-13.99,-2.13,-11.86,25.0
2025-06,IN,New subscription,P12M,146,6990.48,1066.29,5924.19,394.51
2025-06,IN,New subscription,P1M,84,1175.16,179.22,995.94,88.32
2025-06,IN,New subscription,P3M,37,997.89,152.15,845.74,61.9
2025-06,IN,Reactivation,P12M,16,766.08,116.82,649.26,43.39
2025-06,IN,Reactivation,P1M,11,153.89,23.45,130.44,12.54
2025-06,IN,Reactivation,P3M,5,134.85,20.55,114.3,8.08
2025-06,IN,Refund - subscription,P12M,6,-287.28,-43.81,-243.47,0.0
2025-06,IN,Refund - subscription,P1M,1,-13.99,-2.13,-11.86,0.0
2025-06,IN,Refund - subscription,P3M,1,-26.97,-4.11,-22.86,0.0
2025-06,IN,Refund - token pack,TP100,1,-9.99,-1.52,-8.47,0.0
2025-06,IN,Refund - token pack,TP4500,1,-299.99,-45.76,-254.23,0.0
2025-06,IN,Renewal,P12M,30,1892.4,288.61,1603.79,103.48
2025-06,IN,Renewal,P1M,205,2867.95,437.5,2430.45,218.74
2025-06,IN,Renewal,P3M,32,956.04,145.79,810.25,57.11
2025-06,IN,Token pack,TP100,28,279.72,42.64,237.08,23.7
2025-06,IN,Token pack,TP1300,6,599.94,91.5,508.44,33.0
2025-06,IN,Token pack,TP275,16,399.84,60.96,338.88,23.09
2025-06,IN,Token pack,TP2800,7,1399.93,213.55,1186.38,76.8
2025-06,IN,Token pack,TP4500,3,899.97,137.28,762.69,41.1
2025-06,IN,Token pack,TP600,7,349.93,53.41,296.52,18.0
2025-06,IT,Chargeback,P12M,2,-135.09,-24.36,-110.73,50.0
2025-06,IT,Chargeback,P1M,3,-47.34,-8.55,-38.82,75.0
2025-06,IT,Chargeback,P3M,2,-67.62,-12.2,-55.42,50.0
2025-06,IT,New subscription,P12M,134,7397.56,1334.04,6063.5,412.86
2025-06,IT,New subscription,P1M,140,2258.2,407.25,1851.07,162.26
2025-06,IT,New subscription,P3M,56,1741.43,314.07,1427.44,101.03
2025-06,IT,Reactivation,P12M,15,828.1,149.35,678.75,48.24
2025-06,IT,Reactivation,P1M,17,274.21,49.47,224.75,21.05
2025-06,IT,Reactivation,P3M,6,186.6,33.66,152.94,10.77
2025-06,IT,Refund - subscription,P12M,4,-220.84,-39.84,-181.0,0.0
2025-06,IT,Refund - subscription,P1M,4,-64.52,-11.64,-52.88,0.0
2025-06,IT,Refund - subscription,P3M,2,-62.2,-11.22,-50.98,0.0
2025-06,IT,Renewal,P12M,23,1518.82,273.94,1244.88,82.83
2025-06,IT,Renewal,P1M,345,5565.04,1003.52,4561.51,393.98
2025-06,IT,Renewal,P3M,41,1409.91,254.22,1155.58,90.28
2025-06,IT,Token pack,TP100,54,622.05,112.16,509.79,49.85
2025-06,IT,Token pack,TP1300,9,1037.61,187.11,850.5,55.25
2025-06,IT,Token pack,TP275,36,1037.25,187.09,850.29,65.09
2025-06,IT,Token pack,TP2800,7,1614.13,291.06,1323.05,81.64
2025-06,IT,Token pack,TP4500,2,691.78,124.74,567.04,38.74
2025-06,IT,Token pack,TP600,22,1268.08,228.61,1039.31,69.46
2025-06,JP,Chargeback,P12M,1,-47.88,-4.35,-43.53,25.0
2025-06,JP,Chargeback,P1M,1,-13.99,-1.27,-12.72,25.0
2025-06,JP,New subscription,P12M,65,3112.2,282.95,2829.25,191.52
2025-06,JP,New subscription,P1M,88,1231.12,111.94,1119.18,94.74
2025-06,JP,New subscription,P3M,33,890.01,80.88,809.13,54.23
2025-06,JP,Reactivation,P12M,10,478.8,43.51,435.29,31.71
2025-06,JP,Reactivation,P1M,7,97.93,8.89,89.04,7.05
2025-06,JP,Reactivation,P3M,2,53.94,4.9,49.04,3.84
2025-06,JP,Refund - subscription,P12M,2,-95.76,-8.7,-87.06,0.0
2025-06,JP,Refund - subscription,P1M,6,-83.94,-7.62,-76.32,0.0
2025-06,JP,Refund - token pack,TP100,1,-9.99,-0.91,-9.08,0.0
2025-06,JP,Refund - token pack,TP275,1,-24.99,-2.27,-22.72,0.0
2025-06,JP,Renewal,P12M,21,1173.48,106.64,1066.84,68.25
2025-06,JP,Renewal,P1M,178,2490.22,226.38,2263.84,192.67
2025-06,JP,Renewal,P3M,26,776.22,70.52,705.7,51.12
2025-06,JP,Token pack,TP100,36,359.64,32.7,326.94,30.15
2025-06,JP,Token pack,TP1300,8,799.92,72.72,727.2,45.6
2025-06,JP,Token pack,TP275,10,249.9,22.7,227.2,16.57
2025-06,JP,Token pack,TP2800,2,399.98,36.36,363.62,24.6
2025-06,JP,Token pack,TP4500,2,599.98,54.54,545.44,36.6
2025-06,JP,Token pack,TP600,2,99.98,9.08,90.9,6.6
2025-06,MX,New subscription,P12M,112,5362.56,739.63,4622.93,325.89
2025-06,MX,New subscription,P1M,97,1357.03,187.21,1169.82,99.42
2025-06,MX,New subscription,P3M,42,1132.74,156.24,976.5,69.99
2025-06,MX,Reactivation,P12M,10,478.8,66.02,412.78,31.72
2025-06,MX,Reactivation,P1M,5,69.95,9.65,60.3,5.7
2025-06,MX,Reactivation,P3M,6,161.82,22.32,139.5,11.52
2025-06,MX,Refund - subscription,P12M,2,-95.76,-13.2,-82.56,0.0
2025-06,MX,Refund - subscription,P1M,4,-55.96,-7.72,-48.24,0.0
2025-06,MX,Refund - token pack,TP100,1,-9.99,-1.38,-8.61,0.0
2025-06,MX,Renewal,P12M,27,1532.76,211.38,1321.38,83.49
2025-06,MX,Renewal,P1M,189,2644.11,364.77,2279.34,200.55
2025-06,MX,Renewal,P3M,42,1252.74,172.77,1079.97,82.83
2025-06,MX,Token pack,TP100,30,299.7,41.39,258.31,23.25
2025-06,MX,Token pack,TP1300,5,499.95,68.95,431.0,31.5
2025-06,MX,Token pack,TP275,24,599.76,82.73,517.03,36.05
2025-06,MX,Token pack,TP2800,9,1799.91,248.22,1551.69,92.1
2025-06,MX,Token pack,TP4500,4,1199.96,165.52,1034.44,73.2
2025-06,MX,Token pack,TP600,11,549.89,75.88,474.01,33.75
2025-06,NL,Chargeback,P1M,2,-31.56,-5.48,-26.08,50.0
2025-06,NL,New subscription,P12M,87,4802.91,833.51,3969.3,276.75
2025-06,NL,New subscription,P1M,105,1693.65,294.0,1399.69,115.97
2025-06,NL,New subscription,P3M,37,1150.61,199.71,950.9,69.85
2025-06,NL,Reactivation,P12M,13,717.71,124.54,593.08,44.05
2025-06,NL,Reactivation,P1M,13,209.69,36.4,173.29,15.1
2025-06,NL,Reactivation,P3M,5,155.5,27.0,128.5,7.12
2025-06,NL,Refund - subscription,P12M,4,-220.84,-38.32,-182.48,0.0
2025-06,NL,Refund - subscription,P1M,3,-48.39,-8.4,-39.99,0.0
2025-06,NL,Refund - subscription,P3M,3,-93.29,-16.19,-77.1,0.0
2025-06,NL,Refund - token pack,TP100,2,-23.04,-4.0,-19.04,0.0
2025-06,NL,Renewal,P12M,25,1712.25,297.13,1415.0,96.73
2025-06,NL,Renewal,P1M,312,5032.71,873.45,4159.24,362.11
2025-06,NL,Renewal,P3M,50,1717.43,298.04,1419.37,101.55
2025-06,NL,Token pack,TP100,65,748.75,130.0,618.8,57.45
2025-06,NL,Token pack,TP1300,21,2421.09,420.21,2000.88,135.53
2025-06,NL,Token pack,TP275,24,691.53,120.0,571.53,44.91
2025-06,NL,Token pack,TP2800,6,1383.54,240.12,1143.42,78.18
2025-06,NL,Token pack,TP4500,6,2075.34,360.18,1715.16,116.22
2025-06,NL,Token pack,TP600,24,1383.36,240.07,1143.29,76.5
2025-06,PL,Chargeback,P12M,1,-54.01,-10.1,-43.91,25.0
2025-06,PL,Chargeback,P1M,2,-31.56,-5.9,-25.66,50.0
2025-06,PL,New subscription,P12M,75,4140.45,774.24,3366.24,243.76
2025-06,PL,New subscription,P1M,102,1645.26,307.72,1337.67,120.19
2025-06,PL,New subscription,P3M,29,901.82,168.57,733.12,50.19
2025-06,PL,Reactivation,P12M,4,220.84,41.28,179.52,13.56
2025-06,PL,Reactivation,P1M,8,129.04,24.15,104.89,8.92
2025-06,PL,Reactivation,P3M,6,186.59,34.87,151.68,10.77
2025-06,PL,Refund - subscription,P12M,4,-220.83,-41.29,-179.53,0.0
2025-06,PL,Refund - subscription,P1M,5,-80.65,-15.1,-65.55,0.0
2025-06,PL,Refund - token pack,TP100,2,-23.04,-4.3,-18.72,0.0
2025-06,PL,Refund - token pack,TP275,1,-28.81,-5.39,-23.43,0.0
2025-06,PL,Renewal,P12M,27,1905.67,356.32,1549.27,114.28
2025-06,PL,Renewal,P1M,219,3532.49,660.57,2872.03,254.04
2025-06,PL,Renewal,P3M,45,1544.65,288.78,1255.78,93.76
2025-06,PL,Token pack,TP100,26,299.52,55.98,243.44,24.75
2025-06,PL,Token pack,TP1300,9,1037.61,194.04,843.57,60.21
2025-06,PL,Token pack,TP275,22,633.87,118.57,515.4,39.52
2025-06,PL,Token pack,TP2800,4,922.36,172.48,749.88,42.55
2025-06,PL,Token pack,TP4500,6,2075.34,388.08,1687.26,116.23
2025-06,PL,Token pack,TP600,12,691.68,129.36,562.32,34.26
2025-06,ROW,Chargeback,P1M,3,-41.97,-2.01,-39.96,75.0
2025-06,ROW,Chargeback,P3M,1,-29.97,-1.43,-28.54,25.0
2025-06,ROW,New subscription,P12M,376,18002.88,857.28,17145.6,1048.16
2025-06,ROW,New subscription,P1M,355,4966.45,236.51,4729.94,369.15
2025-06,ROW,New subscription,P3M,149,4018.53,191.35,3827.18,247.97
2025-06,ROW,Reactivation,P12M,55,2633.4,125.4,2508.0,154.86
2025-06,ROW,Reactivation,P1M,38,531.62,25.33,506.29,42.39
2025-06,ROW,Reactivation,P3M,16,431.52,20.53,410.99,21.61
2025-06,ROW,Refund - subscription,P12M,6,-287.28,-13.68,-273.6,0.0
2025-06,ROW,Refund - subscription,P1M,12,-167.88,-8.01,-159.87,0.0
2025-06,ROW,Refund - subscription,P3M,2,-53.94,-2.57,-51.37,0.0
2025-06,ROW,Refund - token pack,TP100,2,-19.98,-0.96,-19.02,0.0
2025-06,ROW,Refund - token pack,TP275,2,-49.98,-2.38,-47.6,0.0
2025-06,ROW,Refund - token pack,TP600,1,-49.99,-2.38,-47.61,0.0
2025-06,ROW,Renewal,P12M,78,4910.64,233.87,4676.77,279.92
2025-06,ROW,Renewal,P1M,768,10744.32,511.65,10232.67,807.22
2025-06,ROW,Renewal,P3M,137,4096.89,195.1,3901.79,262.29
2025-06,ROW,Token pack,TP100,128,1278.72,60.91,1217.81,103.95
2025-06,ROW,Token pack,TP1300,30,2999.7,142.8,2856.9,179.4
2025-06,ROW,Token pack,TP275,62,1549.38,73.78,1475.6,97.31
2025-06,ROW,Token pack,TP2800,10,1999.9,95.22,1904.68,123.0
2025-06,ROW,Token pack,TP4500,9,2699.91,128.58,2571.33,164.7
2025-06,ROW,Token pack,TP600,40,1999.6,95.2,1904.4,126.9
2025-06,SE,New subscription,P12M,54,2981.15,596.16,2384.83,175.21
2025-06,SE,New subscription,P1M,69,1112.97,222.6,890.38,79.37
2025-06,SE,New subscription,P3M,17,528.67,105.74,422.93,27.07
2025-06,SE,Reactivation,P12M,8,441.68,88.32,353.28,27.12
2025-06,SE,Reactivation,P1M,7,112.91,22.61,90.3,8.68
2025-06,SE,Reactivation,P3M,4,124.4,24.88,99.52,8.24
2025-06,SE,Refund - subscription,P12M,2,-110.42,-22.08,-88.32,0.0
2025-06,SE,Refund - subscription,P1M,2,-32.26,-6.46,-25.8,0.0
2025-06,SE,Refund - subscription,P3M,1,-31.1,-6.22,-24.88,0.0
2025-06,SE,Refund - token pack,TP100,1,-11.52,-2.3,-9.21,0.0
2025-06,SE,Refund - token pack,TP275,1,-28.81,-5.76,-23.05,0.0
2025-06,SE,Renewal,P12M,21,1463.74,292.77,1170.94,71.75
2025-06,SE,Renewal,P1M,164,2645.33,529.09,2116.35,193.94
2025-06,SE,Renewal,P3M,28,964.14,192.79,771.24,57.62
2025-06,SE,Token pack,TP100,40,460.79,92.11,368.52,34.45
2025-06,SE,Token pack,TP1300,8,922.32,184.48,737.84,53.52
2025-06,SE,Token pack,TP275,9,259.29,51.84,207.45,17.37
2025-06,SE,Token pack,TP2800,2,461.18,92.24,368.94,26.06
2025-06,SE,Token pack,TP4500,1,345.89,69.18,276.71,19.37
2025-06,SE,Token pack,TP600,9,518.76,103.77,414.99,29.02
2025-06,US,Chargeback,P12M,11,-670.68,-37.97,-632.71,275.0
2025-06,US,Chargeback,P1M,27,-377.73,-21.35,-356.38,675.0
2025-06,US,Chargeback,P3M,4,-116.88,-6.62,-110.26,100.0
2025-06,US,New subscription,P12M,1427,68324.76,3867.47,64457.29,4100.48
2025-06,US,New subscription,P1M,1665,23293.35,1318.51,21974.84,1784.61
2025-06,US,New subscription,P3M,544,14671.68,830.51,13841.17,963.29
2025-06,US,Reactivation,P12M,179,8570.52,485.09,8085.43,523.74
2025-06,US,Reactivation,P1M,162,2266.38,128.33,2138.05,177.19
2025-06,US,Reactivation,P3M,67,1806.99,102.3,1704.69,116.42
2025-06,US,Refund - subscription,P12M,58,-2777.04,-157.18,-2619.86,0.0
2025-06,US,Refund - subscription,P1M,69,-965.31,-54.63,-910.68,0.0
2025-06,US,Refund - subscription,P3M,21,-566.37,-32.08,-534.29,0.0
2025-06,US,Refund - token pack,TP100,8,-79.92,-4.54,-75.38,0.0
2025-06,US,Refund - token pack,TP1300,1,-99.99,-5.66,-94.33,0.0
2025-06,US,Refund - token pack,TP275,6,-149.94,-8.46,-141.48,0.0
2025-06,US,Refund - token pack,TP2800,3,-599.97,-33.96,-566.01,0.0
2025-06,US,Refund - token pack,TP4500,1,-299.99,-16.98,-283.01,0.0
2025-06,US,Refund - token pack,TP600,3,-149.97,-8.49,-141.48,0.0
2025-06,US,Renewal,P12M,390,23161.2,1311.01,21850.19,1390.4
2025-06,US,Renewal,P1M,4093,57261.07,3241.15,54019.92,4305.68
2025-06,US,Renewal,P3M,649,19306.53,1092.83,18213.7,1253.6
2025-06,US,Token pack,TP100,874,8731.26,494.24,8237.02,714.13
2025-06,US,Token pack,TP1300,167,16698.33,945.22,15753.11,970.47
2025-06,US,Token pack,TP275,466,11645.34,659.16,10986.18,760.17
2025-06,US,Token pack,TP2800,122,24398.78,1381.04,23017.74,1370.4
2025-06,US,Token pack,TP4500,77,23099.23,1307.46,21791.77,1312.5
2025-06,US,Token pack,TP600,275,13747.25,778.25,12969.0,843.59
2025-07,AU,Chargeback,P12M,1,-47.88,-4.35,-43.53,25.0
2025-07,AU,Chargeback,P1M,1,-13.99,-1.27,-12.72,25.0
2025-07,AU,New subscription,P12M,182,8714.16,792.18,7921.98,525.91
2025-07,AU,New subscription,P1M,206,2881.94,262.0,2619.94,217.12
2025-07,AU,New subscription,P3M,75,2022.75,183.88,1838.87,140.84
2025-07,AU,Reactivation,P12M,31,1484.28,134.92,1349.36,93.44
2025-07,AU,Reactivation,P1M,29,405.71,36.84,368.87,30.27
2025-07,AU,Reactivation,P3M,9,242.73,22.05,220.68,14.24
2025-07,AU,Refund - subscription,P12M,10,-478.8,-43.5,-435.3,0.0
2025-07,AU,Refund - subscription,P1M,7,-97.93,-8.9,-89.03,0.0
2025-07,AU,Refund - subscription,P3M,2,-53.94,-4.9,-49.04,0.0
2025-07,AU,Refund - token pack,TP100,3,-29.97,-2.73,-27.24,0.0
2025-07,AU,Refund - token pack,TP275,1,-24.99,-2.27,-22.72,0.0
2025-07,AU,Refund - token pack,TP2800,1,-199.99,-18.18,-181.81,0.0
2025-07,AU,Refund - token pack,TP600,1,-49.99,-4.54,-45.45,0.0
2025-07,AU,Renewal,P12M,41,2347.08,213.35,2133.73,143.6
2025-07,AU,Renewal,P1M,455,6365.45,578.68,5786.77,484.95
2025-07,AU,Renewal,P3M,91,2667.27,242.47,2424.8,171.25
2025-07,AU,Token pack,TP100,113,1128.87,102.62,1026.25,94.2
2025-07,AU,Token pack,TP1300,26,2599.74,236.34,2363.4,144.6
2025-07,AU,Token pack,TP275,56,1399.44,127.21,1272.23,85.09
2025-07,AU,Token pack,TP2800,19,3799.81,345.42,3454.39,205.8
2025-07,AU,Token pack,TP4500,9,2699.91,245.43,2454.48,137.1
2025-07,AU,Token pack,TP600,31,1549.69,140.84,1408.85,89.55
2025-07,BR,Chargeback,P12M,2,-95.76,-4.56,-91.2,50.0
2025-07,BR,Chargeback,P1M,1,-13.99,-0.67,-13.32,25.0
2025-07,BR,New subscription,P12M,176,8426.88,401.28,8025.6,492.12
2025-07,BR,New subscription,P1M,173,2420.27,115.22,2305.05,180.46
2025-07,BR,New subscription,P3M,76,2049.72,97.57,1952.15,124.58
2025-07,BR,Reactivation,P12M,29,1388.52,66.12,1322.4,79.73
2025-07,BR,Reactivation,P1M,17,237.83,11.36,226.47,16.59
2025-07,BR,Reactivation,P3M,7,188.79,8.97,179.82,11.92
2025-07,BR,Refund - subscription,P12M,2,-95.76,-4.56,-91.2,0.0
2025-07,BR,Refund - subscription,P1M,7,-97.93,-4.67,-93.26,0.0
2025-07,BR,Refund - token pack,TP100,1,-9.99,-0.48,-9.51,0.0
2025-07,BR,Renewal,P12M,35,2107.8,100.36,2007.44,120.36
2025-07,BR,Renewal,P1M,295,4127.05,196.52,3930.53,311.01
2025-07,BR,Renewal,P3M,49,1405.53,66.93,1338.6,90.96
2025-07,BR,Token pack,TP100,43,429.57,20.51,409.06,35.7
2025-07,BR,Token pack,TP1300,7,699.93,33.32,666.61,39.3
2025-07,BR,Token pack,TP275,15,374.85,17.85,357.0,22.71
2025-07,BR,Token pack,TP2800,8,1599.92,76.16,1523.76,79.8
2025-07,BR,Token pack,TP4500,8,2399.92,114.31,2285.61,146.4
2025-07,BR,Token pack,TP600,12,599.88,28.56,571.32,34.5
2025-07,CA,Chargeback,P1M,4,-55.96,-6.44,-49.52,100.0
2025-07,CA,Chargeback,P3M,1,-26.97,-3.1,-23.87,25.0
2025-07,CA,New subscription,P12M,239,11443.32,1316.47,10126.85,696.94
2025-07,CA,New subscription,P1M,249,3483.51,400.8,3082.71,265.15
2025-07,CA,New subscription,P3M,83,2238.51,257.54,1980.97,145.58
2025-07,CA,Reactivation,P12M,37,1771.56,203.86,1567.7,107.6
2025-07,CA,Reactivation,P1M,28,391.72,45.08,346.64,29.13
2025-07,CA,Reactivation,P3M,19,512.43,58.93,453.5,31.92
2025-07,CA,Refund - subscription,P12M,7,-335.16,-38.56,-296.6,0.0
2025-07,CA,Refund - subscription,P1M,9,-125.91,-14.49,-111.42,0.0
2025-07,CA,Refund - subscription,P3M,2,-53.94,-6.2,-47.74,0.0
2025-07,CA,Refund - token pack,TP1300,1,-99.99,-11.5,-88.49,0.0
2025-07,CA,Refund - token pack,TP2800,1,-199.99,-23.01,-176.98,0.0
2025-07,CA,Refund - token pack,TP600,1,-49.99,-5.75,-44.24,0.0
2025-07,CA,Renewal,P12M,51,2969.88,341.71,2628.17,176.61
2025-07,CA,Renewal,P1M,510,7134.9,820.81,6314.09,546.69
2025-07,CA,Renewal,P3M,92,2697.24,310.29,2386.95,174.87
2025-07,CA,Token pack,TP100,120,1198.8,137.98,1060.82,96.75
2025-07,CA,Token pack,TP1300,24,2399.76,276.07,2123.69,136.8
2025-07,CA,Token pack,TP275,72,1799.28,206.91,1592.37,112.47
2025-07,CA,Token pack,TP2800,16,3199.84,368.15,2831.69,159.6
2025-07,CA,Token pack,TP4500,12,3599.88,414.12,3185.76,178.2
2025-07,CA,Token pack,TP600,50,2499.5,287.5,2212.0,159.9
2025-07,CH,Chargeback,P1M,1,-16.13,-1.21,-14.92,25.0
2025-07,CH,Chargeback,P3M,1,-34.56,-2.59,-31.97,25.0
2025-07,CH,New subscription,P12M,74,4138.34,310.06,3828.26,225.08
2025-07,CH,New subscription,P1M,98,1601.32,119.97,1481.37,113.34
2025-07,CH,New subscription,P3M,36,1134.0,84.96,1049.04,66.94
2025-07,CH,Reactivation,P12M,3,167.76,12.57,155.19,5.11
2025-07,CH,Reactivation,P1M,6,98.04,7.33,90.71,6.5
2025-07,CH,Reactivation,P3M,3,94.5,7.08,87.42,6.24
2025-07,CH,Refund - subscription,P12M,2,-111.84,-8.38,-103.46,0.0
2025-07,CH,Refund - subscription,P1M,4,-65.36,-4.88,-60.48,0.0
2025-07,CH,Renewal,P12M,15,1007.05,75.45,931.56,51.77
2025-07,CH,Renewal,P1M,166,2712.44,203.23,2509.26,189.22
2025-07,CH,Renewal,P3M,31,1046.58,78.4,968.14,61.45
2025-07,CH,Token pack,TP100,35,408.39,30.56,377.76,32.27
2025-07,CH,Token pack,TP1300,6,700.74,52.5,648.23,40.63
2025-07,CH,Token pack,TP275,20,583.79,43.75,540.0,37.63
2025-07,CH,Token pack,TP2800,7,1635.13,122.51,1512.62,82.7
2025-07,CH,Token pack,TP4500,4,1401.56,105.0,1296.52,49.76
2025-07,CH,Token pack,TP600,19,1109.41,83.18,1026.23,54.24
2025-07,DE,Chargeback,P1M,4,-64.52,-10.31,-54.23,100.0
2025-07,DE,Chargeback,P3M,1,-34.56,-5.52,-29.04,25.0
2025-07,DE,New subscription,P12M,415,23208.41,3705.57,19502.85,1279.44
2025-07,DE,New subscription,P1M,371,6062.19,967.91,5094.33,435.17
2025-07,DE,New subscription,P3M,145,4567.61,729.35,3838.37,281.08
2025-07,DE,Reactivation,P12M,64,3579.12,571.52,3007.6,208.92
2025-07,DE,Reactivation,P1M,70,1143.8,182.66,961.15,83.45
2025-07,DE,Reactivation,P3M,17,535.5,85.51,449.99,32.17
2025-07,DE,Refund - subscription,P12M,18,-1006.59,-160.74,-845.85,0.0
2025-07,DE,Refund - subscription,P1M,19,-310.46,-49.58,-260.88,0.0
2025-07,DE,Refund - subscription,P3M,5,-157.5,-25.15,-132.35,0.0
2025-07,DE,Refund - token pack,TP100,6,-70.02,-11.16,-58.86,0.0
2025-07,DE,Refund - token pack,TP1300,1,-116.79,-18.65,-98.14,0.0
2025-07,DE,Refund - token pack,TP600,2,-116.78,-18.64,-98.14,0.0
2025-07,DE,Renewal,P12M,95,6518.17,1040.69,5477.45,369.14
2025-07,DE,Renewal,P1M,920,15033.11,2400.24,12632.84,1081.58
2025-07,DE,Renewal,P3M,122,4172.48,666.26,3506.31,258.21
2025-07,DE,Token pack,TP100,211,2462.02,393.08,2068.93,192.95
2025-07,DE,Token pack,TP1300,45,5255.48,839.1,4416.3,274.68
2025-07,DE,Token pack,TP275,116,3385.81,540.56,2845.25,213.16
2025-07,DE,Token pack,TP2800,24,5606.15,895.14,4711.02,297.34
2025-07,DE,Token pack,TP4500,25,8759.74,1398.59,7361.09,418.7
2025-07,DE,Token pack,TP600,59,3444.95,550.06,2894.91,193.99
2025-07,ES,Chargeback,P12M,1,-55.21,-9.58,-45.62,25.0
2025-07,ES,Chargeback,P1M,3,-48.39,-8.4,-39.99,75.0
2025-07,ES,New subscription,P12M,141,7885.28,1368.51,6516.75,452.0
2025-07,ES,New subscription,P1M,175,2859.5,496.33,2363.29,202.47
2025-07,ES,New subscription,P3M,56,1764.0,306.14,1457.89,108.61
2025-07,ES,Reactivation,P12M,19,1062.52,184.45,878.17,49.6
2025-07,ES,Reactivation,P1M,24,392.16,68.1,324.06,28.0
2025-07,ES,Reactivation,P3M,7,220.5,38.28,182.22,14.57
2025-07,ES,Refund - subscription,P12M,5,-279.62,-48.53,-231.1,0.0
2025-07,ES,Refund - subscription,P1M,6,-98.04,-17.02,-81.02,0.0
2025-07,ES,Refund - subscription,P3M,1,-31.5,-5.47,-26.03,0.0
2025-07,ES,Refund - token pack,TP275,2,-58.38,-10.14,-48.24,0.0
2025-07,ES,Renewal,P12M,32,2406.28,417.64,1988.61,132.46
2025-07,ES,Renewal,P1M,353,5768.04,1001.11,4767.06,405.7
2025-07,ES,Renewal,P3M,67,2292.73,397.98,1894.82,139.35
2025-07,ES,Token pack,TP100,63,735.09,127.64,607.53,58.41
2025-07,ES,Token pack,TP1300,14,1635.06,283.78,1351.28,84.74
2025-07,ES,Token pack,TP275,31,904.87,157.07,747.81,48.51
2025-07,ES,Token pack,TP2800,4,934.36,162.16,772.2,52.8
2025-07,ES,Token pack,TP4500,5,1751.95,304.05,1447.9,83.74
2025-07,ES,Token pack,TP600,19,1109.4,192.53,916.81,59.6
2025-07,FR,Chargeback,P12M,2,-110.42,-18.4,-92.0,50.0
2025-07,FR,Chargeback,P1M,7,-112.91,-18.83,-94.08,175.0
2025-07,FR,Chargeback,P3M,1,-34.56,-5.76,-28.8,25.0
2025-07,FR,New subscription,P12M,388,21698.44,3616.41,18082.05,1192.09
2025-07,FR,New subscription,P1M,416,6797.52,1132.92,5664.67,479.33
2025-07,FR,New subscription,P3M,160,5040.15,840.0,4200.08,302.68
2025-07,FR,Reactivation,P12M,35,1957.3,326.2,1631.1,114.78
2025-07,FR,Reactivation,P1M,27,441.18,73.52,367.66,32.75
2025-07,FR,Reactivation,P3M,13,409.5,68.25,341.25,25.45
2025-07,FR,Refund - subscription,P12M,18,-1006.59,-167.76,-838.83,0.0
2025-07,FR,Refund - subscription,P1M,15,-245.1,-40.82,-204.28,0.0
2025-07,FR,Refund - subscription,P3M,4,-126.0,-21.0,-105.0,0.0
2025-07,FR,Refund - token pack,TP100,5,-58.35,-9.7,-48.6,0.0
2025-07,FR,Refund - token pack,TP275,1,-29.19,-4.86,-24.32,0.0
2025-07,FR,Refund - token pack,TP600,3,-175.17,-29.19,-145.98,0.0
2025-07,FR,Renewal,P12M,61,4252.35,708.69,3543.6,245.26
2025-07,FR,Renewal,P1M,784,12810.85,2135.07,10675.65,926.81
2025-07,FR,Renewal,P3M,107,3650.92,608.46,3042.37,224.55
2025-07,FR,Token pack,TP100,159,1855.2,309.18,1546.04,143.84
2025-07,FR,Token pack,TP1300,29,3386.89,564.41,2822.35,171.3
2025-07,FR,Token pack,TP275,99,2889.64,481.57,2408.01,184.49
2025-07,FR,Token pack,TP2800,19,4438.2,739.67,3698.52,231.39
2025-07,FR,Token pack,TP4500,18,6307.0,1051.18,5255.82,295.72
2025-07,FR,Token pack,TP600,70,4087.17,681.17,3405.98,233.17
2025-07,GB,Chargeback,P12M,3,-194.64,-32.43,-162.18,75.0
2025-07,GB,Chargeback,P1M,8,-151.67,-25.28,-126.39,200.0
2025-07,GB,New subscription,P12M,348,22477.32,3746.3,18731.18,1223.1
2025-07,GB,New subscription,P1M,404,7624.54,1270.79,6353.78,519.88
2025-07,GB,New subscription,P3M,134,4875.28,812.59,4062.74,289.76
2025-07,GB,Reactivation,P12M,42,2712.78,452.21,2260.73,160.91
2025-07,GB,Reactivation,P1M,45,849.3,141.58,707.7,58.06
2025-07,GB,Reactivation,P3M,20,727.64,121.24,606.4,45.2
2025-07,GB,Refund - subscription,P12M,13,-839.67,-139.98,-699.76,0.0
2025-07,GB,Refund - subscription,P1M,25,-471.83,-78.66,-393.17,0.0
2025-07,GB,Refund - subscription,P3M,4,-145.52,-24.24,-121.28,0.0
2025-07,GB,Refund - token pack,TP100,1,-13.48,-2.25,-11.23,0.0
2025-07,GB,Refund - token pack,TP1300,2,-269.78,-44.96,-224.82,0.0
2025-07,GB,Refund - token pack,TP275,1,-33.71,-5.62,-28.09,0.0
2025-07,GB,Renewal,P12M,97,7851.69,1308.61,6543.12,424.47
2025-07,GB,Renewal,P1M,956,18042.13,3007.04,15035.09,1245.17
2025-07,GB,Renewal,P3M,155,6100.65,1016.76,5083.89,364.7
2025-07,GB,Token pack,TP100,183,2466.25,411.01,2055.1,179.25
2025-07,GB,Token pack,TP1300,43,5800.15,966.65,4833.51,311.11
2025-07,GB,Token pack,TP275,96,3236.24,539.44,2696.92,192.87
2025-07,GB,Token pack,TP2800,30,8093.63,1348.87,6744.62,455.68
2025-07,GB,Token pack,TP4500,18,7284.38,1214.1,6070.32,357.36
2025-07,GB,Token pack,TP600,58,3911.33,651.92,3259.41,214.12
2025-07,IN,New subscription,P12M,134,6415.92,978.69,5437.23,380.99
2025-07,IN,New subscription,P1M,98,1371.02,209.17,1161.85,99.63
2025-07,IN,New subscription,P3M,48,1294.56,197.43,1097.13,86.05
2025-07,IN,Reactivation,P12M,14,670.32,102.24,568.08,37.05
2025-07,IN,Reactivation,P1M,12,167.88,25.57,142.31,13.68
2025-07,IN,Reactivation,P3M,3,80.91,12.33,68.58,4.24
2025-07,IN,Refund - subscription,P12M,7,-335.16,-51.11,-284.05,0.0
2025-07,IN,Refund - subscription,P1M,5,-69.95,-10.66,-59.29,0.0
2025-07,IN,Refund - token pack,TP1300,1,-99.99,-15.25,-84.74,0.0
2025-07,IN,Renewal,P12M,17,1029.96,157.08,872.88,46.48
2025-07,IN,Renewal,P1M,180,2518.2,384.14,2134.06,194.95
2025-07,IN,Renewal,P3M,45,1318.65,201.14,1117.51,74.92
2025-07,IN,Token pack,TP100,34,339.66,51.76,287.9,28.35
2025-07,IN,Token pack,TP1300,8,799.92,122.0,677.92,45.6
2025-07,IN,Token pack,TP275,17,424.83,64.78,360.05,29.17
2025-07,IN,Token pack,TP2800,1,199.99,30.51,169.48,3.0
2025-07,IN,Token pack,TP4500,2,599.98,91.52,508.46,36.6
2025-07,IN,Token pack,TP600,14,699.86,106.8,593.06,33.45
2025-07,IT,Chargeback,P12M,1,-55.21,-9.96,-45.25,25.0
2025-07,IT,Chargeback,P1M,2,-32.26,-5.82,-26.44,50.0
2025-07,IT,New subscription,P12M,135,7549.72,1361.38,6188.33,428.85
2025-07,IT,New subscription,P1M,162,2647.08,477.35,2169.76,193.26
2025-07,IT,New subscription,P3M,55,1732.5,312.4,1420.1,108.12
2025-07,IT,Reactivation,P12M,16,894.73,161.29,733.44,54.87
2025-07,IT,Reactivation,P1M,15,245.1,44.21,200.89,18.75
2025-07,IT,Reactivation,P3M,13,409.5,73.84,335.66,25.45
2025-07,IT,Refund - subscription,P12M,4,-223.69,-40.33,-183.36,0.0
2025-07,IT,Refund - subscription,P1M,5,-81.7,-14.74,-66.96,0.0
2025-07,IT,Refund - subscription,P3M,4,-126.0,-22.72,-103.28,0.0
2025-07,IT,Renewal,P12M,44,3161.46,570.07,2591.39,159.31
2025-07,IT,Renewal,P1M,338,5522.94,995.98,4527.05,386.95
2025-07,IT,Renewal,P3M,51,1736.14,313.1,1423.13,108.13
2025-07,IT,Token pack,TP100,67,781.77,140.95,640.78,59.09
2025-07,IT,Token pack,TP1300,14,1635.06,294.84,1340.22,89.78
2025-07,IT,Token pack,TP275,22,642.17,115.78,526.3,38.51
2025-07,IT,Token pack,TP2800,11,2569.49,463.32,2106.16,135.49
2025-07,IT,Token pack,TP4500,5,1751.95,315.9,1436.0,98.1
2025-07,IT,Token pack,TP600,20,1167.8,210.6,957.2,68.52
2025-07,JP,Chargeback,P12M,1,-47.88,-4.35,-43.53,25.0
2025-07,JP,New subscription,P12M,75,3591.0,326.49,3264.51,225.69
2025-07,JP,New subscription,P1M,100,1399.0,127.2,1271.8,106.55
2025-07,JP,New subscription,P3M,36,970.92,88.24,882.68,63.02
2025-07,JP,Reactivation,P12M,9,430.92,39.15,391.77,26.08
2025-07,JP,Reactivation,P1M,13,181.87,16.52,165.35,12.96
2025-07,JP,Reactivation,P3M,4,107.88,9.8,98.08,4.64
2025-07,JP,Refund - subscription,P12M,4,-191.52,-17.41,-174.11,0.0
2025-07,JP,Refund - subscription,P1M,3,-41.97,-3.81,-38.16,0.0
2025-07,JP,Refund - subscription,P3M,1,-26.97,-2.45,-24.52,0.0
2025-07,JP,Renewal,P12M,26,1604.88,145.87,1459.01,94.56
2025-07,JP,Renewal,P1M,172,2406.28,218.76,2187.52,185.83
2025-07,JP,Renewal,P3M,25,728.25,66.16,662.09,49.57
2025-07,JP,Token pack,TP100,34,339.66,30.91,308.75,29.1
2025-07,JP,Token pack,TP1300,2,199.98,18.18,181.8,12.6
2025-07,JP,Token pack,TP275,16,399.84,36.32,363.52,23.08
2025-07,JP,Token pack,TP2800,5,999.95,90.9,909.05,61.5
2025-07,JP,Token pack,TP4500,6,1799.94,163.62,1636.32,109.8
2025-07,JP,Token pack,TP600,12,599.88,54.49,545.39,39.6
2025-07,MX,Chargeback,P12M,1,-47.88,-6.6,-41.28,25.0
2025-07,MX,Chargeback,P1M,2,-27.98,-3.86,-24.12,50.0
2025-07,MX,New subscription,P12M,158,7565.04,1043.49,6521.55,437.51
2025-07,MX,New subscription,P1M,115,1608.85,221.95,1386.9,118.07
2025-07,MX,New subscription,P3M,39,1051.83,145.08,906.75,67.28
2025-07,MX,Reactivation,P12M,19,909.72,125.44,784.28,55.36
2025-07,MX,Reactivation,P1M,9,125.91,17.37,108.54,8.4
2025-07,MX,Reactivation,P3M,6,161.82,22.32,139.5,11.52
2025-07,MX,Refund - subscription,P12M,4,-191.52,-26.4,-165.12,0.0
2025-07,MX,Refund - subscription,P1M,4,-55.96,-7.72,-48.24,0.0
2025-07,MX,Refund - subscription,P3M,1,-26.97,-3.72,-23.25,0.0
2025-07,MX,Refund - token pack,TP600,1,-49.99,-6.9,-43.09,0.0
2025-07,MX,Renewal,P12M,31,1868.28,257.65,1610.63,93.9
2025-07,MX,Renewal,P1M,195,2728.05,376.35,2351.7,206.46
2025-07,MX,Renewal,P3M,35,1030.95,142.16,888.79,70.76
2025-07,MX,Token pack,TP100,37,369.63,51.03,318.6,25.8
2025-07,MX,Token pack,TP1300,4,399.96,55.16,344.8,20.4
2025-07,MX,Token pack,TP275,27,674.73,93.07,581.66,42.88
2025-07,MX,Token pack,TP2800,4,799.96,110.32,689.64,39.9
2025-07,MX,Token pack,TP4500,2,599.98,82.76,517.22,36.6
2025-07,MX,Token pack,TP600,10,499.9,68.98,430.92,27.9
2025-07,NL,Chargeback,P12M,1,-55.21,-9.58,-45.62,25.0
2025-07,NL,Chargeback,P1M,2,-32.26,-5.6,-26.66,50.0
2025-07,NL,New subscription,P12M,147,8220.86,1426.73,6794.07,457.04
2025-07,NL,New subscription,P1M,109,1781.06,309.09,1471.99,129.07
2025-07,NL,New subscription,P3M,53,1669.51,289.73,1379.8,97.54
2025-07,NL,Reactivation,P12M,15,838.83,145.62,693.3,51.42
2025-07,NL,Reactivation,P1M,12,196.08,34.05,162.03,15.0
2025-07,NL,Reactivation,P3M,2,63.0,10.94,52.06,4.16
2025-07,NL,Refund - subscription,P12M,6,-335.52,-58.26,-277.32,0.0
2025-07,NL,Refund - subscription,P1M,2,-32.68,-5.67,-27.01,0.0
2025-07,NL,Refund - token pack,TP2800,1,-233.59,-40.54,-193.05,0.0
2025-07,NL,Renewal,P12M,25,1790.56,310.77,1479.76,98.37
2025-07,NL,Renewal,P1M,302,4934.7,856.49,4078.34,352.01
2025-07,NL,Renewal,P3M,44,1501.65,260.65,1241.03,87.51
2025-07,NL,Token pack,TP100,59,688.45,119.56,568.95,54.41
2025-07,NL,Token pack,TP1300,13,1518.27,263.51,1254.76,83.01
2025-07,NL,Token pack,TP275,27,788.11,136.8,651.33,49.79
2025-07,NL,Token pack,TP2800,14,3270.26,567.56,2702.7,184.76
2025-07,NL,Token pack,TP4500,5,1751.95,304.05,1447.89,83.74
2025-07,NL,Token pack,TP600,18,1051.02,182.37,868.53,56.04
2025-07,PL,Chargeback,P3M,1,-31.1,-5.81,-25.28,25.0
2025-07,PL,New subscription,P12M,105,5872.04,1097.99,4773.99,331.26
2025-07,PL,New subscription,P1M,121,1977.14,369.73,1607.41,140.06
2025-07,PL,New subscription,P3M,42,1323.0,247.38,1075.62,85.87
2025-07,PL,Reactivation,P12M,12,671.05,125.51,545.63,38.56
2025-07,PL,Reactivation,P1M,7,114.38,21.42,92.96,7.75
2025-07,PL,Reactivation,P3M,10,315.0,58.9,256.1,17.59
2025-07,PL,Refund - subscription,P12M,2,-111.84,-20.92,-90.94,0.0
2025-07,PL,Refund - subscription,P1M,5,-81.7,-15.3,-66.4,0.0
2025-07,PL,Refund - subscription,P3M,1,-31.5,-5.89,-25.61,0.0
2025-07,PL,Refund - token pack,TP100,1,-11.67,-2.18,-9.49,0.0
2025-07,PL,Renewal,P12M,13,951.28,177.9,773.41,56.89
2025-07,PL,Renewal,P1M,231,3774.54,705.86,3068.74,268.38
2025-07,PL,Renewal,P3M,37,1260.08,235.69,1024.52,77.06
2025-07,PL,Token pack,TP100,43,501.76,93.79,407.92,37.75
2025-07,PL,Token pack,TP1300,6,700.74,131.04,569.7,35.61
2025-07,PL,Token pack,TP275,25,729.74,136.49,593.25,44.37
2025-07,PL,Token pack,TP2800,7,1635.13,305.76,1329.37,82.7
2025-07,PL,Token pack,TP4500,7,2452.73,458.64,1994.09,137.34
2025-07,PL,Token pack,TP600,22,1284.58,240.24,1044.34,75.64
2025-07,ROW,Chargeback,P12M,3,-191.64,-9.12,-182.52,75.0
2025-07,ROW,Chargeback,P1M,5,-69.95,-3.35,-66.6,125.0
2025-07,ROW,Chargeback,P3M,2,-53.94,-2.56,-51.38,50.0
2025-07,ROW,New subscription,P12M,453,21689.64,1032.84,20656.8,1292.45
2025-07,ROW,New subscription,P1M,392,5484.08,261.17,5222.91,419.65
2025-07,ROW,New subscription,P3M,186,5016.42,238.9,4777.52,331.05
2025-07,ROW,Reactivation,P12M,74,3543.12,168.72,3374.4,197.95
2025-07,ROW,Reactivation,P1M,52,727.48,34.66,692.82,51.84
2025-07,ROW,Reactivation,P3M,18,485.46,23.08,462.38,31.52
2025-07,ROW,Refund - subscription,P12M,16,-766.08,-36.48,-729.6,0.0
2025-07,ROW,Refund - subscription,P1M,12,-167.88,-8.0,-159.88,0.0
2025-07,ROW,Refund - subscription,P3M,4,-107.88,-5.12,-102.76,0.0
2025-07,ROW,Refund - token pack,TP100,1,-9.99,-0.48,-9.51,0.0
2025-07,ROW,Refund - token pack,TP275,1,-24.99,-1.19,-23.8,0.0
2025-07,ROW,Refund - token pack,TP600,1,-49.99,-2.38,-47.61,0.0
2025-07,ROW,Renewal,P12M,92,5748.96,273.77,5475.19,303.42
2025-07,ROW,Renewal,P1M,766,10716.34,510.31,10206.03,802.13
2025-07,ROW,Renewal,P3M,129,3779.13,179.98,3599.15,229.84
2025-07,ROW,Token pack,TP100,108,1078.92,51.37,1027.55,84.44
2025-07,ROW,Token pack,TP1300,25,2499.75,119.01,2380.74,133.5
2025-07,ROW,Token pack,TP275,58,1449.42,69.02,1380.4,94.4
2025-07,ROW,Token pack,TP2800,20,3999.8,190.45,3809.35,199.5
2025-07,ROW,Token pack,TP4500,8,2399.92,114.32,2285.6,146.4
2025-07,ROW,Token pack,TP600,48,2399.52,114.24,2285.28,135.45
2025-07,SE,New subscription,P12M,78,4362.04,872.35,3489.68,223.23
2025-07,SE,New subscription,P1M,71,1160.14,232.04,928.1,81.63
2025-07,SE,New subscription,P3M,25,787.5,157.5,630.0,48.84
2025-07,SE,Reactivation,P12M,18,1006.59,201.27,805.32,53.94
2025-07,SE,Reactivation,P1M,10,163.4,32.7,130.7,12.5
2025-07,SE,Reactivation,P3M,7,220.5,44.1,176.4,12.96
2025-07,SE,Refund - subscription,P12M,6,-335.53,-67.09,-268.44,0.0
2025-07,SE,Refund - subscription,P1M,7,-114.38,-22.89,-91.49,0.0
2025-07,SE,Refund - token pack,TP600,1,-58.39,-11.68,-46.71,0.0
2025-07,SE,Renewal,P12M,14,1007.2,201.42,805.72,46.6
2025-07,SE,Renewal,P1M,164,2679.76,535.95,2143.85,192.71
2025-07,SE,Renewal,P3M,24,815.53,163.1,652.43,51.69
2025-07,SE,Token pack,TP100,37,431.76,86.32,345.32,35.04
2025-07,SE,Token pack,TP1300,11,1284.69,256.96,1027.73,64.44
2025-07,SE,Token pack,TP275,15,437.85,87.6,350.25,26.34
2025-07,SE,Token pack,TP2800,5,1167.95,233.6,934.35,66.0
2025-07,SE,Token pack,TP4500,4,1401.56,280.32,1121.24,64.12
2025-07,SE,Token pack,TP600,11,642.29,128.48,513.81,36.48
2025-07,US,Chargeback,P12M,6,-311.28,-17.62,-293.66,150.0
2025-07,US,Chargeback,P1M,31,-433.69,-24.52,-409.17,775.0
2025-07,US,Chargeback,P3M,9,-263.73,-14.95,-248.78,225.0
2025-07,US,New subscription,P12M,1698,81300.24,4601.9,76698.34,4874.43
2025-07,US,New subscription,P1M,1755,24552.45,1389.76,23162.69,1875.09
2025-07,US,New subscription,P3M,705,19013.85,1076.27,17937.58,1234.27
2025-07,US,Reactivation,P12M,240,11491.2,650.4,10840.8,702.55
2025-07,US,Reactivation,P1M,211,2951.89,167.14,2784.75,231.18
2025-07,US,Reactivation,P3M,77,2076.69,117.54,1959.15,135.59
2025-07,US,Refund - subscription,P12M,72,-3447.36,-195.12,-3252.24,0.0
2025-07,US,Refund - subscription,P1M,84,-1175.16,-66.51,-1108.65,0.0
2025-07,US,Refund - subscription,P3M,24,-647.28,-36.66,-610.62,0.0
2025-07,US,Refund - token pack,TP100,7,-69.93,-3.98,-65.95,0.0
2025-07,US,Refund - token pack,TP1300,2,-199.98,-11.32,-188.66,0.0
2025-07,US,Refund - token pack,TP275,6,-149.94,-8.46,-141.48,0.0
2025-07,US,Refund - token pack,TP2800,2,-399.98,-22.64,-377.34,0.0
2025-07,US,Refund - token pack,TP600,5,-249.95,-14.15,-235.8,0.0
2025-07,US,Renewal,P12M,459,27832.92,1575.44,26257.48,1662.34
2025-07,US,Renewal,P1M,3927,54938.73,3109.73,51829.0,4133.29
2025-07,US,Renewal,P3M,634,18562.98,1050.72,17512.26,1182.22
2025-07,US,Token pack,TP100,897,8961.03,507.23,8453.8,732.53
2025-07,US,Token pack,TP1300,172,17198.28,973.52,16224.76,963.6
2025-07,US,Token pack,TP275,504,12594.96,712.93,11882.03,835.68
2025-07,US,Token pack,TP2800,129,25798.71,1460.28,24338.43,1503.0
2025-07,US,Token pack,TP4500,67,20099.33,1137.66,18961.67,1101.9
2025-07,US,Token pack,TP600,274,13697.26,775.4,12921.86,835.24
2025-08,AU,Chargeback,P12M,1,-47.88,-4.35,-43.53,25.0
2025-08,AU,Chargeback,P1M,5,-69.95,-6.35,-63.6,125.0
2025-08,AU,New subscription,P12M,206,9863.28,896.66,8966.62,604.52
2025-08,AU,New subscription,P1M,228,3189.72,289.95,2899.77,244.96
2025-08,AU,New subscription,P3M,83,2238.51,203.51,2035.0,138.01
2025-08,AU,Reactivation,P12M,29,1388.52,126.21,1262.31,84.64
2025-08,AU,Reactivation,P1M,25,349.75,31.77,317.98,25.71
2025-08,AU,Reactivation,P3M,10,269.7,24.5,245.2,17.68
2025-08,AU,Refund - subscription,P12M,12,-574.56,-52.22,-522.34,0.0
2025-08,AU,Refund - subscription,P1M,16,-223.84,-20.34,-203.5,0.0
2025-08,AU,Refund - subscription,P3M,3,-80.91,-7.35,-73.56,0.0
2025-08,AU,Refund - token pack,TP100,3,-29.97,-2.73,-27.24,0.0
2025-08,AU,Refund - token pack,TP1300,2,-199.98,-18.18,-181.8,0.0
2025-08,AU,Refund - token pack,TP275,2,-49.98,-4.54,-45.44,0.0
2025-08,AU,Renewal,P12M,49,2874.12,261.3,2612.82,172.74
2025-08,AU,Renewal,P1M,482,6743.18,612.99,6130.19,510.11
2025-08,AU,Renewal,P3M,78,2274.66,206.81,2067.85,148.51
2025-08,AU,Token pack,TP100,104,1038.96,94.45,944.51,83.1
2025-08,AU,Token pack,TP1300,31,3099.69,281.79,2817.9,171.3
2025-08,AU,Token pack,TP275,65,1624.35,147.66,1476.69,102.71
2025-08,AU,Token pack,TP2800,17,3399.83,309.06,3090.77,190.5
2025-08,AU,Token pack,TP4500,11,3299.89,299.98,2999.91,173.7
2025-08,AU,Token pack,TP600,29,1449.71,131.75,1317.96,88.05
2025-08,BR,Chargeback,P1M,3,-41.97,-2.01,-39.96,75.0
2025-08,BR,Chargeback,P3M,1,-29.97,-1.43,-28.54,25.0
2025-08,BR,New subscription,P12M,222,10629.36,506.16,10123.2,618.46
2025-08,BR,New subscription,P1M,161,2252.39,107.24,2145.15,164.93
2025-08,BR,New subscription,P3M,70,1887.9,89.89,1798.01,113.08
2025-08,BR,Reactivation,P12M,24,1149.12,54.72,1094.4,76.16
2025-08,BR,Reactivation,P1M,13,181.87,8.7,173.17,14.82
2025-08,BR,Reactivation,P3M,8,215.76,10.24,205.52,15.36
2025-08,BR,Refund - subscription,P12M,6,-287.28,-13.68,-273.6,0.0
2025-08,BR,Refund - subscription,P1M,9,-125.91,-6.01,-119.9,0.0
2025-08,BR,Refund - subscription,P3M,1,-26.97,-1.28,-25.69,0.0
2025-08,BR,Refund - token pack,TP1300,1,-99.99,-4.76,-95.23,0.0
2025-08,BR,Renewal,P12M,41,2467.08,117.47,2349.61,141.3
2025-08,BR,Renewal,P1M,305,4266.95,203.19,4063.76,323.32
2025-08,BR,Renewal,P3M,60,1768.2,84.18,1684.02,104.47
2025-08,BR,Token pack,TP100,43,429.57,20.49,409.08,35.7
2025-08,BR,Token pack,TP1300,19,1899.81,90.44,1809.37,110.1
2025-08,BR,Token pack,TP275,24,599.76,28.56,571.2,41.77
2025-08,BR,Token pack,TP2800,7,1399.93,66.64,1333.29,76.8
2025-08,BR,Token pack,TP4500,8,2399.92,114.32,2285.6,132.6
2025-08,BR,Token pack,TP600,13,649.87,30.94,618.93,40.35
2025-08,CA,Chargeback,P12M,1,-47.88,-5.51,-42.37,25.0
2025-08,CA,Chargeback,P1M,2,-27.98,-3.22,-24.76,50.0
2025-08,CA,Chargeback,P3M,1,-26.97,-3.1,-23.87,25.0
2025-08,CA,New subscription,P12M,245,11730.6,1349.54,10381.06,698.78
2025-08,CA,New subscription,P1M,299,4183.01,481.22,3701.79,319.29
2025-08,CA,New subscription,P3M,100,2697.0,310.26,2386.74,170.63
2025-08,CA,Reactivation,P12M,33,1580.04,181.79,1398.25,94.86
2025-08,CA,Reactivation,P1M,33,461.67,53.13,408.54,34.83
2025-08,CA,Reactivation,P3M,9,242.73,27.91,214.82,14.24
2025-08,CA,Refund - subscription,P12M,13,-622.44,-71.62,-550.82,0.0
2025-08,CA,Refund - subscription,P1M,19,-265.81,-30.59,-235.22,0.0
2025-08,CA,Refund - subscription,P3M,2,-53.94,-6.2,-47.74,0.0
2025-08,CA,Refund - token pack,TP100,1,-9.99,-1.15,-8.84,0.0
2025-08,CA,Refund - token pack,TP275,1,-24.99,-2.87,-22.12,0.0
2025-08,CA,Renewal,P12M,52,2993.76,344.44,2649.32,189.26
2025-08,CA,Renewal,P1M,537,7512.63,864.25,6648.38,570.94
2025-08,CA,Renewal,P3M,113,3305.61,380.31,2925.3,213.14
2025-08,CA,Token pack,TP100,133,1328.67,152.91,1175.76,111.45
2025-08,CA,Token pack,TP1300,38,3799.62,437.1,3362.52,196.2
2025-08,CA,Token pack,TP275,58,1449.42,166.67,1282.75,97.25
2025-08,CA,Token pack,TP2800,15,2999.85,345.15,2654.7,147.3
2025-08,CA,Token pack,TP4500,8,2399.92,276.09,2123.83,132.6
2025-08,CA,Token pack,TP600,41,2049.59,235.75,1813.84,130.2
2025-08,CH,Chargeback,P1M,2,-32.68,-2.44,-30.24,50.0
2025-08,CH,Chargeback,P3M,1,-31.5,-2.36,-29.14,25.0
2025-08,CH,New subscription,P12M,72,4016.16,300.96,3715.2,217.7
2025-08,CH,New subscription,P1M,85,1385.43,103.75,1281.52,99.93
2025-08,CH,New subscription,P3M,37,1162.54,87.06,1075.48,72.09
2025-08,CH,Reactivation,P12M,13,725.14,54.34,670.8,41.87
2025-08,CH,Reactivation,P1M,12,195.6,14.64,180.93,14.97
2025-08,CH,Reactivation,P3M,3,94.26,7.05,87.21,6.24
2025-08,CH,Refund - subscription,P12M,1,-55.78,-4.18,-51.6,0.0
2025-08,CH,Refund - subscription,P1M,8,-130.4,-9.76,-120.63,0.0
2025-08,CH,Refund - subscription,P3M,2,-62.84,-4.7,-58.14,0.0
2025-08,CH,Refund - token pack,TP600,1,-58.24,-4.36,-53.87,0.0
2025-08,CH,Renewal,P12M,22,1618.6,121.25,1497.35,89.01
2025-08,CH,Renewal,P1M,182,2966.35,222.26,2744.01,211.8
2025-08,CH,Renewal,P3M,40,1365.22,102.29,1262.88,78.89
2025-08,CH,Token pack,TP100,38,442.32,33.1,409.16,34.35
2025-08,CH,Token pack,TP1300,7,815.43,61.11,754.32,42.3
2025-08,CH,Token pack,TP275,34,989.84,74.13,915.65,58.75
2025-08,CH,Token pack,TP2800,9,2096.91,157.14,1939.77,108.78
2025-08,CH,Token pack,TP4500,5,1747.45,130.95,1616.5,83.52
2025-08,CH,Token pack,TP600,11,640.64,48.0,592.61,33.73
2025-08,DE,Chargeback,P12M,4,-251.72,-40.19,-211.53,100.0
2025-08,DE,Chargeback,P1M,9,-147.06,-23.49,-123.57,225.0
2025-08,DE,New subscription,P12M,399,22256.22,3553.51,18702.78,1260.51
2025-08,DE,New subscription,P1M,393,6405.26,1022.69,5382.55,468.8
2025-08,DE,New subscription,P3M,139,4367.38,697.35,3670.03,261.57
2025-08,DE,Reactivation,P12M,51,2844.78,454.23,2390.55,161.4
2025-08,DE,Reactivation,P1M,51,831.28,132.68,698.5,59.57
2025-08,DE,Reactivation,P3M,17,534.14,85.3,448.84,32.14
2025-08,DE,Refund - subscription,P12M,13,-725.14,-115.79,-609.35,0.0
2025-08,DE,Refund - subscription,P1M,16,-260.8,-41.62,-219.18,0.0
2025-08,DE,Refund - subscription,P3M,2,-62.84,-10.04,-52.8,0.0
2025-08,DE,Refund - token pack,TP100,5,-58.2,-9.3,-48.9,0.0
2025-08,DE,Refund - token pack,TP275,2,-58.22,-9.3,-48.92,0.0
2025-08,DE,Refund - token pack,TP600,2,-116.48,-18.6,-97.88,0.0
2025-08,DE,Renewal,P12M,106,7338.64,1171.71,6166.93,405.98
2025-08,DE,Renewal,P1M,909,14815.21,2365.45,12449.72,1070.88
2025-08,DE,Renewal,P3M,163,5565.4,888.62,4676.73,327.0
2025-08,DE,Token pack,TP100,231,2688.47,429.25,2259.18,208.36
2025-08,DE,Token pack,TP1300,44,5125.53,818.4,4307.16,292.3
2025-08,DE,Token pack,TP275,117,3406.25,543.92,2862.46,210.07
2025-08,DE,Token pack,TP2800,29,6756.7,1078.8,5677.9,372.05
2025-08,DE,Token pack,TP4500,9,3145.41,502.2,2643.21,161.8
2025-08,DE,Token pack,TP600,69,4018.48,641.62,3376.86,221.04
2025-08,ES,Chargeback,P1M,2,-32.68,-5.68,-27.0,50.0
2025-08,ES,New subscription,P12M,170,9482.6,1645.74,7836.94,542.32
2025-08,ES,New subscription,P1M,184,2998.93,520.48,2478.48,216.31
2025-08,ES,New subscription,P3M,75,2356.5,409.02,1947.48,141.39
2025-08,ES,Reactivation,P12M,24,1338.72,232.32,1106.4,76.89
2025-08,ES,Reactivation,P1M,21,342.3,59.43,282.87,26.21
2025-08,ES,Reactivation,P3M,11,345.62,59.97,285.65,19.66
2025-08,ES,Refund - subscription,P12M,8,-446.24,-77.44,-368.8,0.0
2025-08,ES,Refund - subscription,P1M,7,-114.1,-19.81,-94.29,0.0
2025-08,ES,Refund - subscription,P3M,7,-219.94,-38.15,-181.79,0.0
2025-08,ES,Refund - token pack,TP100,2,-23.28,-4.04,-19.24,0.0
2025-08,ES,Renewal,P12M,34,2260.0,392.2,1867.81,127.37
2025-08,ES,Renewal,P1M,345,5622.97,975.9,4647.14,400.95
2025-08,ES,Renewal,P3M,55,1857.53,322.35,1535.09,116.46
2025-08,ES,Token pack,TP100,69,803.12,139.38,663.74,61.75
2025-08,ES,Token pack,TP1300,12,1397.88,242.63,1155.24,76.1
2025-08,ES,Token pack,TP275,38,1106.3,192.02,914.28,69.57
2025-08,ES,Token pack,TP2800,8,1863.92,323.51,1540.4,85.95
2025-08,ES,Token pack,TP4500,3,1048.47,181.98,866.49,58.71
2025-08,ES,Token pack,TP600,17,990.08,171.85,818.21,52.33
2025-08,FR,Chargeback,P12M,3,-167.76,-27.96,-139.8,75.0
2025-08,FR,Chargeback,P1M,2,-32.68,-5.44,-27.24,50.0
2025-08,FR,Chargeback,P3M,2,-66.5,-11.08,-55.42,50.0
2025-08,FR,New subscription,P12M,389,21698.42,3616.4,18082.09,1223.75
2025-08,FR,New subscription,P1M,429,6992.02,1165.36,5826.67,501.6
2025-08,FR,New subscription,P3M,149,4681.58,780.24,3901.34,285.54
2025-08,FR,Reactivation,P12M,45,2510.1,418.38,2091.72,143.52
2025-08,FR,Reactivation,P1M,38,619.4,103.24,516.06,43.35
2025-08,FR,Reactivation,P3M,12,377.04,62.87,314.17,24.96
2025-08,FR,Refund - subscription,P12M,20,-1115.6,-185.97,-929.63,0.0
2025-08,FR,Refund - subscription,P1M,16,-260.8,-43.5,-217.29,0.0
2025-08,FR,Refund - token pack,TP100,4,-46.56,-7.76,-38.8,0.0
2025-08,FR,Refund - token pack,TP1300,1,-116.49,-19.41,-97.07,0.0
2025-08,FR,Refund - token pack,TP275,3,-87.33,-14.55,-72.78,0.0
2025-08,FR,Renewal,P12M,60,4073.76,678.95,3394.81,219.17
2025-08,FR,Renewal,P1M,863,14065.48,2344.23,11721.23,1009.52
2025-08,FR,Renewal,P3M,119,4032.65,672.1,3360.51,251.36
2025-08,FR,Token pack,TP100,231,2688.49,448.14,2240.36,210.8
2025-08,FR,Token pack,TP1300,46,5358.52,893.03,4465.38,285.75
2025-08,FR,Token pack,TP275,88,2561.99,426.96,2134.91,161.04
2025-08,FR,Token pack,TP2800,20,4659.8,776.6,3883.17,224.55
2025-08,FR,Token pack,TP4500,11,3844.39,640.75,3203.64,200.94
2025-08,FR,Token pack,TP600,62,3610.82,601.79,3008.95,206.93
2025-08,GB,Chargeback,P12M,3,-193.77,-32.31,-161.49,75.0
2025-08,GB,Chargeback,P1M,5,-94.35,-15.75,-78.65,125.0
2025-08,GB,Chargeback,P3M,1,-36.38,-6.06,-30.32,25.0
2025-08,GB,New subscription,P12M,278,17876.2,2979.36,14896.84,998.67
2025-08,GB,New subscription,P1M,354,6651.18,1108.5,5542.63,459.96
2025-08,GB,New subscription,P3M,133,4817.27,802.89,4014.53,282.71
2025-08,GB,Reactivation,P12M,45,2893.62,482.28,2411.42,160.3
2025-08,GB,Reactivation,P1M,47,883.1,147.14,735.88,62.8
2025-08,GB,Reactivation,P3M,13,470.86,78.51,392.35,28.63
2025-08,GB,Refund - subscription,P12M,9,-578.72,-96.46,-482.28,0.0
2025-08,GB,Refund - subscription,P1M,23,-432.16,-72.0,-360.14,0.0
2025-08,GB,Refund - subscription,P3M,6,-217.32,-36.24,-181.08,0.0
2025-08,GB,Refund - token pack,TP100,6,-80.52,-13.44,-67.08,0.0
2025-08,GB,Refund - token pack,TP275,1,-33.56,-5.59,-27.97,0.0
2025-08,GB,Refund - token pack,TP2800,1,-268.59,-44.76,-223.82,0.0
2025-08,GB,Renewal,P12M,91,7430.91,1238.5,6192.47,395.18
2025-08,GB,Renewal,P1M,962,18074.61,3012.43,15062.15,1242.66
2025-08,GB,Renewal,P3M,143,5618.73,936.45,4682.25,336.19
2025-08,GB,Token pack,TP100,224,3005.34,500.85,2504.35,219.74
2025-08,GB,Token pack,TP1300,48,6445.77,1074.25,5371.51,337.03
2025-08,GB,Token pack,TP275,103,3456.8,576.13,2880.69,207.58
2025-08,GB,Token pack,TP2800,45,12086.41,2014.35,10071.95,613.9
2025-08,GB,Token pack,TP4500,16,6446.21,1074.39,5371.84,294.28
2025-08,GB,Token pack,TP600,76,5102.35,850.44,4251.96,276.92
2025-08,IN,Chargeback,P1M,2,-27.98,-4.26,-23.72,50.0
2025-08,IN,New subscription,P12M,131,6272.28,956.77,5315.51,369.0
2025-08,IN,New subscription,P1M,105,1468.95,224.07,1244.88,110.4
2025-08,IN,New subscription,P3M,44,1186.68,180.99,1005.69,75.32
2025-08,IN,Reactivation,P12M,18,861.84,131.43,730.41,52.19
2025-08,IN,Reactivation,P1M,11,153.89,23.46,130.43,12.54
2025-08,IN,Reactivation,P3M,5,134.85,20.55,114.3,9.6
2025-08,IN,Refund - subscription,P12M,3,-143.64,-21.91,-121.73,0.0
2025-08,IN,Refund - subscription,P1M,6,-83.94,-12.79,-71.15,0.0
2025-08,IN,Refund - subscription,P3M,1,-26.97,-4.11,-22.86,0.0
2025-08,IN,Refund - token pack,TP275,1,-24.99,-3.81,-21.18,0.0
2025-08,IN,Renewal,P12M,27,1748.76,266.7,1482.06,103.48
2025-08,IN,Renewal,P1M,191,2672.09,407.61,2264.48,204.67
2025-08,IN,Renewal,P3M,42,1237.74,188.79,1048.95,82.1
2025-08,IN,Token pack,TP100,44,439.56,67.01,372.55,32.85
2025-08,IN,Token pack,TP1300,9,899.91,137.26,762.65,51.9
2025-08,IN,Token pack,TP275,19,474.81,72.39,402.42,28.48
2025-08,IN,Token pack,TP2800,3,599.97,91.53,508.44,36.9
2025-08,IN,Token pack,TP4500,4,1199.96,183.04,1016.92,59.4
2025-08,IN,Token pack,TP600,17,849.83,129.67,720.16,53.55
2025-08,IT,Chargeback,P12M,2,-139.88,-25.22,-114.66,50.0
2025-08,IT,Chargeback,P1M,2,-32.68,-5.9,-26.78,50.0
2025-08,IT,New subscription,P12M,153,8534.34,1538.98,6995.38,479.05
2025-08,IT,New subscription,P1M,161,2624.05,473.22,2150.9,185.66
2025-08,IT,New subscription,P3M,73,2293.66,413.62,1880.04,142.11
2025-08,IT,Reactivation,P12M,19,1059.82,191.14,868.68,64.97
2025-08,IT,Reactivation,P1M,21,342.29,61.74,280.56,25.19
2025-08,IT,Reactivation,P3M,4,125.68,22.68,103.0,8.32
2025-08,IT,Refund - subscription,P12M,7,-390.46,-70.42,-320.04,0.0
2025-08,IT,Refund - subscription,P1M,1,-16.3,-2.94,-13.36,0.0
2025-08,IT,Refund - subscription,P3M,3,-94.26,-17.01,-77.25,0.0
2025-08,IT,Renewal,P12M,37,2678.98,483.1,2195.88,142.91
2025-08,IT,Renewal,P1M,356,5802.22,1046.3,4755.88,412.66
2025-08,IT,Renewal,P3M,63,2140.29,385.95,1754.3,126.2
2025-08,IT,Token pack,TP100,80,931.11,167.91,763.2,73.48
2025-08,IT,Token pack,TP1300,13,1514.37,273.11,1241.24,72.83
2025-08,IT,Token pack,TP275,35,1018.93,183.75,835.18,62.21
2025-08,IT,Token pack,TP2800,10,2329.9,420.1,1909.7,112.26
2025-08,IT,Token pack,TP4500,6,2096.94,378.12,1718.82,117.42
2025-08,IT,Token pack,TP600,18,1048.32,189.01,859.28,53.22
2025-08,JP,Chargeback,P12M,1,-47.88,-4.35,-43.53,25.0
2025-08,JP,Chargeback,P1M,1,-13.99,-1.27,-12.72,25.0
2025-08,JP,New subscription,P12M,99,4740.12,430.92,4309.2,274.81
2025-08,JP,New subscription,P1M,99,1385.01,125.9,1259.11,109.14
2025-08,JP,New subscription,P3M,33,890.01,80.9,809.11,63.31
2025-08,JP,Reactivation,P12M,16,766.08,69.64,696.44,48.31
2025-08,JP,Reactivation,P1M,10,139.9,12.7,127.2,9.54
2025-08,JP,Reactivation,P3M,2,53.94,4.9,49.04,3.84
2025-08,JP,Refund - subscription,P12M,4,-191.52,-17.4,-174.12,0.0
2025-08,JP,Refund - subscription,P1M,1,-13.99,-1.27,-12.72,0.0
2025-08,JP,Refund - token pack,TP100,1,-9.99,-0.91,-9.08,0.0
2025-08,JP,Renewal,P12M,17,1029.96,93.59,936.37,63.34
2025-08,JP,Renewal,P1M,196,2742.04,249.3,2492.74,210.39
2025-08,JP,Renewal,P3M,22,641.34,58.27,583.07,43.58
2025-08,JP,Token pack,TP100,39,389.61,35.47,354.14,32.1
2025-08,JP,Token pack,TP1300,4,399.96,36.36,363.6,20.4
2025-08,JP,Token pack,TP275,23,574.77,52.22,522.55,38.54
2025-08,JP,Token pack,TP2800,7,1399.93,127.26,1272.67,58.2
2025-08,JP,Token pack,TP4500,2,599.98,54.54,545.44,36.6
2025-08,JP,Token pack,TP600,10,499.9,45.41,454.49,30.45
2025-08,MX,Chargeback,P12M,1,-47.88,-6.6,-41.28,25.0
2025-08,MX,Chargeback,P1M,1,-13.99,-1.93,-12.06,25.0
2025-08,MX,New subscription,P12M,180,8618.4,1188.76,7429.64,504.85
2025-08,MX,New subscription,P1M,129,1804.71,248.97,1555.74,137.76
2025-08,MX,New subscription,P3M,40,1078.8,148.8,930.0,63.1
2025-08,MX,Reactivation,P12M,13,622.44,85.81,536.63,38.77
2025-08,MX,Reactivation,P1M,15,209.85,28.95,180.9,17.1
2025-08,MX,Reactivation,P3M,8,215.76,29.76,186.0,13.84
2025-08,MX,Refund - subscription,P12M,7,-335.16,-46.22,-288.94,0.0
2025-08,MX,Refund - subscription,P1M,2,-27.98,-3.86,-24.12,0.0
2025-08,MX,Refund - subscription,P3M,1,-26.97,-3.72,-23.25,0.0
2025-08,MX,Refund - token pack,TP100,1,-9.99,-1.38,-8.61,0.0
2025-08,MX,Refund - token pack,TP275,1,-24.99,-3.45,-21.54,0.0
2025-08,MX,Refund - token pack,TP600,1,-49.99,-6.9,-43.09,0.0
2025-08,MX,Renewal,P12M,29,1844.52,254.39,1590.13,112.32
2025-08,MX,Renewal,P1M,208,2909.92,401.44,2508.48,215.69
2025-08,MX,Renewal,P3M,39,1144.83,157.9,986.93,72.31
2025-08,MX,Token pack,TP100,43,429.57,59.28,370.29,34.2
2025-08,MX,Token pack,TP1300,8,799.92,110.32,689.6,45.6
2025-08,MX,Token pack,TP275,21,524.79,72.4,452.39,36.37
2025-08,MX,Token pack,TP2800,5,999.95,137.9,862.05,61.5
2025-08,MX,Token pack,TP600,17,849.83,117.26,732.57,48.45
2025-08,NL,Chargeback,P1M,4,-65.36,-11.36,-54.0,100.0
2025-08,NL,New subscription,P12M,151,8422.78,1461.8,6961.06,479.99
2025-08,NL,New subscription,P1M,125,2037.34,353.59,1683.75,148.81
2025-08,NL,New subscription,P3M,51,1602.42,278.1,1324.32,99.59
2025-08,NL,Reactivation,P12M,16,892.48,154.88,737.6,49.56
2025-08,NL,Reactivation,P1M,12,195.6,33.96,161.64,13.98
2025-08,NL,Reactivation,P3M,2,62.84,10.9,51.94,4.16
2025-08,NL,Refund - subscription,P12M,4,-223.12,-38.72,-184.4,0.0
2025-08,NL,Refund - subscription,P1M,12,-195.59,-33.95,-161.64,0.0
2025-08,NL,Refund - subscription,P3M,1,-31.42,-5.45,-25.97,0.0
2025-08,NL,Refund - token pack,TP275,2,-58.22,-10.1,-48.12,0.0
2025-08,NL,Renewal,P12M,27,1841.58,319.59,1521.99,108.2
2025-08,NL,Renewal,P1M,305,4971.0,862.74,4108.35,356.09
2025-08,NL,Renewal,P3M,50,1710.86,296.91,1413.91,102.99
2025-08,NL,Token pack,TP100,75,872.92,151.5,721.42,69.33
2025-08,NL,Token pack,TP1300,15,1747.35,303.27,1444.05,91.35
2025-08,NL,Token pack,TP275,39,1135.42,197.08,938.34,73.03
2025-08,NL,Token pack,TP2800,14,3261.86,566.14,2695.7,174.59
2025-08,NL,Token pack,TP4500,5,1747.45,303.29,1444.16,97.85
2025-08,NL,Token pack,TP600,27,1572.48,272.9,1299.51,90.56
2025-08,PL,Chargeback,P12M,1,-55.92,-10.46,-45.47,25.0
2025-08,PL,Chargeback,P1M,1,-16.34,-3.06,-13.28,25.0
2025-08,PL,New subscription,P12M,104,5801.12,1084.72,4716.4,329.63
2025-08,PL,New subscription,P1M,118,1923.22,359.65,1563.52,139.08
2025-08,PL,New subscription,P3M,55,1728.1,323.2,1404.9,103.08
2025-08,PL,Reactivation,P12M,8,446.24,83.44,362.8,24.78
2025-08,PL,Reactivation,P1M,19,309.7,57.95,251.75,23.72
2025-08,PL,Reactivation,P3M,3,94.26,17.64,76.62,6.24
2025-08,PL,Refund - subscription,P12M,3,-167.34,-31.29,-136.05,0.0
2025-08,PL,Refund - subscription,P1M,5,-81.5,-15.25,-66.25,0.0
2025-08,PL,Refund - subscription,P3M,3,-94.26,-17.64,-76.62,0.0
2025-08,PL,Refund - token pack,TP1300,1,-116.49,-21.78,-94.71,0.0
2025-08,PL,Refund - token pack,TP600,1,-58.24,-10.89,-47.35,0.0
2025-08,PL,Renewal,P12M,29,2037.02,380.92,1656.1,105.62
2025-08,PL,Renewal,P1M,233,3797.55,710.08,3087.4,273.35
2025-08,PL,Renewal,P3M,42,1431.56,267.69,1163.81,90.08
2025-08,PL,Token pack,TP100,55,640.15,119.73,520.37,51.18
2025-08,PL,Token pack,TP1300,13,1514.37,283.14,1231.22,67.83
2025-08,PL,Token pack,TP275,29,844.26,157.83,686.43,49.0
2025-08,PL,Token pack,TP2800,13,3028.87,566.39,2462.46,161.43
2025-08,PL,Token pack,TP4500,2,698.98,130.7,568.28,39.14
2025-08,PL,Token pack,TP600,14,815.36,152.46,662.9,47.05
2025-08,ROW,Chargeback,P12M,2,-95.76,-4.56,-91.2,50.0
2025-08,ROW,Chargeback,P1M,5,-69.95,-3.34,-66.61,125.0
2025-08,ROW,Chargeback,P3M,1,-26.97,-1.28,-25.69,25.0
2025-08,ROW,New subscription,P12M,580,27770.4,1322.4,26448.0,1599.67
2025-08,ROW,New subscription,P1M,417,5833.83,277.8,5556.03,438.84
2025-08,ROW,New subscription,P3M,200,5394.0,256.86,5137.14,344.28
2025-08,ROW,Reactivation,P12M,65,3112.2,148.2,2964.0,191.51
2025-08,ROW,Reactivation,P1M,47,657.53,31.34,626.19,50.79
2025-08,ROW,Reactivation,P3M,29,782.13,37.2,744.93,51.1
2025-08,ROW,Refund - subscription,P12M,25,-1197.0,-57.0,-1140.0,0.0
2025-08,ROW,Refund - subscription,P1M,18,-251.82,-12.01,-239.81,0.0
2025-08,ROW,Refund - subscription,P3M,5,-134.85,-6.41,-128.44,0.0
2025-08,ROW,Refund - token pack,TP100,1,-9.99,-0.48,-9.51,0.0
2025-08,ROW,Refund - token pack,TP1300,1,-99.99,-4.76,-95.23,0.0
2025-08,ROW,Renewal,P12M,91,5557.08,264.62,5292.46,315.27
2025-08,ROW,Renewal,P1M,774,10828.26,515.62,10312.64,807.53
2025-08,ROW,Renewal,P3M,148,4336.56,206.5,4130.06,278.61
2025-08,ROW,Token pack,TP100,109,1088.91,51.88,1037.03,86.85
2025-08,ROW,Token pack,TP1300,31,3099.69,147.56,2952.13,176.1
2025-08,ROW,Token pack,TP275,63,1574.37,74.97,1499.4,97.7
2025-08,ROW,Token pack,TP2800,15,2999.85,142.82,2857.03,165.9
2025-08,ROW,Token pack,TP4500,14,4199.86,200.03,3999.83,201.0
2025-08,ROW,Token pack,TP600,39,1949.61,92.82,1856.79,115.95
2025-08,SE,Chargeback,P1M,2,-32.68,-6.54,-26.14,50.0
2025-08,SE,New subscription,P12M,77,4295.06,859.02,3436.04,237.36
2025-08,SE,New subscription,P1M,107,1743.95,348.82,1395.13,120.35
2025-08,SE,New subscription,P3M,22,691.24,138.21,553.03,42.53
2025-08,SE,Reactivation,P12M,9,502.02,100.43,401.59,23.03
2025-08,SE,Reactivation,P1M,8,130.4,26.08,104.32,9.98
2025-08,SE,Reactivation,P3M,1,31.42,6.28,25.14,2.08
2025-08,SE,Refund - subscription,P12M,4,-223.12,-44.64,-178.48,0.0
2025-08,SE,Refund - subscription,P1M,3,-48.9,-9.78,-39.12,0.0
2025-08,SE,Refund - token pack,TP100,1,-11.64,-2.33,-9.31,0.0
2025-08,SE,Refund - token pack,TP4500,1,-349.49,-69.9,-279.59,0.0
2025-08,SE,Renewal,P12M,14,892.76,178.57,714.19,51.45
2025-08,SE,Renewal,P1M,158,2575.12,515.08,2060.06,186.91
2025-08,SE,Renewal,P3M,31,1054.47,210.86,843.51,61.86
2025-08,SE,Token pack,TP100,39,453.94,90.82,363.09,36.97
2025-08,SE,Token pack,TP1300,9,1048.41,209.7,838.71,55.82
2025-08,SE,Token pack,TP275,29,844.27,168.86,675.41,50.51
2025-08,SE,Token pack,TP2800,3,698.97,139.8,559.17,39.48
2025-08,SE,Token pack,TP4500,3,1048.47,209.7,838.77,58.71
2025-08,SE,Token pack,TP600,23,1339.52,267.94,1071.57,73.66
2025-08,US,Chargeback,P12M,13,-646.44,-36.59,-609.85,325.0
2025-08,US,Chargeback,P1M,19,-265.81,-15.01,-250.8,475.0
2025-08,US,Chargeback,P3M,9,-248.73,-14.1,-234.63,225.0
2025-08,US,New subscription,P12M,1706,81683.28,4623.58,77059.7,4941.49
2025-08,US,New subscription,P1M,1894,26497.06,1499.81,24997.25,2039.07
2025-08,US,New subscription,P3M,777,20955.69,1186.19,19769.5,1379.94
2025-08,US,Reactivation,P12M,232,11108.16,628.72,10479.44,704.19
2025-08,US,Reactivation,P1M,241,3371.59,190.87,3180.72,262.55
2025-08,US,Reactivation,P3M,97,2616.09,148.1,2467.99,175.44
2025-08,US,Refund - subscription,P12M,78,-3734.64,-211.39,-3523.25,0.0
2025-08,US,Refund - subscription,P1M,88,-1231.12,-69.66,-1161.46,0.0
2025-08,US,Refund - subscription,P3M,28,-755.16,-42.76,-712.4,0.0
2025-08,US,Refund - token pack,TP100,19,-189.81,-10.79,-179.02,0.0
2025-08,US,Refund - token pack,TP1300,7,-699.93,-39.62,-660.31,0.0
2025-08,US,Refund - token pack,TP275,7,-174.93,-9.87,-165.06,0.0
2025-08,US,Refund - token pack,TP2800,3,-599.97,-33.96,-566.01,0.0
2025-08,US,Refund - token pack,TP600,4,-199.96,-11.32,-188.64,0.0
2025-08,US,Renewal,P12M,429,25724.52,1456.11,24268.41,1509.96
2025-08,US,Renewal,P1M,4041,56533.59,3200.02,53333.57,4248.29
2025-08,US,Renewal,P3M,718,21017.46,1189.65,19827.81,1369.67
2025-08,US,Token pack,TP100,1049,10479.51,593.19,9886.32,864.01
2025-08,US,Token pack,TP1300,212,21197.88,1199.92,19997.96,1225.15
2025-08,US,Token pack,TP275,550,13744.5,777.99,12966.51,908.46
2025-08,US,Token pack,TP2800,151,30198.49,1709.32,28489.17,1671.28
2025-08,US,Token pack,TP4500,75,22499.25,1273.51,21225.74,1289.69
2025-08,US,Token pack,TP600,314,15696.86,888.59,14808.27,936.56
2025-09,AU,Chargeback,P12M,1,-47.88,-4.35,-43.53,25.0
2025-09,AU,Chargeback,P1M,5,-69.95,-6.35,-63.6,125.0
2025-09,AU,New subscription,P12M,208,9959.04,905.36,9053.68,603.5
2025-09,AU,New subscription,P1M,211,2951.89,268.34,2683.55,224.66
2025-09,AU,New subscription,P3M,78,2103.66,191.23,1912.43,142.06
2025-09,AU,Reactivation,P12M,38,1819.44,165.4,1654.04,110.76
2025-09,AU,Reactivation,P1M,37,517.63,47.02,470.61,42.18
2025-09,AU,Reactivation,P3M,15,404.55,36.75,367.8,28.8
2025-09,AU,Refund - subscription,P12M,9,-430.92,-39.17,-391.75,0.0
2025-09,AU,Refund - subscription,P1M,6,-83.94,-7.62,-76.32,0.0
2025-09,AU,Refund - subscription,P3M,2,-53.94,-4.9,-49.04,0.0
2025-09,AU,Refund - token pack,TP100,3,-29.97,-2.73,-27.24,0.0
2025-09,AU,Refund - token pack,TP275,1,-24.99,-2.27,-22.72,0.0
2025-09,AU,Refund - token pack,TP4500,1,-299.99,-27.27,-272.72,0.0
2025-09,AU,Renewal,P12M,55,3281.4,298.32,2983.08,201.43
2025-09,AU,Renewal,P1M,489,6841.11,621.94,6219.17,513.43
2025-09,AU,Renewal,P3M,62,1774.14,161.27,1612.87,115.31
2025-09,AU,Token pack,TP100,128,1278.72,116.2,1162.52,107.69
2025-09,AU,Token pack,TP1300,21,2099.79,190.89,1908.9,127.5
2025-09,AU,Token pack,TP275,69,1724.31,156.78,1567.53,112.77
2025-09,AU,Token pack,TP2800,20,3999.8,363.6,3636.2,218.1
2025-09,AU,Token pack,TP4500,9,2699.91,245.43,2454.48,150.9
2025-09,AU,Token pack,TP600,45,2249.55,204.45,2045.1,133.2
2025-09,BR,Chargeback,P1M,2,-27.98,-1.34,-26.64,50.0
2025-09,BR,New subscription,P12M,207,9911.16,471.96,9439.2,575.78
2025-09,BR,New subscription,P1M,172,2406.28,114.59,2291.69,182.1
2025-09,BR,New subscription,P3M,70,1887.9,89.85,1798.05,123.67
2025-09,BR,Reactivation,P12M,36,1723.68,82.08,1641.6,106.86
2025-09,BR,Reactivation,P1M,30,419.7,20.01,399.69,31.41
2025-09,BR,Reactivation,P3M,10,269.7,12.81,256.89,17.68
2025-09,BR,Refund - subscription,P12M,6,-287.28,-13.68,-273.6,0.0
2025-09,BR,Refund - subscription,P1M,7,-97.93,-4.68,-93.25,0.0
2025-09,BR,Refund - subscription,P3M,3,-80.91,-3.85,-77.06,0.0
2025-09,BR,Refund - token pack,TP275,1,-24.99,-1.19,-23.8,0.0
2025-09,BR,Renewal,P12M,32,2012.16,95.8,1916.36,117.27
2025-09,BR,Renewal,P1M,306,4280.94,203.85,4077.09,319.85
2025-09,BR,Renewal,P3M,61,1759.17,83.77,1675.4,114.11
2025-09,BR,Token pack,TP100,68,679.32,32.38,646.94,50.7
2025-09,BR,Token pack,TP1300,13,1299.87,61.88,1237.99,77.1
2025-09,BR,Token pack,TP275,30,749.7,35.7,714.0,46.86
2025-09,BR,Token pack,TP2800,12,2399.88,114.24,2285.64,129.0
2025-09,BR,Token pack,TP4500,7,2099.93,100.01,1999.92,114.3
2025-09,BR,Token pack,TP600,26,1299.74,61.88,1237.86,75.6
2025-09,CA,Chargeback,P12M,1,-47.88,-5.51,-42.37,25.0
2025-09,CA,Chargeback,P1M,3,-41.97,-4.83,-37.14,75.0
2025-09,CA,New subscription,P12M,236,11299.68,1299.91,9999.77,662.87
2025-09,CA,New subscription,P1M,229,3203.71,368.62,2835.09,242.38
2025-09,CA,New subscription,P3M,91,2454.27,282.37,2171.9,162.44
2025-09,CA,Reactivation,P12M,37,1771.56,203.85,1567.71,107.59
2025-09,CA,Reactivation,P1M,36,503.64,57.96,445.68,38.25
2025-09,CA,Reactivation,P3M,16,431.52,49.62,381.9,23.12
2025-09,CA,Refund - subscription,P12M,10,-478.8,-55.09,-423.71,0.0
2025-09,CA,Refund - subscription,P1M,6,-83.94,-9.66,-74.28,0.0
2025-09,CA,Refund - subscription,P3M,5,-134.85,-15.5,-119.35,0.0
2025-09,CA,Refund - token pack,TP100,1,-9.99,-1.15,-8.84,0.0
2025-09,CA,Refund - token pack,TP1300,1,-99.99,-11.5,-88.49,0.0
2025-09,CA,Refund - token pack,TP275,1,-24.99,-2.87,-22.12,0.0
2025-09,CA,Refund - token pack,TP2800,1,-199.99,-23.01,-176.98,0.0
2025-09,CA,Refund - token pack,TP600,1,-49.99,-5.75,-44.24,0.0
2025-09,CA,Renewal,P12M,66,4000.08,460.21,3539.87,240.77
2025-09,CA,Renewal,P1M,593,8296.07,954.41,7341.66,630.12
2025-09,CA,Renewal,P3M,74,2085.78,239.96,1845.82,132.91
2025-09,CA,Token pack,TP100,145,1448.55,166.71,1281.84,118.48
2025-09,CA,Token pack,TP1300,27,2699.73,310.57,2389.16,150.9
2025-09,CA,Token pack,TP275,78,1949.22,224.17,1725.05,128.97
2025-09,CA,Token pack,TP2800,24,4799.76,552.21,4247.55,258.0
2025-09,CA,Token pack,TP4500,8,2399.92,276.08,2123.84,146.4
2025-09,CA,Token pack,TP600,46,2299.54,264.52,2035.02,149.25
2025-09,CH,Chargeback,P12M,1,-83.74,-6.27,-77.47,25.0
2025-09,CH,Chargeback,P1M,2,-32.6,-2.44,-30.16,50.0
2025-09,CH,Chargeback,P3M,1,-31.42,-2.35,-29.07,25.0
2025-09,CH,New subscription,P12M,69,3875.26,290.45,3584.8,208.76
2025-09,CH,New subscription,P1M,86,1411.26,105.78,1305.48,96.65
2025-09,CH,New subscription,P3M,39,1233.84,92.43,1141.41,78.27
2025-09,CH,Reactivation,P12M,15,842.4,63.15,779.25,49.0
2025-09,CH,Reactivation,P1M,9,147.69,11.07,136.62,10.26
2025-09,CH,Reactivation,P3M,7,221.47,16.59,204.88,13.01
2025-09,CH,Refund - subscription,P12M,1,-56.16,-4.21,-51.95,0.0
2025-09,CH,Refund - subscription,P1M,7,-114.87,-8.61,-106.26,0.0
2025-09,CH,Refund - subscription,P3M,5,-158.2,-11.85,-146.35,0.0
2025-09,CH,Refund - token pack,TP100,1,-11.72,-0.88,-10.84,0.0
2025-09,CH,Renewal,P12M,26,1826.25,136.89,1689.36,102.12
2025-09,CH,Renewal,P1M,191,3134.31,234.93,2899.48,221.14
2025-09,CH,Renewal,P3M,20,678.45,50.8,627.65,42.53
2025-09,CH,Token pack,TP100,52,609.36,45.68,563.68,50.02
2025-09,CH,Token pack,TP1300,12,1407.48,105.48,1302.0,81.6
2025-09,CH,Token pack,TP275,37,1084.59,81.28,1003.32,63.42
2025-09,CH,Token pack,TP2800,5,1172.95,87.9,1085.05,66.25
2025-09,CH,Token pack,TP4500,4,1407.56,105.48,1302.08,49.96
2025-09,CH,Token pack,TP600,14,820.96,61.49,759.39,50.09
2025-09,DE,Chargeback,P1M,5,-81.5,-13.0,-68.5,125.0
2025-09,DE,New subscription,P12M,405,22746.14,3631.74,19114.37,1281.14
2025-09,DE,New subscription,P1M,420,6892.25,1100.4,5791.8,480.77
2025-09,DE,New subscription,P3M,147,4650.43,742.5,3907.92,287.81
2025-09,DE,Reactivation,P12M,84,4717.72,753.22,3964.46,270.73
2025-09,DE,Reactivation,P1M,86,1411.26,225.32,1185.94,100.71
2025-09,DE,Reactivation,P3M,24,759.3,121.2,637.98,50.16
2025-09,DE,Refund - subscription,P12M,16,-898.6,-143.48,-755.16,0.0
2025-09,DE,Refund - subscription,P1M,21,-344.61,-55.02,-289.59,0.0
2025-09,DE,Refund - subscription,P3M,5,-158.19,-25.25,-132.91,0.0
2025-09,DE,Refund - token pack,TP100,2,-23.44,-3.74,-19.7,0.0
2025-09,DE,Refund - token pack,TP1300,1,-117.29,-18.73,-98.56,0.0
2025-09,DE,Refund - token pack,TP275,4,-117.24,-18.72,-98.52,0.0
2025-09,DE,Refund - token pack,TP600,1,-58.64,-9.36,-49.28,0.0
2025-09,DE,Renewal,P12M,91,6546.58,1045.24,5501.37,358.07
2025-09,DE,Renewal,P1M,967,15868.78,2533.57,13335.01,1136.73
2025-09,DE,Renewal,P3M,158,5237.74,836.28,4401.48,325.16
2025-09,DE,Token pack,TP100,263,3081.92,492.07,2589.84,240.3
2025-09,DE,Token pack,TP1300,45,5278.0,842.69,4435.21,275.76
2025-09,DE,Token pack,TP275,156,4572.88,730.08,3842.73,280.2
2025-09,DE,Token pack,TP2800,36,8445.22,1348.43,7096.8,428.37
2025-09,DE,Token pack,TP4500,17,5982.12,955.1,5026.94,306.1
2025-09,DE,Token pack,TP600,70,4104.68,655.32,3449.33,236.83
2025-09,ES,Chargeback,P12M,2,-111.56,-19.36,-92.2,50.0
2025-09,ES,Chargeback,P1M,3,-48.9,-8.49,-40.41,75.0
2025-09,ES,Chargeback,P3M,2,-62.84,-10.9,-51.94,50.0
2025-09,ES,New subscription,P12M,157,8817.65,1530.36,7287.26,469.83
2025-09,ES,New subscription,P1M,156,2559.96,444.31,2115.71,183.35
2025-09,ES,New subscription,P3M,61,1929.81,334.89,1594.92,119.39
2025-09,ES,Reactivation,P12M,33,1853.36,321.67,1531.78,100.52
2025-09,ES,Reactivation,P1M,21,344.61,59.85,284.76,25.32
2025-09,ES,Reactivation,P3M,9,284.76,49.41,235.35,17.19
2025-09,ES,Refund - subscription,P12M,7,-393.14,-68.23,-324.92,0.0
2025-09,ES,Refund - subscription,P1M,7,-114.87,-19.95,-94.92,0.0
2025-09,ES,Refund - subscription,P3M,2,-63.28,-10.98,-52.3,0.0
2025-09,ES,Refund - token pack,TP1300,1,-117.29,-20.36,-96.93,0.0
2025-09,ES,Refund - token pack,TP275,1,-29.31,-5.09,-24.23,0.0
2025-09,ES,Refund - token pack,TP2800,1,-234.59,-40.71,-193.87,0.0
2025-09,ES,Refund - token pack,TP600,1,-58.64,-10.18,-48.46,0.0
2025-09,ES,Renewal,P12M,41,3062.81,531.55,2531.23,153.81
2025-09,ES,Renewal,P1M,370,6071.73,1053.74,5018.01,436.28
2025-09,ES,Renewal,P3M,53,1782.27,309.27,1472.95,107.79
2025-09,ES,Token pack,TP100,83,972.6,168.77,803.78,72.68
2025-09,ES,Token pack,TP1300,22,2580.37,447.86,2132.47,129.44
2025-09,ES,Token pack,TP275,43,1260.44,218.76,1041.77,76.72
2025-09,ES,Token pack,TP2800,11,2580.49,447.82,2132.58,136.02
2025-09,ES,Token pack,TP4500,4,1407.56,244.28,1163.27,78.81
2025-09,ES,Token pack,TP600,28,1641.91,284.97,1356.88,92.07
2025-09,FR,Chargeback,P12M,1,-55.78,-9.3,-46.48,25.0
2025-09,FR,Chargeback,P1M,5,-81.5,-13.58,-67.9,125.0
2025-09,FR,New subscription,P12M,393,22072.17,3678.72,18393.47,1265.84
2025-09,FR,New subscription,P1M,423,6941.48,1156.99,5784.61,481.51
2025-09,FR,New subscription,P3M,142,4492.26,748.73,3743.61,283.82
2025-09,FR,Reactivation,P12M,63,3538.27,589.68,2948.59,203.72
2025-09,FR,Reactivation,P1M,47,771.27,128.62,642.8,47.8
2025-09,FR,Reactivation,P3M,20,632.73,105.47,527.27,40.18
2025-09,FR,Refund - subscription,P12M,20,-1123.24,-187.2,-936.04,0.0
2025-09,FR,Refund - subscription,P1M,25,-410.25,-68.43,-341.93,0.0
2025-09,FR,Refund - subscription,P3M,3,-94.91,-15.82,-79.09,0.0
2025-09,FR,Refund - token pack,TP100,1,-11.72,-1.95,-9.77,0.0
2025-09,FR,Refund - token pack,TP275,1,-29.31,-4.89,-24.43,0.0
2025-09,FR,Refund - token pack,TP600,3,-175.92,-29.31,-146.61,0.0
2025-09,FR,Renewal,P12M,59,3764.07,627.31,3136.75,202.09
2025-09,FR,Renewal,P1M,888,14572.38,2428.75,12143.63,1042.84
2025-09,FR,Renewal,P3M,130,4316.78,719.44,3597.3,263.1
2025-09,FR,Token pack,TP100,180,2109.26,351.56,1757.79,160.15
2025-09,FR,Token pack,TP1300,49,5747.14,957.88,4789.26,308.0
2025-09,FR,Token pack,TP275,96,2814.08,469.02,2345.07,174.67
2025-09,FR,Token pack,TP2800,29,6803.1,1133.89,5669.21,316.15
2025-09,FR,Token pack,TP4500,16,5630.23,938.39,4691.84,286.38
2025-09,FR,Token pack,TP600,62,3635.58,605.96,3029.7,205.53
2025-09,GB,Chargeback,P1M,11,-206.69,-34.43,-172.24,275.0
2025-09,GB,New subscription,P12M,272,17568.48,2928.14,14640.46,967.58
2025-09,GB,New subscription,P1M,304,5737.29,956.2,4781.04,395.4
2025-09,GB,New subscription,P3M,123,4475.12,745.88,3729.24,269.31
2025-09,GB,Reactivation,P12M,64,4133.76,689.05,3444.89,229.18
2025-09,GB,Reactivation,P1M,56,1056.9,176.18,880.7,70.03
2025-09,GB,Reactivation,P3M,30,1091.47,181.87,909.6,66.9
2025-09,GB,Refund - subscription,P12M,15,-968.85,-161.51,-807.41,0.0
2025-09,GB,Refund - subscription,P1M,16,-301.95,-50.36,-251.65,0.0
2025-09,GB,Refund - subscription,P3M,2,-72.76,-12.12,-60.64,0.0
2025-09,GB,Refund - token pack,TP100,2,-26.96,-4.5,-22.46,0.0
2025-09,GB,Refund - token pack,TP600,1,-67.44,-11.24,-56.2,0.0
2025-09,GB,Renewal,P12M,94,7366.53,1227.77,6138.82,393.45
2025-09,GB,Renewal,P1M,952,17966.67,2994.43,14972.18,1241.82
2025-09,GB,Renewal,P3M,155,5963.04,993.82,4969.21,355.96
2025-09,GB,Token pack,TP100,182,2452.76,408.78,2043.87,176.37
2025-09,GB,Token pack,TP1300,52,7014.12,1168.96,5845.13,369.54
2025-09,GB,Token pack,TP275,104,3505.99,584.33,2921.66,207.16
2025-09,GB,Token pack,TP2800,25,6744.68,1124.08,5620.52,357.45
2025-09,GB,Token pack,TP4500,14,5665.64,944.3,4721.36,250.38
2025-09,GB,Token pack,TP600,81,5462.37,910.44,4551.97,298.36
2025-09,IN,Chargeback,P12M,1,-47.88,-7.3,-40.58,25.0
2025-09,IN,Chargeback,P1M,1,-13.99,-2.13,-11.86,25.0
2025-09,IN,New subscription,P12M,130,6224.4,949.44,5274.96,370.73
2025-09,IN,New subscription,P1M,129,1804.71,275.29,1529.42,136.83
2025-09,IN,New subscription,P3M,45,1213.65,185.09,1028.56,74.21
2025-09,IN,Reactivation,P12M,21,1005.48,153.34,852.14,64.15
2025-09,IN,Reactivation,P1M,14,195.86,29.83,166.03,15.03
2025-09,IN,Reactivation,P3M,2,53.94,8.22,45.72,3.84
2025-09,IN,Refund - subscription,P12M,2,-95.76,-14.6,-81.16,0.0
2025-09,IN,Refund - subscription,P1M,5,-69.95,-10.66,-59.29,0.0
2025-09,IN,Refund - token pack,TP1300,1,-99.99,-15.25,-84.74,0.0
2025-09,IN,Refund - token pack,TP275,1,-24.99,-3.81,-21.18,0.0
2025-09,IN,Renewal,P12M,20,1125.6,171.67,953.93,65.09
2025-09,IN,Renewal,P1M,191,2672.09,407.59,2264.5,204.67
2025-09,IN,Renewal,P3M,32,908.04,138.51,769.53,54.63
2025-09,IN,Token pack,TP100,27,269.73,41.12,228.61,21.3
2025-09,IN,Token pack,TP1300,9,899.91,137.26,762.65,51.9
2025-09,IN,Token pack,TP275,17,424.83,64.78,360.05,29.17
2025-09,IN,Token pack,TP2800,6,1199.94,183.06,1016.88,45.9
2025-09,IN,Token pack,TP4500,6,1799.94,274.56,1525.38,109.8
2025-09,IN,Token pack,TP600,12,599.88,91.53,508.35,34.5
2025-09,IT,Chargeback,P1M,4,-65.2,-11.76,-53.44,100.0
2025-09,IT,New subscription,P12M,160,8986.16,1620.45,7365.69,506.08
2025-09,IT,New subscription,P1M,169,2773.29,500.14,2273.25,202.64
2025-09,IT,New subscription,P3M,61,1929.8,347.94,1581.73,119.39
2025-09,IT,Reactivation,P12M,30,1684.88,303.87,1381.1,95.4
2025-09,IT,Reactivation,P1M,32,525.12,94.72,430.41,39.09
2025-09,IT,Reactivation,P3M,11,348.03,62.71,285.23,22.99
2025-09,IT,Refund - subscription,P12M,8,-449.3,-81.04,-368.3,0.0
2025-09,IT,Refund - subscription,P1M,6,-98.46,-17.76,-80.7,0.0
2025-09,IT,Refund - token pack,TP100,1,-11.72,-2.11,-9.61,0.0
2025-09,IT,Renewal,P12M,33,2416.46,435.72,1980.7,125.86
2025-09,IT,Renewal,P1M,376,6170.18,1112.66,5057.56,439.75
2025-09,IT,Renewal,P3M,54,1796.3,323.89,1472.44,106.35
2025-09,IT,Token pack,TP100,71,831.96,150.03,682.04,61.57
2025-09,IT,Token pack,TP1300,14,1642.05,296.1,1345.95,90.16
2025-09,IT,Token pack,TP275,44,1289.77,232.62,1057.19,78.68
2025-09,IT,Token pack,TP2800,15,3518.83,634.54,2884.3,169.57
2025-09,IT,Token pack,TP4500,3,1055.67,190.38,865.29,44.68
2025-09,IT,Token pack,TP600,20,1172.78,211.45,961.25,63.45
2025-09,JP,Chargeback,P12M,1,-47.88,-4.35,-43.53,25.0
2025-09,JP,Chargeback,P1M,1,-13.99,-1.27,-12.72,25.0
2025-09,JP,New subscription,P12M,92,4404.96,400.45,4004.51,272.25
2025-09,JP,New subscription,P1M,91,1273.09,115.75,1157.34,97.23
2025-09,JP,New subscription,P3M,30,809.1,73.52,735.58,49.99
2025-09,JP,Reactivation,P12M,17,813.96,73.99,739.97,51.47
2025-09,JP,Reactivation,P1M,16,223.84,20.33,203.51,17.31
2025-09,JP,Reactivation,P3M,2,53.94,4.9,49.04,3.84
2025-09,JP,Refund - subscription,P12M,7,-335.16,-30.46,-304.7,0.0
2025-09,JP,Refund - subscription,P1M,6,-83.94,-7.63,-76.31,0.0
2025-09,JP,Refund - subscription,P3M,1,-26.97,-2.45,-24.52,0.0
2025-09,JP,Refund - token pack,TP600,1,-49.99,-4.54,-45.45,0.0
2025-09,JP,Renewal,P12M,17,1053.96,95.78,958.18,61.26
2025-09,JP,Renewal,P1M,211,2951.89,268.36,2683.53,226.53
2025-09,JP,Renewal,P3M,25,710.25,64.55,645.7,45.46
2025-09,JP,Token pack,TP100,49,489.51,44.53,444.98,40.35
2025-09,JP,Token pack,TP1300,4,399.96,36.36,363.6,25.2
2025-09,JP,Token pack,TP275,29,724.71,65.85,658.86,49.34
2025-09,JP,Token pack,TP2800,3,599.97,54.54,545.43,36.9
2025-09,JP,Token pack,TP4500,3,899.97,81.81,818.16,54.9
2025-09,JP,Token pack,TP600,17,849.83,77.21,772.62,43.35
2025-09,MX,Chargeback,P1M,4,-55.96,-7.72,-48.24,100.0
2025-09,MX,New subscription,P12M,174,8331.12,1149.09,7182.03,495.64
2025-09,MX,New subscription,P1M,122,1706.78,235.46,1471.32,126.99
2025-09,MX,New subscription,P3M,58,1564.26,215.76,1348.5,99.17
2025-09,MX,Reactivation,P12M,11,526.68,72.62,454.06,27.53
2025-09,MX,Reactivation,P1M,19,265.81,36.67,229.14,21.66
2025-09,MX,Reactivation,P3M,9,242.73,33.48,209.25,14.24
2025-09,MX,Refund - subscription,P12M,5,-239.4,-33.01,-206.39,0.0
2025-09,MX,Refund - subscription,P1M,3,-41.97,-5.79,-36.18,0.0
2025-09,MX,Refund - subscription,P3M,2,-53.94,-7.44,-46.5,0.0
2025-09,MX,Refund - token pack,TP100,2,-19.98,-2.76,-17.22,0.0
2025-09,MX,Refund - token pack,TP275,4,-99.96,-13.8,-86.16,0.0
2025-09,MX,Renewal,P12M,29,1652.52,227.88,1424.64,87.4
2025-09,MX,Renewal,P1M,227,3175.73,438.11,2737.62,239.18
2025-09,MX,Renewal,P3M,38,1093.86,150.85,943.01,69.09
2025-09,MX,Token pack,TP100,42,419.58,57.92,361.66,31.05
2025-09,MX,Token pack,TP1300,10,999.9,137.91,861.99,63.0
2025-09,MX,Token pack,TP275,31,774.69,106.88,667.81,54.37
2025-09,MX,Token pack,TP2800,4,799.96,110.32,689.64,30.6
2025-09,MX,Token pack,TP4500,3,899.97,124.14,775.83,41.1
2025-09,MX,Token pack,TP600,22,1099.78,151.75,948.03,62.4
2025-09,NL,Chargeback,P12M,1,-55.78,-9.68,-46.1,25.0
2025-09,NL,Chargeback,P1M,1,-16.3,-2.83,-13.47,25.0
2025-09,NL,New subscription,P12M,108,6065.64,1052.68,5012.92,355.85
2025-09,NL,New subscription,P1M,139,2280.99,395.85,1885.14,167.06
2025-09,NL,New subscription,P3M,54,1708.36,296.46,1411.9,104.76
2025-09,NL,Reactivation,P12M,21,1179.41,204.7,974.77,69.64
2025-09,NL,Reactivation,P1M,24,393.84,68.39,325.45,28.05
2025-09,NL,Reactivation,P3M,9,284.76,49.41,235.35,18.81
2025-09,NL,Refund - subscription,P12M,6,-336.96,-58.5,-278.52,0.0
2025-09,NL,Refund - subscription,P1M,5,-82.05,-14.25,-67.8,0.0
2025-09,NL,Refund - subscription,P3M,1,-31.64,-5.49,-26.15,0.0
2025-09,NL,Refund - token pack,TP275,1,-29.31,-5.09,-24.23,0.0
2025-09,NL,Renewal,P12M,35,2613.23,453.52,2159.67,148.53
2025-09,NL,Renewal,P1M,303,4972.23,862.96,4109.34,350.36
2025-09,NL,Renewal,P3M,49,1659.24,287.93,1371.26,99.6
2025-09,NL,Token pack,TP100,87,1019.45,176.89,842.54,81.59
2025-09,NL,Token pack,TP1300,17,1993.93,346.1,1647.81,110.56
2025-09,NL,Token pack,TP275,49,1436.33,249.27,1187.09,90.01
2025-09,NL,Token pack,TP2800,9,2111.31,366.4,1744.84,119.25
2025-09,NL,Token pack,TP4500,7,2463.23,427.49,2035.74,137.9
2025-09,NL,Token pack,TP600,29,1700.51,295.14,1405.35,101.03
2025-09,PL,Chargeback,P1M,3,-48.9,-9.15,-39.75,75.0
2025-09,PL,Chargeback,P3M,1,-31.42,-5.88,-25.54,25.0
2025-09,PL,New subscription,P12M,90,5054.69,945.2,4109.47,296.57
2025-09,PL,New subscription,P1M,129,2116.89,395.81,1721.13,148.49
2025-09,PL,New subscription,P3M,40,1265.46,236.66,1028.8,65.79
2025-09,PL,Reactivation,P12M,21,1179.42,220.51,958.86,67.04
2025-09,PL,Reactivation,P1M,13,213.33,39.91,173.42,14.25
2025-09,PL,Reactivation,P3M,9,284.74,53.26,231.48,17.19
2025-09,PL,Refund - subscription,P12M,3,-168.48,-31.5,-136.98,0.0
2025-09,PL,Refund - subscription,P1M,4,-65.64,-12.28,-53.36,0.0
2025-09,PL,Refund - subscription,P3M,1,-31.64,-5.92,-25.72,0.0
2025-09,PL,Renewal,P12M,34,2303.69,430.77,1872.9,133.45
2025-09,PL,Renewal,P1M,245,4020.45,751.78,3268.72,291.8
2025-09,PL,Renewal,P3M,46,1550.22,289.85,1260.34,91.35
2025-09,PL,Token pack,TP100,56,656.21,122.65,533.52,50.74
2025-09,PL,Token pack,TP1300,10,1172.9,219.3,953.59,62.96
2025-09,PL,Token pack,TP275,21,615.54,115.08,500.44,35.08
2025-09,PL,Token pack,TP2800,16,3753.43,701.87,3051.53,202.28
2025-09,PL,Token pack,TP4500,3,1055.67,197.4,858.27,44.68
2025-09,PL,Token pack,TP600,20,1172.8,219.25,953.45,68.85
2025-09,ROW,Chargeback,P12M,2,-95.76,-4.56,-91.2,50.0
2025-09,ROW,Chargeback,P1M,4,-55.96,-2.68,-53.28,100.0
2025-09,ROW,New subscription,P12M,534,25567.92,1217.52,24350.4,1495.44
2025-09,ROW,New subscription,P1M,405,5665.95,269.81,5396.14,414.94
2025-09,ROW,New subscription,P3M,170,4584.9,218.33,4366.57,282.19
2025-09,ROW,Reactivation,P12M,90,4309.2,205.2,4104.0,265.92
2025-09,ROW,Reactivation,P1M,52,727.48,34.68,692.8,57.42
2025-09,ROW,Reactivation,P3M,24,647.28,30.81,616.47,41.52
2025-09,ROW,Refund - subscription,P12M,20,-957.6,-45.6,-912.0,0.0
2025-09,ROW,Refund - subscription,P1M,21,-293.79,-14.0,-279.79,0.0
2025-09,ROW,Refund - subscription,P3M,3,-80.91,-3.85,-77.06,0.0
2025-09,ROW,Refund - token pack,TP100,1,-9.99,-0.48,-9.51,0.0
2025-09,ROW,Refund - token pack,TP275,2,-49.98,-2.38,-47.6,0.0
2025-09,ROW,Refund - token pack,TP4500,1,-299.99,-14.29,-285.7,0.0
2025-09,ROW,Refund - token pack,TP600,2,-99.98,-4.76,-95.22,0.0
2025-09,ROW,Renewal,P12M,95,5940.6,282.89,5657.71,351.77
2025-09,ROW,Renewal,P1M,801,11205.99,533.59,10672.4,836.46
2025-09,ROW,Renewal,P3M,140,3970.8,189.09,3781.71,246.14
2025-09,ROW,Token pack,TP100,168,1678.32,79.9,1598.42,131.7
2025-09,ROW,Token pack,TP1300,27,2699.73,128.52,2571.21,160.5
2025-09,ROW,Token pack,TP275,80,1999.2,95.2,1904.0,131.14
2025-09,ROW,Token pack,TP2800,23,4599.77,219.03,4380.74,255.0
2025-09,ROW,Token pack,TP4500,15,4499.85,214.3,4285.55,233.1
2025-09,ROW,Token pack,TP600,40,1999.6,95.2,1904.4,116.7
2025-09,SE,Chargeback,P3M,1,-31.42,-6.28,-25.14,25.0
2025-09,SE,New subscription,P12M,69,3875.28,775.09,3100.17,211.35
2025-09,SE,New subscription,P1M,89,1460.49,292.08,1168.41,107.49
2025-09,SE,New subscription,P3M,29,917.48,183.49,733.99,52.51
2025-09,SE,Reactivation,P12M,14,786.25,157.23,629.02,40.36
2025-09,SE,Reactivation,P1M,6,98.46,19.68,78.78,7.5
2025-09,SE,Reactivation,P3M,8,253.12,50.64,202.48,16.72
2025-09,SE,Refund - subscription,P12M,2,-112.32,-22.46,-89.86,0.0
2025-09,SE,Refund - subscription,P1M,7,-114.87,-22.96,-91.91,0.0
2025-09,SE,Refund - subscription,P3M,1,-31.64,-6.33,-25.31,0.0
2025-09,SE,Refund - token pack,TP100,1,-11.72,-2.34,-9.37,0.0
2025-09,SE,Refund - token pack,TP275,1,-29.31,-5.86,-23.45,0.0
2025-09,SE,Renewal,P12M,19,1348.63,269.72,1078.87,77.12
2025-09,SE,Renewal,P1M,178,2920.98,584.18,2336.82,207.89
2025-09,SE,Renewal,P3M,27,913.99,182.8,731.19,52.96
2025-09,SE,Token pack,TP100,37,433.6,86.67,346.78,35.08
2025-09,SE,Token pack,TP1300,12,1407.48,281.52,1125.96,81.6
2025-09,SE,Token pack,TP275,23,674.2,134.85,539.35,35.96
2025-09,SE,Token pack,TP2800,7,1642.13,328.44,1313.69,92.75
2025-09,SE,Token pack,TP4500,3,1055.67,211.14,844.53,44.68
2025-09,SE,Token pack,TP600,12,703.68,140.76,562.92,42.94
2025-09,US,Chargeback,P12M,3,-143.64,-8.13,-135.51,75.0
2025-09,US,Chargeback,P1M,30,-419.7,-23.72,-395.98,750.0
2025-09,US,Chargeback,P3M,2,-56.94,-3.23,-53.71,50.0
2025-09,US,New subscription,P12M,1725,82593.0,4675.05,77917.95,4987.06
2025-09,US,New subscription,P1M,1902,26608.98,1506.17,25102.81,2023.97
2025-09,US,New subscription,P3M,700,18879.0,1068.61,17810.39,1248.87
2025-09,US,Reactivation,P12M,301,14411.88,815.71,13596.17,896.1
2025-09,US,Reactivation,P1M,282,3945.18,223.29,3721.89,310.15
2025-09,US,Reactivation,P3M,116,3128.52,177.12,2951.4,202.82
2025-09,US,Refund - subscription,P12M,80,-3830.4,-216.8,-3613.6,0.0
2025-09,US,Refund - subscription,P1M,89,-1245.11,-70.46,-1174.65,0.0
2025-09,US,Refund - subscription,P3M,28,-755.16,-42.74,-712.42,0.0
2025-09,US,Refund - token pack,TP100,15,-149.85,-8.52,-141.33,0.0
2025-09,US,Refund - token pack,TP1300,4,-399.96,-22.64,-377.32,0.0
2025-09,US,Refund - token pack,TP275,8,-199.92,-11.29,-188.63,0.0
2025-09,US,Refund - token pack,TP2800,4,-799.96,-45.28,-754.68,0.0
2025-09,US,Refund - token pack,TP4500,2,-599.98,-33.96,-566.02,0.0
2025-09,US,Refund - token pack,TP600,7,-349.93,-19.81,-330.12,0.0
2025-09,US,Renewal,P12M,419,24981.72,1414.09,23567.63,1472.51
2025-09,US,Renewal,P1M,4260,59597.4,3373.44,56223.96,4505.26
2025-09,US,Renewal,P3M,675,19269.75,1090.75,18179.0,1252.81
2025-09,US,Token pack,TP100,1065,10639.35,602.24,10037.11,867.92
2025-09,US,Token pack,TP1300,234,23397.66,1324.44,22073.22,1344.48
2025-09,US,Token pack,TP275,568,14194.32,803.46,13390.86,949.4
2025-09,US,Token pack,TP2800,161,32198.39,1822.52,30375.87,1859.37
2025-09,US,Token pack,TP4500,80,23999.2,1358.4,22640.8,1367.4
2025-09,US,Token pack,TP600,370,18496.3,1047.01,17449.29,1121.3
2025-10,AU,Chargeback,P12M,1,-47.88,-4.35,-43.53,25.0
2025-10,AU,Chargeback,P1M,2,-27.98,-2.54,-25.44,50.0
2025-10,AU,New subscription,P12M,224,10725.12,975.02,9750.1,632.19
2025-10,AU,New subscription,P1M,224,3133.76,284.9,2848.86,240.39
2025-10,AU,New subscription,P3M,99,2670.03,242.76,2427.27,168.68
2025-10,AU,Reactivation,P12M,32,1532.16,139.27,1392.89,94.15
2025-10,AU,Reactivation,P1M,39,545.61,49.55,496.06,42.6
2025-10,AU,Reactivation,P3M,21,566.37,51.47,514.9,40.3
2025-10,AU,Refund - subscription,P12M,6,-287.28,-26.11,-261.17,0.0
2025-10,AU,Refund - subscription,P1M,11,-153.89,-13.98,-139.91,0.0
2025-10,AU,Refund - subscription,P3M,3,-80.91,-7.35,-73.56,0.0
2025-10,AU,Refund - token pack,TP100,2,-19.98,-1.82,-18.16,0.0
2025-10,AU,Refund - token pack,TP275,3,-74.97,-6.81,-68.16,0.0
2025-10,AU,Refund - token pack,TP600,2,-99.98,-9.08,-90.9,0.0
2025-10,AU,Renewal,P12M,50,3018.0,274.32,2743.68,187.62
2025-10,AU,Renewal,P1M,518,7246.82,658.82,6588.0,548.36
2025-10,AU,Renewal,P3M,97,2733.09,248.45,2484.64,180.4
2025-10,AU,Token pack,TP100,129,1288.71,117.14,1171.57,108.6
2025-10,AU,Token pack,TP1300,24,2399.76,218.16,2181.6,132.0
2025-10,AU,Token pack,TP275,66,1649.34,149.94,1499.4,111.65
2025-10,AU,Token pack,TP2800,22,4399.78,399.96,3999.82,242.7
2025-10,AU,Token pack,TP4500,12,3599.88,327.24,3272.64,205.8
2025-10,AU,Token pack,TP600,39,1949.61,177.17,1772.44,121.05
2025-10,BR,Chargeback,P12M,2,-95.76,-4.56,-91.2,50.0
2025-10,BR,Chargeback,P1M,3,-41.97,-2.01,-39.96,75.0
2025-10,BR,Chargeback,P3M,1,-26.97,-1.28,-25.69,25.0
2025-10,BR,New subscription,P12M,233,11156.04,531.24,10624.8,643.54
2025-10,BR,New subscription,P1M,186,2602.14,123.9,2478.24,187.84
2025-10,BR,New subscription,P3M,86,2319.42,110.42,2209.0,154.37
2025-10,BR,Reactivation,P12M,41,1963.08,93.48,1869.6,112.88
2025-10,BR,Reactivation,P1M,19,265.81,12.69,253.12,21.66
2025-10,BR,Reactivation,P3M,10,269.7,12.81,256.89,17.68
2025-10,BR,Refund - subscription,P12M,10,-478.8,-22.8,-456.0,0.0
2025-10,BR,Refund - subscription,P1M,4,-55.96,-2.68,-53.28,0.0
2025-10,BR,Refund - subscription,P3M,2,-53.94,-2.56,-51.38,0.0
2025-10,BR,Renewal,P12M,48,3042.24,144.85,2897.39,181.43
2025-10,BR,Renewal,P1M,340,4756.6,226.49,4530.11,349.25
2025-10,BR,Renewal,P3M,52,1453.44,69.2,1384.24,85.62
2025-10,BR,Token pack,TP100,70,699.3,33.32,665.98,57.0
2025-10,BR,Token pack,TP1300,16,1599.84,76.16,1523.68,86.4
2025-10,BR,Token pack,TP275,35,874.65,41.65,833.0,50.14
2025-10,BR,Token pack,TP2800,4,799.96,38.08,761.88,49.2
2025-10,BR,Token pack,TP4500,5,1499.95,71.45,1428.5,91.5
2025-10,BR,Token pack,TP600,22,1099.78,52.36,1047.42,64.95
2025-10,CA,Chargeback,P12M,1,-47.88,-5.51,-42.37,25.0
2025-10,CA,Chargeback,P1M,7,-97.93,-11.27,-86.66,175.0
2025-10,CA,Chargeback,P3M,1,-26.97,-3.1,-23.87,25.0
2025-10,CA,New subscription,P12M,250,11970.0,1377.08,10592.92,726.93
2025-10,CA,New subscription,P1M,300,4197.0,482.83,3714.17,318.56
2025-10,CA,New subscription,P3M,116,3128.52,359.95,2768.57,207.36
2025-10,CA,Reactivation,P12M,44,2106.72,242.41,1864.31,117.52
2025-10,CA,Reactivation,P1M,47,657.53,75.67,581.86,52.65
2025-10,CA,Reactivation,P3M,17,458.49,52.71,405.78,32.64
2025-10,CA,Refund - subscription,P12M,11,-526.68,-60.61,-466.07,0.0
2025-10,CA,Refund - subscription,P1M,11,-153.89,-17.71,-136.18,0.0
2025-10,CA,Refund - subscription,P3M,7,-188.79,-21.71,-167.08,0.0
2025-10,CA,Refund - token pack,TP100,2,-19.98,-2.3,-17.68,0.0
2025-10,CA,Renewal,P12M,61,3784.68,435.45,3349.23,228.81
2025-10,CA,Renewal,P1M,597,8352.03,960.86,7391.17,633.73
2025-10,CA,Renewal,P3M,109,3086.73,355.12,2731.61,199.07
2025-10,CA,Token pack,TP100,140,1398.6,160.97,1237.63,109.49
2025-10,CA,Token pack,TP1300,27,2699.73,310.58,2389.15,146.1
2025-10,CA,Token pack,TP275,75,1874.25,215.55,1658.7,130.71
2025-10,CA,Token pack,TP2800,19,3799.81,437.18,3362.63,224.4
2025-10,CA,Token pack,TP4500,10,2999.9,345.1,2654.8,169.2
2025-10,CA,Token pack,TP600,47,2349.53,270.26,2079.27,150.0
2025-10,CH,New subscription,P12M,85,4733.15,354.63,4378.52,259.14
2025-10,CH,New subscription,P1M,94,1529.38,114.66,1414.75,106.93
2025-10,CH,New subscription,P3M,28,878.28,65.8,812.48,53.35
2025-10,CH,Reactivation,P12M,10,556.81,41.7,515.1,31.54
2025-10,CH,Reactivation,P1M,16,260.32,19.52,240.8,19.88
2025-10,CH,Reactivation,P3M,7,219.58,16.45,203.13,14.55
2025-10,CH,Refund - subscription,P12M,5,-278.41,-20.85,-257.55,0.0
2025-10,CH,Refund - subscription,P1M,1,-16.27,-1.22,-15.05,0.0
2025-10,CH,Refund - subscription,P3M,1,-31.37,-2.35,-29.02,0.0
2025-10,CH,Refund - token pack,TP100,2,-23.24,-1.74,-21.5,0.0
2025-10,CH,Refund - token pack,TP1300,1,-116.29,-8.71,-107.57,0.0
2025-10,CH,Refund - token pack,TP275,1,-29.06,-2.18,-26.89,0.0
2025-10,CH,Refund - token pack,TP600,1,-58.14,-4.36,-53.78,0.0
2025-10,CH,Renewal,P12M,24,1699.28,127.3,1571.93,91.9
2025-10,CH,Renewal,P1M,205,3335.35,249.88,3085.48,236.14
2025-10,CH,Renewal,P3M,40,1310.49,98.16,1212.29,75.9
2025-10,CH,Token pack,TP100,56,650.69,48.73,601.92,52.97
2025-10,CH,Token pack,TP1300,7,814.03,60.97,752.99,42.24
2025-10,CH,Token pack,TP275,32,930.0,69.72,860.4,53.31
2025-10,CH,Token pack,TP2800,12,2791.08,209.16,2581.92,148.03
2025-10,CH,Token pack,TP4500,1,348.89,26.14,322.75,19.54
2025-10,CH,Token pack,TP600,16,930.24,69.74,860.48,54.12
2025-10,DE,Chargeback,P12M,5,-280.81,-44.84,-235.99,125.0
2025-10,DE,Chargeback,P1M,1,-16.41,-2.62,-13.79,25.0
2025-10,DE,Chargeback,P3M,2,-63.28,-10.1,-53.16,50.0
2025-10,DE,New subscription,P12M,406,22607.87,3609.66,18998.24,1243.76
2025-10,DE,New subscription,P1M,499,8118.98,1296.3,6822.59,592.14
2025-10,DE,New subscription,P3M,181,5677.22,906.47,4770.82,335.51
2025-10,DE,Reactivation,P12M,61,3396.7,542.29,2854.37,195.29
2025-10,DE,Reactivation,P1M,75,1220.25,194.85,1025.48,88.32
2025-10,DE,Reactivation,P3M,38,1191.95,190.34,1001.64,70.89
2025-10,DE,Refund - subscription,P12M,25,-1392.06,-222.26,-1169.81,0.0
2025-10,DE,Refund - subscription,P1M,24,-390.48,-62.37,-328.13,0.0
2025-10,DE,Refund - subscription,P3M,7,-219.59,-35.07,-184.52,0.0
2025-10,DE,Refund - token pack,TP100,4,-46.48,-7.43,-39.05,0.0
2025-10,DE,Refund - token pack,TP1300,1,-116.29,-18.57,-97.72,0.0
2025-10,DE,Refund - token pack,TP275,6,-174.36,-27.84,-146.52,0.0
2025-10,DE,Refund - token pack,TP600,1,-58.14,-9.28,-48.86,0.0
2025-10,DE,Renewal,P12M,120,8552.22,1365.49,7186.74,466.61
2025-10,DE,Renewal,P1M,1039,16904.89,2699.05,14205.82,1203.33
2025-10,DE,Renewal,P3M,176,5729.77,914.86,4814.94,359.86
2025-10,DE,Token pack,TP100,256,2974.29,474.96,2499.38,236.89
2025-10,DE,Token pack,TP1300,68,7907.67,1262.57,6645.01,408.75
2025-10,DE,Token pack,TP275,130,3778.22,603.2,3175.02,232.14
2025-10,DE,Token pack,TP2800,36,8373.24,1336.93,7036.23,434.47
2025-10,DE,Token pack,TP4500,23,8024.47,1281.16,6743.2,449.42
2025-10,DE,Token pack,TP600,94,5465.05,872.61,4592.44,317.45
2025-10,ES,Chargeback,P1M,2,-32.82,-5.7,-27.12,50.0
2025-10,ES,Chargeback,P3M,1,-31.64,-5.49,-26.15,25.0
2025-10,ES,New subscription,P12M,185,10301.61,1787.9,8513.7,569.49
2025-10,ES,New subscription,P1M,183,2977.41,516.77,2460.75,211.75
2025-10,ES,New subscription,P3M,85,2666.1,462.69,2203.4,166.82
2025-10,ES,Reactivation,P12M,29,1614.81,280.23,1334.58,88.66
2025-10,ES,Reactivation,P1M,31,504.37,87.51,416.87,35.53
2025-10,ES,Reactivation,P3M,14,439.16,76.18,362.88,27.49
2025-10,ES,Refund - subscription,P12M,12,-668.19,-115.95,-552.24,0.0
2025-10,ES,Refund - subscription,P1M,4,-65.08,-11.28,-53.8,0.0
2025-10,ES,Refund - subscription,P3M,4,-125.48,-21.76,-103.68,0.0
2025-10,ES,Refund - token pack,TP100,3,-34.86,-6.06,-28.8,0.0
2025-10,ES,Renewal,P12M,40,2757.71,478.59,2279.12,145.42
2025-10,ES,Renewal,P1M,388,6312.89,1095.63,5217.32,455.98
2025-10,ES,Renewal,P3M,69,2268.97,393.77,1875.13,142.41
2025-10,ES,Token pack,TP100,88,1022.45,177.49,844.99,79.74
2025-10,ES,Token pack,TP1300,14,1628.06,282.53,1345.52,79.47
2025-10,ES,Token pack,TP275,39,1133.46,196.68,936.78,69.98
2025-10,ES,Token pack,TP2800,11,2558.49,444.07,2114.42,134.89
2025-10,ES,Token pack,TP4500,7,2442.23,423.85,2018.37,136.78
2025-10,ES,Token pack,TP600,28,1627.92,282.52,1345.38,86.0
2025-10,FR,Chargeback,P12M,3,-168.49,-28.08,-140.41,75.0
2025-10,FR,Chargeback,P1M,5,-82.05,-13.7,-68.4,125.0
2025-10,FR,Chargeback,P3M,1,-31.64,-5.27,-26.36,25.0
2025-10,FR,New subscription,P12M,395,21995.33,3665.91,18329.45,1242.3
2025-10,FR,New subscription,P1M,476,7744.74,1290.79,6453.94,561.52
2025-10,FR,New subscription,P3M,172,5394.95,899.16,4495.85,323.28
2025-10,FR,Reactivation,P12M,59,3285.32,547.52,2737.77,185.9
2025-10,FR,Reactivation,P1M,56,911.12,151.85,759.34,65.63
2025-10,FR,Reactivation,P3M,26,815.55,135.98,679.64,49.21
2025-10,FR,Refund - subscription,P12M,14,-779.55,-129.92,-649.63,0.0
2025-10,FR,Refund - subscription,P1M,15,-244.05,-40.66,-203.39,0.0
2025-10,FR,Refund - subscription,P3M,4,-125.47,-20.92,-104.56,0.0
2025-10,FR,Refund - token pack,TP100,3,-34.86,-5.82,-29.04,0.0
2025-10,FR,Refund - token pack,TP275,1,-29.06,-4.84,-24.22,0.0
2025-10,FR,Refund - token pack,TP600,1,-58.14,-9.69,-48.45,0.0
2025-10,FR,Renewal,P12M,99,6852.52,1142.09,5710.41,353.99
2025-10,FR,Renewal,P1M,920,14968.72,2494.79,12473.94,1057.21
2025-10,FR,Renewal,P3M,149,4848.0,807.97,4039.97,300.85
2025-10,FR,Token pack,TP100,243,2823.29,470.55,2352.74,215.06
2025-10,FR,Token pack,TP1300,42,4884.17,813.97,4070.1,258.36
2025-10,FR,Token pack,TP275,127,3691.05,615.2,3075.94,227.8
2025-10,FR,Token pack,TP2800,25,5814.74,969.05,4845.54,309.21
2025-10,FR,Token pack,TP4500,15,5233.35,872.25,4361.1,278.79
2025-10,FR,Token pack,TP600,88,5116.23,852.72,4263.51,285.47
2025-10,GB,Chargeback,P12M,1,-64.59,-10.77,-53.83,25.0
2025-10,GB,Chargeback,P1M,4,-75.48,-12.6,-62.92,100.0
2025-10,GB,Chargeback,P3M,2,-72.76,-12.12,-60.64,50.0
2025-10,GB,New subscription,P12M,299,19083.36,3180.57,15902.81,1026.51
2025-10,GB,New subscription,P1M,354,6601.62,1100.26,5501.38,456.31
2025-10,GB,New subscription,P3M,136,4889.3,814.95,4074.54,298.64
2025-10,GB,Reactivation,P12M,75,4786.78,797.77,3988.99,257.6
2025-10,GB,Reactivation,P1M,79,1473.26,245.54,1227.66,102.13
2025-10,GB,Reactivation,P3M,28,1006.6,167.73,838.88,59.81
2025-10,GB,Refund - subscription,P12M,13,-829.68,-138.3,-691.45,0.0
2025-10,GB,Refund - subscription,P1M,20,-372.99,-62.18,-310.8,0.0
2025-10,GB,Refund - subscription,P3M,5,-179.75,-29.95,-149.8,0.0
2025-10,GB,Refund - token pack,TP100,4,-53.28,-8.88,-44.4,0.0
2025-10,GB,Refund - token pack,TP1300,1,-133.29,-22.21,-111.07,0.0
2025-10,GB,Refund - token pack,TP275,3,-99.93,-16.65,-83.28,0.0
2025-10,GB,Refund - token pack,TP600,1,-66.64,-11.11,-55.53,0.0
2025-10,GB,Renewal,P12M,100,8109.95,1351.69,6758.29,448.53
2025-10,GB,Renewal,P1M,925,17250.0,2874.99,14375.05,1181.54
2025-10,GB,Renewal,P3M,163,6103.95,1017.35,5086.63,364.64
2025-10,GB,Token pack,TP100,209,2783.18,463.95,2319.34,201.52
2025-10,GB,Token pack,TP1300,53,7064.2,1177.33,5886.79,378.65
2025-10,GB,Token pack,TP275,133,4430.52,738.44,3692.08,253.22
2025-10,GB,Token pack,TP2800,29,7731.03,1288.47,6442.56,369.24
2025-10,GB,Token pack,TP4500,17,6798.09,1133.04,5665.08,298.09
2025-10,GB,Token pack,TP600,80,5330.92,888.48,4442.4,291.07
2025-10,IN,Chargeback,P12M,1,-47.88,-7.3,-40.58,25.0
2025-10,IN,Chargeback,P1M,1,-13.99,-2.13,-11.86,25.0
2025-10,IN,New subscription,P12M,145,6942.6,1059.01,5883.59,401.16
2025-10,IN,New subscription,P1M,139,1944.61,296.67,1647.94,144.5
2025-10,IN,New subscription,P3M,51,1375.47,209.77,1165.7,90.28
2025-10,IN,Reactivation,P12M,27,1292.76,197.17,1095.59,75.85
2025-10,IN,Reactivation,P1M,17,237.83,36.23,201.6,16.59
2025-10,IN,Reactivation,P3M,12,323.64,49.35,274.29,23.02
2025-10,IN,Refund - subscription,P12M,6,-287.28,-43.82,-243.46,0.0
2025-10,IN,Refund - subscription,P1M,5,-69.95,-10.66,-59.29,0.0
2025-10,IN,Renewal,P12M,26,1556.88,237.45,1319.43,97.67
2025-10,IN,Renewal,P1M,215,3007.85,458.83,2549.02,227.38
2025-10,IN,Renewal,P3M,49,1381.53,210.73,1170.8,83.31
2025-10,IN,Token pack,TP100,39,389.61,59.41,330.2,28.35
2025-10,IN,Token pack,TP1300,13,1299.87,198.29,1101.58,81.9
2025-10,IN,Token pack,TP275,18,449.82,68.58,381.24,30.97
2025-10,IN,Token pack,TP2800,6,1199.94,183.06,1016.88,64.5
2025-10,IN,Token pack,TP4500,4,1199.96,183.04,1016.92,73.2
2025-10,IN,Token pack,TP600,17,849.83,129.65,720.18,53.55
2025-10,IT,Chargeback,P12M,1,-56.16,-10.13,-46.04,25.0
2025-10,IT,Chargeback,P1M,4,-65.64,-11.84,-53.8,100.0
2025-10,IT,Chargeback,P3M,2,-66.79,-12.04,-54.75,50.0
2025-10,IT,New subscription,P12M,174,9689.12,1747.22,7941.85,534.53
2025-10,IT,New subscription,P1M,190,3091.3,557.45,2533.91,222.47
2025-10,IT,New subscription,P3M,74,2321.11,418.57,1902.54,143.99
2025-10,IT,Reactivation,P12M,37,2060.26,371.5,1688.76,115.95
2025-10,IT,Reactivation,P1M,26,423.02,76.25,346.77,31.31
2025-10,IT,Reactivation,P3M,12,376.41,67.89,308.52,24.93
2025-10,IT,Refund - subscription,P12M,5,-278.41,-50.2,-228.21,0.0
2025-10,IT,Refund - subscription,P1M,8,-130.16,-23.47,-106.69,0.0
2025-10,IT,Refund - subscription,P3M,2,-62.74,-11.32,-51.42,0.0
2025-10,IT,Refund - token pack,TP100,1,-11.62,-2.1,-9.52,0.0
2025-10,IT,Renewal,P12M,49,3370.51,607.76,2762.71,188.87
2025-10,IT,Renewal,P1M,407,6622.05,1194.16,5427.94,474.62
2025-10,IT,Renewal,P3M,63,2035.41,367.06,1668.35,129.09
2025-10,IT,Token pack,TP100,86,999.21,180.24,819.0,78.56
2025-10,IT,Token pack,TP1300,15,1744.35,314.55,1429.8,91.21
2025-10,IT,Token pack,TP275,42,1220.64,220.08,1000.48,78.85
2025-10,IT,Token pack,TP2800,8,1860.72,335.52,1525.18,85.82
2025-10,IT,Token pack,TP4500,7,2442.23,440.38,2001.8,122.47
2025-10,IT,Token pack,TP600,23,1337.22,241.08,1095.99,76.28
2025-10,JP,Chargeback,P1M,2,-27.98,-2.54,-25.44,50.0
2025-10,JP,Chargeback,P3M,1,-26.97,-2.45,-24.52,25.0
2025-10,JP,New subscription,P12M,102,4883.76,443.99,4439.77,299.06
2025-10,JP,New subscription,P1M,100,1399.0,127.19,1271.81,107.49
2025-10,JP,New subscription,P3M,54,1456.38,132.37,1324.01,97.57
2025-10,JP,Reactivation,P12M,19,909.72,82.68,827.04,55.35
2025-10,JP,Reactivation,P1M,16,223.84,20.32,203.52,17.31
2025-10,JP,Reactivation,P3M,10,269.7,24.51,245.19,19.19
2025-10,JP,Refund - subscription,P12M,3,-143.64,-13.05,-130.59,0.0
2025-10,JP,Refund - subscription,P1M,4,-55.96,-5.08,-50.88,0.0
2025-10,JP,Refund - token pack,TP1300,1,-99.99,-9.09,-90.9,0.0
2025-10,JP,Refund - token pack,TP275,2,-49.98,-4.54,-45.44,0.0
2025-10,JP,Renewal,P12M,21,1317.48,119.74,1197.74,81.8
2025-10,JP,Renewal,P1M,217,3035.83,275.99,2759.84,230.55
2025-10,JP,Renewal,P3M,33,923.01,83.89,839.12,56.07
2025-10,JP,Token pack,TP100,54,539.46,49.06,490.4,47.1
2025-10,JP,Token pack,TP1300,12,1199.88,109.08,1090.8,70.8
2025-10,JP,Token pack,TP275,26,649.74,59.04,590.7,43.94
2025-10,JP,Token pack,TP2800,12,2399.88,218.16,2181.72,138.3
2025-10,JP,Token pack,TP4500,6,1799.94,163.62,1636.32,109.8
2025-10,JP,Token pack,TP600,17,849.83,77.21,772.62,53.55
2025-10,MX,Chargeback,P12M,2,-95.76,-13.2,-82.56,50.0
2025-10,MX,Chargeback,P3M,1,-26.97,-3.72,-23.25,25.0
2025-10,MX,New subscription,P12M,151,7229.88,997.19,6232.69,427.53
2025-10,MX,New subscription,P1M,132,1846.68,254.76,1591.92,138.38
2025-10,MX,New subscription,P3M,60,1618.2,223.2,1395.0,102.99
2025-10,MX,Reactivation,P12M,31,1484.28,204.68,1279.6,90.98
2025-10,MX,Reactivation,P1M,28,391.72,54.04,337.68,26.34
2025-10,MX,Reactivation,P3M,11,296.67,40.92,255.75,19.6
2025-10,MX,Refund - subscription,P12M,7,-335.16,-46.22,-288.94,0.0
2025-10,MX,Refund - subscription,P1M,15,-209.85,-28.95,-180.9,0.0
2025-10,MX,Refund - subscription,P3M,4,-107.88,-14.88,-93.0,0.0
2025-10,MX,Refund - token pack,TP100,1,-9.99,-1.38,-8.61,0.0
2025-10,MX,Refund - token pack,TP1300,1,-99.99,-13.79,-86.2,0.0
2025-10,MX,Renewal,P12M,37,2323.56,320.42,2003.14,125.47
2025-10,MX,Renewal,P1M,239,3343.61,461.27,2882.34,255.63
2025-10,MX,Renewal,P3M,37,1054.89,145.45,909.44,69.74
2025-10,MX,Token pack,TP100,40,399.6,55.17,344.43,32.25
2025-10,MX,Token pack,TP1300,7,699.93,96.53,603.4,44.1
2025-10,MX,Token pack,TP275,24,599.76,82.74,517.02,41.77
2025-10,MX,Token pack,TP2800,5,999.95,137.9,862.05,61.5
2025-10,MX,Token pack,TP4500,3,899.97,124.14,775.83,54.9
2025-10,MX,Token pack,TP600,15,749.85,103.48,646.37,36.75
2025-10,NL,Chargeback,P1M,1,-16.41,-2.85,-13.56,25.0
2025-10,NL,New subscription,P12M,133,7406.02,1285.35,6120.66,415.23
2025-10,NL,New subscription,P1M,157,2554.39,443.35,2111.14,187.38
2025-10,NL,New subscription,P3M,59,1850.63,321.14,1529.39,112.88
2025-10,NL,Reactivation,P12M,24,1336.39,231.91,1104.48,76.76
2025-10,NL,Reactivation,P1M,16,260.32,45.13,215.19,17.85
2025-10,NL,Reactivation,P3M,5,156.84,27.21,129.6,10.39
2025-10,NL,Refund - subscription,P12M,6,-334.09,-57.97,-276.12,0.0
2025-10,NL,Refund - subscription,P1M,9,-146.43,-25.4,-121.03,0.0
2025-10,NL,Refund - subscription,P3M,1,-31.37,-5.44,-25.92,0.0
2025-10,NL,Refund - token pack,TP100,1,-11.62,-2.02,-9.6,0.0
2025-10,NL,Refund - token pack,TP2800,1,-232.59,-40.37,-192.22,0.0
2025-10,NL,Renewal,P12M,30,1977.55,343.2,1634.37,94.18
2025-10,NL,Renewal,P1M,340,5531.87,960.13,4571.87,393.23
2025-10,NL,Renewal,P3M,52,1686.91,292.73,1394.09,95.75
2025-10,NL,Token pack,TP100,81,941.11,163.37,777.76,75.26
2025-10,NL,Token pack,TP1300,16,1860.64,322.88,1537.74,102.98
2025-10,NL,Token pack,TP275,42,1220.63,211.81,1008.84,74.31
2025-10,NL,Token pack,TP2800,8,1860.72,322.96,1537.76,105.12
2025-10,NL,Token pack,TP4500,9,3140.01,544.95,2595.06,161.55
2025-10,NL,Token pack,TP600,28,1627.92,282.52,1345.38,94.03
2025-10,PL,Chargeback,P12M,1,-56.16,-10.5,-45.66,25.0
2025-10,PL,Chargeback,P1M,4,-65.64,-12.28,-53.36,100.0
2025-10,PL,Chargeback,P3M,1,-35.15,-6.57,-28.58,25.0
2025-10,PL,New subscription,P12M,123,6849.18,1280.79,5568.47,383.7
2025-10,PL,New subscription,P1M,134,2180.18,407.69,1772.53,160.72
2025-10,PL,New subscription,P3M,45,1411.49,263.99,1147.5,85.41
2025-10,PL,Reactivation,P12M,17,946.61,177.02,769.6,52.86
2025-10,PL,Reactivation,P1M,18,292.86,54.73,238.13,22.36
2025-10,PL,Reactivation,P3M,7,219.58,41.08,178.5,14.55
2025-10,PL,Refund - subscription,P12M,6,-334.09,-62.47,-271.62,0.0
2025-10,PL,Refund - subscription,P1M,9,-146.43,-27.37,-119.06,0.0
2025-10,PL,Refund - subscription,P3M,3,-94.11,-17.61,-76.5,0.0
2025-10,PL,Refund - token pack,TP100,1,-11.62,-2.17,-9.45,0.0
2025-10,PL,Refund - token pack,TP275,1,-29.06,-5.43,-23.63,0.0
2025-10,PL,Renewal,P12M,33,2312.06,432.3,1879.73,136.13
2025-10,PL,Renewal,P1M,270,4392.92,821.44,3571.56,315.05
2025-10,PL,Renewal,P3M,40,1307.02,244.44,1062.59,79.35
2025-10,PL,Token pack,TP100,63,732.03,136.92,595.11,57.45
2025-10,PL,Token pack,TP1300,15,1744.35,326.12,1418.12,96.23
2025-10,PL,Token pack,TP275,33,959.07,179.29,779.79,62.83
2025-10,PL,Token pack,TP2800,10,2325.9,434.9,1890.99,121.75
2025-10,PL,Token pack,TP4500,7,2442.23,456.68,1985.55,136.78
2025-10,PL,Token pack,TP600,21,1220.94,228.27,992.64,66.5
2025-10,ROW,Chargeback,P12M,1,-47.88,-2.28,-45.6,25.0
2025-10,ROW,Chargeback,P1M,4,-55.96,-2.68,-53.28,100.0
2025-10,ROW,Chargeback,P3M,1,-29.97,-1.43,-28.54,25.0
2025-10,ROW,New subscription,P12M,536,25663.68,1222.08,24441.6,1504.24
2025-10,ROW,New subscription,P1M,424,5931.76,282.46,5649.3,442.17
2025-10,ROW,New subscription,P3M,161,4342.17,206.78,4135.39,280.08
2025-10,ROW,Reactivation,P12M,115,5506.2,262.2,5244.0,320.7
2025-10,ROW,Reactivation,P1M,66,923.34,43.96,879.38,73.38
2025-10,ROW,Reactivation,P3M,33,890.01,42.34,847.67,61.8
2025-10,ROW,Refund - subscription,P12M,24,-1149.12,-54.72,-1094.4,0.0
2025-10,ROW,Refund - subscription,P1M,16,-223.84,-10.69,-213.15,0.0
2025-10,ROW,Refund - subscription,P3M,4,-107.88,-5.12,-102.76,0.0
2025-10,ROW,Refund - token pack,TP100,1,-9.99,-0.48,-9.51,0.0
2025-10,ROW,Refund - token pack,TP275,2,-49.98,-2.38,-47.6,0.0
2025-10,ROW,Refund - token pack,TP4500,2,-599.98,-28.58,-571.4,0.0
2025-10,ROW,Refund - token pack,TP600,1,-49.99,-2.38,-47.61,0.0
2025-10,ROW,Renewal,P12M,130,8168.4,389.0,7779.4,459.68
2025-10,ROW,Renewal,P1M,847,11849.53,564.28,11285.25,878.63
2025-10,ROW,Renewal,P3M,161,4495.17,214.07,4281.1,288.17
2025-10,ROW,Token pack,TP100,154,1538.46,73.25,1465.21,120.6
2025-10,ROW,Token pack,TP1300,44,4399.56,209.48,4190.08,243.6
2025-10,ROW,Token pack,TP275,84,2099.16,99.96,1999.2,135.48
2025-10,ROW,Token pack,TP2800,29,5799.71,276.15,5523.56,338.1
2025-10,ROW,Token pack,TP4500,14,4199.86,200.04,3999.82,228.6
2025-10,ROW,Token pack,TP600,56,2799.44,133.28,2666.16,172.05
2025-10,SE,Chargeback,P12M,1,-56.16,-11.23,-44.93,25.0
2025-10,SE,Chargeback,P1M,1,-16.41,-3.28,-13.13,25.0
2025-10,SE,New subscription,P12M,71,3953.57,790.71,3162.91,219.12
2025-10,SE,New subscription,P1M,89,1448.03,289.6,1158.5,103.74
2025-10,SE,New subscription,P3M,35,1097.84,219.56,878.26,64.67
2025-10,SE,Reactivation,P12M,18,1002.28,200.48,801.9,58.85
2025-10,SE,Reactivation,P1M,7,113.89,22.75,91.14,8.68
2025-10,SE,Reactivation,P3M,4,125.48,25.08,100.36,8.32
2025-10,SE,Refund - subscription,P12M,5,-278.41,-55.69,-222.75,0.0
2025-10,SE,Refund - subscription,P1M,3,-48.81,-9.76,-39.05,0.0
2025-10,SE,Refund - subscription,P3M,1,-31.37,-6.27,-25.09,0.0
2025-10,SE,Refund - token pack,TP100,1,-11.62,-2.32,-9.29,0.0
2025-10,SE,Refund - token pack,TP275,1,-29.06,-5.81,-23.25,0.0
2025-10,SE,Renewal,P12M,22,1671.67,334.35,1337.34,99.66
2025-10,SE,Renewal,P1M,192,3123.84,624.77,2499.14,221.97
2025-10,SE,Renewal,P3M,37,1202.45,240.48,961.92,75.91
2025-10,SE,Token pack,TP100,50,580.97,116.14,464.66,45.4
2025-10,SE,Token pack,TP1300,11,1279.19,255.86,1023.33,69.22
2025-10,SE,Token pack,TP275,29,842.83,168.58,674.25,47.44
2025-10,SE,Token pack,TP2800,4,930.36,186.08,744.28,42.91
2025-10,SE,Token pack,TP4500,3,1046.67,209.34,837.33,58.62
2025-10,SE,Token pack,TP600,16,930.24,186.08,744.16,48.76
2025-10,US,Chargeback,P12M,8,-431.04,-24.4,-406.64,200.0
2025-10,US,Chargeback,P1M,27,-377.73,-21.35,-356.38,675.0
2025-10,US,Chargeback,P3M,11,-302.67,-17.16,-285.51,275.0
2025-10,US,New subscription,P12M,1858,88961.04,5035.52,83925.52,5399.25
2025-10,US,New subscription,P1M,2043,28581.57,1617.85,26963.72,2177.2
2025-10,US,New subscription,P3M,748,20173.56,1141.93,19031.63,1309.2
2025-10,US,Reactivation,P12M,359,17188.92,972.89,16216.03,1058.05
2025-10,US,Reactivation,P1M,328,4588.72,259.78,4328.94,358.84
2025-10,US,Reactivation,P3M,134,3613.98,204.56,3409.42,241.9
2025-10,US,Refund - subscription,P12M,87,-4165.56,-235.78,-3929.78,0.0
2025-10,US,Refund - subscription,P1M,98,-1371.02,-77.59,-1293.43,0.0
2025-10,US,Refund - subscription,P3M,31,-836.07,-47.37,-788.7,0.0
2025-10,US,Refund - token pack,TP100,15,-149.85,-8.53,-141.32,0.0
2025-10,US,Refund - token pack,TP1300,7,-699.93,-39.62,-660.31,0.0
2025-10,US,Refund - token pack,TP275,9,-224.91,-12.7,-212.21,0.0
2025-10,US,Refund - token pack,TP4500,3,-899.97,-50.94,-849.03,0.0
2025-10,US,Refund - token pack,TP600,7,-349.93,-19.81,-330.12,0.0
2025-10,US,Renewal,P12M,507,31043.16,1757.15,29286.01,1843.24
2025-10,US,Renewal,P1M,4366,61080.34,3457.39,57622.95,4611.17
2025-10,US,Renewal,P3M,759,21373.23,1209.8,20163.43,1381.11
2025-10,US,Token pack,TP100,1167,11658.33,659.91,10998.42,943.92
2025-10,US,Token pack,TP1300,245,24497.55,1386.7,23110.85,1423.4
2025-10,US,Token pack,TP275,596,14894.04,843.06,14050.98,967.04
2025-10,US,Token pack,TP2800,174,34798.26,1969.68,32828.58,1935.59
2025-10,US,Token pack,TP4500,81,24299.19,1375.38,22923.81,1385.7
2025-10,US,Token pack,TP600,361,18046.39,1021.54,17024.85,1083.97
2025-11,AU,Chargeback,P1M,1,-13.99,-1.27,-12.72,25.0
2025-11,AU,Chargeback,P3M,2,-53.94,-4.9,-49.04,50.0
2025-11,AU,New subscription,P12M,277,13262.76,1205.71,12057.05,778.24
2025-11,AU,New subscription,P1M,269,3763.31,342.11,3421.2,282.35
2025-11,AU,New subscription,P3M,86,2319.42,210.86,2108.56,149.84
2025-11,AU,Reactivation,P12M,64,3064.32,278.59,2785.73,195.71
2025-11,AU,Reactivation,P1M,77,1077.23,97.94,979.29,84.06
2025-11,AU,Reactivation,P3M,19,512.43,46.57,465.86,36.46
2025-11,AU,Refund - subscription,P12M,13,-622.44,-56.58,-565.86,0.0
2025-11,AU,Refund - subscription,P1M,10,-139.9,-12.71,-127.19,0.0
2025-11,AU,Refund - subscription,P3M,3,-80.91,-7.35,-73.56,0.0
2025-11,AU,Refund - token pack,TP100,5,-49.95,-4.55,-45.4,0.0
2025-11,AU,Refund - token pack,TP1300,1,-99.99,-9.09,-90.9,0.0
2025-11,AU,Refund - token pack,TP2800,1,-199.99,-18.18,-181.81,0.0
2025-11,AU,Refund - token pack,TP4500,1,-299.99,-27.27,-272.72,0.0
2025-11,AU,Renewal,P12M,85,5053.8,459.44,4594.36,299.9
2025-11,AU,Renewal,P1M,538,7526.62,684.24,6842.38,570.22
2025-11,AU,Renewal,P3M,92,2598.24,236.18,2362.06,160.12
2025-11,AU,Token pack,TP100,151,1508.49,137.12,1371.37,125.38
2025-11,AU,Token pack,TP1300,34,3399.66,309.06,3090.6,190.2
2025-11,AU,Token pack,TP275,84,2099.16,190.85,1908.31,144.05
2025-11,AU,Token pack,TP2800,23,4599.77,418.14,4181.63,255.0
2025-11,AU,Token pack,TP4500,10,2999.9,272.7,2727.2,183.0
2025-11,AU,Token pack,TP600,41,2049.59,186.25,1863.34,120.0
2025-11,BR,Chargeback,P12M,1,-47.88,-2.28,-45.6,25.0
2025-11,BR,Chargeback,P1M,3,-41.97,-2.01,-39.96,75.0
2025-11,BR,Chargeback,P3M,1,-26.97,-1.28,-25.69,25.0
2025-11,BR,New subscription,P12M,304,14555.52,693.12,13862.4,858.97
2025-11,BR,New subscription,P1M,223,3119.77,148.56,2971.21,229.04
2025-11,BR,New subscription,P3M,94,2535.18,120.71,2414.47,165.19
2025-11,BR,Reactivation,P12M,70,3351.6,159.6,3192.0,202.48
2025-11,BR,Reactivation,P1M,56,783.44,37.32,746.12,60.12
2025-11,BR,Reactivation,P3M,15,404.55,19.22,385.33,27.28
2025-11,BR,Refund - subscription,P12M,15,-718.2,-34.2,-684.0,0.0
2025-11,BR,Refund - subscription,P1M,5,-69.95,-3.35,-66.6,0.0
2025-11,BR,Refund - subscription,P3M,7,-188.79,-8.98,-179.81,0.0
2025-11,BR,Refund - token pack,TP100,3,-29.97,-1.44,-28.53,0.0
2025-11,BR,Refund - token pack,TP275,1,-24.99,-1.19,-23.8,0.0
2025-11,BR,Renewal,P12M,63,3880.44,184.79,3695.65,209.01
2025-11,BR,Renewal,P1M,347,4854.53,231.18,4623.35,354.46
2025-11,BR,Renewal,P3M,73,2055.81,97.9,1957.91,129.06
2025-11,BR,Token pack,TP100,80,799.2,38.05,761.15,60.0
2025-11,BR,Token pack,TP1300,12,1199.88,57.12,1142.76,66.0
2025-11,BR,Token pack,TP275,35,874.65,41.65,833.0,51.57
2025-11,BR,Token pack,TP2800,7,1399.93,66.65,1333.28,86.1
2025-11,BR,Token pack,TP4500,7,2099.93,100.02,1999.91,86.7
2025-11,BR,Token pack,TP600,28,1399.72,66.64,1333.08,77.1
2025-11,CA,Chargeback,P1M,1,-13.99,-1.61,-12.38,25.0
2025-11,CA,New subscription,P12M,332,15896.16,1828.74,14067.42,935.56
2025-11,CA,New subscription,P1M,355,4966.45,571.33,4395.12,371.0
2025-11,CA,New subscription,P3M,132,3560.04,409.55,3150.49,227.44
2025-11,CA,Reactivation,P12M,104,4979.52,572.85,4406.67,300.52
2025-11,CA,Reactivation,P1M,103,1440.97,165.83,1275.14,109.05
2025-11,CA,Reactivation,P3M,44,1186.68,136.53,1050.15,78.37
2025-11,CA,Refund - subscription,P12M,18,-861.84,-99.16,-762.68,0.0
2025-11,CA,Refund - subscription,P1M,8,-111.92,-12.88,-99.04,0.0
2025-11,CA,Refund - subscription,P3M,4,-107.88,-12.41,-95.47,0.0
2025-11,CA,Refund - token pack,TP100,2,-19.98,-2.3,-17.68,0.0
2025-11,CA,Refund - token pack,TP1300,1,-99.99,-11.5,-88.49,0.0
2025-11,CA,Refund - token pack,TP600,2,-99.98,-11.5,-88.48,0.0
2025-11,CA,Renewal,P12M,118,6849.84,788.03,6061.81,418.9
2025-11,CA,Renewal,P1M,624,8729.76,1004.31,7725.45,661.74
2025-11,CA,Renewal,P3M,124,3500.28,402.67,3097.61,226.99
2025-11,CA,Token pack,TP100,199,1988.01,228.74,1759.27,160.33
2025-11,CA,Token pack,TP1300,39,3899.61,448.6,3451.01,226.5
2025-11,CA,Token pack,TP275,109,2723.91,313.3,2410.61,177.66
2025-11,CA,Token pack,TP2800,16,3199.84,368.16,2831.68,150.3
2025-11,CA,Token pack,TP4500,12,3599.88,414.12,3185.76,205.8
2025-11,CA,Token pack,TP600,60,2999.4,345.03,2654.37,177.6
2025-11,CH,Chargeback,P12M,1,-55.68,-4.17,-51.51,25.0
2025-11,CH,Chargeback,P1M,2,-32.54,-2.44,-30.1,50.0
2025-11,CH,New subscription,P12M,123,6808.0,510.09,6297.81,384.15
2025-11,CH,New subscription,P1M,110,1778.94,133.33,1645.6,128.4
2025-11,CH,New subscription,P3M,37,1153.56,86.47,1067.08,69.96
2025-11,CH,Reactivation,P12M,40,2214.0,165.87,2048.04,120.34
2025-11,CH,Reactivation,P1M,25,404.26,30.26,374.0,28.0
2025-11,CH,Reactivation,P3M,12,374.15,28.07,346.08,24.73
2025-11,CH,Refund - subscription,P12M,7,-387.45,-29.04,-358.4,0.0
2025-11,CH,Refund - subscription,P1M,3,-48.51,-3.63,-44.88,0.0
2025-11,CH,Refund - token pack,TP100,2,-23.1,-1.74,-21.36,0.0
2025-11,CH,Renewal,P12M,33,2242.69,168.06,2074.63,118.72
2025-11,CH,Renewal,P1M,213,3444.71,258.13,3186.63,241.12
2025-11,CH,Renewal,P3M,39,1261.03,94.53,1166.49,76.45
2025-11,CH,Token pack,TP100,66,762.26,57.16,705.11,60.2
2025-11,CH,Token pack,TP1300,13,1502.67,112.58,1390.06,82.22
2025-11,CH,Token pack,TP275,29,837.81,62.72,774.96,54.75
2025-11,CH,Token pack,TP2800,8,1849.52,138.57,1710.95,94.95
2025-11,CH,Token pack,TP4500,8,2774.32,207.9,2566.42,126.94
2025-11,CH,Token pack,TP600,19,1098.01,82.27,1015.73,59.08
2025-11,DE,Chargeback,P12M,3,-167.04,-26.67,-140.37,75.0
2025-11,DE,Chargeback,P1M,3,-48.81,-7.8,-41.01,75.0
2025-11,DE,Chargeback,P3M,1,-31.37,-5.01,-26.36,25.0
2025-11,DE,New subscription,P12M,573,31715.12,5063.74,26651.37,1732.07
2025-11,DE,New subscription,P1M,546,8830.15,1409.84,7420.29,624.92
2025-11,DE,New subscription,P3M,201,6266.64,1000.6,5266.1,384.68
2025-11,DE,Reactivation,P12M,150,8302.45,1325.58,6976.8,483.5
2025-11,DE,Reactivation,P1M,116,1875.97,299.53,1576.44,133.84
2025-11,DE,Reactivation,P3M,62,1932.98,308.68,1624.4,119.96
2025-11,DE,Refund - subscription,P12M,26,-1439.09,-229.77,-1209.31,0.0
2025-11,DE,Refund - subscription,P1M,15,-242.55,-38.7,-203.85,0.0
2025-11,DE,Refund - subscription,P3M,8,-249.44,-39.84,-209.6,0.0
2025-11,DE,Refund - token pack,TP100,5,-57.75,-9.2,-48.5,0.0
2025-11,DE,Refund - token pack,TP275,2,-57.78,-9.22,-48.56,0.0
2025-11,DE,Refund - token pack,TP600,3,-173.37,-27.69,-145.68,0.0
2025-11,DE,Renewal,P12M,202,14065.94,2245.83,11820.1,791.09
2025-11,DE,Renewal,P1M,1084,17530.93,2799.02,14731.86,1253.9
2025-11,DE,Renewal,P3M,167,5449.37,870.07,4579.33,323.37
2025-11,DE,Token pack,TP100,322,3718.61,593.71,3124.88,295.32
2025-11,DE,Token pack,TP1300,62,7166.53,1144.29,6022.25,381.04
2025-11,DE,Token pack,TP275,185,5344.34,853.26,4491.08,337.6
2025-11,DE,Token pack,TP2800,46,10634.73,1697.91,8936.73,543.47
2025-11,DE,Token pack,TP4500,26,9016.53,1439.62,7576.91,476.55
2025-11,DE,Token pack,TP600,105,6067.79,968.82,5099.01,341.2
2025-11,ES,Chargeback,P12M,1,-55.68,-9.66,-46.02,25.0
2025-11,ES,Chargeback,P3M,1,-31.37,-5.44,-25.92,25.0
2025-11,ES,New subscription,P12M,219,12121.5,2103.74,10017.79,699.75
2025-11,ES,New subscription,P1M,251,4059.27,704.47,3354.79,290.18
2025-11,ES,New subscription,P3M,87,2712.42,470.71,2241.72,162.01
2025-11,ES,Reactivation,P12M,53,2933.54,509.16,2424.37,161.91
2025-11,ES,Reactivation,P1M,57,921.78,159.98,761.86,63.68
2025-11,ES,Reactivation,P3M,14,436.48,75.75,360.74,27.3
2025-11,ES,Refund - subscription,P12M,10,-553.5,-96.08,-457.41,0.0
2025-11,ES,Refund - subscription,P1M,7,-113.19,-19.65,-93.57,0.0
2025-11,ES,Refund - subscription,P3M,2,-62.36,-10.82,-51.54,0.0
2025-11,ES,Refund - token pack,TP100,2,-23.1,-4.0,-19.08,0.0
2025-11,ES,Refund - token pack,TP600,1,-57.79,-10.03,-47.76,0.0
2025-11,ES,Renewal,P12M,75,5150.0,893.8,4256.17,284.84
2025-11,ES,Renewal,P1M,390,6307.24,1094.64,5212.6,450.49
2025-11,ES,Renewal,P3M,68,2199.82,381.74,1818.07,135.17
2025-11,ES,Token pack,TP100,115,1328.11,230.48,1097.58,108.47
2025-11,ES,Token pack,TP1300,23,2658.56,461.38,2197.15,144.31
2025-11,ES,Token pack,TP275,61,1762.23,305.77,1456.29,116.83
2025-11,ES,Token pack,TP2800,10,2311.9,401.23,1910.63,121.07
2025-11,ES,Token pack,TP4500,4,1387.16,240.76,1146.4,77.68
2025-11,ES,Token pack,TP600,38,2196.0,381.14,1814.88,126.13
2025-11,FR,Chargeback,P12M,2,-111.36,-18.56,-92.8,50.0
2025-11,FR,Chargeback,P1M,3,-48.81,-8.13,-40.68,75.0
2025-11,FR,Chargeback,P3M,2,-62.73,-10.46,-52.28,50.0
2025-11,FR,New subscription,P12M,593,32822.1,5470.36,27351.76,1802.52
2025-11,FR,New subscription,P1M,558,9024.2,1504.03,7520.17,654.74
2025-11,FR,New subscription,P3M,231,7201.95,1200.3,6001.62,441.83
2025-11,FR,Reactivation,P12M,112,6199.17,1033.11,5165.91,354.52
2025-11,FR,Reactivation,P1M,105,1698.07,283.04,1415.11,119.2
2025-11,FR,Reactivation,P3M,37,1153.54,192.27,961.26,71.56
2025-11,FR,Refund - subscription,P12M,26,-1439.09,-239.83,-1199.22,0.0
2025-11,FR,Refund - subscription,P1M,20,-323.43,-53.93,-269.55,0.0
2025-11,FR,Refund - subscription,P3M,9,-280.6,-46.78,-233.82,0.0
2025-11,FR,Refund - token pack,TP100,3,-34.65,-5.76,-28.86,0.0
2025-11,FR,Refund - token pack,TP275,6,-173.34,-28.87,-144.43,0.0
2025-11,FR,Renewal,P12M,150,10133.49,1688.91,8444.59,560.28
2025-11,FR,Renewal,P1M,970,15687.29,2614.54,13072.75,1121.56
2025-11,FR,Renewal,P3M,177,5747.28,957.87,4789.4,356.71
2025-11,FR,Token pack,TP100,313,3614.66,602.43,3012.24,289.7
2025-11,FR,Token pack,TP1300,77,8900.36,1483.33,7416.9,486.62
2025-11,FR,Token pack,TP275,147,4246.59,707.75,3538.79,250.4
2025-11,FR,Token pack,TP2800,29,6704.51,1117.37,5587.07,340.57
2025-11,FR,Token pack,TP4500,25,8669.75,1444.99,7224.75,428.67
2025-11,FR,Token pack,TP600,100,5778.88,963.12,4815.72,323.6
2025-11,GB,Chargeback,P12M,1,-63.82,-10.64,-53.19,25.0
2025-11,GB,Chargeback,P1M,8,-149.2,-24.88,-124.32,200.0
2025-11,GB,Chargeback,P3M,1,-35.95,-5.99,-29.96,25.0
2025-11,GB,New subscription,P12M,421,26527.21,4421.22,22106.04,1477.19
2025-11,GB,New subscription,P1M,415,7640.49,1273.4,6367.09,526.38
2025-11,GB,New subscription,P3M,164,5820.8,970.14,4850.65,340.38
2025-11,GB,Reactivation,P12M,139,8758.39,1459.77,7298.67,493.03
2025-11,GB,Reactivation,P1M,139,2559.1,426.52,2132.57,179.64
2025-11,GB,Reactivation,P3M,60,2129.57,354.98,1774.63,131.03
2025-11,GB,Refund - subscription,P12M,25,-1575.25,-262.53,-1312.73,0.0
2025-11,GB,Refund - subscription,P1M,20,-368.21,-61.39,-306.83,0.0
2025-11,GB,Refund - subscription,P3M,10,-354.91,-59.19,-295.79,0.0
2025-11,GB,Refund - token pack,TP100,4,-52.6,-8.76,-43.84,0.0
2025-11,GB,Refund - token pack,TP275,4,-131.56,-21.92,-109.64,0.0
2025-11,GB,Refund - token pack,TP2800,2,-526.38,-87.72,-438.64,0.0
2025-11,GB,Refund - token pack,TP600,1,-65.79,-10.96,-54.82,0.0
2025-11,GB,Renewal,P12M,193,15571.99,2595.35,12976.7,868.31
2025-11,GB,Renewal,P1M,925,17030.03,2838.32,14191.69,1166.97
2025-11,GB,Renewal,P3M,177,6554.6,1092.44,5462.17,391.59
2025-11,GB,Token pack,TP100,275,3615.39,602.57,3012.81,266.18
2025-11,GB,Token pack,TP1300,59,7763.62,1293.87,6469.7,397.09
2025-11,GB,Token pack,TP275,142,4669.91,778.3,3891.57,283.25
2025-11,GB,Token pack,TP2800,31,8158.81,1359.74,6798.94,394.37
2025-11,GB,Token pack,TP4500,23,9080.1,1513.39,7566.77,475.17
2025-11,GB,Token pack,TP600,82,5394.52,899.05,4495.41,301.53
2025-11,IN,Chargeback,P12M,1,-47.88,-7.3,-40.58,25.0
2025-11,IN,Chargeback,P1M,1,-13.99,-2.13,-11.86,25.0
2025-11,IN,Chargeback,P3M,1,-26.97,-4.11,-22.86,25.0
2025-11,IN,New subscription,P12M,162,7756.56,1183.16,6573.4,445.26
2025-11,IN,New subscription,P1M,141,1972.59,300.9,1671.69,149.57
2025-11,IN,New subscription,P3M,53,1429.41,218.02,1211.39,91.08
2025-11,IN,Reactivation,P12M,44,2106.72,321.34,1785.38,132.25
2025-11,IN,Reactivation,P1M,32,447.68,68.26,379.42,34.62
2025-11,IN,Reactivation,P3M,21,566.37,86.35,480.02,35.76
2025-11,IN,Refund - subscription,P12M,5,-239.4,-36.5,-202.9,0.0
2025-11,IN,Refund - subscription,P1M,2,-27.98,-4.26,-23.72,0.0
2025-11,IN,Refund - subscription,P3M,3,-80.91,-12.34,-68.57,0.0
2025-11,IN,Refund - token pack,TP275,1,-24.99,-3.81,-21.18,0.0
2025-11,IN,Renewal,P12M,48,2850.24,434.77,2415.47,156.87
2025-11,IN,Renewal,P1M,198,2770.02,422.54,2347.48,207.99
2025-11,IN,Renewal,P3M,50,1420.5,216.67,1203.83,93.92
2025-11,IN,Token pack,TP100,42,419.58,63.98,355.6,32.55
2025-11,IN,Token pack,TP1300,15,1499.85,228.8,1271.05,70.5
2025-11,IN,Token pack,TP275,26,649.74,99.07,550.67,39.65
2025-11,IN,Token pack,TP2800,13,2599.87,396.59,2203.28,150.6
2025-11,IN,Token pack,TP4500,5,1499.95,228.8,1271.15,77.7
2025-11,IN,Token pack,TP600,16,799.84,122.04,677.8,42.6
2025-11,IT,Chargeback,P12M,1,-55.68,-10.04,-45.64,25.0
2025-11,IT,Chargeback,P1M,2,-32.54,-5.86,-26.68,50.0
2025-11,IT,New subscription,P12M,194,10737.79,1936.31,8801.41,584.1
2025-11,IT,New subscription,P1M,202,3266.81,589.09,2677.72,235.45
2025-11,IT,New subscription,P3M,101,3148.9,567.82,2581.15,192.52
2025-11,IT,Reactivation,P12M,50,2767.5,499.0,2268.43,162.0
2025-11,IT,Reactivation,P1M,46,743.89,134.16,609.8,54.04
2025-11,IT,Reactivation,P3M,29,904.14,163.0,741.16,50.24
2025-11,IT,Refund - subscription,P12M,7,-387.45,-69.86,-317.58,0.0
2025-11,IT,Refund - subscription,P1M,9,-145.54,-26.26,-119.32,0.0
2025-11,IT,Refund - subscription,P3M,3,-93.53,-16.86,-76.67,0.0
2025-11,IT,Refund - token pack,TP100,1,-11.55,-2.08,-9.47,0.0
2025-11,IT,Refund - token pack,TP4500,1,-346.79,-62.54,-284.25,0.0
2025-11,IT,Renewal,P12M,65,4457.77,803.84,3653.94,225.34
2025-11,IT,Renewal,P1M,421,6808.61,1227.79,5580.83,490.91
2025-11,IT,Renewal,P3M,84,2740.27,494.13,2246.15,165.04
2025-11,IT,Token pack,TP100,85,981.64,177.04,804.61,76.46
2025-11,IT,Token pack,TP1300,21,2427.39,437.68,1989.58,135.89
2025-11,IT,Token pack,TP275,63,1820.01,328.23,1491.84,116.19
2025-11,IT,Token pack,TP2800,15,3467.85,625.35,2842.5,186.41
2025-11,IT,Token pack,TP4500,5,1733.95,312.7,1421.25,97.1
2025-11,IT,Token pack,TP600,34,1964.86,354.28,1610.56,101.4
2025-11,JP,Chargeback,P12M,1,-47.88,-4.35,-43.53,25.0
2025-11,JP,Chargeback,P1M,1,-13.99,-1.27,-12.72,25.0
2025-11,JP,New subscription,P12M,138,6607.44,600.69,6006.75,398.59
2025-11,JP,New subscription,P1M,131,1832.69,166.64,1666.05,140.97
2025-11,JP,New subscription,P3M,52,1402.44,127.46,1274.98,96.76
2025-11,JP,Reactivation,P12M,27,1292.76,117.51,1175.25,83.2
2025-11,JP,Reactivation,P1M,29,405.71,36.84,368.87,29.34
2025-11,JP,Reactivation,P3M,12,323.64,29.4,294.24,21.52
2025-11,JP,Refund - subscription,P12M,3,-143.64,-13.06,-130.58,0.0
2025-11,JP,Refund - subscription,P1M,3,-41.97,-3.81,-38.16,0.0
2025-11,JP,Refund - subscription,P3M,1,-26.97,-2.45,-24.52,0.0
2025-11,JP,Renewal,P12M,35,2155.8,195.94,1959.86,117.26
2025-11,JP,Renewal,P1M,217,3035.83,275.97,2759.86,231.5
2025-11,JP,Renewal,P3M,31,857.07,77.9,779.17,57.73
2025-11,JP,Token pack,TP100,56,559.44,50.86,508.58,45.9
2025-11,JP,Token pack,TP1300,8,799.92,72.72,727.2,50.4
2025-11,JP,Token pack,TP275,28,699.72,63.59,636.13,48.97
2025-11,JP,Token pack,TP2800,3,599.97,54.54,545.43,36.9
2025-11,JP,Token pack,TP4500,3,899.97,81.81,818.16,54.9
2025-11,JP,Token pack,TP600,17,849.83,77.24,772.59,56.1
2025-11,MX,Chargeback,P12M,1,-47.88,-6.6,-41.28,25.0
2025-11,MX,New subscription,P12M,237,11347.56,1565.19,9782.37,663.6
2025-11,MX,New subscription,P1M,189,2644.11,364.76,2279.35,194.94
2025-11,MX,New subscription,P3M,76,2049.72,282.72,1767.0,133.7
2025-11,MX,Reactivation,P12M,64,3064.32,422.65,2641.67,185.88
2025-11,MX,Reactivation,P1M,38,531.62,73.34,458.28,41.46
2025-11,MX,Reactivation,P3M,25,674.25,93.0,581.25,46.47
2025-11,MX,Refund - subscription,P12M,10,-478.8,-66.02,-412.78,0.0
2025-11,MX,Refund - subscription,P1M,5,-69.95,-9.65,-60.3,0.0
2025-11,MX,Refund - subscription,P3M,3,-80.91,-11.16,-69.75,0.0
2025-11,MX,Refund - token pack,TP100,1,-9.99,-1.38,-8.61,0.0
2025-11,MX,Refund - token pack,TP275,2,-49.98,-6.9,-43.08,0.0
2025-11,MX,Renewal,P12M,57,3425.16,472.42,2952.74,209.6
2025-11,MX,Renewal,P1M,237,3315.63,457.41,2858.22,246.8
2025-11,MX,Renewal,P3M,43,1213.71,167.38,1046.33,74.85
2025-11,MX,Token pack,TP100,62,619.38,85.44,533.94,52.05
2025-11,MX,Token pack,TP1300,9,899.91,124.11,775.8,56.7
2025-11,MX,Token pack,TP275,48,1199.52,165.44,1034.08,76.4
2025-11,MX,Token pack,TP2800,8,1599.92,220.65,1379.27,89.1
2025-11,MX,Token pack,TP4500,4,1199.96,165.52,1034.44,59.4
2025-11,MX,Token pack,TP600,22,1099.78,151.77,948.01,67.5
2025-11,NL,Chargeback,P12M,1,-55.68,-9.66,-46.02,25.0
2025-11,NL,Chargeback,P1M,3,-48.81,-8.46,-40.35,75.0
2025-11,NL,New subscription,P12M,172,9520.1,1652.26,7867.85,537.64
2025-11,NL,New subscription,P1M,166,2684.59,465.89,2218.71,199.82
2025-11,NL,New subscription,P3M,71,2213.58,384.11,1829.43,136.99
2025-11,NL,Reactivation,P12M,50,2767.5,480.31,2287.16,161.98
2025-11,NL,Reactivation,P1M,51,824.75,143.14,681.7,60.24
2025-11,NL,Reactivation,P3M,22,685.93,119.02,566.91,42.16
2025-11,NL,Refund - subscription,P12M,12,-664.2,-115.3,-548.9,0.0
2025-11,NL,Refund - subscription,P1M,9,-145.54,-25.27,-120.31,0.0
2025-11,NL,Refund - subscription,P3M,4,-124.72,-21.64,-103.08,0.0
2025-11,NL,Refund - token pack,TP100,2,-23.1,-4.0,-19.08,0.0
2025-11,NL,Refund - token pack,TP2800,1,-231.19,-40.12,-191.06,0.0
2025-11,NL,Renewal,P12M,62,4208.53,730.39,3478.09,236.98
2025-11,NL,Renewal,P1M,332,5369.23,931.86,4437.41,380.63
2025-11,NL,Renewal,P3M,56,1832.64,318.03,1514.58,110.38
2025-11,NL,Token pack,TP100,86,993.2,172.36,820.79,77.45
2025-11,NL,Token pack,TP1300,19,2196.21,381.14,1815.06,122.47
2025-11,NL,Token pack,TP275,58,1675.6,290.77,1384.67,98.93
2025-11,NL,Token pack,TP2800,6,1387.14,240.73,1146.37,68.81
2025-11,NL,Token pack,TP4500,10,3467.9,601.88,2866.0,194.22
2025-11,NL,Token pack,TP600,33,1907.06,330.99,1576.08,105.84
2025-11,PL,Chargeback,P1M,2,-32.54,-6.08,-26.46,50.0
2025-11,PL,New subscription,P12M,152,8413.13,1573.2,6839.96,464.65
2025-11,PL,New subscription,P1M,136,2199.39,411.27,1788.15,155.64
2025-11,PL,New subscription,P3M,47,1465.33,274.01,1191.32,93.78
2025-11,PL,Reactivation,P12M,32,1771.2,331.2,1440.0,95.76
2025-11,PL,Reactivation,P1M,37,598.32,111.86,486.52,42.88
2025-11,PL,Reactivation,P3M,17,530.01,99.11,430.9,35.07
2025-11,PL,Refund - subscription,P12M,7,-387.45,-72.45,-315.0,0.0
2025-11,PL,Refund - subscription,P1M,5,-80.86,-15.11,-65.74,0.0
2025-11,PL,Refund - subscription,P3M,1,-31.18,-5.83,-25.35,0.0
2025-11,PL,Refund - token pack,TP100,1,-11.55,-2.16,-9.39,0.0
2025-11,PL,Refund - token pack,TP275,1,-28.89,-5.4,-23.49,0.0
2025-11,PL,Renewal,P12M,39,2907.7,543.77,2364.01,152.63
2025-11,PL,Renewal,P1M,269,4350.37,813.49,3536.86,312.53
2025-11,PL,Renewal,P3M,54,1746.02,326.52,1419.5,108.54
2025-11,PL,Token pack,TP100,62,716.07,133.92,582.17,55.44
2025-11,PL,Token pack,TP1300,18,2080.62,389.02,1691.5,100.84
2025-11,PL,Token pack,TP275,39,1126.71,210.63,916.03,72.64
2025-11,PL,Token pack,TP2800,7,1618.33,302.61,1315.72,91.47
2025-11,PL,Token pack,TP4500,2,693.58,129.7,563.88,38.84
2025-11,PL,Token pack,TP600,14,809.05,151.31,657.73,41.43
2025-11,ROW,Chargeback,P1M,3,-41.97,-2.01,-39.96,75.0
2025-11,ROW,Chargeback,P3M,1,-26.97,-1.28,-25.69,25.0
2025-11,ROW,New subscription,P12M,712,34090.56,1623.36,32467.2,2003.74
2025-11,ROW,New subscription,P1M,568,7946.32,378.4,7567.92,594.18
2025-11,ROW,New subscription,P3M,231,6230.07,296.7,5933.37,388.62
2025-11,ROW,Reactivation,P12M,205,9815.4,467.4,9348.0,557.15
2025-11,ROW,Reactivation,P1M,133,1860.67,88.58,1772.09,146.04
2025-11,ROW,Reactivation,P3M,65,1753.05,83.43,1669.62,117.1
2025-11,ROW,Refund - subscription,P12M,26,-1244.88,-59.28,-1185.6,0.0
2025-11,ROW,Refund - subscription,P1M,19,-265.81,-12.68,-253.13,0.0
2025-11,ROW,Refund - subscription,P3M,7,-188.79,-8.97,-179.82,0.0
2025-11,ROW,Refund - token pack,TP100,2,-19.98,-0.95,-19.03,0.0
2025-11,ROW,Refund - token pack,TP275,2,-49.98,-2.38,-47.6,0.0
2025-11,ROW,Renewal,P12M,189,11809.32,562.33,11246.99,697.24
2025-11,ROW,Renewal,P1M,837,11709.63,557.6,11152.03,875.62
2025-11,ROW,Renewal,P3M,184,5154.48,245.44,4909.04,325.7
2025-11,ROW,Token pack,TP100,206,2057.94,98.0,1959.94,168.05
2025-11,ROW,Token pack,TP1300,41,4099.59,195.19,3904.4,210.3
2025-11,ROW,Token pack,TP275,103,2573.97,122.57,2451.4,166.83
2025-11,ROW,Token pack,TP2800,24,4799.76,228.53,4571.23,267.3
2025-11,ROW,Token pack,TP4500,21,6299.79,300.05,5999.74,301.5
2025-11,ROW,Token pack,TP600,59,2949.41,140.42,2808.99,181.95
2025-11,SE,Chargeback,P1M,1,-16.27,-3.25,-13.02,25.0
2025-11,SE,New subscription,P12M,126,6974.02,1394.82,5579.26,389.21
2025-11,SE,New subscription,P1M,123,1989.2,397.83,1591.35,139.52
2025-11,SE,New subscription,P3M,41,1278.26,255.7,1022.59,75.03
2025-11,SE,Reactivation,P12M,26,1439.1,287.82,1151.28,83.09
2025-11,SE,Reactivation,P1M,23,371.93,74.35,297.6,27.52
2025-11,SE,Reactivation,P3M,12,374.14,74.86,299.28,24.74
2025-11,SE,Refund - subscription,P1M,4,-64.68,-12.92,-51.76,0.0
2025-11,SE,Refund - token pack,TP100,1,-11.55,-2.31,-9.24,0.0
2025-11,SE,Refund - token pack,TP1300,1,-115.59,-23.12,-92.47,0.0
2025-11,SE,Renewal,P12M,52,3682.73,736.58,2946.14,201.98
2025-11,SE,Renewal,P1M,188,3040.4,608.07,2432.33,217.11
2025-11,SE,Renewal,P3M,21,696.38,139.29,557.08,42.17
2025-11,SE,Token pack,TP100,50,577.48,115.5,461.98,45.26
2025-11,SE,Token pack,TP1300,12,1387.08,277.44,1109.64,75.52
2025-11,SE,Token pack,TP275,35,1011.14,202.27,808.85,60.35
2025-11,SE,Token pack,TP2800,8,1849.52,369.92,1479.6,104.55
2025-11,SE,Token pack,TP4500,5,1733.95,346.8,1387.15,97.11
2025-11,SE,Token pack,TP600,19,1098.01,219.62,878.37,64.4
2025-11,US,Chargeback,P12M,12,-574.56,-32.52,-542.04,300.0
2025-11,US,Chargeback,P1M,39,-545.61,-30.84,-514.77,975.0
2025-11,US,Chargeback,P3M,9,-248.73,-14.09,-234.64,225.0
2025-11,US,New subscription,P12M,2284,109357.92,6190.05,103167.87,6561.87
2025-11,US,New subscription,P1M,2449,34261.51,1939.36,32322.15,2604.47
2025-11,US,New subscription,P3M,925,24947.25,1412.12,23535.13,1628.98
2025-11,US,Reactivation,P12M,702,33611.76,1902.5,31709.26,2067.77
2025-11,US,Reactivation,P1M,601,8407.99,475.93,7932.06,645.73
2025-11,US,Reactivation,P3M,229,6176.13,349.6,5826.53,418.07
2025-11,US,Refund - subscription,P12M,93,-4452.84,-252.04,-4200.8,0.0
2025-11,US,Refund - subscription,P1M,92,-1287.08,-72.83,-1214.25,0.0
2025-11,US,Refund - subscription,P3M,31,-836.07,-47.33,-788.74,0.0
2025-11,US,Refund - token pack,TP100,22,-219.78,-12.51,-207.27,0.0
2025-11,US,Refund - token pack,TP1300,6,-599.94,-33.96,-565.98,0.0
2025-11,US,Refund - token pack,TP275,14,-349.86,-19.77,-330.09,0.0
2025-11,US,Refund - token pack,TP2800,7,-1399.93,-79.24,-1320.69,0.0
2025-11,US,Refund - token pack,TP4500,2,-599.98,-33.96,-566.02,0.0
2025-11,US,Refund - token pack,TP600,9,-449.91,-25.47,-424.44,0.0
2025-11,US,Renewal,P12M,890,54229.2,3069.61,51159.59,3222.78
2025-11,US,Renewal,P1M,4468,62507.32,3538.13,58969.19,4721.82
2025-11,US,Renewal,P3M,872,24564.84,1390.5,23174.34,1593.15
2025-11,US,Token pack,TP100,1407,14055.93,795.61,13260.32,1145.51
2025-11,US,Token pack,TP1300,319,31896.81,1805.54,30091.27,1865.5
2025-11,US,Token pack,TP275,747,18667.53,1056.65,17610.88,1217.33
2025-11,US,Token pack,TP2800,208,41597.92,2354.56,39243.36,2456.02
2025-11,US,Token pack,TP4500,119,35698.81,2020.62,33678.19,2012.1
2025-11,US,Token pack,TP600,474,23695.26,1341.2,22354.06,1405.8
2025-12,AU,Chargeback,P1M,1,-13.99,-1.27,-12.72,25.0
2025-12,AU,New subscription,P12M,239,11443.32,1040.3,10403.02,682.22
2025-12,AU,New subscription,P1M,265,3707.35,337.03,3370.32,281.5
2025-12,AU,New subscription,P3M,91,2454.27,223.12,2231.15,156.39
2025-12,AU,Reactivation,P12M,40,1915.2,174.14,1741.06,114.65
2025-12,AU,Reactivation,P1M,41,573.59,52.11,521.48,44.88
2025-12,AU,Reactivation,P3M,15,404.55,36.75,367.8,27.28
2025-12,AU,Refund - subscription,P12M,13,-622.44,-56.57,-565.87,0.0
2025-12,AU,Refund - subscription,P1M,6,-83.94,-7.63,-76.31,0.0
2025-12,AU,Refund - subscription,P3M,4,-107.88,-9.8,-98.08,0.0
2025-12,AU,Refund - token pack,TP100,4,-39.96,-3.64,-36.32,0.0
2025-12,AU,Refund - token pack,TP275,2,-49.98,-4.54,-45.44,0.0
2025-12,AU,Refund - token pack,TP600,1,-49.99,-4.54,-45.45,0.0
2025-12,AU,Renewal,P12M,70,4455.6,405.03,4050.57,248.09
2025-12,AU,Renewal,P1M,578,8086.22,735.1,7351.12,611.16
2025-12,AU,Renewal,P3M,87,2424.39,220.43,2203.96,157.29
2025-12,AU,Token pack,TP100,156,1558.44,141.67,1416.77,126.15
2025-12,AU,Token pack,TP1300,50,4999.5,454.5,4545.0,267.0
2025-12,AU,Token pack,TP275,76,1899.24,172.64,1726.6,131.08
2025-12,AU,Token pack,TP2800,28,5599.72,509.04,5090.68,325.8
2025-12,AU,Token pack,TP4500,10,2999.9,272.7,2727.2,183.0
2025-12,AU,Token pack,TP600,65,3249.35,295.36,2953.99,191.55
2025-12,BR,Chargeback,P1M,2,-27.98,-1.34,-26.64,50.0
2025-12,BR,New subscription,P12M,257,12305.16,585.96,11719.2,722.16
2025-12,BR,New subscription,P1M,223,3119.77,148.53,2971.24,236.45
2025-12,BR,New subscription,P3M,89,2400.33,114.31,2286.02,149.55
2025-12,BR,Reactivation,P12M,48,2298.24,109.44,2188.8,140.03
2025-12,BR,Reactivation,P1M,30,419.7,20.01,399.69,30.48
2025-12,BR,Reactivation,P3M,18,485.46,23.07,462.39,30.0
2025-12,BR,Refund - subscription,P12M,8,-383.04,-18.24,-364.8,0.0
2025-12,BR,Refund - subscription,P1M,11,-153.89,-7.34,-146.55,0.0
2025-12,BR,Refund - token pack,TP100,2,-19.98,-0.96,-19.02,0.0
2025-12,BR,Refund - token pack,TP1300,1,-99.99,-4.76,-95.23,0.0
2025-12,BR,Refund - token pack,TP600,1,-49.99,-2.38,-47.61,0.0
2025-12,BR,Renewal,P12M,51,3185.88,151.69,3034.19,172.96
2025-12,BR,Renewal,P1M,415,5805.85,276.46,5529.39,424.48
2025-12,BR,Renewal,P3M,72,2013.84,95.86,1917.98,129.79
2025-12,BR,Token pack,TP100,92,919.08,43.76,875.32,71.55
2025-12,BR,Token pack,TP1300,17,1699.83,80.92,1618.91,83.1
2025-12,BR,Token pack,TP275,53,1324.47,63.07,1261.4,82.55
2025-12,BR,Token pack,TP2800,19,3799.81,180.94,3618.87,196.5
2025-12,BR,Token pack,TP4500,8,2399.92,114.31,2285.61,118.8
2025-12,BR,Token pack,TP600,37,1849.63,88.06,1761.57,101.7
2025-12,CA,Chargeback,P12M,1,-47.88,-5.51,-42.37,25.0
2025-12,CA,Chargeback,P3M,1,-26.97,-3.1,-23.87,25.0
2025-12,CA,New subscription,P12M,313,14986.44,1724.11,13262.33,909.63
2025-12,CA,New subscription,P1M,306,4280.94,492.5,3788.44,328.2
2025-12,CA,New subscription,P3M,137,3694.89,425.09,3269.8,250.68
2025-12,CA,Reactivation,P12M,55,2633.4,302.94,2330.46,164.7
2025-12,CA,Reactivation,P1M,63,881.37,101.43,779.94,69.96
2025-12,CA,Reactivation,P3M,17,458.49,52.74,405.75,29.6
2025-12,CA,Refund - subscription,P12M,16,-766.08,-88.15,-677.93,0.0
2025-12,CA,Refund - subscription,P1M,19,-265.81,-30.59,-235.22,0.0
2025-12,CA,Refund - subscription,P3M,6,-161.82,-18.61,-143.21,0.0
2025-12,CA,Refund - token pack,TP100,5,-49.95,-5.75,-44.2,0.0
2025-12,CA,Refund - token pack,TP1300,1,-99.99,-11.5,-88.49,0.0
2025-12,CA,Refund - token pack,TP275,2,-49.98,-5.74,-44.24,0.0
2025-12,CA,Refund - token pack,TP2800,1,-199.99,-23.01,-176.98,0.0
2025-12,CA,Refund - token pack,TP600,1,-49.99,-5.75,-44.24,0.0
2025-12,CA,Renewal,P12M,90,5533.2,636.58,4896.62,305.11
2025-12,CA,Renewal,P1M,740,10352.6,1191.02,9161.58,779.96
2025-12,CA,Renewal,P3M,100,2748.0,316.15,2431.85,173.17
2025-12,CA,Token pack,TP100,231,2307.69,265.52,2042.17,195.07
2025-12,CA,Token pack,TP1300,41,4099.59,471.62,3627.97,239.1
2025-12,CA,Token pack,TP275,132,3298.68,379.41,2919.27,216.16
2025-12,CA,Token pack,TP2800,34,6799.66,782.32,6017.34,418.2
2025-12,CA,Token pack,TP4500,18,5399.82,621.18,4778.64,301.8
2025-12,CA,Token pack,TP600,65,3249.35,373.75,2875.6,186.45
2025-12,CH,Chargeback,P12M,1,-55.35,-4.15,-51.2,25.0
2025-12,CH,New subscription,P12M,121,6784.12,508.31,6275.83,379.19
2025-12,CH,New subscription,P1M,88,1441.63,108.05,1333.56,105.01
2025-12,CH,New subscription,P3M,37,1168.49,87.58,1081.02,69.15
2025-12,CH,Reactivation,P12M,11,616.74,46.2,570.54,37.76
2025-12,CH,Reactivation,P1M,25,409.5,30.75,378.8,30.25
2025-12,CH,Reactivation,P3M,2,63.16,4.74,58.44,4.18
2025-12,CH,Refund - subscription,P12M,6,-336.41,-25.2,-311.21,0.0
2025-12,CH,Refund - subscription,P1M,6,-98.28,-7.38,-90.9,0.0
2025-12,CH,Refund - subscription,P3M,1,-31.58,-2.37,-29.22,0.0
2025-12,CH,Refund - token pack,TP100,1,-11.7,-0.88,-10.82,0.0
2025-12,CH,Refund - token pack,TP275,3,-87.78,-6.57,-81.21,0.0
2025-12,CH,Renewal,P12M,22,1655.04,124.04,1531.02,77.53
2025-12,CH,Renewal,P1M,241,3948.17,295.84,3652.24,279.38
2025-12,CH,Renewal,P3M,37,1196.59,89.71,1107.03,73.81
2025-12,CH,Token pack,TP100,72,842.27,63.11,779.17,65.82
2025-12,CH,Token pack,TP1300,18,2107.62,157.89,1949.61,102.1
2025-12,CH,Token pack,TP275,42,1229.05,92.11,1136.94,70.16
2025-12,CH,Token pack,TP2800,13,3044.47,228.15,2816.32,152.55
2025-12,CH,Token pack,TP4500,12,4215.48,315.84,3899.61,221.64
2025-12,CH,Token pack,TP600,24,1404.96,105.28,1299.6,80.3
2025-12,DE,Chargeback,P1M,7,-113.19,-18.06,-95.13,175.0
2025-12,DE,Chargeback,P3M,3,-93.54,-14.94,-78.6,75.0
2025-12,DE,New subscription,P12M,463,25959.21,4144.78,21814.48,1449.81
2025-12,DE,New subscription,P1M,557,9124.92,1456.9,7668.03,661.62
2025-12,DE,New subscription,P3M,206,6505.84,1038.69,5467.15,407.34
2025-12,DE,Reactivation,P12M,78,4373.23,698.26,3675.07,236.68
2025-12,DE,Reactivation,P1M,103,1687.37,269.46,1417.99,122.8
2025-12,DE,Reactivation,P3M,19,600.02,95.76,504.26,34.82
2025-12,DE,Refund - subscription,P12M,16,-897.09,-143.21,-753.88,0.0
2025-12,DE,Refund - subscription,P1M,30,-491.44,-78.5,-413.02,0.0
2025-12,DE,Refund - subscription,P3M,4,-126.32,-20.16,-106.16,0.0
2025-12,DE,Refund - token pack,TP100,4,-46.8,-7.48,-39.32,0.0
2025-12,DE,Refund - token pack,TP1300,1,-117.09,-18.69,-98.39,0.0
2025-12,DE,Refund - token pack,TP275,3,-87.78,-14.01,-73.77,0.0
2025-12,DE,Refund - token pack,TP2800,1,-234.19,-37.39,-196.8,0.0
2025-12,DE,Refund - token pack,TP600,1,-58.54,-9.35,-49.19,0.0
2025-12,DE,Renewal,P12M,151,10967.43,1751.09,9216.34,614.5
2025-12,DE,Renewal,P1M,1193,19544.06,3120.48,16423.6,1394.95
2025-12,DE,Renewal,P3M,180,5825.25,930.08,4895.2,365.37
2025-12,DE,Token pack,TP100,373,4363.46,696.69,3666.78,332.93
2025-12,DE,Token pack,TP1300,64,7493.65,1196.39,6297.18,414.43
2025-12,DE,Token pack,TP275,182,5325.91,850.35,4475.53,315.62
2025-12,DE,Token pack,TP2800,45,10538.49,1682.55,8855.87,566.19
2025-12,DE,Token pack,TP4500,32,11241.26,1794.86,9446.4,571.84
2025-12,DE,Token pack,TP600,116,6790.4,1084.2,5706.28,379.14
2025-12,ES,Chargeback,P12M,3,-166.05,-28.83,-137.22,75.0
2025-12,ES,Chargeback,P1M,2,-32.34,-5.61,-26.73,50.0
2025-12,ES,Chargeback,P3M,1,-31.18,-5.41,-25.77,25.0
2025-12,ES,New subscription,P12M,210,11774.12,2043.44,9730.7,651.09
2025-12,ES,New subscription,P1M,184,3014.33,523.16,2491.19,219.13
2025-12,ES,New subscription,P3M,75,2368.61,411.02,1957.5,146.79
2025-12,ES,Reactivation,P12M,33,1850.21,321.09,1529.12,110.7
2025-12,ES,Reactivation,P1M,39,638.86,110.88,528.06,48.75
2025-12,ES,Reactivation,P3M,21,663.21,115.08,548.1,40.61
2025-12,ES,Refund - subscription,P12M,12,-672.82,-116.76,-556.06,0.0
2025-12,ES,Refund - subscription,P1M,13,-212.95,-36.95,-176.02,0.0
2025-12,ES,Refund - token pack,TP100,1,-11.7,-2.03,-9.67,0.0
2025-12,ES,Refund - token pack,TP275,2,-58.52,-10.16,-48.36,0.0
2025-12,ES,Refund - token pack,TP600,1,-58.54,-10.16,-48.38,0.0
2025-12,ES,Renewal,P12M,60,4319.58,749.71,3569.91,237.06
2025-12,ES,Renewal,P1M,474,7765.17,1347.66,6417.55,561.79
2025-12,ES,Renewal,P3M,62,2021.27,350.76,1670.46,121.29
2025-12,ES,Token pack,TP100,140,1637.71,284.2,1353.49,130.07
2025-12,ES,Token pack,TP1300,29,3395.58,589.28,2806.26,191.88
2025-12,ES,Token pack,TP275,65,1902.13,330.17,1571.95,116.76
2025-12,ES,Token pack,TP2800,10,2341.9,406.4,1935.4,132.3
2025-12,ES,Token pack,TP4500,11,3864.19,670.67,3193.52,216.37
2025-12,ES,Token pack,TP600,49,2868.37,497.84,2370.61,156.1
2025-12,FR,Chargeback,P12M,4,-221.4,-36.89,-184.49,100.0
2025-12,FR,Chargeback,P1M,7,-113.19,-18.89,-94.35,175.0
2025-12,FR,Chargeback,P3M,2,-62.36,-10.4,-51.96,50.0
2025-12,FR,New subscription,P12M,514,28818.67,4803.1,24015.57,1601.58
2025-12,FR,New subscription,P1M,566,9272.38,1545.45,7726.96,654.82
2025-12,FR,New subscription,P3M,213,6726.95,1121.15,5605.75,418.75
2025-12,FR,Reactivation,P12M,74,4148.97,691.47,3457.49,246.27
2025-12,FR,Reactivation,P1M,74,1212.24,202.02,1010.22,85.49
2025-12,FR,Reactivation,P3M,20,631.61,105.25,526.39,40.13
2025-12,FR,Refund - subscription,P12M,22,-1233.5,-205.54,-1027.88,0.0
2025-12,FR,Refund - subscription,P1M,27,-442.28,-73.71,-368.57,0.0
2025-12,FR,Refund - subscription,P3M,4,-126.32,-21.04,-105.28,0.0
2025-12,FR,Refund - token pack,TP100,3,-35.1,-5.85,-29.25,0.0
2025-12,FR,Refund - token pack,TP600,2,-117.08,-19.52,-97.56,0.0
2025-12,FR,Renewal,P12M,98,6815.51,1135.89,5679.57,372.75
2025-12,FR,Renewal,P1M,1132,18544.77,3090.78,15453.97,1326.68
2025-12,FR,Renewal,P3M,158,5112.88,852.15,4260.74,315.24
2025-12,FR,Token pack,TP100,357,4176.26,696.13,3480.27,324.4
2025-12,FR,Token pack,TP1300,80,9367.04,1561.1,7805.86,507.99
2025-12,FR,Token pack,TP275,159,4652.87,775.48,3877.39,279.7
2025-12,FR,Token pack,TP2800,54,12646.17,2107.65,10538.46,665.82
2025-12,FR,Token pack,TP4500,25,8782.24,1463.74,7318.5,462.95
2025-12,FR,Token pack,TP600,129,7551.41,1258.57,6292.87,420.17
2025-12,GB,Chargeback,P12M,3,-220.61,-36.77,-183.85,75.0
2025-12,GB,Chargeback,P1M,7,-128.87,-21.49,-107.38,175.0
2025-12,GB,Chargeback,P3M,1,-35.49,-5.92,-29.58,25.0
2025-12,GB,New subscription,P12M,381,24408.16,4068.03,20340.16,1347.65
2025-12,GB,New subscription,P1M,393,7356.43,1226.14,6130.34,505.91
2025-12,GB,New subscription,P3M,147,5304.64,884.09,4420.53,310.89
2025-12,GB,Reactivation,P12M,89,5701.64,950.24,4751.34,321.44
2025-12,GB,Reactivation,P1M,86,1609.84,268.32,1341.58,113.18
2025-12,GB,Reactivation,P3M,33,1190.87,198.43,992.31,73.41
2025-12,GB,Refund - subscription,P12M,22,-1409.36,-234.92,-1174.54,0.0
2025-12,GB,Refund - subscription,P1M,22,-411.83,-68.64,-343.19,0.0
2025-12,GB,Refund - subscription,P3M,6,-216.54,-36.06,-180.42,0.0
2025-12,GB,Refund - token pack,TP100,1,-13.37,-2.23,-11.14,0.0
2025-12,GB,Refund - token pack,TP1300,1,-133.79,-22.3,-111.49,0.0
2025-12,GB,Refund - token pack,TP600,1,-66.89,-11.15,-55.74,0.0
2025-12,GB,Renewal,P12M,132,11250.1,1875.03,9375.09,602.96
2025-12,GB,Renewal,P1M,1037,19411.2,3235.15,16176.02,1322.9
2025-12,GB,Renewal,P3M,173,6455.62,1075.92,5379.68,395.07
2025-12,GB,Token pack,TP100,304,4063.46,677.24,3386.23,300.71
2025-12,GB,Token pack,TP1300,63,8428.57,1404.79,7023.86,451.43
2025-12,GB,Token pack,TP275,152,5082.36,847.05,4235.33,314.23
2025-12,GB,Token pack,TP2800,34,9097.96,1516.38,7581.66,468.06
2025-12,GB,Token pack,TP4500,25,10034.69,1672.5,8362.25,511.48
2025-12,GB,Token pack,TP600,101,6755.54,1125.95,5629.65,382.72
2025-12,IN,Chargeback,P12M,2,-95.76,-14.6,-81.16,50.0
2025-12,IN,Chargeback,P1M,2,-27.98,-4.26,-23.72,50.0
2025-12,IN,New subscription,P12M,166,7948.08,1212.39,6735.69,455.5
2025-12,IN,New subscription,P1M,145,2028.55,309.43,1719.12,151.34
2025-12,IN,New subscription,P3M,55,1483.35,226.25,1257.1,97.96
2025-12,IN,Reactivation,P12M,34,1627.92,248.27,1379.65,90.68
2025-12,IN,Reactivation,P1M,28,391.72,59.69,332.03,28.2
2025-12,IN,Reactivation,P3M,8,215.76,32.89,182.87,15.36
2025-12,IN,Refund - subscription,P12M,5,-239.4,-36.5,-202.9,0.0
2025-12,IN,Refund - subscription,P1M,6,-83.94,-12.8,-71.14,0.0
2025-12,IN,Refund - subscription,P3M,1,-26.97,-4.11,-22.86,0.0
2025-12,IN,Refund - token pack,TP1300,1,-99.99,-15.25,-84.74,0.0
2025-12,IN,Refund - token pack,TP275,1,-24.99,-3.81,-21.18,0.0
2025-12,IN,Refund - token pack,TP600,1,-49.99,-7.63,-42.36,0.0
2025-12,IN,Renewal,P12M,24,1509.12,230.18,1278.94,88.22
2025-12,IN,Renewal,P1M,232,3245.68,495.09,2750.59,242.08
2025-12,IN,Renewal,P3M,38,1045.86,159.51,886.35,60.53
2025-12,IN,Token pack,TP100,43,429.57,65.5,364.07,32.7
2025-12,IN,Token pack,TP1300,14,1399.86,213.52,1186.34,83.4
2025-12,IN,Token pack,TP275,26,649.74,99.09,550.65,38.23
2025-12,IN,Token pack,TP2800,6,1199.94,183.06,1016.88,64.5
2025-12,IN,Token pack,TP4500,4,1199.96,183.04,1016.92,73.2
2025-12,IN,Token pack,TP600,24,1199.76,183.06,1016.7,69.0
2025-12,IT,Chargeback,P12M,1,-55.35,-9.98,-45.37,25.0
2025-12,IT,Chargeback,P1M,2,-32.34,-5.84,-26.52,50.0
2025-12,IT,New subscription,P12M,203,11381.67,2052.38,9329.28,642.58
2025-12,IT,New subscription,P1M,198,3243.68,584.98,2658.74,234.62
2025-12,IT,New subscription,P3M,74,2337.05,421.53,1915.64,151.22
2025-12,IT,Reactivation,P12M,26,1457.76,262.86,1194.9,73.67
2025-12,IT,Reactivation,P1M,40,655.23,118.15,537.17,50.01
2025-12,IT,Reactivation,P3M,14,442.12,79.76,362.42,29.22
2025-12,IT,Refund - subscription,P12M,10,-560.69,-101.1,-459.59,0.0
2025-12,IT,Refund - subscription,P1M,9,-147.42,-26.56,-120.87,0.0
2025-12,IT,Refund - subscription,P3M,1,-31.58,-5.7,-25.89,0.0
2025-12,IT,Refund - token pack,TP275,1,-29.26,-5.28,-23.99,0.0
2025-12,IT,Renewal,P12M,61,4488.05,809.36,3678.76,229.52
2025-12,IT,Renewal,P1M,452,7404.82,1335.29,6069.52,529.24
2025-12,IT,Renewal,P3M,70,2266.94,408.82,1858.16,142.74
2025-12,IT,Token pack,TP100,112,1310.19,236.32,1073.98,103.08
2025-12,IT,Token pack,TP1300,31,3629.78,654.51,2975.17,185.34
2025-12,IT,Token pack,TP275,70,2048.41,369.39,1679.09,120.48
2025-12,IT,Token pack,TP2800,10,2341.89,422.3,1919.59,122.58
2025-12,IT,Token pack,TP4500,10,3512.89,633.49,2879.4,196.7
2025-12,IT,Token pack,TP600,39,2283.02,411.73,1871.26,125.78
2025-12,JP,Chargeback,P1M,3,-41.97,-3.81,-38.16,75.0
2025-12,JP,New subscription,P12M,123,5889.24,535.37,5353.87,346.06
2025-12,JP,New subscription,P1M,119,1664.81,151.37,1513.44,128.21
2025-12,JP,New subscription,P3M,49,1321.53,120.08,1201.45,87.99
2025-12,JP,Reactivation,P12M,34,1627.92,148.01,1479.91,102.99
2025-12,JP,Reactivation,P1M,23,321.77,29.22,292.55,26.22
2025-12,JP,Reactivation,P3M,5,134.85,12.25,122.6,9.6
2025-12,JP,Refund - subscription,P12M,4,-191.52,-17.4,-174.12,0.0
2025-12,JP,Refund - subscription,P1M,4,-55.96,-5.08,-50.88,0.0
2025-12,JP,Refund - subscription,P3M,1,-26.97,-2.45,-24.52,0.0
2025-12,JP,Refund - token pack,TP100,1,-9.99,-0.91,-9.08,0.0
2025-12,JP,Renewal,P12M,23,1413.24,128.44,1284.8,70.18
2025-12,JP,Renewal,P1M,268,3749.32,340.84,3408.48,285.83
2025-12,JP,Renewal,P3M,37,1021.89,92.86,929.03,64.72
2025-12,JP,Token pack,TP100,49,489.51,44.52,444.99,41.1
2025-12,JP,Token pack,TP1300,12,1199.88,109.08,1090.8,70.8
2025-12,JP,Token pack,TP275,37,924.63,84.02,840.61,63.74
2025-12,JP,Token pack,TP2800,10,1999.9,181.8,1818.1,113.7
2025-12,JP,Token pack,TP4500,3,899.97,81.81,818.16,54.9
2025-12,JP,Token pack,TP600,13,649.87,59.04,590.83,40.35
2025-12,MX,Chargeback,P12M,1,-47.88,-6.6,-41.28,25.0
2025-12,MX,Chargeback,P1M,5,-69.95,-9.65,-60.3,125.0
2025-12,MX,Chargeback,P3M,1,-26.97,-3.72,-23.25,25.0
2025-12,MX,New subscription,P12M,210,10054.8,1386.85,8667.95,553.39
2025-12,MX,New subscription,P1M,167,2336.33,322.31,2014.02,175.48
2025-12,MX,New subscription,P3M,79,2130.63,293.88,1836.75,131.84
2025-12,MX,Reactivation,P12M,21,1005.48,138.66,866.82,59.27
2025-12,MX,Reactivation,P1M,24,335.76,46.32,289.44,26.43
2025-12,MX,Reactivation,P3M,14,377.58,52.08,325.5,22.32
2025-12,MX,Refund - subscription,P12M,6,-287.28,-39.61,-247.67,0.0
2025-12,MX,Refund - subscription,P1M,8,-111.92,-15.44,-96.48,0.0
2025-12,MX,Refund - subscription,P3M,2,-53.94,-7.44,-46.5,0.0
2025-12,MX,Refund - token pack,TP1300,1,-99.99,-13.79,-86.2,0.0
2025-12,MX,Refund - token pack,TP275,1,-24.99,-3.45,-21.54,0.0
2025-12,MX,Renewal,P12M,50,3066.0,422.86,2643.14,168.23
2025-12,MX,Renewal,P1M,284,3973.16,548.12,3425.04,296.66
2025-12,MX,Renewal,P3M,58,1597.26,220.29,1376.97,97.72
2025-12,MX,Token pack,TP100,67,669.33,92.35,576.98,53.55
2025-12,MX,Token pack,TP1300,19,1899.81,262.01,1637.8,110.1
2025-12,MX,Token pack,TP275,39,974.61,134.42,840.19,65.91
2025-12,MX,Token pack,TP2800,9,1799.91,248.23,1551.68,101.4
2025-12,MX,Token pack,TP4500,6,1799.94,248.28,1551.66,96.0
2025-12,MX,Token pack,TP600,23,1149.77,158.64,991.13,70.8
2025-12,NL,Chargeback,P1M,2,-32.34,-5.62,-26.74,50.0
2025-12,NL,New subscription,P12M,155,8690.41,1508.21,7182.19,482.95
2025-12,NL,New subscription,P1M,167,2735.85,474.84,2261.08,194.86
2025-12,NL,New subscription,P3M,48,1515.91,263.04,1252.8,95.37
2025-12,NL,Reactivation,P12M,28,1569.9,272.44,1297.46,85.73
2025-12,NL,Reactivation,P1M,32,524.17,90.95,433.28,40.0
2025-12,NL,Reactivation,P3M,10,315.8,54.8,261.0,20.89
2025-12,NL,Refund - subscription,P12M,6,-336.41,-58.38,-278.03,0.0
2025-12,NL,Refund - subscription,P1M,6,-98.29,-17.05,-81.24,0.0
2025-12,NL,Refund - subscription,P3M,3,-94.74,-16.44,-78.3,0.0
2025-12,NL,Refund - token pack,TP275,2,-58.52,-10.16,-48.36,0.0
2025-12,NL,Renewal,P12M,34,2440.25,423.54,2016.74,127.17
2025-12,NL,Renewal,P1M,391,6405.45,1111.69,5293.77,459.97
2025-12,NL,Renewal,P3M,75,2435.34,422.65,2012.71,153.32
2025-12,NL,Token pack,TP100,95,1111.31,192.85,918.45,85.34
2025-12,NL,Token pack,TP1300,26,3044.32,528.32,2515.94,146.35
2025-12,NL,Token pack,TP275,53,1550.96,269.23,1281.73,93.24
2025-12,NL,Token pack,TP2800,13,3044.47,528.33,2516.03,171.99
2025-12,NL,Token pack,TP4500,7,2459.02,426.78,2032.24,137.69
2025-12,NL,Token pack,TP600,40,2341.56,406.4,1935.2,132.04
2025-12,PL,Chargeback,P12M,2,-110.7,-20.7,-90.0,50.0
2025-12,PL,Chargeback,P1M,4,-64.68,-12.08,-52.6,100.0
2025-12,PL,Chargeback,P3M,1,-31.18,-5.83,-25.35,25.0
2025-12,PL,New subscription,P12M,136,7625.12,1425.84,6199.32,428.07
2025-12,PL,New subscription,P1M,157,2572.02,480.93,2091.06,185.35
2025-12,PL,New subscription,P3M,63,1989.64,372.08,1617.63,115.35
2025-12,PL,Reactivation,P12M,29,1625.94,304.01,1321.91,91.77
2025-12,PL,Reactivation,P1M,32,524.18,97.98,426.24,38.0
2025-12,PL,Reactivation,P3M,10,315.81,59.08,256.78,17.64
2025-12,PL,Refund - subscription,P12M,5,-280.34,-52.41,-227.91,0.0
2025-12,PL,Refund - subscription,P1M,7,-114.66,-21.44,-93.24,0.0
2025-12,PL,Refund - subscription,P3M,5,-157.9,-29.55,-128.4,0.0
2025-12,PL,Refund - token pack,TP100,1,-11.7,-2.19,-9.51,0.0
2025-12,PL,Refund - token pack,TP600,1,-58.54,-10.95,-47.59,0.0
2025-12,PL,Renewal,P12M,34,2271.67,424.75,1846.85,119.01
2025-12,PL,Renewal,P1M,298,4881.96,912.89,3969.03,348.7
2025-12,PL,Renewal,P3M,55,1789.67,334.66,1455.05,101.38
2025-12,PL,Token pack,TP100,82,959.22,179.34,779.83,75.72
2025-12,PL,Token pack,TP1300,17,1990.52,372.17,1618.27,110.4
2025-12,PL,Token pack,TP275,38,1112.0,207.88,904.02,74.48
2025-12,PL,Token pack,TP2800,10,2341.89,437.9,1903.98,122.58
2025-12,PL,Token pack,TP4500,5,1756.45,328.45,1428.0,98.35
2025-12,PL,Token pack,TP600,26,1522.03,284.63,1237.35,87.44
2025-12,ROW,Chargeback,P12M,1,-47.88,-2.28,-45.6,25.0
2025-12,ROW,Chargeback,P1M,6,-83.94,-4.02,-79.92,150.0
2025-12,ROW,Chargeback,P3M,4,-107.88,-5.12,-102.76,100.0
2025-12,ROW,New subscription,P12M,686,32845.68,1564.08,31281.6,1926.2
2025-12,ROW,New subscription,P1M,528,7386.72,351.75,7034.97,559.75
2025-12,ROW,New subscription,P3M,225,6068.25,288.97,5779.28,390.74
2025-12,ROW,Reactivation,P12M,132,6320.16,300.96,6019.2,377.11
2025-12,ROW,Reactivation,P1M,76,1063.24,50.61,1012.63,83.85
2025-12,ROW,Reactivation,P3M,38,1024.86,48.75,976.11,68.37
2025-12,ROW,Refund - subscription,P12M,23,-1101.24,-52.44,-1048.8,0.0
2025-12,ROW,Refund - subscription,P1M,21,-293.79,-14.02,-279.77,0.0
2025-12,ROW,Refund - subscription,P3M,3,-80.91,-3.84,-77.07,0.0
2025-12,ROW,Refund - token pack,TP100,5,-49.95,-2.39,-47.56,0.0
2025-12,ROW,Refund - token pack,TP1300,1,-99.99,-4.76,-95.23,0.0
2025-12,ROW,Refund - token pack,TP275,2,-49.98,-2.38,-47.6,0.0
2025-12,ROW,Refund - token pack,TP2800,2,-399.98,-19.04,-380.94,0.0
2025-12,ROW,Refund - token pack,TP4500,1,-299.99,-14.29,-285.7,0.0
2025-12,ROW,Refund - token pack,TP600,1,-49.99,-2.38,-47.61,0.0
2025-12,ROW,Renewal,P12M,145,9630.6,458.61,9171.99,550.05
2025-12,ROW,Renewal,P1M,958,13402.42,638.22,12764.2,1009.73
2025-12,ROW,Renewal,P3M,174,4812.78,229.18,4583.6,305.77
2025-12,ROW,Token pack,TP100,204,2037.96,97.05,1940.91,167.81
2025-12,ROW,Token pack,TP1300,37,3699.63,176.12,3523.51,218.7
2025-12,ROW,Token pack,TP275,106,2648.94,126.14,2522.8,166.53
2025-12,ROW,Token pack,TP2800,29,5799.71,276.15,5523.56,338.1
2025-12,ROW,Token pack,TP4500,21,6299.79,300.05,5999.74,384.3
2025-12,ROW,Token pack,TP600,78,3899.22,185.64,3713.58,237.0
2025-12,SE,Chargeback,P12M,1,-55.35,-11.07,-44.28,25.0
2025-12,SE,Chargeback,P1M,1,-16.17,-3.23,-12.94,25.0
2025-12,SE,Chargeback,P3M,1,-31.18,-6.24,-24.94,25.0
2025-12,SE,New subscription,P12M,104,5830.98,1166.17,4664.79,320.78
2025-12,SE,New subscription,P1M,116,1900.3,380.09,1520.26,135.07
2025-12,SE,New subscription,P3M,50,1579.06,315.83,1263.31,94.65
2025-12,SE,Reactivation,P12M,12,672.82,134.54,538.22,35.99
2025-12,SE,Reactivation,P1M,24,393.12,78.67,314.59,30.0
2025-12,SE,Reactivation,P3M,5,157.9,31.59,126.34,8.83
2025-12,SE,Refund - subscription,P12M,6,-336.42,-67.26,-269.1,0.0
2025-12,SE,Refund - subscription,P1M,5,-81.9,-16.39,-65.54,0.0
2025-12,SE,Refund - subscription,P3M,2,-63.16,-12.64,-50.54,0.0
2025-12,SE,Renewal,P12M,21,1627.07,325.38,1301.66,83.08
2025-12,SE,Renewal,P1M,223,3653.24,730.69,2922.55,260.93
2025-12,SE,Renewal,P3M,39,1270.31,254.09,1016.31,75.18
2025-12,SE,Token pack,TP100,64,748.69,149.76,599.01,58.66
2025-12,SE,Token pack,TP1300,10,1170.9,234.2,936.7,62.87
2025-12,SE,Token pack,TP275,45,1316.83,263.38,1053.45,71.48
2025-12,SE,Token pack,TP2800,12,2810.28,562.08,2248.2,149.04
2025-12,SE,Token pack,TP4500,4,1405.16,281.04,1124.12,78.68
2025-12,SE,Token pack,TP600,23,1346.42,269.33,1077.09,71.35
2025-12,US,Chargeback,P12M,17,-837.96,-47.43,-790.53,425.0
2025-12,US,Chargeback,P1M,22,-307.78,-17.38,-290.4,550.0
2025-12,US,Chargeback,P3M,10,-275.7,-15.63,-260.07,250.0
2025-12,US,New subscription,P12M,2155,103181.4,5840.44,97340.96,6194.27
2025-12,US,New subscription,P1M,2270,31757.3,1797.58,29959.72,2429.32
2025-12,US,New subscription,P3M,867,23382.99,1323.59,22059.4,1504.13
2025-12,US,Reactivation,P12M,390,18673.2,1056.9,17616.3,1158.81
2025-12,US,Reactivation,P1M,381,5330.19,301.67,5028.52,409.91
2025-12,US,Reactivation,P3M,166,4477.02,253.43,4223.59,304.79
2025-12,US,Refund - subscription,P12M,90,-4309.2,-243.91,-4065.29,0.0
2025-12,US,Refund - subscription,P1M,117,-1636.83,-92.66,-1544.17,0.0
2025-12,US,Refund - subscription,P3M,25,-674.25,-38.18,-636.07,0.0
2025-12,US,Refund - token pack,TP100,22,-219.78,-12.5,-207.28,0.0
2025-12,US,Refund - token pack,TP275,16,-399.84,-22.58,-377.26,0.0
2025-12,US,Refund - token pack,TP2800,2,-399.98,-22.64,-377.34,0.0
2025-12,US,Refund - token pack,TP4500,5,-1499.95,-84.9,-1415.05,0.0
2025-12,US,Refund - token pack,TP600,4,-199.96,-11.32,-188.64,0.0
2025-12,US,Renewal,P12M,647,40026.36,2265.66,37760.7,2388.03
2025-12,US,Renewal,P1M,5094,71265.06,4033.88,67231.18,5378.38
2025-12,US,Renewal,P3M,834,23164.98,1311.22,21853.76,1510.66
2025-12,US,Token pack,TP100,1550,15484.5,876.45,14608.05,1267.4
2025-12,US,Token pack,TP1300,299,29897.01,1692.34,28204.67,1686.75
2025-12,US,Token pack,TP275,835,20866.65,1181.13,19685.52,1374.3
2025-12,US,Token pack,TP2800,195,38998.05,2207.4,36790.65,2175.27
2025-12,US,Token pack,TP4500,134,40198.66,2275.33,37923.33,2245.19
2025-12,US,Token pack,TP600,473,23645.27,1338.38,22306.89,1415.29
2026-01,AU,Chargeback,P1M,3,-41.97,-3.81,-38.16,75.0
2026-01,AU,Chargeback,P3M,1,-26.97,-2.45,-24.52,25.0
2026-01,AU,New subscription,P12M,224,10725.12,975.01,9750.11,624.81
2026-01,AU,New subscription,P1M,277,3875.23,352.28,3522.95,299.85
2026-01,AU,New subscription,P3M,102,2750.94,250.12,2500.82,183.53
2026-01,AU,Reactivation,P12M,49,2346.12,213.3,2132.82,135.83
2026-01,AU,Reactivation,P1M,54,755.46,68.64,686.82,58.77
2026-01,AU,Reactivation,P3M,20,539.4,49.0,490.4,35.36
2026-01,AU,Refund - subscription,P12M,6,-287.28,-26.11,-261.17,0.0
2026-01,AU,Refund - subscription,P1M,14,-195.86,-17.79,-178.07,0.0
2026-01,AU,Refund - subscription,P3M,1,-26.97,-2.45,-24.52,0.0
2026-01,AU,Refund - token pack,TP100,4,-39.96,-3.64,-36.32,0.0
2026-01,AU,Refund - token pack,TP1300,1,-99.99,-9.09,-90.9,0.0
2026-01,AU,Refund - token pack,TP275,2,-49.98,-4.54,-45.44,0.0
2026-01,AU,Refund - token pack,TP600,2,-99.98,-9.08,-90.9,0.0
2026-01,AU,Renewal,P12M,83,5126.04,465.98,4660.06,316.96
2026-01,AU,Renewal,P1M,588,8226.12,747.86,7478.26,619.77
2026-01,AU,Renewal,P3M,116,3215.52,292.34,2923.18,210.82
2026-01,AU,Token pack,TP100,195,1948.05,177.12,1770.93,159.73
2026-01,AU,Token pack,TP1300,37,3699.63,336.33,3363.3,213.9
2026-01,AU,Token pack,TP275,75,1874.25,170.4,1703.85,126.42
2026-01,AU,Token pack,TP2800,32,6399.68,581.76,5817.92,356.4
2026-01,AU,Token pack,TP4500,14,4199.86,381.78,3818.08,242.4
2026-01,AU,Token pack,TP600,50,2499.5,227.16,2272.34,149.7
2026-01,BR,Chargeback,P12M,4,-191.52,-9.12,-182.4,100.0
2026-01,BR,Chargeback,P1M,1,-13.99,-0.67,-13.32,25.0
2026-01,BR,Chargeback,P3M,2,-53.94,-2.56,-51.38,50.0
2026-01,BR,New subscription,P12M,255,12209.4,581.4,11628.0,691.25
2026-01,BR,New subscription,P1M,181,2532.19,120.57,2411.62,192.34
2026-01,BR,New subscription,P3M,85,2292.45,109.15,2183.3,143.38
2026-01,BR,Reactivation,P12M,57,2729.16,129.96,2599.2,163.65
2026-01,BR,Reactivation,P1M,48,671.52,32.03,639.49,53.79
2026-01,BR,Reactivation,P3M,10,269.7,12.82,256.88,16.16
2026-01,BR,Refund - subscription,P12M,12,-574.56,-27.36,-547.2,0.0
2026-01,BR,Refund - subscription,P1M,5,-69.95,-3.35,-66.6,0.0
2026-01,BR,Refund - subscription,P3M,4,-107.88,-5.12,-102.76,0.0
2026-01,BR,Refund - token pack,TP1300,1,-99.99,-4.76,-95.23,0.0
2026-01,BR,Renewal,P12M,60,3808.8,181.37,3627.43,233.46
2026-01,BR,Renewal,P1M,412,5763.88,274.48,5489.4,422.9
2026-01,BR,Renewal,P3M,74,2034.78,96.86,1937.92,128.62
2026-01,BR,Token pack,TP100,84,839.16,39.99,799.17,62.85
2026-01,BR,Token pack,TP1300,13,1299.87,61.88,1237.99,67.5
2026-01,BR,Token pack,TP275,42,1049.58,49.98,999.6,67.02
2026-01,BR,Token pack,TP2800,9,1799.91,85.7,1714.21,82.8
2026-01,BR,Token pack,TP4500,8,2399.92,114.31,2285.61,146.4
2026-01,BR,Token pack,TP600,14,699.86,33.32,666.54,43.65
2026-01,CA,Chargeback,P12M,3,-167.64,-19.29,-148.35,75.0
2026-01,CA,Chargeback,P1M,3,-41.97,-4.83,-37.14,75.0
2026-01,CA,New subscription,P12M,302,14459.76,1663.46,12796.3,842.84
2026-01,CA,New subscription,P1M,339,4742.61,545.58,4197.03,353.68
2026-01,CA,New subscription,P3M,124,3344.28,384.77,2959.51,222.73
2026-01,CA,Reactivation,P12M,58,2777.04,319.48,2457.56,171.77
2026-01,CA,Reactivation,P1M,54,755.46,86.94,668.52,57.84
2026-01,CA,Reactivation,P3M,26,701.22,80.66,620.56,48.39
2026-01,CA,Refund - subscription,P12M,14,-670.32,-77.13,-593.19,0.0
2026-01,CA,Refund - subscription,P1M,15,-209.85,-24.15,-185.7,0.0
2026-01,CA,Refund - subscription,P3M,5,-134.85,-15.5,-119.35,0.0
2026-01,CA,Refund - token pack,TP100,2,-19.98,-2.3,-17.68,0.0
2026-01,CA,Refund - token pack,TP1300,1,-99.99,-11.5,-88.49,0.0
2026-01,CA,Refund - token pack,TP275,1,-24.99,-2.87,-22.12,0.0
2026-01,CA,Renewal,P12M,78,4862.64,559.42,4303.22,297.17
2026-01,CA,Renewal,P1M,728,10184.72,1171.69,9013.03,776.5
2026-01,CA,Renewal,P3M,130,3593.1,413.39,3179.71,237.52
2026-01,CA,Token pack,TP100,197,1968.03,226.47,1741.56,156.26
2026-01,CA,Token pack,TP1300,48,4799.52,552.15,4247.37,254.4
2026-01,CA,Token pack,TP275,129,3223.71,370.8,2852.91,215.07
2026-01,CA,Token pack,TP2800,27,5399.73,621.24,4778.49,304.2
2026-01,CA,Token pack,TP4500,23,6899.77,793.74,6106.03,365.7
2026-01,CA,Token pack,TP600,69,3449.31,396.78,3052.53,204.75
2026-01,CH,Chargeback,P12M,1,-56.07,-4.2,-51.87,25.0
2026-01,CH,Chargeback,P1M,1,-16.38,-1.23,-15.15,25.0
2026-01,CH,New subscription,P12M,127,7126.67,533.97,6592.57,405.28
2026-01,CH,New subscription,P1M,112,1836.44,137.6,1698.78,131.17
2026-01,CH,New subscription,P3M,30,948.3,71.1,877.2,59.46
2026-01,CH,Reactivation,P12M,26,1459.05,109.27,1349.66,86.77
2026-01,CH,Reactivation,P1M,14,229.59,17.22,212.38,17.5
2026-01,CH,Reactivation,P3M,5,158.05,11.85,146.2,8.83
2026-01,CH,Refund - subscription,P12M,6,-336.7,-25.22,-311.46,0.0
2026-01,CH,Refund - subscription,P1M,6,-98.39,-7.38,-91.01,0.0
2026-01,CH,Refund - token pack,TP100,2,-23.42,-1.76,-21.66,0.0
2026-01,CH,Refund - token pack,TP275,1,-29.29,-2.19,-27.09,0.0
2026-01,CH,Renewal,P12M,32,2330.14,174.56,2155.5,125.6
2026-01,CH,Renewal,P1M,236,3869.54,289.95,3579.56,281.33
2026-01,CH,Renewal,P3M,49,1598.06,119.76,1478.29,94.95
2026-01,CH,Token pack,TP100,58,679.08,50.85,628.14,49.47
2026-01,CH,Token pack,TP1300,18,2109.42,158.04,1951.35,112.29
2026-01,CH,Token pack,TP275,47,1376.56,103.09,1273.37,87.56
2026-01,CH,Token pack,TP2800,8,1875.12,140.49,1734.63,105.92
2026-01,CH,Token pack,TP4500,3,1054.77,79.02,975.72,44.65
2026-01,CH,Token pack,TP600,26,1523.31,114.14,1409.17,84.78
2026-01,DE,Chargeback,P12M,4,-252.38,-40.29,-212.09,100.0
2026-01,DE,Chargeback,P1M,14,-229.33,-36.65,-192.75,350.0
2026-01,DE,Chargeback,P3M,2,-63.16,-10.08,-53.08,50.0
2026-01,DE,New subscription,P12M,497,27889.33,4452.91,23436.4,1518.47
2026-01,DE,New subscription,P1M,584,9575.42,1528.83,8046.58,689.79
2026-01,DE,New subscription,P3M,188,5942.46,948.77,4993.68,363.56
2026-01,DE,Reactivation,P12M,105,5892.15,940.8,4951.35,340.04
2026-01,DE,Reactivation,P1M,107,1754.45,280.11,1474.32,126.92
2026-01,DE,Reactivation,P3M,38,1201.17,191.79,1009.34,76.17
2026-01,DE,Refund - subscription,P12M,25,-1402.94,-224.0,-1178.95,0.0
2026-01,DE,Refund - subscription,P1M,24,-393.52,-62.85,-330.7,0.0
2026-01,DE,Refund - subscription,P3M,5,-158.05,-25.24,-132.8,0.0
2026-01,DE,Refund - token pack,TP100,7,-81.97,-13.09,-68.88,0.0
2026-01,DE,Refund - token pack,TP275,2,-58.58,-9.35,-49.22,0.0
2026-01,DE,Refund - token pack,TP4500,1,-351.59,-56.14,-295.45,0.0
2026-01,DE,Refund - token pack,TP600,1,-58.59,-9.35,-49.23,0.0
2026-01,DE,Renewal,P12M,134,9460.31,1510.45,7949.85,519.66
2026-01,DE,Renewal,P1M,1267,20774.08,3316.87,17457.21,1485.44
2026-01,DE,Renewal,P3M,217,7013.87,1119.85,5893.97,428.58
2026-01,DE,Token pack,TP100,332,3887.13,620.6,3266.52,311.18
2026-01,DE,Token pack,TP1300,79,9257.86,1478.09,7779.77,496.56
2026-01,DE,Token pack,TP275,188,5506.19,879.13,4627.02,335.17
2026-01,DE,Token pack,TP2800,46,10781.89,1721.44,9060.31,541.03
2026-01,DE,Token pack,TP4500,24,8438.15,1347.31,7090.81,443.68
2026-01,DE,Token pack,TP600,101,5917.41,944.79,4972.64,333.84
2026-01,ES,Chargeback,P12M,1,-56.07,-9.73,-46.34,25.0
2026-01,ES,Chargeback,P1M,2,-32.76,-5.68,-27.08,50.0
2026-01,ES,Chargeback,P3M,2,-63.16,-10.96,-52.2,50.0
2026-01,ES,New subscription,P12M,193,10830.31,1879.65,8950.61,593.19
2026-01,ES,New subscription,P1M,243,3984.3,691.5,3292.79,283.05
2026-01,ES,New subscription,P3M,88,2781.61,482.76,2298.84,167.67
2026-01,ES,Reactivation,P12M,40,2244.65,389.6,1855.06,116.71
2026-01,ES,Reactivation,P1M,41,672.28,116.7,555.55,45.27
2026-01,ES,Reactivation,P3M,16,505.76,87.8,417.96,30.2
2026-01,ES,Refund - subscription,P12M,4,-224.48,-38.96,-185.52,0.0
2026-01,ES,Refund - subscription,P1M,9,-147.59,-25.64,-121.95,0.0
2026-01,ES,Refund - subscription,P3M,2,-63.22,-10.98,-52.24,0.0
2026-01,ES,Refund - token pack,TP100,3,-35.13,-6.09,-29.04,0.0
2026-01,ES,Refund - token pack,TP275,1,-29.29,-5.08,-24.21,0.0
2026-01,ES,Refund - token pack,TP2800,1,-234.39,-40.68,-193.71,0.0
2026-01,ES,Renewal,P12M,67,5109.86,886.82,4223.05,283.28
2026-01,ES,Renewal,P1M,477,7821.02,1357.35,6463.66,564.93
2026-01,ES,Renewal,P3M,102,3297.95,572.37,2725.58,205.8
2026-01,ES,Token pack,TP100,115,1346.43,233.68,1112.8,106.15
2026-01,ES,Token pack,TP1300,14,1640.65,284.76,1355.9,90.14
2026-01,ES,Token pack,TP275,70,2050.13,355.79,1694.43,126.56
2026-01,ES,Token pack,TP2800,11,2578.29,447.48,2130.81,135.92
2026-01,ES,Token pack,TP4500,9,3164.31,549.18,2615.13,177.19
2026-01,ES,Token pack,TP600,29,1699.09,294.91,1404.18,98.17
2026-01,FR,Chargeback,P12M,1,-56.07,-9.34,-46.72,25.0
2026-01,FR,Chargeback,P1M,7,-114.66,-19.11,-95.55,175.0
2026-01,FR,Chargeback,P3M,2,-63.16,-10.53,-52.64,50.0
2026-01,FR,New subscription,P12M,537,30133.97,5022.35,25111.59,1658.51
2026-01,FR,New subscription,P1M,553,9067.13,1511.2,7555.93,638.93
2026-01,FR,New subscription,P3M,222,7017.15,1169.53,5847.63,420.04
2026-01,FR,Reactivation,P12M,89,4994.32,832.41,4161.9,274.7
2026-01,FR,Reactivation,P1M,90,1475.67,245.97,1229.72,102.6
2026-01,FR,Reactivation,P3M,34,1074.74,179.15,895.56,69.43
2026-01,FR,Refund - subscription,P12M,23,-1290.71,-215.09,-1075.52,0.0
2026-01,FR,Refund - subscription,P1M,20,-327.95,-54.65,-273.25,0.0
2026-01,FR,Refund - subscription,P3M,7,-221.27,-36.89,-184.38,0.0
2026-01,FR,Refund - token pack,TP100,5,-58.55,-9.75,-48.8,0.0
2026-01,FR,Refund - token pack,TP275,3,-87.87,-14.64,-73.23,0.0
2026-01,FR,Renewal,P12M,143,10021.58,1670.29,8351.31,554.8
2026-01,FR,Renewal,P1M,1226,20101.85,3350.27,16751.53,1430.1
2026-01,FR,Renewal,P3M,162,5212.06,868.66,4343.3,322.39
2026-01,FR,Token pack,TP100,322,3770.05,628.34,3141.73,287.33
2026-01,FR,Token pack,TP1300,61,7148.47,1191.37,5957.06,364.17
2026-01,FR,Token pack,TP275,182,5330.47,888.41,4442.04,317.3
2026-01,FR,Token pack,TP2800,44,10313.12,1718.78,8594.22,524.24
2026-01,FR,Token pack,TP4500,22,7734.97,1289.19,6445.78,375.47
2026-01,FR,Token pack,TP600,103,6034.56,1005.7,5028.77,330.24
2026-01,GB,Chargeback,P12M,1,-64.06,-10.68,-53.39,25.0
2026-01,GB,Chargeback,P1M,7,-131.04,-21.84,-109.2,175.0
2026-01,GB,Chargeback,P3M,2,-72.18,-12.02,-60.14,50.0
2026-01,GB,New subscription,P12M,384,24747.43,4124.59,20622.91,1305.21
2026-01,GB,New subscription,P1M,439,8266.65,1377.72,6888.85,566.38
2026-01,GB,New subscription,P3M,155,5626.72,937.75,4688.97,329.5
2026-01,GB,Reactivation,P12M,92,5929.11,988.12,4940.95,331.91
2026-01,GB,Reactivation,P1M,86,1619.38,269.95,1349.51,111.45
2026-01,GB,Reactivation,P3M,39,1415.71,235.95,1179.76,91.53
2026-01,GB,Refund - subscription,P12M,19,-1224.5,-204.07,-1020.44,0.0
2026-01,GB,Refund - subscription,P1M,28,-527.25,-87.9,-439.34,0.0
2026-01,GB,Refund - subscription,P3M,10,-363.0,-60.5,-302.5,0.0
2026-01,GB,Refund - token pack,TP100,3,-40.35,-6.72,-33.63,0.0
2026-01,GB,Refund - token pack,TP275,1,-33.64,-5.61,-28.03,0.0
2026-01,GB,Refund - token pack,TP600,1,-67.29,-11.21,-56.07,0.0
2026-01,GB,Renewal,P12M,121,10317.74,1719.64,8598.13,563.42
2026-01,GB,Renewal,P1M,1051,19790.91,3298.49,16492.42,1363.68
2026-01,GB,Renewal,P3M,192,7155.66,1192.58,5963.04,436.5
2026-01,GB,Token pack,TP100,305,4101.22,683.53,3417.65,305.74
2026-01,GB,Token pack,TP1300,63,8478.97,1413.1,7065.86,448.23
2026-01,GB,Token pack,TP275,148,4978.23,829.71,4148.44,296.74
2026-01,GB,Token pack,TP2800,36,9690.74,1615.08,8075.56,534.52
2026-01,GB,Token pack,TP4500,20,8075.76,1346.0,6729.8,401.7
2026-01,GB,Token pack,TP600,98,6594.11,1099.0,5495.08,354.34
2026-01,IN,Chargeback,P1M,1,-13.99,-2.13,-11.86,25.0
2026-01,IN,New subscription,P12M,202,9671.76,1475.35,8196.41,567.28
2026-01,IN,New subscription,P1M,143,2000.57,305.18,1695.39,148.13
2026-01,IN,New subscription,P3M,55,1483.35,226.25,1257.1,91.88
2026-01,IN,Reactivation,P12M,36,1723.68,262.91,1460.77,87.23
2026-01,IN,Reactivation,P1M,34,475.66,72.5,403.16,36.9
2026-01,IN,Reactivation,P3M,9,242.73,37.0,205.73,15.76
2026-01,IN,Refund - subscription,P12M,7,-335.16,-51.11,-284.05,0.0
2026-01,IN,Refund - subscription,P1M,5,-69.95,-10.65,-59.3,0.0
2026-01,IN,Refund - subscription,P3M,3,-80.91,-12.34,-68.57,0.0
2026-01,IN,Refund - token pack,TP100,4,-39.96,-6.08,-33.88,0.0
2026-01,IN,Refund - token pack,TP275,1,-24.99,-3.81,-21.18,0.0
2026-01,IN,Renewal,P12M,34,2227.92,339.81,1888.11,136.83
2026-01,IN,Renewal,P1M,271,3791.29,578.31,3212.98,279.07
2026-01,IN,Renewal,P3M,46,1279.62,195.17,1084.45,82.63
2026-01,IN,Token pack,TP100,55,549.45,83.79,465.66,45.0
2026-01,IN,Token pack,TP1300,14,1399.86,213.53,1186.33,64.2
2026-01,IN,Token pack,TP275,34,849.66,129.59,720.07,52.62
2026-01,IN,Token pack,TP2800,11,2199.89,335.58,1864.31,126.0
2026-01,IN,Token pack,TP4500,7,2099.93,320.32,1779.61,86.7
2026-01,IN,Token pack,TP600,17,849.83,129.67,720.16,51.0
2026-01,IT,Chargeback,P1M,3,-49.14,-8.85,-40.29,75.0
2026-01,IT,New subscription,P12M,206,11559.76,2084.56,9475.2,632.66
2026-01,IT,New subscription,P1M,234,3836.75,691.86,3144.95,269.8
2026-01,IT,New subscription,P3M,94,2971.28,535.8,2435.48,180.22
2026-01,IT,Reactivation,P12M,44,2469.13,445.27,2023.86,151.22
2026-01,IT,Reactivation,P1M,55,901.81,162.61,739.2,66.8
2026-01,IT,Reactivation,P3M,10,316.1,57.0,259.1,19.28
2026-01,IT,Refund - subscription,P12M,9,-505.06,-91.08,-413.98,0.0
2026-01,IT,Refund - subscription,P1M,8,-131.17,-23.65,-107.52,0.0
2026-01,IT,Refund - subscription,P3M,1,-31.61,-5.7,-25.91,0.0
2026-01,IT,Refund - token pack,TP100,2,-23.42,-4.22,-19.19,0.0
2026-01,IT,Refund - token pack,TP1300,1,-117.19,-21.13,-96.06,0.0
2026-01,IT,Refund - token pack,TP4500,2,-703.18,-126.8,-576.38,0.0
2026-01,IT,Renewal,P12M,60,4267.04,769.44,3497.58,250.52
2026-01,IT,Renewal,P1M,465,7624.28,1374.84,6249.33,547.89
2026-01,IT,Renewal,P3M,88,2830.82,510.44,2320.38,173.46
2026-01,IT,Token pack,TP100,113,1322.99,238.6,1084.42,97.61
2026-01,IT,Token pack,TP1300,27,3164.12,570.52,2593.54,178.48
2026-01,IT,Token pack,TP275,63,1845.18,332.69,1512.43,114.37
2026-01,IT,Token pack,TP2800,13,3047.07,549.5,2497.56,152.68
2026-01,IT,Token pack,TP4500,6,2109.54,380.4,1729.14,89.3
2026-01,IT,Token pack,TP600,38,2226.38,401.56,1824.85,124.94
2026-01,JP,Chargeback,P1M,2,-27.98,-2.54,-25.44,50.0
2026-01,JP,New subscription,P12M,126,6032.88,548.45,5484.43,335.98
2026-01,JP,New subscription,P1M,145,2028.55,184.41,1844.14,149.49
2026-01,JP,New subscription,P3M,47,1267.59,115.19,1152.4,84.13
2026-01,JP,Reactivation,P12M,24,1149.12,104.48,1044.64,73.7
2026-01,JP,Reactivation,P1M,23,321.77,29.23,292.54,24.36
2026-01,JP,Reactivation,P3M,9,242.73,22.05,220.68,17.28
2026-01,JP,Refund - subscription,P12M,4,-191.52,-17.4,-174.12,0.0
2026-01,JP,Refund - subscription,P1M,8,-111.92,-10.16,-101.76,0.0
2026-01,JP,Refund - subscription,P3M,2,-53.94,-4.9,-49.04,0.0
2026-01,JP,Refund - token pack,TP100,1,-9.99,-0.91,-9.08,0.0
2026-01,JP,Refund - token pack,TP275,1,-24.99,-2.27,-22.72,0.0
2026-01,JP,Renewal,P12M,36,2131.68,193.74,1937.94,135.14
2026-01,JP,Renewal,P1M,265,3707.35,337.01,3370.34,283.34
2026-01,JP,Renewal,P3M,51,1390.47,126.39,1264.08,88.12
2026-01,JP,Token pack,TP100,75,749.25,68.12,681.13,60.75
2026-01,JP,Token pack,TP1300,18,1799.82,163.62,1636.2,113.4
2026-01,JP,Token pack,TP275,40,999.6,90.84,908.76,63.42
2026-01,JP,Token pack,TP2800,6,1199.94,109.08,1090.86,73.8
2026-01,JP,Token pack,TP4500,6,1799.94,163.62,1636.32,96.0
2026-01,JP,Token pack,TP600,16,799.84,72.68,727.16,47.7
2026-01,MX,Chargeback,P3M,1,-26.97,-3.72,-23.25,25.0
2026-01,MX,New subscription,P12M,210,10054.8,1386.83,8667.97,555.84
2026-01,MX,New subscription,P1M,186,2602.14,358.98,2243.16,188.75
2026-01,MX,New subscription,P3M,69,1860.93,256.68,1604.25,123.25
2026-01,MX,Reactivation,P12M,42,2010.96,277.35,1733.61,106.27
2026-01,MX,Reactivation,P1M,32,447.68,61.76,385.92,35.55
2026-01,MX,Reactivation,P3M,14,377.58,52.08,325.5,23.84
2026-01,MX,Refund - subscription,P12M,8,-383.04,-52.81,-330.23,0.0
2026-01,MX,Refund - subscription,P1M,9,-125.91,-17.37,-108.54,0.0
2026-01,MX,Refund - subscription,P3M,3,-80.91,-11.16,-69.75,0.0
2026-01,MX,Refund - token pack,TP100,2,-19.98,-2.76,-17.22,0.0
2026-01,MX,Renewal,P12M,46,2802.48,386.48,2416.0,171.06
2026-01,MX,Renewal,P1M,313,4378.87,604.07,3774.8,335.23
2026-01,MX,Renewal,P3M,52,1441.44,198.78,1242.66,95.93
2026-01,MX,Token pack,TP100,48,479.52,66.15,413.37,35.7
2026-01,MX,Token pack,TP1300,15,1499.85,206.85,1293.0,75.3
2026-01,MX,Token pack,TP275,38,949.62,131.0,818.62,56.96
2026-01,MX,Token pack,TP2800,8,1599.92,220.64,1379.28,89.1
2026-01,MX,Token pack,TP4500,3,899.97,124.14,775.83,54.9
2026-01,MX,Token pack,TP600,11,549.89,75.88,474.01,33.75
2026-01,NL,Chargeback,P12M,1,-56.07,-9.73,-46.34,25.0
2026-01,NL,Chargeback,P1M,1,-16.38,-2.84,-13.54,25.0
2026-01,NL,Chargeback,P3M,1,-31.58,-5.48,-26.1,25.0
2026-01,NL,New subscription,P12M,163,9146.82,1587.49,7559.36,513.44
2026-01,NL,New subscription,P1M,193,3164.51,549.2,2615.23,219.48
2026-01,NL,New subscription,P3M,54,1706.94,296.26,1410.65,101.52
2026-01,NL,Reactivation,P12M,25,1402.95,243.5,1159.45,78.17
2026-01,NL,Reactivation,P1M,42,688.69,119.57,569.1,47.51
2026-01,NL,Reactivation,P3M,5,158.05,27.45,130.6,10.45
2026-01,NL,Refund - subscription,P12M,3,-168.36,-29.22,-139.14,0.0
2026-01,NL,Refund - subscription,P1M,11,-180.37,-31.32,-149.05,0.0
2026-01,NL,Refund - subscription,P3M,1,-31.61,-5.49,-26.12,0.0
2026-01,NL,Refund - token pack,TP275,1,-29.29,-5.08,-24.21,0.0
2026-01,NL,Renewal,P12M,49,3537.25,613.9,2923.37,187.57
2026-01,NL,Renewal,P1M,417,6837.24,1186.61,5650.64,489.82
2026-01,NL,Renewal,P3M,62,2001.97,347.47,1654.51,121.58
2026-01,NL,Token pack,TP100,107,1252.77,217.42,1035.38,97.35
2026-01,NL,Token pack,TP1300,23,2695.35,467.81,2227.55,146.26
2026-01,NL,Token pack,TP275,50,1464.41,254.17,1210.31,93.44
2026-01,NL,Token pack,TP2800,9,2109.51,366.12,1743.39,109.44
2026-01,NL,Token pack,TP4500,7,2461.13,427.14,2033.99,137.82
2026-01,NL,Token pack,TP600,26,1523.32,264.4,1258.92,87.46
2026-01,PL,Chargeback,P12M,3,-168.21,-31.44,-136.74,75.0
2026-01,PL,Chargeback,P1M,3,-49.14,-9.18,-39.96,75.0
2026-01,PL,New subscription,P12M,138,7743.96,1448.1,6295.83,417.13
2026-01,PL,New subscription,P1M,148,2426.66,453.74,1972.84,174.2
2026-01,PL,New subscription,P3M,65,2054.61,384.15,1670.38,126.08
2026-01,PL,Reactivation,P12M,36,2020.21,377.75,1642.36,118.53
2026-01,PL,Reactivation,P1M,34,557.5,104.27,453.22,41.52
2026-01,PL,Reactivation,P3M,9,284.49,53.19,231.3,18.81
2026-01,PL,Refund - subscription,P12M,5,-280.6,-52.45,-228.1,0.0
2026-01,PL,Refund - subscription,P1M,6,-98.39,-18.4,-79.98,0.0
2026-01,PL,Refund - subscription,P3M,1,-31.61,-5.91,-25.7,0.0
2026-01,PL,Refund - token pack,TP275,1,-29.29,-5.48,-23.81,0.0
2026-01,PL,Refund - token pack,TP2800,1,-234.39,-43.83,-190.56,0.0
2026-01,PL,Refund - token pack,TP600,1,-58.59,-10.96,-47.63,0.0
2026-01,PL,Renewal,P12M,46,3453.25,645.71,2807.53,194.86
2026-01,PL,Renewal,P1M,310,5082.86,950.47,4132.32,365.93
2026-01,PL,Renewal,P3M,51,1650.73,308.67,1342.09,102.2
2026-01,PL,Token pack,TP100,69,807.87,151.11,656.86,62.04
2026-01,PL,Token pack,TP1300,10,1171.9,219.1,952.8,68.0
2026-01,PL,Token pack,TP275,41,1200.85,224.53,976.21,74.28
2026-01,PL,Token pack,TP2800,11,2578.28,482.13,2096.16,135.92
2026-01,PL,Token pack,TP4500,3,1054.77,197.22,857.52,59.07
2026-01,PL,Token pack,TP600,27,1581.9,295.86,1286.07,80.25
2026-01,ROW,Chargeback,P12M,5,-239.4,-11.4,-228.0,125.0
2026-01,ROW,Chargeback,P1M,6,-83.94,-4.02,-79.92,150.0
2026-01,ROW,Chargeback,P3M,5,-137.85,-6.56,-131.29,125.0
2026-01,ROW,New subscription,P12M,651,31169.88,1484.28,29685.6,1793.03
2026-01,ROW,New subscription,P1M,529,7400.71,352.44,7048.27,539.51
2026-01,ROW,New subscription,P3M,238,6418.86,305.67,6113.19,391.44
2026-01,ROW,Reactivation,P12M,144,6894.72,328.32,6566.4,415.18
2026-01,ROW,Reactivation,P1M,93,1301.07,61.94,1239.13,93.93
2026-01,ROW,Reactivation,P3M,44,1186.68,56.46,1130.22,75.33
2026-01,ROW,Refund - subscription,P12M,18,-861.84,-41.04,-820.8,0.0
2026-01,ROW,Refund - subscription,P1M,20,-279.8,-13.34,-266.46,0.0
2026-01,ROW,Refund - subscription,P3M,7,-188.79,-8.97,-179.82,0.0
2026-01,ROW,Refund - token pack,TP100,1,-9.99,-0.48,-9.51,0.0
2026-01,ROW,Refund - token pack,TP275,3,-74.97,-3.57,-71.4,0.0
2026-01,ROW,Refund - token pack,TP2800,2,-399.98,-19.04,-380.94,0.0
2026-01,ROW,Refund - token pack,TP600,2,-99.98,-4.76,-95.22,0.0
2026-01,ROW,Renewal,P12M,136,8647.68,411.79,8235.89,509.87
2026-01,ROW,Renewal,P1M,985,13780.15,656.21,13123.94,1043.3
2026-01,ROW,Renewal,P3M,187,5139.39,244.75,4894.64,335.16
2026-01,ROW,Token pack,TP100,183,1828.17,87.06,1741.11,142.92
2026-01,ROW,Token pack,TP1300,36,3599.64,171.36,3428.28,207.6
2026-01,ROW,Token pack,TP275,104,2598.96,123.76,2475.2,161.51
2026-01,ROW,Token pack,TP2800,31,6199.69,295.22,5904.47,334.8
2026-01,ROW,Token pack,TP4500,19,5699.81,271.47,5428.34,306.3
2026-01,ROW,Token pack,TP600,67,3349.33,159.46,3189.87,187.95
2026-01,SE,Chargeback,P12M,1,-56.07,-11.21,-44.85,25.0
2026-01,SE,New subscription,P12M,96,5387.11,1077.45,4309.62,298.75
2026-01,SE,New subscription,P1M,99,1623.26,324.7,1298.59,118.93
2026-01,SE,New subscription,P3M,43,1359.22,271.8,1087.37,83.37
2026-01,SE,Reactivation,P12M,22,1234.57,246.9,987.59,67.82
2026-01,SE,Reactivation,P1M,27,442.72,88.56,354.16,31.77
2026-01,SE,Reactivation,P3M,6,189.66,37.92,151.74,12.54
2026-01,SE,Refund - subscription,P12M,4,-224.47,-44.89,-179.56,0.0
2026-01,SE,Refund - subscription,P1M,5,-82.0,-16.4,-65.6,0.0
2026-01,SE,Refund - subscription,P3M,2,-63.22,-12.64,-50.58,0.0
2026-01,SE,Refund - token pack,TP2800,1,-234.39,-46.88,-187.51,0.0
2026-01,SE,Refund - token pack,TP600,1,-58.59,-11.72,-46.87,0.0
2026-01,SE,Renewal,P12M,34,2442.34,488.46,1953.83,135.06
2026-01,SE,Renewal,P1M,249,4082.7,816.52,3266.13,288.58
2026-01,SE,Renewal,P3M,40,1288.97,257.78,1031.2,75.21
2026-01,SE,Token pack,TP100,64,749.35,149.81,599.48,57.06
2026-01,SE,Token pack,TP1300,11,1289.09,257.84,1031.25,69.76
2026-01,SE,Token pack,TP275,23,673.67,134.78,538.89,42.04
2026-01,SE,Token pack,TP2800,7,1640.72,328.15,1312.57,82.96
2026-01,SE,Token pack,TP4500,4,1406.36,281.28,1125.08,64.34
2026-01,SE,Token pack,TP600,20,1171.78,234.38,937.4,71.42
2026-01,US,Chargeback,P12M,16,-790.08,-44.72,-745.36,400.0
2026-01,US,Chargeback,P1M,33,-461.67,-26.12,-435.55,825.0
2026-01,US,Chargeback,P3M,9,-245.73,-13.93,-231.8,225.0
2026-01,US,New subscription,P12M,2180,104378.4,5908.17,98470.23,6123.86
2026-01,US,New subscription,P1M,2360,33016.4,1868.86,31147.54,2525.39
2026-01,US,New subscription,P3M,889,23976.33,1357.14,22619.19,1549.38
2026-01,US,Reactivation,P12M,470,22503.6,1273.7,21229.9,1380.73
2026-01,US,Reactivation,P1M,492,6883.08,389.6,6493.48,535.48
2026-01,US,Reactivation,P3M,186,5016.42,283.96,4732.46,340.15
2026-01,US,Refund - subscription,P12M,117,-5601.96,-317.07,-5284.89,0.0
2026-01,US,Refund - subscription,P1M,108,-1510.92,-85.54,-1425.38,0.0
2026-01,US,Refund - subscription,P3M,33,-890.01,-50.4,-839.61,0.0
2026-01,US,Refund - token pack,TP100,15,-149.85,-8.53,-141.32,0.0
2026-01,US,Refund - token pack,TP1300,5,-499.95,-28.3,-471.65,0.0
2026-01,US,Refund - token pack,TP275,9,-224.91,-12.7,-212.21,0.0
2026-01,US,Refund - token pack,TP2800,5,-999.95,-56.6,-943.35,0.0
2026-01,US,Refund - token pack,TP600,6,-299.94,-16.98,-282.96,0.0
2026-01,US,Renewal,P12M,621,38733.48,2192.44,36541.04,2266.54
2026-01,US,Renewal,P1M,5239,73293.61,4148.7,69144.91,5546.39
2026-01,US,Renewal,P3M,867,23946.99,1355.46,22591.53,1542.04
2026-01,US,Token pack,TP100,1531,15294.69,865.72,14428.97,1245.04
2026-01,US,Token pack,TP1300,327,32696.73,1850.82,30845.91,1896.72
2026-01,US,Token pack,TP275,823,20566.77,1164.17,19402.6,1355.57
2026-01,US,Token pack,TP2800,206,41197.94,2331.92,38866.02,2301.25
2026-01,US,Token pack,TP4500,118,35398.82,2003.64,33395.18,2049.0
2026-01,US,Token pack,TP600,505,25244.95,1428.9,23816.05,1520.84
2026-02,AU,Chargeback,P12M,2,-95.76,-8.7,-87.06,45.0
2026-02,AU,Chargeback,P1M,2,-27.98,-2.54,-25.44,50.0
2026-02,AU,Chargeback,P3M,1,-26.97,-2.45,-24.52,20.0
2026-02,AU,New subscription,P12M,252,12065.76,1096.86,10968.9,663.09
2026-02,AU,New subscription,P1M,297,4155.03,377.73,3777.3,298.66
2026-02,AU,New subscription,P3M,92,2481.24,225.57,2255.67,150.01
2026-02,AU,Reactivation,P12M,70,3351.6,304.72,3046.88,197.36
2026-02,AU,Reactivation,P1M,70,979.3,89.04,890.26,72.5
2026-02,AU,Reactivation,P3M,21,566.37,51.47,514.9,35.8
2026-02,AU,Refund - subscription,P12M,7,-335.16,-30.46,-304.7,0.0
2026-02,AU,Refund - subscription,P1M,10,-139.9,-12.71,-127.19,0.0
2026-02,AU,Refund - subscription,P3M,3,-80.91,-7.35,-73.56,0.0
2026-02,AU,Refund - token pack,TP100,3,-29.97,-2.73,-27.24,0.0
2026-02,AU,Refund - token pack,TP275,1,-24.99,-2.27,-22.72,0.0
2026-02,AU,Refund - token pack,TP600,1,-49.99,-4.54,-45.45,0.0
2026-02,AU,Renewal,P12M,71,4479.48,407.2,4072.28,254.4
2026-02,AU,Renewal,P1M,637,8911.63,810.16,8101.47,641.89
2026-02,AU,Renewal,P3M,111,3068.67,279.0,2789.67,184.43
2026-02,AU,Token pack,TP100,229,2287.71,207.95,2079.76,178.3
2026-02,AU,Token pack,TP1300,30,2999.7,272.7,2727.0,173.9
2026-02,AU,Token pack,TP275,82,2049.18,186.32,1862.86,126.03
2026-02,AU,Token pack,TP2800,24,4799.76,436.32,4363.44,242.6
2026-02,AU,Token pack,TP4500,17,5099.83,463.59,4636.24,291.3
2026-02,AU,Token pack,TP600,56,2799.44,254.46,2544.98,158.9
2026-02,BR,Chargeback,P12M,1,-47.88,-2.28,-45.6,25.0
2026-02,BR,Chargeback,P1M,1,-13.99,-0.67,-13.32,25.0
2026-02,BR,Chargeback,P3M,1,-26.97,-1.28,-25.69,25.0
2026-02,BR,New subscription,P12M,291,13933.08,663.48,13269.6,756.68
2026-02,BR,New subscription,P1M,206,2881.94,137.22,2744.72,207.33
2026-02,BR,New subscription,P3M,103,2777.91,132.25,2645.66,170.19
2026-02,BR,Reactivation,P12M,67,3207.96,152.76,3055.2,182.6
2026-02,BR,Reactivation,P1M,42,587.58,28.01,559.57,41.82
2026-02,BR,Reactivation,P3M,21,566.37,26.93,539.44,33.36
2026-02,BR,Refund - subscription,P12M,13,-622.44,-29.64,-592.8,0.0
2026-02,BR,Refund - subscription,P1M,11,-153.89,-7.36,-146.53,0.0
2026-02,BR,Refund - subscription,P3M,2,-53.94,-2.56,-51.38,0.0
2026-02,BR,Refund - token pack,TP100,3,-29.97,-1.44,-28.53,0.0
2026-02,BR,Refund - token pack,TP275,1,-24.99,-1.19,-23.8,0.0
2026-02,BR,Refund - token pack,TP600,1,-49.99,-2.38,-47.61,0.0
2026-02,BR,Renewal,P12M,59,3760.92,179.1,3581.82,214.01
2026-02,BR,Renewal,P1M,431,6029.69,287.15,5742.54,427.21
2026-02,BR,Renewal,P3M,97,2670.09,127.13,2542.96,166.08
2026-02,BR,Token pack,TP100,102,1018.98,48.53,970.45,71.6
2026-02,BR,Token pack,TP1300,22,2199.78,104.72,2095.06,112.8
2026-02,BR,Token pack,TP275,44,1099.56,52.36,1047.2,64.47
2026-02,BR,Token pack,TP2800,20,3999.8,190.46,3809.34,214.7
2026-02,BR,Token pack,TP4500,10,2999.9,142.88,2857.02,142.2
2026-02,BR,Token pack,TP600,30,1499.7,71.4,1428.3,76.95
2026-02,CA,Chargeback,P1M,5,-69.95,-8.05,-61.9,120.0
2026-02,CA,Chargeback,P3M,1,-26.97,-3.1,-23.87,25.0
2026-02,CA,New subscription,P12M,330,15800.4,1817.73,13982.67,858.86
2026-02,CA,New subscription,P1M,321,4490.79,516.61,3974.18,328.19
2026-02,CA,New subscription,P3M,137,3694.89,425.09,3269.8,231.21
2026-02,CA,Reactivation,P12M,95,4548.6,523.28,4025.32,267.56
2026-02,CA,Reactivation,P1M,81,1133.19,130.41,1002.78,80.84
2026-02,CA,Reactivation,P3M,20,539.4,62.04,477.36,34.17
2026-02,CA,Refund - subscription,P12M,17,-813.96,-93.66,-720.3,0.0
2026-02,CA,Refund - subscription,P1M,12,-167.88,-19.32,-148.56,0.0
2026-02,CA,Refund - subscription,P3M,6,-161.82,-18.61,-143.21,0.0
2026-02,CA,Refund - token pack,TP100,2,-19.98,-2.3,-17.68,0.0
2026-02,CA,Refund - token pack,TP275,4,-99.96,-11.48,-88.48,0.0
2026-02,CA,Refund - token pack,TP600,1,-49.99,-5.75,-44.24,0.0
2026-02,CA,Renewal,P12M,120,7353.6,846.02,6507.58,417.86
2026-02,CA,Renewal,P1M,807,11289.93,1298.85,9991.08,815.79
2026-02,CA,Renewal,P3M,171,4728.87,544.02,4184.85,294.03
2026-02,CA,Token pack,TP100,276,2757.24,317.17,2440.07,215.7
2026-02,CA,Token pack,TP1300,50,4999.5,575.14,4424.36,256.0
2026-02,CA,Token pack,TP275,117,2923.83,336.3,2587.53,185.74
2026-02,CA,Token pack,TP2800,32,6399.68,736.3,5663.38,343.7
2026-02,CA,Token pack,TP4500,26,7799.74,897.27,6902.47,446.1
2026-02,CA,Token pack,TP600,89,4449.11,511.82,3937.29,255.75
2026-02,CH,Chargeback,P1M,1,-16.4,-1.23,-15.17,25.0
2026-02,CH,New subscription,P12M,119,6723.34,503.77,6219.48,337.51
2026-02,CH,New subscription,P1M,99,1634.32,122.42,1511.8,101.77
2026-02,CH,New subscription,P3M,50,1591.19,119.19,1472.0,93.78
2026-02,CH,Reactivation,P12M,25,1412.5,105.82,1306.57,82.28
2026-02,CH,Reactivation,P1M,19,313.69,23.54,290.13,21.88
2026-02,CH,Reactivation,P3M,6,190.92,14.28,176.64,11.88
2026-02,CH,Refund - subscription,P12M,4,-226.0,-16.92,-209.04,0.0
2026-02,CH,Refund - subscription,P1M,4,-66.04,-4.95,-61.08,0.0
2026-02,CH,Refund - token pack,TP100,2,-23.58,-1.76,-21.8,0.0
2026-02,CH,Refund - token pack,TP275,1,-29.49,-2.21,-27.28,0.0
2026-02,CH,Refund - token pack,TP600,1,-58.99,-4.42,-54.57,0.0
2026-02,CH,Renewal,P12M,24,1752.48,131.31,1621.12,96.37
2026-02,CH,Renewal,P1M,254,4193.1,314.2,3878.88,292.74
2026-02,CH,Renewal,P3M,54,1746.81,130.84,1615.92,102.72
2026-02,CH,Token pack,TP100,87,1025.54,76.84,948.66,72.45
2026-02,CH,Token pack,TP1300,22,2595.77,194.48,2401.25,140.09
2026-02,CH,Token pack,TP275,47,1385.95,103.87,1282.14,84.88
2026-02,CH,Token pack,TP2800,13,3067.87,229.86,2838.01,170.35
2026-02,CH,Token pack,TP4500,11,3893.89,291.72,3602.06,200.66
2026-02,CH,Token pack,TP600,29,1710.7,128.18,1582.52,88.65
2026-02,DE,Chargeback,P12M,3,-168.36,-26.88,-141.48,75.0
2026-02,DE,Chargeback,P1M,7,-114.8,-18.34,-96.46,155.0
2026-02,DE,Chargeback,P3M,1,-31.61,-5.05,-26.56,25.0
2026-02,DE,New subscription,P12M,492,27797.2,4438.22,23359.02,1440.19
2026-02,DE,New subscription,P1M,547,9030.0,1441.75,7588.2,617.8
2026-02,DE,New subscription,P3M,200,6364.91,1016.25,5348.68,360.67
2026-02,DE,Reactivation,P12M,122,6892.8,1100.48,5792.29,372.67
2026-02,DE,Reactivation,P1M,143,2360.65,376.88,1983.71,167.54
2026-02,DE,Reactivation,P3M,33,1050.15,167.64,882.5,59.28
2026-02,DE,Refund - subscription,P12M,17,-960.49,-153.34,-807.15,0.0
2026-02,DE,Refund - subscription,P1M,28,-462.26,-73.84,-388.38,0.0
2026-02,DE,Refund - subscription,P3M,6,-190.94,-30.48,-160.46,0.0
2026-02,DE,Refund - token pack,TP100,8,-94.32,-15.04,-79.27,0.0
2026-02,DE,Refund - token pack,TP275,2,-58.98,-9.42,-49.56,0.0
2026-02,DE,Refund - token pack,TP2800,1,-235.99,-37.68,-198.31,0.0
2026-02,DE,Refund - token pack,TP600,2,-117.98,-18.84,-99.14,0.0
2026-02,DE,Renewal,P12M,165,12210.87,1949.64,10261.22,664.87
2026-02,DE,Renewal,P1M,1402,23144.51,3695.36,19449.18,1595.28
2026-02,DE,Renewal,P3M,243,7878.51,1257.92,6620.61,455.61
2026-02,DE,Token pack,TP100,454,5351.84,854.5,4497.34,400.74
2026-02,DE,Token pack,TP1300,79,9321.04,1488.29,7832.85,456.97
2026-02,DE,Token pack,TP275,182,5366.83,856.87,4509.96,322.38
2026-02,DE,Token pack,TP2800,48,11327.44,1808.64,9518.88,583.06
2026-02,DE,Token pack,TP4500,30,10619.66,1695.6,8924.1,554.71
2026-02,DE,Token pack,TP600,144,8494.32,1356.24,7138.08,466.88
2026-02,ES,Chargeback,P12M,2,-112.24,-19.48,-92.76,45.0
2026-02,ES,Chargeback,P1M,5,-82.0,-14.25,-67.75,115.0
2026-02,ES,Chargeback,P3M,1,-31.61,-5.49,-26.12,25.0
2026-02,ES,New subscription,P12M,203,11469.18,1990.51,9478.66,585.06
2026-02,ES,New subscription,P1M,209,3450.2,598.86,2851.44,237.59
2026-02,ES,New subscription,P3M,88,2800.53,486.05,2314.5,163.31
2026-02,ES,Reactivation,P12M,45,2542.49,441.3,2101.19,133.02
2026-02,ES,Reactivation,P1M,40,660.35,114.66,545.73,47.25
2026-02,ES,Reactivation,P3M,20,636.44,110.44,526.0,38.46
2026-02,ES,Refund - subscription,P12M,10,-565.0,-98.08,-466.92,0.0
2026-02,ES,Refund - subscription,P1M,12,-198.1,-34.4,-163.71,0.0
2026-02,ES,Refund - subscription,P3M,2,-63.64,-11.04,-52.6,0.0
2026-02,ES,Refund - token pack,TP100,1,-11.79,-2.05,-9.74,0.0
2026-02,ES,Refund - token pack,TP1300,1,-117.99,-20.48,-97.51,0.0
2026-02,ES,Refund - token pack,TP275,1,-29.49,-5.12,-24.37,0.0
2026-02,ES,Refund - token pack,TP600,1,-58.99,-10.24,-48.75,0.0
2026-02,ES,Renewal,P12M,60,4324.52,750.56,3573.93,238.8
2026-02,ES,Renewal,P1M,519,8567.72,1487.02,7080.77,593.54
2026-02,ES,Renewal,P3M,89,2885.42,500.75,2384.66,165.57
2026-02,ES,Token pack,TP100,130,1532.44,265.94,1266.51,111.49
2026-02,ES,Token pack,TP1300,36,4247.62,737.17,3510.36,211.26
2026-02,ES,Token pack,TP275,81,2388.5,414.53,1973.97,135.53
2026-02,ES,Token pack,TP2800,25,5899.72,1023.94,4875.75,239.26
2026-02,ES,Token pack,TP4500,11,3893.88,675.81,3218.06,167.97
2026-02,ES,Token pack,TP600,37,2182.61,378.86,1803.75,118.08
2026-02,FR,Chargeback,P12M,2,-140.36,-23.39,-116.96,45.0
2026-02,FR,Chargeback,P1M,7,-114.8,-19.11,-95.62,165.0
2026-02,FR,Chargeback,P3M,2,-66.73,-11.12,-55.61,45.0
2026-02,FR,New subscription,P12M,599,33842.55,5640.43,28202.11,1789.02
2026-02,FR,New subscription,P1M,596,9838.86,1639.82,8199.08,655.73
2026-02,FR,New subscription,P3M,247,7860.68,1310.11,6550.52,445.71
2026-02,FR,Reactivation,P12M,106,5988.85,998.17,4990.74,328.03
2026-02,FR,Reactivation,P1M,72,1188.59,198.08,990.48,84.27
2026-02,FR,Reactivation,P3M,39,1241.11,206.83,1034.28,73.49
2026-02,FR,Refund - subscription,P12M,22,-1242.99,-207.19,-1035.78,0.0
2026-02,FR,Refund - subscription,P1M,15,-247.64,-41.26,-206.37,0.0
2026-02,FR,Refund - subscription,P3M,5,-159.11,-26.51,-132.6,0.0
2026-02,FR,Refund - token pack,TP100,4,-47.16,-7.84,-39.28,0.0
2026-02,FR,Refund - token pack,TP1300,2,-235.98,-39.32,-196.64,0.0
2026-02,FR,Refund - token pack,TP275,5,-147.45,-24.56,-122.86,0.0
2026-02,FR,Refund - token pack,TP600,3,-176.97,-29.49,-147.48,0.0
2026-02,FR,Renewal,P12M,136,9751.13,1625.19,8125.95,502.93
2026-02,FR,Renewal,P1M,1317,21741.3,3623.57,18117.75,1492.59
2026-02,FR,Renewal,P3M,247,8027.09,1337.83,6689.16,476.48
2026-02,FR,Token pack,TP100,426,5021.79,836.97,4184.86,371.49
2026-02,FR,Token pack,TP1300,87,10264.94,1710.79,8554.12,549.22
2026-02,FR,Token pack,TP275,200,5897.64,982.93,4914.65,348.35
2026-02,FR,Token pack,TP2800,65,15339.23,2556.52,12782.71,718.15
2026-02,FR,Token pack,TP4500,27,9557.7,1592.97,7964.73,488.71
2026-02,FR,Token pack,TP600,129,7609.45,1268.3,6341.22,407.27
2026-02,GB,Chargeback,P12M,2,-128.9,-21.48,-107.42,40.0
2026-02,GB,Chargeback,P1M,5,-94.15,-15.7,-78.45,100.0
2026-02,GB,Chargeback,P3M,1,-36.3,-6.05,-30.25,25.0
2026-02,GB,New subscription,P12M,395,25569.84,4261.63,21308.19,1333.95
2026-02,GB,New subscription,P1M,386,7300.97,1216.81,6084.16,480.6
2026-02,GB,New subscription,P3M,160,5834.15,972.38,4861.8,334.5
2026-02,GB,Reactivation,P12M,104,6732.36,1122.07,5610.21,354.94
2026-02,GB,Reactivation,P1M,109,2061.66,343.58,1718.05,137.29
2026-02,GB,Reactivation,P3M,43,1567.9,261.33,1306.65,94.15
2026-02,GB,Refund - subscription,P12M,23,-1488.86,-248.17,-1240.69,0.0
2026-02,GB,Refund - subscription,P1M,18,-340.43,-56.72,-283.7,0.0
2026-02,GB,Refund - subscription,P3M,4,-145.85,-24.31,-121.55,0.0
2026-02,GB,Refund - token pack,TP100,5,-67.55,-11.25,-56.3,0.0
2026-02,GB,Refund - token pack,TP275,4,-135.14,-22.52,-112.62,0.0
2026-02,GB,Refund - token pack,TP2800,2,-540.78,-90.12,-450.64,0.0
2026-02,GB,Refund - token pack,TP600,1,-67.59,-11.26,-56.32,0.0
2026-02,GB,Renewal,P12M,165,13666.28,2277.7,11388.52,735.55
2026-02,GB,Renewal,P1M,1109,20976.16,3496.02,17480.13,1386.79
2026-02,GB,Renewal,P3M,206,7685.89,1280.94,6404.85,433.45
2026-02,GB,Token pack,TP100,317,4281.52,713.6,3567.94,304.44
2026-02,GB,Token pack,TP1300,74,10003.83,1667.26,8336.55,503.91
2026-02,GB,Token pack,TP275,179,6047.79,1007.98,5039.84,344.42
2026-02,GB,Token pack,TP2800,48,12978.57,2163.04,10815.45,689.87
2026-02,GB,Token pack,TP4500,12,4867.07,811.2,4055.88,240.4
2026-02,GB,Token pack,TP600,115,7772.47,1295.39,6477.04,397.88
2026-02,IN,Chargeback,P12M,2,-95.76,-14.6,-81.16,45.0
2026-02,IN,New subscription,P12M,167,7995.96,1219.71,6776.25,403.05
2026-02,IN,New subscription,P1M,134,1874.66,285.95,1588.71,125.46
2026-02,IN,New subscription,P3M,59,1591.23,242.72,1348.51,87.82
2026-02,IN,Reactivation,P12M,37,1771.56,270.2,1501.36,98.28
2026-02,IN,Reactivation,P1M,29,405.71,61.87,343.84,30.41
2026-02,IN,Reactivation,P3M,9,242.73,37.0,205.73,13.64
2026-02,IN,Refund - subscription,P12M,4,-191.52,-29.2,-162.32,0.0
2026-02,IN,Refund - subscription,P1M,4,-55.96,-8.52,-47.44,0.0
2026-02,IN,Refund - subscription,P3M,1,-26.97,-4.11,-22.86,0.0
2026-02,IN,Refund - token pack,TP100,3,-29.97,-4.56,-25.41,0.0
2026-02,IN,Refund - token pack,TP600,2,-99.98,-15.26,-84.72,0.0
2026-02,IN,Renewal,P12M,56,3521.28,537.08,2984.2,198.79
2026-02,IN,Renewal,P1M,298,4169.02,635.94,3533.08,295.67
2026-02,IN,Renewal,P3M,66,1822.02,277.92,1544.1,111.54
2026-02,IN,Token pack,TP100,70,699.3,106.65,592.65,53.85
2026-02,IN,Token pack,TP1300,14,1399.86,213.53,1186.33,69.4
2026-02,IN,Token pack,TP275,37,924.63,141.01,783.62,54.65
2026-02,IN,Token pack,TP2800,12,2399.88,366.1,2033.78,138.8
2026-02,IN,Token pack,TP4500,6,1799.94,274.56,1525.38,68.4
2026-02,IN,Token pack,TP600,22,1099.78,167.79,931.99,65.3
2026-02,IT,Chargeback,P12M,3,-168.36,-30.36,-138.0,65.0
2026-02,IT,Chargeback,P1M,4,-65.6,-11.84,-53.76,85.0
2026-02,IT,Chargeback,P3M,3,-98.34,-17.73,-80.61,70.0
2026-02,IT,New subscription,P12M,221,12486.17,2251.57,10234.51,646.03
2026-02,IT,New subscription,P1M,220,3631.84,654.95,2976.89,244.49
2026-02,IT,New subscription,P3M,100,3182.44,573.92,2608.58,172.54
2026-02,IT,Reactivation,P12M,43,2429.48,438.11,1991.33,138.79
2026-02,IT,Reactivation,P1M,39,643.86,116.09,527.68,45.14
2026-02,IT,Reactivation,P3M,13,413.69,74.62,339.14,26.34
2026-02,IT,Refund - subscription,P12M,14,-790.99,-142.65,-648.34,0.0
2026-02,IT,Refund - subscription,P1M,12,-198.11,-35.74,-162.36,0.0
2026-02,IT,Refund - subscription,P3M,5,-159.11,-28.7,-130.44,0.0
2026-02,IT,Refund - token pack,TP100,3,-35.37,-6.39,-28.98,0.0
2026-02,IT,Refund - token pack,TP275,4,-117.96,-21.28,-96.68,0.0
2026-02,IT,Refund - token pack,TP600,1,-58.99,-10.64,-48.35,0.0
2026-02,IT,Renewal,P12M,57,4126.71,744.17,3382.49,215.63
2026-02,IT,Renewal,P1M,511,8435.68,1521.18,6914.49,586.72
2026-02,IT,Renewal,P3M,114,3712.94,669.55,3043.41,210.02
2026-02,IT,Token pack,TP100,132,1556.05,280.58,1275.42,116.92
2026-02,IT,Token pack,TP1300,23,2713.76,489.37,2224.33,151.49
2026-02,IT,Token pack,TP275,67,1975.71,356.32,1619.39,122.37
2026-02,IT,Token pack,TP2800,17,4011.82,723.48,3288.35,194.3
2026-02,IT,Token pack,TP4500,7,2477.93,446.82,2031.06,122.05
2026-02,IT,Token pack,TP600,41,2418.54,436.12,1982.35,132.47
2026-02,JP,Chargeback,P12M,2,-95.76,-8.7,-87.06,45.0
2026-02,JP,Chargeback,P1M,3,-41.97,-3.81,-38.16,75.0
2026-02,JP,Chargeback,P3M,1,-26.97,-2.45,-24.52,25.0
2026-02,JP,New subscription,P12M,117,5601.96,509.28,5092.68,308.09
2026-02,JP,New subscription,P1M,132,1846.68,167.86,1678.82,131.83
2026-02,JP,New subscription,P3M,45,1213.65,110.32,1103.33,69.47
2026-02,JP,Reactivation,P12M,28,1340.64,121.89,1218.75,83.76
2026-02,JP,Reactivation,P1M,27,377.73,34.3,343.43,28.14
2026-02,JP,Reactivation,P3M,9,242.73,22.06,220.67,14.86
2026-02,JP,Refund - subscription,P12M,3,-143.64,-13.05,-130.59,0.0
2026-02,JP,Refund - subscription,P1M,7,-97.93,-8.9,-89.03,0.0
2026-02,JP,Refund - subscription,P3M,3,-80.91,-7.35,-73.56,0.0
2026-02,JP,Refund - token pack,TP275,2,-49.98,-4.54,-45.44,0.0
2026-02,JP,Renewal,P12M,32,1892.16,172.0,1720.16,98.86
2026-02,JP,Renewal,P1M,278,3889.22,353.55,3535.67,284.28
2026-02,JP,Renewal,P3M,54,1471.38,133.74,1337.64,94.58
2026-02,JP,Token pack,TP100,96,959.04,87.15,871.89,72.19
2026-02,JP,Token pack,TP1300,14,1399.86,127.26,1272.6,79.0
2026-02,JP,Token pack,TP275,53,1324.47,120.4,1204.07,78.17
2026-02,JP,Token pack,TP2800,11,2199.89,199.98,1999.91,117.2
2026-02,JP,Token pack,TP4500,6,1799.94,163.62,1636.32,96.0
2026-02,JP,Token pack,TP600,25,1249.75,113.57,1136.18,75.55
2026-02,MX,New subscription,P12M,246,11778.48,1624.57,10153.91,622.31
2026-02,MX,New subscription,P1M,151,2112.49,291.43,1821.06,148.51
2026-02,MX,New subscription,P3M,72,1941.84,267.84,1674.0,118.25
2026-02,MX,Reactivation,P12M,49,2346.12,323.56,2022.56,134.42
2026-02,MX,Reactivation,P1M,28,391.72,54.04,337.68,29.45
2026-02,MX,Reactivation,P3M,13,350.61,48.36,302.25,22.24
2026-02,MX,Refund - subscription,P12M,11,-526.68,-72.62,-454.06,0.0
2026-02,MX,Refund - subscription,P1M,4,-55.96,-7.72,-48.24,0.0
2026-02,MX,Refund - subscription,P3M,1,-26.97,-3.72,-23.25,0.0
2026-02,MX,Refund - token pack,TP100,3,-29.97,-4.14,-25.83,0.0
2026-02,MX,Refund - token pack,TP1300,1,-99.99,-13.79,-86.2,0.0
2026-02,MX,Renewal,P12M,59,3688.92,508.78,3180.14,206.27
2026-02,MX,Renewal,P1M,354,4952.46,683.15,4269.31,357.74
2026-02,MX,Renewal,P3M,75,2058.75,283.94,1774.81,124.63
2026-02,MX,Token pack,TP100,94,939.06,129.54,809.52,73.31
2026-02,MX,Token pack,TP1300,19,1899.81,262.03,1637.78,86.5
2026-02,MX,Token pack,TP275,38,949.62,130.99,818.63,58.2
2026-02,MX,Token pack,TP2800,10,1999.9,275.81,1724.09,118.6
2026-02,MX,Token pack,TP4500,9,2699.91,372.42,2327.49,102.9
2026-02,MX,Token pack,TP600,23,1149.77,158.64,991.13,55.3
2026-02,NL,Chargeback,P12M,1,-56.12,-9.74,-46.38,20.0
2026-02,NL,Chargeback,P1M,2,-32.8,-5.7,-27.1,45.0
2026-02,NL,New subscription,P12M,179,10113.22,1755.19,8358.02,514.96
2026-02,NL,New subscription,P1M,169,2789.87,484.24,2305.71,186.27
2026-02,NL,New subscription,P3M,63,2004.91,347.96,1656.96,113.61
2026-02,NL,Reactivation,P12M,34,1920.99,333.41,1587.58,108.08
2026-02,NL,Reactivation,P1M,27,445.75,77.42,368.33,32.09
2026-02,NL,Reactivation,P3M,24,763.73,132.53,631.2,48.24
2026-02,NL,Refund - subscription,P12M,12,-678.0,-117.69,-560.31,0.0
2026-02,NL,Refund - subscription,P1M,6,-99.06,-17.22,-81.84,0.0
2026-02,NL,Refund - token pack,TP100,2,-23.58,-4.1,-19.48,0.0
2026-02,NL,Refund - token pack,TP275,1,-29.49,-5.12,-24.37,0.0
2026-02,NL,Renewal,P12M,59,4296.33,745.68,3550.66,220.98
2026-02,NL,Renewal,P1M,438,7230.58,1254.94,5975.69,495.58
2026-02,NL,Renewal,P3M,87,2839.51,492.81,2346.73,166.59
2026-02,NL,Token pack,TP100,124,1461.72,253.68,1208.03,109.69
2026-02,NL,Token pack,TP1300,27,3185.69,552.9,2632.77,176.32
2026-02,NL,Token pack,TP275,85,2506.5,435.05,2071.45,154.27
2026-02,NL,Token pack,TP2800,22,5191.77,901.05,4290.67,284.46
2026-02,NL,Token pack,TP4500,7,2477.93,430.07,2047.85,132.22
2026-02,NL,Token pack,TP600,33,1946.66,337.91,1608.75,110.71
2026-02,PL,Chargeback,P1M,2,-32.8,-6.14,-26.66,50.0
2026-02,PL,Chargeback,P3M,1,-31.61,-5.91,-25.7,25.0
2026-02,PL,New subscription,P12M,138,7796.78,1457.91,6338.85,415.37
2026-02,PL,New subscription,P1M,147,2426.71,453.78,1972.98,162.79
2026-02,PL,New subscription,P3M,56,1782.11,333.21,1448.88,95.27
2026-02,PL,Reactivation,P12M,32,1808.0,338.0,1469.84,99.33
2026-02,PL,Reactivation,P1M,26,429.22,80.26,348.92,28.5
2026-02,PL,Reactivation,P3M,16,509.16,95.2,413.96,28.02
2026-02,PL,Refund - subscription,P12M,2,-113.0,-21.12,-91.86,0.0
2026-02,PL,Refund - subscription,P1M,11,-181.6,-33.98,-147.63,0.0
2026-02,PL,Refund - subscription,P3M,2,-63.64,-11.9,-51.74,0.0
2026-02,PL,Refund - token pack,TP100,2,-23.58,-4.4,-19.16,0.0
2026-02,PL,Refund - token pack,TP275,1,-29.49,-5.51,-23.97,0.0
2026-02,PL,Refund - token pack,TP600,2,-117.98,-22.06,-95.92,0.0
2026-02,PL,Renewal,P12M,40,3024.61,565.59,2459.01,159.3
2026-02,PL,Renewal,P1M,328,5414.69,1012.52,4402.2,377.26
2026-02,PL,Renewal,P3M,61,1987.28,371.56,1615.72,118.84
2026-02,PL,Token pack,TP100,107,1261.3,235.88,1025.5,90.76
2026-02,PL,Token pack,TP1300,22,2595.77,485.35,2110.43,127.16
2026-02,PL,Token pack,TP275,44,1297.5,242.6,1054.84,77.04
2026-02,PL,Token pack,TP2800,16,3775.84,706.08,3069.76,187.82
2026-02,PL,Token pack,TP4500,3,1061.97,198.57,863.4,57.29
2026-02,PL,Token pack,TP600,24,1415.76,264.72,1151.04,79.59
2026-02,ROW,Chargeback,P12M,4,-191.52,-9.12,-182.4,100.0
2026-02,ROW,Chargeback,P1M,7,-97.93,-4.69,-93.24,170.0
2026-02,ROW,Chargeback,P3M,2,-53.94,-2.56,-51.38,45.0
2026-02,ROW,New subscription,P12M,661,31648.68,1507.08,30141.6,1629.51
2026-02,ROW,New subscription,P1M,528,7386.72,351.78,7034.94,519.45
2026-02,ROW,New subscription,P3M,229,6176.13,294.1,5882.03,359.39
2026-02,ROW,Reactivation,P12M,152,7277.76,346.56,6931.2,426.87
2026-02,ROW,Reactivation,P1M,109,1524.91,72.61,1452.3,108.26
2026-02,ROW,Reactivation,P3M,53,1429.41,68.04,1361.37,92.68
2026-02,ROW,Refund - subscription,P12M,20,-957.6,-45.6,-912.0,0.0
2026-02,ROW,Refund - subscription,P1M,23,-321.77,-15.35,-306.42,0.0
2026-02,ROW,Refund - subscription,P3M,5,-134.85,-6.41,-128.44,0.0
2026-02,ROW,Refund - token pack,TP100,1,-9.99,-0.48,-9.51,0.0
2026-02,ROW,Refund - token pack,TP1300,2,-199.98,-9.52,-190.46,0.0
2026-02,ROW,Refund - token pack,TP275,3,-74.97,-3.57,-71.4,0.0
2026-02,ROW,Refund - token pack,TP4500,1,-299.99,-14.29,-285.7,0.0
2026-02,ROW,Refund - token pack,TP600,2,-99.98,-4.76,-95.22,0.0
2026-02,ROW,Renewal,P12M,166,10612.08,505.33,10106.75,586.32
2026-02,ROW,Renewal,P1M,1046,14633.54,696.84,13936.7,1051.29
2026-02,ROW,Renewal,P3M,252,6919.44,329.5,6589.94,408.88
2026-02,ROW,Token pack,TP100,232,2317.68,110.34,2207.34,180.67
2026-02,ROW,Token pack,TP1300,55,5499.45,261.82,5237.63,298.6
2026-02,ROW,Token pack,TP275,135,3373.65,160.65,3213.0,199.16
2026-02,ROW,Token pack,TP2800,40,7999.6,380.92,7618.68,420.8
2026-02,ROW,Token pack,TP4500,22,6599.78,314.34,6285.44,351.9
2026-02,ROW,Token pack,TP600,70,3499.3,166.6,3332.7,191.05
2026-02,SE,Chargeback,P12M,1,-56.12,-11.22,-44.89,20.0
2026-02,SE,Chargeback,P1M,1,-16.4,-3.28,-13.12,20.0
2026-02,SE,New subscription,P12M,103,5819.38,1163.9,4655.48,288.97
2026-02,SE,New subscription,P1M,94,1551.76,310.32,1241.41,101.36
2026-02,SE,New subscription,P3M,26,827.38,165.42,661.96,50.16
2026-02,SE,Reactivation,P12M,15,847.5,169.5,678.0,42.5
2026-02,SE,Reactivation,P1M,28,462.26,92.41,369.8,31.6
2026-02,SE,Reactivation,P3M,3,95.47,19.09,76.38,3.05
2026-02,SE,Refund - subscription,P12M,7,-395.5,-79.1,-316.4,0.0
2026-02,SE,Refund - subscription,P1M,4,-66.04,-13.2,-52.83,0.0
2026-02,SE,Renewal,P12M,32,2487.67,497.48,1990.04,131.93
2026-02,SE,Renewal,P1M,264,4358.14,871.61,3486.56,295.64
2026-02,SE,Renewal,P3M,41,1329.55,265.88,1063.67,82.17
2026-02,SE,Token pack,TP100,63,742.67,148.58,594.09,53.27
2026-02,SE,Token pack,TP1300,10,1179.9,236.0,943.9,66.88
2026-02,SE,Token pack,TP275,31,914.16,182.87,731.29,53.2
2026-02,SE,Token pack,TP2800,9,2123.91,424.8,1699.11,97.45
2026-02,SE,Token pack,TP4500,8,2831.92,566.4,2265.52,154.22
2026-02,SE,Token pack,TP600,33,1946.63,389.36,1557.27,106.4
2026-02,US,Chargeback,P12M,12,-622.56,-35.24,-587.32,290.0
2026-02,US,Chargeback,P1M,36,-503.64,-28.48,-475.16,865.0
2026-02,US,Chargeback,P3M,7,-188.79,-10.71,-178.08,170.0
2026-02,US,New subscription,P12M,2344,112230.72,6352.64,105878.08,6191.11
2026-02,US,New subscription,P1M,2277,31855.23,1803.1,30052.13,2273.3
2026-02,US,New subscription,P3M,871,23490.87,1329.68,22161.19,1438.1
2026-02,US,Reactivation,P12M,547,26190.36,1482.38,24707.98,1529.37
2026-02,US,Reactivation,P1M,549,7680.51,434.76,7245.75,572.86
2026-02,US,Reactivation,P3M,214,5771.58,326.71,5444.87,370.56
2026-02,US,Refund - subscription,P12M,120,-5745.6,-325.21,-5420.39,0.0
2026-02,US,Refund - subscription,P1M,113,-1580.87,-89.48,-1491.39,0.0
2026-02,US,Refund - subscription,P3M,24,-647.28,-36.66,-610.62,0.0
2026-02,US,Refund - token pack,TP100,26,-259.74,-14.76,-244.98,0.0
2026-02,US,Refund - token pack,TP1300,10,-999.9,-56.6,-943.3,0.0
2026-02,US,Refund - token pack,TP275,19,-474.81,-26.82,-447.99,0.0
2026-02,US,Refund - token pack,TP2800,3,-599.97,-33.96,-566.01,0.0
2026-02,US,Refund - token pack,TP4500,2,-599.98,-33.96,-566.02,0.0
2026-02,US,Refund - token pack,TP600,5,-249.95,-14.15,-235.8,0.0
2026-02,US,Renewal,P12M,739,46183.32,2614.13,43569.19,2568.24
2026-02,US,Renewal,P1M,5706,79826.94,4518.51,75308.43,5811.19
2026-02,US,Renewal,P3M,1107,30569.79,1730.35,28839.44,1925.36
2026-02,US,Token pack,TP100,1837,18351.63,1038.78,17312.85,1430.57
2026-02,US,Token pack,TP1300,368,36796.32,2082.88,34713.44,1985.16
2026-02,US,Token pack,TP275,959,23965.41,1356.51,22608.9,1482.98
2026-02,US,Token pack,TP2800,242,48397.58,2739.44,45658.14,2593.92
2026-02,US,Token pack,TP4500,140,41998.6,2377.2,39621.4,2181.0
2026-02,US,Token pack,TP600,574,28694.26,1624.15,27070.11,1605.96
2026-03,AU,Chargeback,P12M,1,-47.88,-4.35,-43.53,20.0
2026-03,AU,Chargeback,P1M,6,-83.94,-7.62,-76.32,130.0
2026-03,AU,Chargeback,P3M,1,-26.97,-2.45,-24.52,25.0
2026-03,AU,New subscription,P12M,265,12688.2,1153.45,11534.75,688.72
2026-03,AU,New subscription,P1M,314,4392.86,399.35,3993.51,305.71
2026-03,AU,New subscription,P3M,89,2400.33,218.23,2182.1,144.34
2026-03,AU,Reactivation,P12M,45,2154.6,195.9,1958.7,122.94
2026-03,AU,Reactivation,P1M,33,461.67,41.93,419.74,33.12
2026-03,AU,Reactivation,P3M,14,377.58,34.3,343.28,23.26
2026-03,AU,Refund - subscription,P12M,12,-574.56,-52.22,-522.34,0.0
2026-03,AU,Refund - subscription,P1M,13,-181.87,-16.52,-165.35,0.0
2026-03,AU,Refund - subscription,P3M,5,-134.85,-12.25,-122.6,0.0
2026-03,AU,Refund - token pack,TP100,7,-69.93,-6.36,-63.57,0.0
2026-03,AU,Refund - token pack,TP1300,1,-99.99,-9.09,-90.9,0.0
2026-03,AU,Refund - token pack,TP275,3,-74.97,-6.81,-68.16,0.0
2026-03,AU,Renewal,P12M,80,5054.4,459.49,4594.91,262.53
2026-03,AU,Renewal,P1M,711,9946.89,904.26,9042.63,689.19
2026-03,AU,Renewal,P3M,109,2978.73,270.81,2707.92,178.75
2026-03,AU,Token pack,TP100,219,2187.81,198.91,1988.9,167.48
2026-03,AU,Token pack,TP1300,53,5299.47,481.77,4817.7,275.4
2026-03,AU,Token pack,TP275,124,3098.76,281.75,2817.01,190.55
2026-03,AU,Token pack,TP2800,27,5399.73,490.86,4908.87,280.5
2026-03,AU,Token pack,TP4500,21,6299.79,572.67,5727.12,354.6
2026-03,AU,Token pack,TP600,77,3849.23,349.88,3499.35,207.5
2026-03,BR,Chargeback,P12M,1,-47.88,-2.28,-45.6,20.0
2026-03,BR,Chargeback,P1M,1,-13.99,-0.67,-13.32,20.0
2026-03,BR,New subscription,P12M,281,13454.28,640.68,12813.6,702.49
2026-03,BR,New subscription,P1M,280,3917.2,186.51,3730.69,264.01
2026-03,BR,New subscription,P3M,94,2535.18,120.72,2414.46,141.78
2026-03,BR,Reactivation,P12M,40,1915.2,91.2,1824.0,100.25
2026-03,BR,Reactivation,P1M,27,377.73,18.02,359.71,24.74
2026-03,BR,Reactivation,P3M,8,215.76,10.25,205.51,13.86
2026-03,BR,Refund - subscription,P12M,7,-335.16,-15.96,-319.2,0.0
2026-03,BR,Refund - subscription,P1M,5,-69.95,-3.35,-66.6,0.0
2026-03,BR,Refund - subscription,P3M,1,-26.97,-1.28,-25.69,0.0
2026-03,BR,Refund - token pack,TP100,3,-29.97,-1.44,-28.53,0.0
2026-03,BR,Refund - token pack,TP2800,1,-199.99,-9.52,-190.47,0.0
2026-03,BR,Renewal,P12M,62,3952.56,188.19,3764.37,197.85
2026-03,BR,Renewal,P1M,446,6239.54,297.13,5942.41,424.74
2026-03,BR,Renewal,P3M,92,2532.24,120.57,2411.67,152.37
2026-03,BR,Token pack,TP100,114,1138.86,54.22,1084.64,81.99
2026-03,BR,Token pack,TP1300,23,2299.77,109.48,2190.29,128.4
2026-03,BR,Token pack,TP275,63,1574.37,74.97,1499.4,100.58
2026-03,BR,Token pack,TP2800,14,2799.86,133.31,2666.55,149.7
2026-03,BR,Token pack,TP4500,9,2699.91,128.6,2571.31,151.5
2026-03,BR,Token pack,TP600,44,2199.56,104.72,2094.84,107.8
2026-03,CA,Chargeback,P12M,2,-119.76,-13.78,-105.98,45.0
2026-03,CA,Chargeback,P1M,5,-69.95,-8.05,-61.9,115.0
2026-03,CA,Chargeback,P3M,1,-26.97,-3.1,-23.87,20.0
2026-03,CA,New subscription,P12M,304,14555.52,1674.5,12881.02,755.79
2026-03,CA,New subscription,P1M,328,4588.72,527.87,4060.85,318.72
2026-03,CA,New subscription,P3M,115,3101.55,356.83,2744.72,189.15
2026-03,CA,Reactivation,P12M,52,2489.76,286.44,2203.32,138.16
2026-03,CA,Reactivation,P1M,46,643.54,74.06,569.48,44.85
2026-03,CA,Reactivation,P3M,22,593.34,68.25,525.09,33.77
2026-03,CA,Refund - subscription,P12M,14,-670.32,-77.12,-593.2,0.0
2026-03,CA,Refund - subscription,P1M,13,-181.87,-20.93,-160.94,0.0
2026-03,CA,Refund - subscription,P3M,3,-80.91,-9.3,-71.61,0.0
2026-03,CA,Refund - token pack,TP100,4,-39.96,-4.6,-35.36,0.0
2026-03,CA,Refund - token pack,TP1300,1,-99.99,-11.5,-88.49,0.0
2026-03,CA,Refund - token pack,TP275,2,-49.98,-5.74,-44.24,0.0
2026-03,CA,Refund - token pack,TP600,2,-99.98,-11.5,-88.48,0.0
2026-03,CA,Renewal,P12M,105,6611.4,760.64,5850.76,349.89
2026-03,CA,Renewal,P1M,876,12255.24,1409.88,10845.36,855.28
2026-03,CA,Renewal,P3M,150,4084.5,469.92,3614.58,243.26
2026-03,CA,Token pack,TP100,286,2857.14,328.66,2528.48,212.06
2026-03,CA,Token pack,TP1300,74,7399.26,851.23,6548.03,364.9
2026-03,CA,Token pack,TP275,144,3598.56,413.9,3184.66,215.32
2026-03,CA,Token pack,TP2800,40,7999.6,920.33,7079.27,420.1
2026-03,CA,Token pack,TP4500,19,5699.81,655.7,5044.11,300.9
2026-03,CA,Token pack,TP600,104,5198.96,598.05,4600.91,279.65
2026-03,CH,Chargeback,P1M,4,-66.04,-4.96,-61.08,85.0
2026-03,CH,New subscription,P12M,89,4951.69,371.07,4580.64,252.59
2026-03,CH,New subscription,P1M,106,1723.19,129.1,1594.03,113.93
2026-03,CH,New subscription,P3M,49,1535.66,115.09,1420.51,84.2
2026-03,CH,Reactivation,P12M,21,1168.4,87.57,1080.85,60.45
2026-03,CH,Reactivation,P1M,7,113.82,8.54,105.28,7.26
2026-03,CH,Reactivation,P3M,7,219.38,16.45,202.93,11.73
2026-03,CH,Refund - subscription,P12M,2,-111.28,-8.34,-102.94,0.0
2026-03,CH,Refund - subscription,P1M,8,-130.07,-9.76,-120.32,0.0
2026-03,CH,Refund - subscription,P3M,2,-62.68,-4.7,-57.98,0.0
2026-03,CH,Refund - token pack,TP1300,1,-116.19,-8.71,-107.48,0.0
2026-03,CH,Refund - token pack,TP275,2,-58.08,-4.36,-53.72,0.0
2026-03,CH,Refund - token pack,TP2800,1,-232.39,-17.41,-214.98,0.0
2026-03,CH,Renewal,P12M,43,3145.3,235.72,2909.72,158.43
2026-03,CH,Renewal,P1M,278,4519.27,338.62,4180.63,301.04
2026-03,CH,Renewal,P3M,52,1647.1,123.44,1523.62,91.17
2026-03,CH,Token pack,TP100,91,1056.4,79.17,977.23,72.61
2026-03,CH,Token pack,TP1300,23,2672.37,200.3,2472.05,136.04
2026-03,CH,Token pack,TP275,44,1277.72,95.77,1181.95,73.02
2026-03,CH,Token pack,TP2800,14,3253.46,243.77,3009.69,144.8
2026-03,CH,Token pack,TP4500,13,4531.67,339.56,4192.11,200.19
2026-03,CH,Token pack,TP600,25,1452.25,108.8,1343.45,77.69
2026-03,DE,Chargeback,P12M,2,-141.32,-22.56,-118.76,50.0
2026-03,DE,Chargeback,P1M,9,-148.59,-23.76,-124.83,220.0
2026-03,DE,Chargeback,P3M,2,-67.18,-10.73,-56.46,40.0
2026-03,DE,New subscription,P12M,492,27373.17,4370.49,23002.67,1334.38
2026-03,DE,New subscription,P1M,584,9493.73,1515.81,7977.9,616.74
2026-03,DE,New subscription,P3M,197,6173.82,985.74,5188.09,352.91
2026-03,DE,Reactivation,P12M,86,4784.76,763.96,4020.78,255.4
2026-03,DE,Reactivation,P1M,93,1511.87,241.42,1270.39,99.2
2026-03,DE,Reactivation,P3M,36,1128.24,180.09,948.14,65.38
2026-03,DE,Refund - subscription,P12M,34,-1891.67,-302.01,-1589.59,0.0
2026-03,DE,Refund - subscription,P1M,27,-438.94,-70.12,-368.82,0.0
2026-03,DE,Refund - subscription,P3M,10,-313.4,-50.03,-263.37,0.0
2026-03,DE,Refund - token pack,TP100,8,-92.88,-14.81,-78.01,0.0
2026-03,DE,Refund - token pack,TP275,6,-174.24,-27.83,-146.4,0.0
2026-03,DE,Refund - token pack,TP600,2,-116.18,-18.54,-97.62,0.0
2026-03,DE,Renewal,P12M,170,11717.14,1870.81,9846.36,628.82
2026-03,DE,Renewal,P1M,1475,23978.16,3828.43,20149.72,1617.96
2026-03,DE,Renewal,P3M,226,7159.36,1143.08,6016.24,413.69
2026-03,DE,Token pack,TP100,468,5432.76,867.43,4565.25,395.04
2026-03,DE,Token pack,TP1300,92,10689.36,1706.65,8982.62,557.0
2026-03,DE,Token pack,TP275,265,7695.18,1228.62,6466.52,437.29
2026-03,DE,Token pack,TP2800,65,15105.32,2411.74,12693.45,766.31
2026-03,DE,Token pack,TP4500,43,14989.36,2393.23,12596.0,747.28
2026-03,DE,Token pack,TP600,138,8016.2,1279.87,6736.33,415.87
2026-03,ES,Chargeback,P12M,1,-56.5,-9.81,-46.69,25.0
2026-03,ES,Chargeback,P1M,3,-49.53,-8.61,-40.92,65.0
2026-03,ES,New subscription,P12M,197,10960.41,1902.21,9058.15,545.27
2026-03,ES,New subscription,P1M,254,4129.12,716.58,3412.6,276.05
2026-03,ES,New subscription,P3M,84,2632.55,456.95,2175.6,146.3
2026-03,ES,Reactivation,P12M,40,2225.49,386.28,1839.2,123.59
2026-03,ES,Reactivation,P1M,33,536.51,93.07,443.44,36.84
2026-03,ES,Reactivation,P3M,17,532.78,92.48,440.3,28.56
2026-03,ES,Refund - subscription,P12M,10,-556.37,-96.57,-459.8,0.0
2026-03,ES,Refund - subscription,P1M,13,-211.37,-36.66,-174.71,0.0
2026-03,ES,Refund - subscription,P3M,5,-156.7,-27.2,-129.5,0.0
2026-03,ES,Refund - token pack,TP100,1,-11.61,-2.01,-9.59,0.0
2026-03,ES,Renewal,P12M,63,4648.49,806.78,3841.79,245.71
2026-03,ES,Renewal,P1M,536,8713.39,1512.26,7201.25,588.65
2026-03,ES,Renewal,P3M,83,2649.97,459.92,2190.02,155.82
2026-03,ES,Token pack,TP100,143,1660.0,288.07,1371.88,116.04
2026-03,ES,Token pack,TP1300,38,4415.22,766.17,3648.85,206.18
2026-03,ES,Token pack,TP275,85,2468.33,428.4,2039.93,132.56
2026-03,ES,Token pack,TP2800,13,3021.07,524.29,2496.75,147.08
2026-03,ES,Token pack,TP4500,9,3137.31,544.5,2592.81,162.84
2026-03,ES,Token pack,TP600,58,3369.2,584.66,2784.4,179.91
2026-03,FR,Chargeback,P12M,3,-169.5,-28.26,-141.24,60.0
2026-03,FR,Chargeback,P1M,5,-82.55,-13.75,-68.8,105.0
2026-03,FR,Chargeback,P3M,3,-95.46,-15.9,-79.56,65.0
2026-03,FR,New subscription,P12M,522,29042.27,4840.38,24201.9,1451.07
2026-03,FR,New subscription,P1M,641,10420.35,1736.74,8683.62,671.01
2026-03,FR,New subscription,P3M,218,6831.89,1138.66,5693.28,394.87
2026-03,FR,Reactivation,P12M,78,4339.67,723.31,3616.38,235.46
2026-03,FR,Reactivation,P1M,67,1089.22,181.57,907.65,74.92
2026-03,FR,Reactivation,P3M,25,783.5,130.56,652.94,41.42
2026-03,FR,Refund - subscription,P12M,21,-1168.4,-194.71,-973.61,0.0
2026-03,FR,Refund - subscription,P1M,31,-503.98,-84.0,-419.97,0.0
2026-03,FR,Refund - subscription,P3M,10,-313.4,-52.21,-261.18,0.0
2026-03,FR,Refund - token pack,TP100,6,-69.66,-11.58,-58.02,0.0
2026-03,FR,Refund - token pack,TP1300,1,-116.19,-19.36,-96.82,0.0
2026-03,FR,Refund - token pack,TP275,5,-145.2,-24.2,-121.0,0.0
2026-03,FR,Refund - token pack,TP2800,4,-929.56,-154.92,-774.63,0.0
2026-03,FR,Refund - token pack,TP600,1,-58.09,-9.68,-48.41,0.0
2026-03,FR,Renewal,P12M,167,11717.55,1952.94,9764.68,601.08
2026-03,FR,Renewal,P1M,1424,23149.07,3858.16,19290.9,1532.13
2026-03,FR,Renewal,P3M,227,7183.67,1197.28,5986.45,413.78
2026-03,FR,Token pack,TP100,438,5084.46,847.45,4237.08,369.4
2026-03,FR,Token pack,TP1300,91,10573.18,1762.14,8810.89,542.73
2026-03,FR,Token pack,TP275,282,8188.84,1364.88,6824.04,467.13
2026-03,FR,Token pack,TP2800,58,13478.58,2246.38,11232.11,647.43
2026-03,FR,Token pack,TP4500,33,11503.47,1917.26,9586.17,519.91
2026-03,FR,Token pack,TP600,146,8480.92,1413.49,7067.4,434.86
2026-03,GB,Chargeback,P1M,3,-56.73,-9.45,-47.28,70.0
2026-03,GB,New subscription,P12M,363,23272.4,3878.72,19393.65,1193.23
2026-03,GB,New subscription,P1M,446,8354.72,1392.45,6962.34,531.96
2026-03,GB,New subscription,P3M,153,5525.26,920.88,4604.38,307.81
2026-03,GB,Reactivation,P12M,86,5513.57,918.96,4594.63,286.4
2026-03,GB,Reactivation,P1M,94,1760.92,293.45,1467.34,111.03
2026-03,GB,Reactivation,P3M,33,1191.71,198.66,993.05,71.8
2026-03,GB,Refund - subscription,P12M,17,-1089.89,-181.67,-908.26,0.0
2026-03,GB,Refund - subscription,P1M,31,-580.71,-96.79,-483.91,0.0
2026-03,GB,Refund - subscription,P3M,8,-288.89,-48.16,-240.73,0.0
2026-03,GB,Refund - token pack,TP100,6,-80.27,-13.38,-66.89,0.0
2026-03,GB,Refund - token pack,TP1300,2,-267.78,-44.62,-223.14,0.0
2026-03,GB,Refund - token pack,TP275,2,-66.92,-11.16,-55.76,0.0
2026-03,GB,Refund - token pack,TP600,5,-334.69,-55.79,-278.9,0.0
2026-03,GB,Renewal,P12M,171,13951.67,2325.29,11626.37,729.4
2026-03,GB,Renewal,P1M,1121,20999.24,3499.9,17499.41,1351.09
2026-03,GB,Renewal,P3M,212,7788.5,1298.1,6490.41,442.19
2026-03,GB,Token pack,TP100,399,5337.28,889.5,4447.72,368.99
2026-03,GB,Token pack,TP1300,93,12451.49,2075.23,10376.21,621.64
2026-03,GB,Token pack,TP275,192,6424.59,1070.76,5353.85,372.2
2026-03,GB,Token pack,TP2800,47,12585.98,2097.63,10488.35,573.79
2026-03,GB,Token pack,TP4500,39,15665.79,2611.02,13054.86,799.82
2026-03,GB,Token pack,TP600,129,8634.83,1439.13,7195.62,434.06
2026-03,IN,Chargeback,P1M,3,-41.97,-6.4,-35.57,65.0
2026-03,IN,New subscription,P12M,161,7708.68,1175.89,6532.79,384.72
2026-03,IN,New subscription,P1M,141,1972.59,300.9,1671.69,129.12
2026-03,IN,New subscription,P3M,71,1914.87,292.11,1622.76,112.21
2026-03,IN,Reactivation,P12M,20,957.6,146.04,811.56,53.83
2026-03,IN,Reactivation,P1M,21,293.79,44.76,249.03,22.26
2026-03,IN,Reactivation,P3M,11,296.67,45.23,251.44,17.21
2026-03,IN,Refund - subscription,P12M,5,-239.4,-36.51,-202.89,0.0
2026-03,IN,Refund - subscription,P1M,5,-69.95,-10.66,-59.29,0.0
2026-03,IN,Refund - subscription,P3M,3,-80.91,-12.33,-68.58,0.0
2026-03,IN,Refund - token pack,TP275,1,-24.99,-3.81,-21.18,0.0
2026-03,IN,Refund - token pack,TP600,1,-49.99,-7.63,-42.36,0.0
2026-03,IN,Renewal,P12M,37,2323.56,354.42,1969.14,127.17
2026-03,IN,Renewal,P1M,326,4560.74,695.7,3865.04,308.93
2026-03,IN,Renewal,P3M,52,1414.44,215.74,1198.7,82.99
2026-03,IN,Token pack,TP100,72,719.28,109.72,609.56,53.98
2026-03,IN,Token pack,TP1300,9,899.91,137.25,762.66,39.0
2026-03,IN,Token pack,TP275,33,824.67,125.77,698.9,47.83
2026-03,IN,Token pack,TP2800,9,1799.91,274.58,1525.33,76.2
2026-03,IN,Token pack,TP4500,11,3299.89,503.36,2796.53,150.6
2026-03,IN,Token pack,TP600,14,699.86,106.8,593.06,37.8
2026-03,IT,Chargeback,P1M,4,-66.04,-11.92,-54.12,90.0
2026-03,IT,New subscription,P12M,188,10459.66,1886.16,8573.48,528.23
2026-03,IT,New subscription,P1M,245,3982.8,718.21,3264.55,261.5
2026-03,IT,New subscription,P3M,65,2037.09,367.29,1669.76,120.31
2026-03,IT,Reactivation,P12M,34,1891.68,341.1,1550.48,92.55
2026-03,IT,Reactivation,P1M,40,650.31,117.21,532.9,44.23
2026-03,IT,Reactivation,P3M,16,501.44,90.4,411.01,31.03
2026-03,IT,Refund - subscription,P12M,5,-278.19,-50.16,-228.01,0.0
2026-03,IT,Refund - subscription,P1M,7,-113.82,-20.51,-93.24,0.0
2026-03,IT,Refund - subscription,P3M,3,-94.02,-16.95,-77.07,0.0
2026-03,IT,Refund - token pack,TP100,2,-23.22,-4.18,-19.04,0.0
2026-03,IT,Refund - token pack,TP600,1,-58.09,-10.47,-47.61,0.0
2026-03,IT,Renewal,P12M,67,4815.27,868.29,3946.98,259.02
2026-03,IT,Renewal,P1M,531,8632.11,1556.63,7075.52,582.61
2026-03,IT,Renewal,P3M,96,3050.4,550.05,2500.38,180.25
2026-03,IT,Token pack,TP100,165,1915.42,345.41,1570.06,140.95
2026-03,IT,Token pack,TP1300,29,3369.5,607.57,2761.88,177.23
2026-03,IT,Token pack,TP275,88,2555.4,460.84,2094.57,149.63
2026-03,IT,Token pack,TP2800,19,4415.41,796.27,3619.13,223.98
2026-03,IT,Token pack,TP4500,6,2091.54,377.16,1714.38,92.13
2026-03,IT,Token pack,TP600,52,3020.66,544.62,2475.88,158.05
2026-03,JP,Chargeback,P12M,1,-47.88,-4.35,-43.53,20.0
2026-03,JP,New subscription,P12M,107,5123.16,465.76,4657.4,279.83
2026-03,JP,New subscription,P1M,130,1818.7,165.35,1653.35,127.11
2026-03,JP,New subscription,P3M,37,997.89,90.69,907.2,61.68
2026-03,JP,Reactivation,P12M,17,813.96,73.98,739.98,42.37
2026-03,JP,Reactivation,P1M,24,335.76,30.49,305.27,25.21
2026-03,JP,Reactivation,P3M,6,161.82,14.7,147.12,9.1
2026-03,JP,Refund - subscription,P12M,2,-95.76,-8.7,-87.06,0.0
2026-03,JP,Refund - subscription,P1M,4,-55.96,-5.08,-50.88,0.0
2026-03,JP,Renewal,P12M,35,2203.8,200.31,2003.49,118.97
2026-03,JP,Renewal,P1M,305,4266.95,387.91,3879.04,298.41
2026-03,JP,Renewal,P3M,59,1609.23,146.27,1462.96,96.66
2026-03,JP,Token pack,TP100,84,839.16,76.31,762.85,63.06
2026-03,JP,Token pack,TP1300,20,1999.8,181.8,1818.0,94.3
2026-03,JP,Token pack,TP275,46,1149.54,104.48,1045.06,68.69
2026-03,JP,Token pack,TP2800,12,2399.88,218.16,2181.72,136.6
2026-03,JP,Token pack,TP4500,6,1799.94,163.62,1636.32,89.4
2026-03,JP,Token pack,TP600,37,1849.63,168.1,1681.53,108.0
2026-03,MX,Chargeback,P12M,1,-47.88,-6.6,-41.28,20.0
2026-03,MX,Chargeback,P1M,1,-13.99,-1.93,-12.06,25.0
2026-03,MX,Chargeback,P3M,1,-26.97,-3.72,-23.25,25.0
2026-03,MX,New subscription,P12M,189,9049.32,1248.17,7801.15,471.96
2026-03,MX,New subscription,P1M,179,2504.21,345.47,2158.74,174.14
2026-03,MX,New subscription,P3M,60,1618.2,223.2,1395.0,94.34
2026-03,MX,Reactivation,P12M,36,1723.68,237.72,1485.96,86.7
2026-03,MX,Reactivation,P1M,22,307.78,42.46,265.32,23.22
2026-03,MX,Reactivation,P3M,9,242.73,33.48,209.25,12.44
2026-03,MX,Refund - subscription,P12M,6,-287.28,-39.62,-247.66,0.0
2026-03,MX,Refund - subscription,P1M,7,-97.93,-13.51,-84.42,0.0
2026-03,MX,Refund - subscription,P3M,2,-53.94,-7.44,-46.5,0.0
2026-03,MX,Refund - token pack,TP100,2,-19.98,-2.76,-17.22,0.0
2026-03,MX,Refund - token pack,TP275,2,-49.98,-6.9,-43.08,0.0
2026-03,MX,Renewal,P12M,47,2970.36,409.65,2560.71,142.61
2026-03,MX,Renewal,P1M,374,5232.26,721.74,4510.52,365.13
2026-03,MX,Renewal,P3M,77,2100.69,289.73,1810.96,119.22
2026-03,MX,Token pack,TP100,94,939.06,129.51,809.55,71.95
2026-03,MX,Token pack,TP1300,28,2799.72,386.15,2413.57,141.1
2026-03,MX,Token pack,TP275,54,1349.46,186.14,1163.32,84.56
2026-03,MX,Token pack,TP2800,13,2599.87,358.56,2241.31,125.9
2026-03,MX,Token pack,TP4500,9,2699.91,372.42,2327.49,141.0
2026-03,MX,Token pack,TP600,24,1199.76,165.55,1034.21,65.5
2026-03,NL,Chargeback,P12M,2,-113.0,-19.62,-93.38,40.0
2026-03,NL,Chargeback,P1M,2,-33.02,-5.74,-27.28,45.0
2026-03,NL,New subscription,P12M,154,8568.03,1487.06,7080.95,423.21
2026-03,NL,New subscription,P1M,167,2714.82,471.19,2243.71,177.4
2026-03,NL,New subscription,P3M,71,2225.14,386.24,1838.9,115.03
2026-03,NL,Reactivation,P12M,30,1669.11,289.71,1379.4,86.64
2026-03,NL,Reactivation,P1M,26,422.7,73.33,349.37,29.84
2026-03,NL,Reactivation,P3M,13,407.42,70.72,336.7,24.59
2026-03,NL,Refund - subscription,P12M,6,-333.82,-57.94,-275.88,0.0
2026-03,NL,Refund - subscription,P1M,7,-113.82,-19.74,-94.08,0.0
2026-03,NL,Refund - subscription,P3M,3,-94.02,-16.32,-77.7,0.0
2026-03,NL,Refund - token pack,TP100,3,-34.83,-6.03,-28.77,0.0
2026-03,NL,Refund - token pack,TP275,1,-29.04,-5.04,-24.0,0.0
2026-03,NL,Refund - token pack,TP2800,1,-232.39,-40.33,-192.06,0.0
2026-03,NL,Renewal,P12M,63,4453.28,772.89,3680.44,222.67
2026-03,NL,Renewal,P1M,486,7900.61,1371.19,6529.5,530.98
2026-03,NL,Renewal,P3M,69,2200.74,381.96,1818.78,129.65
2026-03,NL,Token pack,TP100,142,1648.42,286.05,1362.26,124.33
2026-03,NL,Token pack,TP1300,25,2904.74,504.09,2400.58,149.52
2026-03,NL,Token pack,TP275,60,1742.35,302.4,1439.95,102.1
2026-03,NL,Token pack,TP2800,19,4415.41,766.28,3649.11,223.98
2026-03,NL,Token pack,TP4500,15,5228.85,907.5,4321.35,257.11
2026-03,NL,Token pack,TP600,42,2439.77,423.37,2016.31,124.16
2026-03,PL,Chargeback,P1M,2,-33.02,-6.18,-26.84,50.0
2026-03,PL,New subscription,P12M,131,7288.4,1362.87,5925.53,373.6
2026-03,PL,New subscription,P1M,173,2812.39,525.92,2286.48,188.69
2026-03,PL,New subscription,P3M,54,1692.36,316.44,1375.91,87.99
2026-03,PL,Reactivation,P12M,29,1613.49,301.67,1311.74,86.18
2026-03,PL,Reactivation,P1M,24,390.16,72.96,317.2,25.94
2026-03,PL,Reactivation,P3M,9,282.06,52.74,229.32,16.58
2026-03,PL,Refund - subscription,P12M,5,-278.2,-52.0,-226.15,0.0
2026-03,PL,Refund - subscription,P1M,9,-146.32,-27.36,-118.96,0.0
2026-03,PL,Refund - subscription,P3M,2,-62.68,-11.72,-50.96,0.0
2026-03,PL,Refund - token pack,TP100,3,-34.83,-6.51,-28.32,0.0
2026-03,PL,Refund - token pack,TP2800,1,-232.39,-43.45,-188.93,0.0
2026-03,PL,Refund - token pack,TP600,1,-58.09,-10.86,-47.23,0.0
2026-03,PL,Renewal,P12M,48,3256.2,608.86,2647.32,168.4
2026-03,PL,Renewal,P1M,343,5575.91,1042.72,4533.31,369.45
2026-03,PL,Renewal,P3M,66,2106.74,393.91,1712.81,107.56
2026-03,PL,Token pack,TP100,111,1288.56,240.87,1047.61,100.32
2026-03,PL,Token pack,TP1300,20,2323.8,434.58,1889.2,108.05
2026-03,PL,Token pack,TP275,50,1451.98,271.5,1180.48,80.56
2026-03,PL,Token pack,TP2800,17,3950.63,738.67,3211.83,197.73
2026-03,PL,Token pack,TP4500,4,1394.36,260.73,1133.63,71.66
2026-03,PL,Token pack,TP600,41,2381.67,445.3,1936.32,129.36
2026-03,ROW,Chargeback,P12M,1,-47.88,-2.28,-45.6,25.0
2026-03,ROW,Chargeback,P1M,2,-27.98,-1.34,-26.64,50.0
2026-03,ROW,Chargeback,P3M,2,-53.94,-2.56,-51.38,45.0
2026-03,ROW,New subscription,P12M,606,29015.28,1381.68,27633.6,1509.81
2026-03,ROW,New subscription,P1M,536,7498.64,357.06,7141.58,496.34
2026-03,ROW,New subscription,P3M,221,5960.37,283.83,5676.54,335.2
2026-03,ROW,Reactivation,P12M,118,5649.84,269.04,5380.8,302.11
2026-03,ROW,Reactivation,P1M,83,1161.17,55.26,1105.91,82.82
2026-03,ROW,Reactivation,P3M,37,997.89,47.47,950.42,62.9
2026-03,ROW,Refund - subscription,P12M,11,-526.68,-25.08,-501.6,0.0
2026-03,ROW,Refund - subscription,P1M,19,-265.81,-12.68,-253.13,0.0
2026-03,ROW,Refund - subscription,P3M,3,-80.91,-3.84,-77.07,0.0
2026-03,ROW,Refund - token pack,TP100,3,-29.97,-1.44,-28.53,0.0
2026-03,ROW,Refund - token pack,TP1300,1,-99.99,-4.76,-95.23,0.0
2026-03,ROW,Refund - token pack,TP275,2,-49.98,-2.38,-47.6,0.0
2026-03,ROW,Refund - token pack,TP2800,1,-199.99,-9.52,-190.47,0.0
2026-03,ROW,Refund - token pack,TP600,2,-99.98,-4.76,-95.22,0.0
2026-03,ROW,Renewal,P12M,163,10300.44,490.5,9809.94,541.5
2026-03,ROW,Renewal,P1M,1125,15738.75,749.46,14989.29,1081.31
2026-03,ROW,Renewal,P3M,227,6188.19,294.68,5893.51,360.88
2026-03,ROW,Token pack,TP100,272,2717.28,129.38,2587.9,205.01
2026-03,ROW,Token pack,TP1300,65,6499.35,309.46,6189.89,332.9
2026-03,ROW,Token pack,TP275,170,4248.3,202.3,4046.0,257.58
2026-03,ROW,Token pack,TP2800,36,7199.64,342.83,6856.81,347.4
2026-03,ROW,Token pack,TP4500,19,5699.81,271.47,5428.34,321.3
2026-03,ROW,Token pack,TP600,93,4649.07,221.34,4427.73,247.55
2026-03,SE,Chargeback,P12M,2,-113.0,-22.6,-90.4,45.0
2026-03,SE,Chargeback,P1M,1,-16.51,-3.3,-13.21,20.0
2026-03,SE,New subscription,P12M,97,5396.74,1079.31,4317.46,294.21
2026-03,SE,New subscription,P1M,105,1706.94,341.39,1365.62,115.65
2026-03,SE,New subscription,P3M,35,1096.9,219.43,877.46,59.14
2026-03,SE,Reactivation,P12M,19,1057.12,211.43,845.69,55.06
2026-03,SE,Reactivation,P1M,9,146.32,29.25,117.07,10.74
2026-03,SE,Reactivation,P3M,5,156.7,31.35,125.35,9.89
2026-03,SE,Refund - subscription,P12M,4,-222.55,-44.51,-178.04,0.0
2026-03,SE,Refund - subscription,P1M,5,-81.29,-16.25,-65.04,0.0
2026-03,SE,Refund - subscription,P3M,1,-31.34,-6.27,-25.07,0.0
2026-03,SE,Refund - token pack,TP100,1,-11.61,-2.32,-9.29,0.0
2026-03,SE,Refund - token pack,TP275,2,-58.08,-11.62,-46.46,0.0
2026-03,SE,Renewal,P12M,28,2004.02,400.79,1603.24,110.02
2026-03,SE,Renewal,P1M,278,4519.25,903.85,3615.48,294.65
2026-03,SE,Renewal,P3M,55,1744.59,348.94,1395.64,97.16
2026-03,SE,Token pack,TP100,77,893.91,178.75,715.05,65.76
2026-03,SE,Token pack,TP1300,15,1742.85,348.6,1394.25,68.1
2026-03,SE,Token pack,TP275,47,1364.86,273.01,1091.81,75.38
2026-03,SE,Token pack,TP2800,9,2091.51,418.32,1673.19,104.21
2026-03,SE,Token pack,TP4500,6,2091.54,418.32,1673.22,86.4
2026-03,SE,Token pack,TP600,21,1219.89,244.02,975.87,65.5
2026-03,US,Chargeback,P12M,13,-670.44,-37.95,-632.49,295.0
2026-03,US,Chargeback,P1M,30,-419.7,-23.72,-395.98,670.0
2026-03,US,Chargeback,P3M,4,-107.88,-6.12,-101.76,85.0
2026-03,US,New subscription,P12M,2017,96573.96,5466.39,91107.57,5109.52
2026-03,US,New subscription,P1M,2433,34037.67,1926.64,32111.03,2371.36
2026-03,US,New subscription,P3M,876,23625.72,1337.31,22288.41,1395.08
2026-03,US,Reactivation,P12M,401,19199.88,1086.71,18113.17,1055.98
2026-03,US,Reactivation,P1M,398,5568.02,315.16,5252.86,402.26
2026-03,US,Reactivation,P3M,148,3991.56,225.96,3765.6,241.37
2026-03,US,Refund - subscription,P12M,88,-4213.44,-238.49,-3974.95,0.0
2026-03,US,Refund - subscription,P1M,117,-1636.83,-92.68,-1544.15,0.0
2026-03,US,Refund - subscription,P3M,29,-782.13,-44.29,-737.84,0.0
2026-03,US,Refund - token pack,TP100,32,-319.68,-18.14,-301.54,0.0
2026-03,US,Refund - token pack,TP1300,7,-699.93,-39.62,-660.31,0.0
2026-03,US,Refund - token pack,TP275,15,-374.85,-21.16,-353.69,0.0
2026-03,US,Refund - token pack,TP2800,6,-1199.94,-67.92,-1132.02,0.0
2026-03,US,Refund - token pack,TP4500,3,-899.97,-50.94,-849.03,0.0
2026-03,US,Refund - token pack,TP600,10,-499.9,-28.3,-471.6,0.0
2026-03,US,Renewal,P12M,751,47117.88,2667.04,44450.84,2593.95
2026-03,US,Renewal,P1M,6093,85241.07,4824.95,80416.12,5948.94
2026-03,US,Renewal,P3M,1062,29092.14,1646.7,27445.44,1747.83
2026-03,US,Token pack,TP100,2065,20629.35,1167.69,19461.66,1563.86
2026-03,US,Token pack,TP1300,408,40795.92,2309.28,38486.64,2171.34
2026-03,US,Token pack,TP275,1140,28488.6,1612.58,26876.02,1719.23
2026-03,US,Token pack,TP2800,288,57597.12,3260.16,54336.96,2914.2
2026-03,US,Token pack,TP4500,163,48898.37,2767.75,46130.62,2362.2
2026-03,US,Token pack,TP600,638,31893.62,1805.24,30088.38,1750.83
2026-04,AU,Chargeback,P1M,7,-97.93,-8.89,-89.04,145.0
2026-04,AU,New subscription,P12M,296,14172.48,1288.41,12884.07,730.9
2026-04,AU,New subscription,P1M,290,4057.1,368.83,3688.27,276.41
2026-04,AU,New subscription,P3M,108,2912.76,264.84,2647.92,173.95
2026-04,AU,Reactivation,P12M,49,2346.12,213.27,2132.85,124.62
2026-04,AU,Reactivation,P1M,52,727.48,66.11,661.37,51.23
2026-04,AU,Reactivation,P3M,27,728.19,66.17,662.02,44.32
2026-04,AU,Refund - subscription,P12M,12,-574.56,-52.21,-522.35,0.0
2026-04,AU,Refund - subscription,P1M,17,-237.83,-21.6,-216.23,0.0
2026-04,AU,Refund - subscription,P3M,6,-161.82,-14.7,-147.12,0.0
2026-04,AU,Refund - token pack,TP100,1,-9.99,-0.91,-9.08,0.0
2026-04,AU,Refund - token pack,TP1300,3,-299.97,-27.27,-272.7,0.0
2026-04,AU,Refund - token pack,TP275,1,-24.99,-2.27,-22.72,0.0
2026-04,AU,Refund - token pack,TP600,1,-49.99,-4.54,-45.45,0.0
2026-04,AU,Renewal,P12M,93,5100.84,463.72,4637.12,257.57
2026-04,AU,Renewal,P1M,770,10772.3,979.3,9793.0,729.61
2026-04,AU,Renewal,P3M,140,3838.8,349.01,3489.79,225.1
2026-04,AU,Token pack,TP100,222,2217.78,201.63,2016.15,166.87
2026-04,AU,Token pack,TP1300,43,4299.57,390.87,3908.7,218.3
2026-04,AU,Token pack,TP275,138,3448.62,313.52,3135.1,199.84
2026-04,AU,Token pack,TP2800,22,4399.78,399.96,3999.82,209.2
2026-04,AU,Token pack,TP4500,21,6299.79,572.68,5727.11,334.8
2026-04,AU,Token pack,TP600,63,3149.37,286.26,2863.11,167.7
2026-04,BR,Chargeback,P1M,3,-41.97,-2.01,-39.96,65.0
2026-04,BR,Chargeback,P3M,3,-80.91,-3.84,-77.07,60.0
2026-04,BR,New subscription,P12M,306,14651.28,697.68,13953.6,733.56
2026-04,BR,New subscription,P1M,255,3567.45,169.88,3397.57,234.18
2026-04,BR,New subscription,P3M,108,2912.76,138.73,2774.03,151.27
2026-04,BR,Reactivation,P12M,62,2968.56,141.36,2827.2,160.61
2026-04,BR,Reactivation,P1M,34,475.66,22.68,452.98,32.44
2026-04,BR,Reactivation,P3M,14,377.58,17.97,359.61,22.67
2026-04,BR,Refund - subscription,P12M,12,-574.56,-27.36,-547.2,0.0
2026-04,BR,Refund - subscription,P1M,7,-97.93,-4.68,-93.25,0.0
2026-04,BR,Refund - subscription,P3M,1,-26.97,-1.28,-25.69,0.0
2026-04,BR,Refund - token pack,TP100,1,-9.99,-0.48,-9.51,0.0
2026-04,BR,Refund - token pack,TP275,1,-24.99,-1.19,-23.8,0.0
2026-04,BR,Renewal,P12M,72,3999.36,190.43,3808.93,204.59
2026-04,BR,Renewal,P1M,512,7162.88,341.13,6821.75,480.24
2026-04,BR,Renewal,P3M,76,2070.72,98.59,1972.13,117.08
2026-04,BR,Token pack,TP100,117,1168.83,55.68,1113.15,82.8
2026-04,BR,Token pack,TP1300,28,2799.72,133.28,2666.44,134.8
2026-04,BR,Token pack,TP275,68,1699.32,80.92,1618.4,93.14
2026-04,BR,Token pack,TP2800,14,2799.86,133.31,2666.55,131.1
2026-04,BR,Token pack,TP4500,8,2399.92,114.3,2285.62,126.6
2026-04,BR,Token pack,TP600,48,2399.52,114.24,2285.28,121.15
2026-04,CA,Chargeback,P12M,5,-239.4,-27.55,-211.85,100.0
2026-04,CA,Chargeback,P1M,4,-55.96,-6.44,-49.52,95.0
2026-04,CA,Chargeback,P3M,1,-26.97,-3.1,-23.87,25.0
2026-04,CA,New subscription,P12M,325,15561.0,1790.2,13770.8,795.91
2026-04,CA,New subscription,P1M,339,4742.61,545.59,4197.02,325.0
2026-04,CA,New subscription,P3M,127,3425.19,394.07,3031.12,185.04
2026-04,CA,Reactivation,P12M,51,2441.88,280.93,2160.95,131.82
2026-04,CA,Reactivation,P1M,64,895.36,103.04,792.32,61.63
2026-04,CA,Reactivation,P3M,13,350.61,40.33,310.28,21.04
2026-04,CA,Refund - subscription,P12M,15,-718.2,-82.64,-635.56,0.0
2026-04,CA,Refund - subscription,P1M,14,-195.86,-22.54,-173.32,0.0
2026-04,CA,Refund - subscription,P3M,2,-53.94,-6.2,-47.74,0.0
2026-04,CA,Refund - token pack,TP100,4,-39.96,-4.6,-35.36,0.0
2026-04,CA,Refund - token pack,TP1300,2,-199.98,-23.0,-176.98,0.0
2026-04,CA,Refund - token pack,TP275,5,-124.95,-14.35,-110.6,0.0
2026-04,CA,Renewal,P12M,112,6442.56,741.19,5701.37,334.12
2026-04,CA,Renewal,P1M,906,12674.94,1458.17,11216.77,873.79
2026-04,CA,Renewal,P3M,181,4944.57,568.82,4375.75,292.7
2026-04,CA,Token pack,TP100,337,3366.63,387.28,2979.35,248.92
2026-04,CA,Token pack,TP1300,77,7699.23,885.75,6813.48,388.7
2026-04,CA,Token pack,TP275,164,4098.36,471.43,3626.93,245.05
2026-04,CA,Token pack,TP2800,38,7599.62,874.33,6725.29,354.9
2026-04,CA,Token pack,TP4500,24,7199.76,828.26,6371.5,366.0
2026-04,CA,Token pack,TP600,81,4049.19,465.78,3583.41,221.95
2026-04,CH,Chargeback,P1M,2,-32.52,-2.44,-30.08,45.0
2026-04,CH,New subscription,P12M,106,5841.66,437.78,5403.88,295.71
2026-04,CH,New subscription,P1M,108,1739.0,130.3,1608.77,110.58
2026-04,CH,New subscription,P3M,35,1086.44,81.43,1005.08,57.02
2026-04,CH,Reactivation,P12M,19,1047.09,78.47,968.62,55.32
2026-04,CH,Reactivation,P1M,18,289.8,21.74,268.16,19.64
2026-04,CH,Reactivation,P3M,6,186.24,13.97,172.31,9.57
2026-04,CH,Refund - subscription,P12M,4,-220.44,-16.52,-203.92,0.0
2026-04,CH,Refund - subscription,P1M,2,-32.2,-2.42,-29.8,0.0
2026-04,CH,Refund - token pack,TP100,1,-11.5,-0.86,-10.64,0.0
2026-04,CH,Refund - token pack,TP4500,1,-345.29,-25.87,-319.42,0.0
2026-04,CH,Renewal,P12M,32,2012.11,150.79,1861.38,109.6
2026-04,CH,Renewal,P1M,286,4605.25,345.1,4260.27,299.77
2026-04,CH,Renewal,P3M,51,1617.66,121.24,1496.49,90.43
2026-04,CH,Token pack,TP100,119,1368.32,102.52,1265.78,94.65
2026-04,CH,Token pack,TP1300,18,2071.62,155.2,1916.32,100.21
2026-04,CH,Token pack,TP275,60,1725.79,129.38,1596.47,90.32
2026-04,CH,Token pack,TP2800,16,3683.04,276.0,3407.04,150.35
2026-04,CH,Token pack,TP4500,7,2417.03,181.09,2235.94,126.9
2026-04,CH,Token pack,TP600,30,1726.19,129.31,1596.83,85.83
2026-04,DE,Chargeback,P12M,5,-278.19,-44.41,-233.76,100.0
2026-04,DE,Chargeback,P1M,9,-146.33,-23.39,-122.94,200.0
2026-04,DE,Chargeback,P3M,2,-62.68,-10.0,-52.68,45.0
2026-04,DE,New subscription,P12M,498,27444.78,4381.98,23062.79,1363.37
2026-04,DE,New subscription,P1M,539,8679.23,1385.76,7293.48,562.72
2026-04,DE,New subscription,P3M,220,6829.29,1090.4,5738.94,380.7
2026-04,DE,Reactivation,P12M,71,3912.81,624.78,3288.01,205.68
2026-04,DE,Reactivation,P1M,104,1674.62,267.32,1407.28,117.26
2026-04,DE,Reactivation,P3M,35,1086.43,173.48,913.03,64.74
2026-04,DE,Refund - subscription,P12M,15,-826.65,-132.0,-694.65,0.0
2026-04,DE,Refund - subscription,P1M,21,-338.12,-53.97,-284.14,0.0
2026-04,DE,Refund - subscription,P3M,11,-341.44,-54.55,-286.98,0.0
2026-04,DE,Refund - token pack,TP100,10,-115.0,-18.38,-96.62,0.0
2026-04,DE,Refund - token pack,TP275,8,-230.09,-36.72,-193.36,0.0
2026-04,DE,Refund - token pack,TP2800,1,-230.19,-36.75,-193.44,0.0
2026-04,DE,Refund - token pack,TP600,3,-172.62,-27.57,-145.05,0.0
2026-04,DE,Renewal,P12M,190,12459.8,1989.4,10470.44,649.79
2026-04,DE,Renewal,P1M,1596,25699.54,4103.31,21596.31,1705.3
2026-04,DE,Renewal,P3M,269,8436.74,1347.04,7089.68,485.6
2026-04,DE,Token pack,TP100,488,5611.29,895.92,4715.34,401.5
2026-04,DE,Token pack,TP1300,107,12314.49,1966.22,10348.34,643.35
2026-04,DE,Token pack,TP275,225,6471.78,1033.3,5438.47,363.09
2026-04,DE,Token pack,TP2800,71,16343.45,2609.47,13733.98,799.14
2026-04,DE,Token pack,TP4500,32,11049.27,1764.16,9285.11,539.68
2026-04,DE,Token pack,TP600,155,8918.45,1423.93,7494.53,469.23
2026-04,ES,Chargeback,P12M,3,-166.92,-28.98,-137.94,70.0
2026-04,ES,Chargeback,P1M,2,-32.52,-5.64,-26.88,45.0
2026-04,ES,New subscription,P12M,259,14273.49,2477.23,11796.23,721.13
2026-04,ES,New subscription,P1M,248,3993.4,693.12,3300.31,260.38
2026-04,ES,New subscription,P3M,76,2359.15,409.53,1949.74,127.11
2026-04,ES,Reactivation,P12M,40,2204.4,382.53,1821.87,112.95
2026-04,ES,Reactivation,P1M,36,579.63,100.54,479.13,36.02
2026-04,ES,Reactivation,P3M,11,341.44,59.29,282.18,20.74
2026-04,ES,Refund - subscription,P12M,17,-936.87,-162.55,-774.32,0.0
2026-04,ES,Refund - subscription,P1M,11,-177.11,-30.71,-146.4,0.0
2026-04,ES,Refund - subscription,P3M,1,-31.04,-5.39,-25.65,0.0
2026-04,ES,Refund - token pack,TP275,1,-28.76,-4.99,-23.77,0.0
2026-04,ES,Refund - token pack,TP2800,1,-230.19,-39.95,-190.24,0.0
2026-04,ES,Refund - token pack,TP600,1,-57.54,-9.99,-47.55,0.0
2026-04,ES,Renewal,P12M,72,4686.12,813.25,3872.89,249.74
2026-04,ES,Renewal,P1M,580,9339.39,1620.88,7718.55,620.42
2026-04,ES,Renewal,P3M,122,3842.43,666.87,3175.52,219.98
2026-04,ES,Token pack,TP100,154,1770.78,307.32,1463.42,130.76
2026-04,ES,Token pack,TP1300,25,2877.25,499.31,2377.81,147.47
2026-04,ES,Token pack,TP275,77,2214.79,384.36,1830.35,118.78
2026-04,ES,Token pack,TP2800,12,2762.28,479.4,2282.88,120.29
2026-04,ES,Token pack,TP4500,13,4488.77,779.08,3709.68,198.34
2026-04,ES,Token pack,TP600,46,2646.82,459.38,2187.35,128.28
2026-04,FR,Chargeback,P12M,6,-389.6,-64.92,-324.64,130.0
2026-04,FR,Chargeback,P1M,9,-146.33,-24.39,-121.94,200.0
2026-04,FR,New subscription,P12M,616,33947.76,5657.88,28289.72,1658.81
2026-04,FR,New subscription,P1M,618,9951.3,1658.52,8292.77,638.09
2026-04,FR,New subscription,P3M,222,6891.39,1148.54,5742.81,388.53
2026-04,FR,Reactivation,P12M,85,4684.35,780.65,3903.55,247.52
2026-04,FR,Reactivation,P1M,89,1433.09,238.83,1194.28,95.5
2026-04,FR,Reactivation,P3M,41,1272.7,212.11,1060.66,70.09
2026-04,FR,Refund - subscription,P12M,24,-1322.64,-220.38,-1102.14,0.0
2026-04,FR,Refund - subscription,P1M,23,-370.32,-61.69,-308.65,0.0
2026-04,FR,Refund - subscription,P3M,6,-186.25,-31.03,-155.22,0.0
2026-04,FR,Refund - token pack,TP100,6,-69.0,-11.52,-57.48,0.0
2026-04,FR,Refund - token pack,TP1300,1,-115.09,-19.18,-95.91,0.0
2026-04,FR,Refund - token pack,TP275,2,-57.52,-9.58,-47.94,0.0
2026-04,FR,Refund - token pack,TP2800,1,-230.19,-38.36,-191.82,0.0
2026-04,FR,Refund - token pack,TP4500,3,-1035.87,-172.65,-863.22,0.0
2026-04,FR,Refund - token pack,TP600,3,-172.62,-28.77,-143.85,0.0
2026-04,FR,Renewal,P12M,175,11495.03,1915.84,9579.14,601.67
2026-04,FR,Renewal,P1M,1544,24862.23,4143.67,20718.53,1610.0
2026-04,FR,Renewal,P3M,244,7629.64,1271.59,6358.0,434.09
2026-04,FR,Token pack,TP100,487,5599.79,933.3,4666.48,396.33
2026-04,FR,Token pack,TP1300,112,12889.95,2148.29,10741.59,635.66
2026-04,FR,Token pack,TP275,232,6673.11,1112.2,5561.0,373.14
2026-04,FR,Token pack,TP2800,67,15422.66,2570.37,12852.16,702.16
2026-04,FR,Token pack,TP4500,40,13811.59,2301.95,11509.6,688.04
2026-04,FR,Token pack,TP600,162,9321.25,1553.58,7767.68,477.11
2026-04,GB,Chargeback,P12M,1,-64.11,-10.69,-53.43,20.0
2026-04,GB,Chargeback,P1M,6,-112.38,-18.72,-93.66,125.0
2026-04,GB,Chargeback,P3M,3,-112.35,-18.73,-93.62,60.0
2026-04,GB,New subscription,P12M,385,24535.39,4089.24,20446.19,1204.46
2026-04,GB,New subscription,P1M,398,7411.04,1235.15,6175.85,465.65
2026-04,GB,New subscription,P3M,141,5061.48,843.59,4217.91,283.86
2026-04,GB,Reactivation,P12M,84,5353.14,892.14,4460.95,274.11
2026-04,GB,Reactivation,P1M,100,1862.01,310.33,1551.72,124.59
2026-04,GB,Reactivation,P3M,38,1364.12,227.32,1136.68,73.03
2026-04,GB,Refund - subscription,P12M,13,-828.48,-138.07,-690.4,0.0
2026-04,GB,Refund - subscription,P1M,23,-428.27,-71.36,-356.91,0.0
2026-04,GB,Refund - subscription,P3M,4,-143.59,-23.93,-119.65,0.0
2026-04,GB,Refund - token pack,TP100,10,-132.99,-22.19,-110.8,0.0
2026-04,GB,Refund - token pack,TP1300,2,-266.18,-44.36,-221.82,0.0
2026-04,GB,Refund - token pack,TP275,2,-66.52,-11.08,-55.44,0.0
2026-04,GB,Refund - token pack,TP600,3,-199.62,-33.27,-166.35,0.0
2026-04,GB,Renewal,P12M,206,15651.57,2608.61,13043.0,787.77
2026-04,GB,Renewal,P1M,1246,23201.39,3866.85,19334.49,1466.39
2026-04,GB,Renewal,P3M,233,8471.84,1412.01,7059.85,473.31
2026-04,GB,Token pack,TP100,425,5651.09,941.87,4709.29,386.04
2026-04,GB,Token pack,TP1300,96,12776.31,2129.37,10646.96,633.45
2026-04,GB,Token pack,TP275,223,7417.35,1236.26,6181.1,413.24
2026-04,GB,Token pack,TP2800,49,13043.15,2173.81,10869.27,586.13
2026-04,GB,Token pack,TP4500,26,10381.47,1730.29,8651.24,473.24
2026-04,GB,Token pack,TP600,126,8383.6,1397.34,6986.34,420.79
2026-04,IN,Chargeback,P12M,1,-47.88,-7.3,-40.58,20.0
2026-04,IN,Chargeback,P1M,2,-27.98,-4.26,-23.72,45.0
2026-04,IN,New subscription,P12M,220,10533.6,1606.82,8926.78,530.84
2026-04,IN,New subscription,P1M,165,2308.35,352.13,1956.22,153.54
2026-04,IN,New subscription,P3M,68,1833.96,279.76,1554.2,97.99
2026-04,IN,Reactivation,P12M,31,1484.28,226.38,1257.9,75.23
2026-04,IN,Reactivation,P1M,28,391.72,59.72,332.0,28.07
2026-04,IN,Reactivation,P3M,10,269.7,41.11,228.59,16.18
2026-04,IN,Refund - subscription,P12M,6,-287.28,-43.81,-243.47,0.0
2026-04,IN,Refund - subscription,P1M,12,-167.88,-25.6,-142.28,0.0
2026-04,IN,Refund - subscription,P3M,4,-107.88,-16.44,-91.44,0.0
2026-04,IN,Refund - token pack,TP100,1,-9.99,-1.52,-8.47,0.0
2026-04,IN,Refund - token pack,TP275,1,-24.99,-3.81,-21.18,0.0
2026-04,IN,Renewal,P12M,47,2706.36,412.82,2293.54,141.34
2026-04,IN,Renewal,P1M,337,4714.63,719.17,3995.46,311.69
2026-04,IN,Renewal,P3M,57,1561.29,238.14,1323.15,87.9
2026-04,IN,Token pack,TP100,79,789.21,120.41,668.8,51.37
2026-04,IN,Token pack,TP1300,26,2599.74,396.54,2203.2,128.1
2026-04,IN,Token pack,TP275,35,874.65,133.37,741.28,47.18
2026-04,IN,Token pack,TP2800,11,2199.89,335.59,1864.3,115.0
2026-04,IN,Token pack,TP4500,9,2699.91,411.84,2288.07,131.1
2026-04,IN,Token pack,TP600,26,1299.74,198.29,1101.45,68.1
2026-04,IT,Chargeback,P12M,1,-83.52,-15.06,-68.46,20.0
2026-04,IT,Chargeback,P1M,2,-32.52,-5.86,-26.64,40.0
2026-04,IT,New subscription,P12M,204,11242.44,2027.29,9215.12,546.7
2026-04,IT,New subscription,P1M,205,3300.96,595.25,2705.73,215.53
2026-04,IT,New subscription,P3M,88,2731.69,492.63,2239.09,143.59
2026-04,IT,Reactivation,P12M,41,2259.51,407.5,1852.01,118.88
2026-04,IT,Reactivation,P1M,32,515.23,92.9,422.39,37.18
2026-04,IT,Reactivation,P3M,14,434.56,78.4,356.18,26.91
2026-04,IT,Refund - subscription,P12M,12,-661.32,-119.27,-542.05,0.0
2026-04,IT,Refund - subscription,P1M,16,-257.61,-46.42,-211.2,0.0
2026-04,IT,Refund - subscription,P3M,1,-31.04,-5.6,-25.44,0.0
2026-04,IT,Refund - token pack,TP100,3,-34.5,-6.21,-28.26,0.0
2026-04,IT,Refund - token pack,TP275,1,-28.76,-5.19,-23.58,0.0
2026-04,IT,Refund - token pack,TP600,1,-57.54,-10.38,-47.16,0.0
2026-04,IT,Renewal,P12M,81,5403.1,974.34,4428.79,291.22
2026-04,IT,Renewal,P1M,573,9226.69,1663.79,7562.92,613.59
2026-04,IT,Renewal,P3M,129,4039.01,728.33,3310.62,223.79
2026-04,IT,Token pack,TP100,165,1897.25,342.11,1555.04,125.14
2026-04,IT,Token pack,TP1300,27,3107.42,560.32,2546.98,156.61
2026-04,IT,Token pack,TP275,70,2013.44,363.06,1650.36,108.13
2026-04,IT,Token pack,TP2800,20,4603.8,830.2,3773.6,215.79
2026-04,IT,Token pack,TP4500,14,4834.06,871.77,3962.29,187.24
2026-04,IT,Token pack,TP600,51,2934.52,529.19,2405.33,154.5
2026-04,JP,Chargeback,P1M,1,-13.99,-1.27,-12.72,20.0
2026-04,JP,New subscription,P12M,123,5889.24,535.39,5353.85,308.17
2026-04,JP,New subscription,P1M,125,1748.75,159.02,1589.73,116.76
2026-04,JP,New subscription,P3M,41,1105.77,100.49,1005.28,66.68
2026-04,JP,Reactivation,P12M,19,909.72,82.69,827.03,52.03
2026-04,JP,Reactivation,P1M,25,349.75,31.77,317.98,24.5
2026-04,JP,Reactivation,P3M,9,242.73,22.05,220.68,15.78
2026-04,JP,Refund - subscription,P12M,6,-287.28,-26.11,-261.17,0.0
2026-04,JP,Refund - subscription,P1M,4,-55.96,-5.08,-50.88,0.0
2026-04,JP,Refund - token pack,TP100,3,-29.97,-2.73,-27.24,0.0
2026-04,JP,Refund - token pack,TP1300,1,-99.99,-9.09,-90.9,0.0
2026-04,JP,Refund - token pack,TP275,1,-24.99,-2.27,-22.72,0.0
2026-04,JP,Refund - token pack,TP2800,1,-199.99,-18.18,-181.81,0.0
2026-04,JP,Refund - token pack,TP600,1,-49.99,-4.54,-45.45,0.0
2026-04,JP,Renewal,P12M,44,2490.72,226.41,2264.31,126.77
2026-04,JP,Renewal,P1M,320,4476.8,406.97,4069.83,315.25
2026-04,JP,Renewal,P3M,52,1411.44,128.28,1283.16,80.69
2026-04,JP,Token pack,TP100,100,999.0,90.81,908.19,75.26
2026-04,JP,Token pack,TP1300,21,2099.79,190.89,1908.9,111.0
2026-04,JP,Token pack,TP275,46,1149.54,104.47,1045.07,66.7
2026-04,JP,Token pack,TP2800,17,3399.83,309.06,3090.77,169.0
2026-04,JP,Token pack,TP4500,8,2399.92,218.16,2181.76,102.3
2026-04,JP,Token pack,TP600,34,1699.66,154.47,1545.19,95.0
2026-04,MX,Chargeback,P12M,1,-71.88,-9.91,-61.97,20.0
2026-04,MX,Chargeback,P1M,3,-41.97,-5.79,-36.18,65.0
2026-04,MX,New subscription,P12M,260,12448.8,1717.06,10731.74,601.09
2026-04,MX,New subscription,P1M,176,2462.24,339.68,2122.56,161.76
2026-04,MX,New subscription,P3M,88,2373.36,327.36,2046.0,131.27
2026-04,MX,Reactivation,P12M,28,1340.64,184.89,1155.75,66.73
2026-04,MX,Reactivation,P1M,21,293.79,40.53,253.26,18.55
2026-04,MX,Reactivation,P3M,14,377.58,52.08,325.5,23.27
2026-04,MX,Refund - subscription,P12M,10,-478.8,-66.02,-412.78,0.0
2026-04,MX,Refund - subscription,P1M,8,-111.92,-15.44,-96.48,0.0
2026-04,MX,Refund - token pack,TP100,1,-9.99,-1.38,-8.61,0.0
2026-04,MX,Refund - token pack,TP1300,2,-199.98,-27.58,-172.4,0.0
2026-04,MX,Refund - token pack,TP2800,1,-199.99,-27.58,-172.41,0.0
2026-04,MX,Renewal,P12M,65,3856.2,531.88,3324.32,200.42
2026-04,MX,Renewal,P1M,407,5693.93,785.38,4908.55,387.0
2026-04,MX,Renewal,P3M,70,1911.9,263.68,1648.22,108.44
2026-04,MX,Token pack,TP100,101,1008.99,139.16,869.83,69.5
2026-04,MX,Token pack,TP1300,25,2499.75,344.75,2155.0,124.4
2026-04,MX,Token pack,TP275,38,949.62,131.0,818.62,48.86
2026-04,MX,Token pack,TP2800,26,5199.74,717.17,4482.57,259.4
2026-04,MX,Token pack,TP4500,5,1499.95,206.9,1293.05,67.8
2026-04,MX,Token pack,TP600,23,1149.77,158.64,991.13,63.1
2026-04,NL,Chargeback,P12M,1,-55.64,-9.66,-45.98,20.0
2026-04,NL,Chargeback,P1M,1,-16.26,-2.82,-13.44,20.0
2026-04,NL,New subscription,P12M,168,9258.48,1606.83,7651.64,471.19
2026-04,NL,New subscription,P1M,176,2834.0,491.87,2342.17,181.07
2026-04,NL,New subscription,P3M,61,1893.54,328.69,1564.89,94.71
2026-04,NL,Reactivation,P12M,26,1432.86,248.65,1184.21,75.94
2026-04,NL,Reactivation,P1M,38,611.83,106.16,505.75,39.47
2026-04,NL,Reactivation,P3M,14,434.56,75.46,359.11,26.44
2026-04,NL,Refund - subscription,P12M,6,-330.66,-57.36,-273.3,0.0
2026-04,NL,Refund - subscription,P1M,3,-48.3,-8.37,-39.93,0.0
2026-04,NL,Refund - subscription,P3M,1,-31.04,-5.39,-25.65,0.0
2026-04,NL,Refund - token pack,TP100,2,-23.0,-4.0,-19.0,0.0
2026-04,NL,Refund - token pack,TP1300,2,-230.18,-39.94,-190.22,0.0
2026-04,NL,Refund - token pack,TP2800,1,-230.19,-39.95,-190.24,0.0
2026-04,NL,Renewal,P12M,53,3390.42,588.37,2802.07,169.4
2026-04,NL,Renewal,P1M,483,7777.48,1349.82,6427.68,516.26
2026-04,NL,Renewal,P3M,74,2324.74,403.52,1921.24,129.07
2026-04,NL,Token pack,TP100,137,1575.3,273.41,1301.88,103.93
2026-04,NL,Token pack,TP1300,36,4143.21,719.05,3424.09,221.47
2026-04,NL,Token pack,TP275,62,1783.32,309.48,1473.8,104.03
2026-04,NL,Token pack,TP2800,15,3452.85,599.25,2853.6,142.61
2026-04,NL,Token pack,TP4500,13,4488.77,779.06,3709.68,210.38
2026-04,NL,Token pack,TP600,40,2301.59,399.46,1902.02,118.62
2026-04,PL,Chargeback,P1M,4,-65.04,-12.16,-52.88,85.0
2026-04,PL,New subscription,P12M,141,7770.51,1453.1,6317.41,409.07
2026-04,PL,New subscription,P1M,145,2334.83,436.61,1898.25,152.36
2026-04,PL,New subscription,P3M,59,1831.48,342.4,1489.04,99.74
2026-04,PL,Reactivation,P12M,19,1047.09,195.86,851.23,53.8
2026-04,PL,Reactivation,P1M,23,370.3,69.23,301.07,23.4
2026-04,PL,Reactivation,P3M,3,93.12,17.4,75.72,5.94
2026-04,PL,Refund - subscription,P12M,6,-330.66,-61.85,-268.81,0.0
2026-04,PL,Refund - subscription,P1M,10,-161.0,-30.1,-130.9,0.0
2026-04,PL,Refund - token pack,TP275,1,-28.76,-5.38,-23.38,0.0
2026-04,PL,Renewal,P12M,74,4851.57,907.26,3944.39,240.34
2026-04,PL,Renewal,P1M,377,6070.61,1135.16,4935.46,402.06
2026-04,PL,Renewal,P3M,66,2072.97,387.56,1685.36,119.17
2026-04,PL,Token pack,TP100,108,1241.83,232.2,1009.63,87.4
2026-04,PL,Token pack,TP1300,24,2762.16,516.48,2245.67,140.06
2026-04,PL,Token pack,TP275,52,1495.69,279.71,1215.95,82.42
2026-04,PL,Token pack,TP2800,17,3913.23,731.71,3181.52,208.3
2026-04,PL,Token pack,TP4500,7,2417.03,451.99,1965.04,112.74
2026-04,PL,Token pack,TP600,27,1553.58,290.52,1263.06,83.64
2026-04,ROW,Chargeback,P12M,1,-47.88,-2.28,-45.6,20.0
2026-04,ROW,Chargeback,P1M,7,-97.93,-4.68,-93.25,150.0
2026-04,ROW,New subscription,P12M,668,31983.84,1523.04,30460.8,1594.76
2026-04,ROW,New subscription,P1M,492,6883.08,327.77,6555.31,458.14
2026-04,ROW,New subscription,P3M,232,6257.04,297.97,5959.07,352.01
2026-04,ROW,Reactivation,P12M,137,6559.56,312.36,6247.2,355.4
2026-04,ROW,Reactivation,P1M,99,1385.01,65.95,1319.06,98.79
2026-04,ROW,Reactivation,P3M,37,997.89,47.49,950.4,57.15
2026-04,ROW,Refund - subscription,P12M,20,-957.6,-45.6,-912.0,0.0
2026-04,ROW,Refund - subscription,P1M,25,-349.75,-16.68,-333.07,0.0
2026-04,ROW,Refund - subscription,P3M,4,-107.88,-5.13,-102.75,0.0
2026-04,ROW,Refund - token pack,TP100,3,-29.97,-1.44,-28.53,0.0
2026-04,ROW,Refund - token pack,TP1300,1,-99.99,-4.76,-95.23,0.0
2026-04,ROW,Refund - token pack,TP275,2,-49.98,-2.38,-47.6,0.0
2026-04,ROW,Refund - token pack,TP2800,1,-199.99,-9.52,-190.47,0.0
2026-04,ROW,Refund - token pack,TP600,1,-49.99,-2.38,-47.61,0.0
2026-04,ROW,Renewal,P12M,179,10442.52,497.28,9945.24,521.35
2026-04,ROW,Renewal,P1M,1172,16396.28,780.79,15615.49,1093.72
2026-04,ROW,Renewal,P3M,256,6970.32,331.9,6638.42,397.54
2026-04,ROW,Token pack,TP100,334,3336.66,158.87,3177.79,238.08
2026-04,ROW,Token pack,TP1300,70,6999.3,333.29,6666.01,349.0
2026-04,ROW,Token pack,TP275,149,3723.51,177.31,3546.2,209.18
2026-04,ROW,Token pack,TP2800,37,7399.63,352.35,7047.28,339.9
2026-04,ROW,Token pack,TP4500,21,6299.79,300.04,5999.75,265.2
2026-04,ROW,Token pack,TP600,86,4299.14,204.68,4094.46,227.7
2026-04,SE,Chargeback,P1M,1,-16.26,-3.25,-13.01,20.0
2026-04,SE,New subscription,P12M,97,5345.67,1069.16,4276.51,256.68
2026-04,SE,New subscription,P1M,91,1465.28,293.02,1172.24,89.33
2026-04,SE,New subscription,P3M,31,962.24,192.51,769.83,53.8
2026-04,SE,Reactivation,P12M,20,1102.2,220.4,881.8,56.8
2026-04,SE,Reactivation,P1M,15,241.5,48.3,193.2,15.95
2026-04,SE,Reactivation,P3M,4,124.16,24.84,99.33,6.4
2026-04,SE,Refund - subscription,P12M,5,-275.55,-55.1,-220.45,0.0
2026-04,SE,Refund - subscription,P1M,3,-48.3,-9.66,-38.64,0.0
2026-04,SE,Refund - subscription,P3M,1,-31.04,-6.21,-24.83,0.0
2026-04,SE,Refund - token pack,TP100,3,-34.5,-6.9,-27.6,0.0
2026-04,SE,Renewal,P12M,39,2563.63,512.73,2050.95,122.81
2026-04,SE,Renewal,P1M,287,4621.36,924.24,3697.13,296.5
2026-04,SE,Renewal,P3M,52,1634.91,327.05,1307.9,89.79
2026-04,SE,Token pack,TP100,100,1149.87,230.0,919.93,79.05
2026-04,SE,Token pack,TP1300,11,1265.99,253.22,1012.77,64.09
2026-04,SE,Token pack,TP275,35,1006.73,201.38,805.35,53.97
2026-04,SE,Token pack,TP2800,8,1841.52,368.32,1473.2,77.81
2026-04,SE,Token pack,TP4500,7,2417.03,483.42,1933.61,100.7
2026-04,SE,Token pack,TP600,24,1380.96,276.24,1104.72,72.7
2026-04,US,Chargeback,P12M,9,-454.92,-25.75,-429.17,185.0
2026-04,US,Chargeback,P1M,30,-419.7,-23.73,-395.97,630.0
2026-04,US,Chargeback,P3M,12,-332.64,-18.87,-313.77,255.0
2026-04,US,New subscription,P12M,2204,105527.52,5973.23,99554.29,5447.85
2026-04,US,New subscription,P1M,2317,32414.83,1834.8,30580.03,2189.29
2026-04,US,New subscription,P3M,901,24299.97,1375.44,22924.53,1368.35
2026-04,US,Reactivation,P12M,445,21306.6,1205.95,20100.65,1144.18
2026-04,US,Reactivation,P1M,387,5414.13,306.45,5107.68,375.21
2026-04,US,Reactivation,P3M,150,4045.5,228.99,3816.51,238.34
2026-04,US,Refund - subscription,P12M,104,-4979.52,-281.85,-4697.67,0.0
2026-04,US,Refund - subscription,P1M,97,-1357.03,-76.83,-1280.2,0.0
2026-04,US,Refund - subscription,P3M,44,-1186.68,-67.19,-1119.49,0.0
2026-04,US,Refund - token pack,TP100,36,-359.64,-20.42,-339.22,0.0
2026-04,US,Refund - token pack,TP1300,6,-599.94,-33.96,-565.98,0.0
2026-04,US,Refund - token pack,TP275,17,-424.83,-24.02,-400.81,0.0
2026-04,US,Refund - token pack,TP2800,2,-399.98,-22.64,-377.34,0.0
2026-04,US,Refund - token pack,TP4500,2,-599.98,-33.96,-566.02,0.0
2026-04,US,Refund - token pack,TP600,7,-349.93,-19.81,-330.12,0.0
2026-04,US,Renewal,P12M,953,54413.64,3080.0,51333.64,2862.53
2026-04,US,Renewal,P1M,6502,90962.98,5148.86,85814.12,6200.63
2026-04,US,Renewal,P3M,1102,30122.94,1705.07,28417.87,1747.95
2026-04,US,Token pack,TP100,2166,21638.34,1224.78,20413.56,1615.35
2026-04,US,Token pack,TP1300,467,46695.33,2643.22,44052.11,2348.74
2026-04,US,Token pack,TP275,1139,28463.61,1611.12,26852.49,1662.0
2026-04,US,Token pack,TP2800,277,55397.23,3135.64,52261.59,2742.49
2026-04,US,Token pack,TP4500,155,46498.45,2631.92,43866.53,2301.0
2026-04,US,Token pack,TP600,681,34043.19,1926.96,32116.23,1763.04
2026-05,AU,Chargeback,P12M,3,-143.64,-13.05,-130.59,60.0
2026-05,AU,Chargeback,P1M,5,-69.95,-6.35,-63.6,105.0
2026-05,AU,Chargeback,P3M,1,-29.97,-2.72,-27.25,20.0
2026-05,AU,New subscription,P12M,234,11203.92,1018.53,10185.39,577.86
2026-05,AU,New subscription,P1M,301,4210.99,382.82,3828.17,286.31
2026-05,AU,New subscription,P3M,97,2616.09,237.87,2378.22,144.92
2026-05,AU,Reactivation,P12M,43,2058.84,187.19,1871.65,106.09
2026-05,AU,Reactivation,P1M,52,727.48,66.1,661.38,52.16
2026-05,AU,Reactivation,P3M,13,350.61,31.85,318.76,22.26
2026-05,AU,Refund - subscription,P12M,9,-430.92,-39.16,-391.76,0.0
2026-05,AU,Refund - subscription,P1M,13,-181.87,-16.51,-165.36,0.0
2026-05,AU,Refund - subscription,P3M,2,-53.94,-4.9,-49.04,0.0
2026-05,AU,Refund - token pack,TP100,5,-49.95,-4.55,-45.4,0.0
2026-05,AU,Refund - token pack,TP1300,2,-199.98,-18.18,-181.8,0.0
2026-05,AU,Refund - token pack,TP275,1,-24.99,-2.27,-22.72,0.0
2026-05,AU,Refund - token pack,TP2800,1,-199.99,-18.18,-181.81,0.0
2026-05,AU,Renewal,P12M,114,6442.32,585.67,5856.65,350.37
2026-05,AU,Renewal,P1M,798,11164.02,1014.95,10149.07,761.06
2026-05,AU,Renewal,P3M,138,3778.86,343.54,3435.32,213.36
2026-05,AU,Token pack,TP100,271,2707.29,246.13,2461.16,209.43
2026-05,AU,Token pack,TP1300,54,5399.46,490.86,4908.6,265.1
2026-05,AU,Token pack,TP275,145,3623.55,329.43,3294.12,214.57
2026-05,AU,Token pack,TP2800,33,6599.67,599.94,5999.73,350.4
2026-05,AU,Token pack,TP4500,24,7199.76,654.5,6545.26,359.4
2026-05,AU,Token pack,TP600,83,4149.17,377.14,3772.03,221.8
2026-05,BR,Chargeback,P1M,2,-27.98,-1.34,-26.64,40.0
2026-05,BR,Chargeback,P3M,2,-53.94,-2.56,-51.38,40.0
2026-05,BR,New subscription,P12M,269,12879.72,613.32,12266.4,636.19
2026-05,BR,New subscription,P1M,244,3413.56,162.52,3251.04,223.93
2026-05,BR,New subscription,P3M,102,2750.94,130.99,2619.95,144.8
2026-05,BR,Reactivation,P12M,58,2777.04,132.24,2644.8,144.57
2026-05,BR,Reactivation,P1M,34,475.66,22.66,453.0,32.25
2026-05,BR,Reactivation,P3M,12,323.64,15.37,308.27,20.34
2026-05,BR,Refund - subscription,P12M,14,-670.32,-31.92,-638.4,0.0
2026-05,BR,Refund - subscription,P1M,9,-125.91,-6.02,-119.89,0.0
2026-05,BR,Refund - subscription,P3M,4,-107.88,-5.13,-102.75,0.0
2026-05,BR,Refund - token pack,TP100,1,-9.99,-0.48,-9.51,0.0
2026-05,BR,Refund - token pack,TP275,2,-49.98,-2.38,-47.6,0.0
2026-05,BR,Refund - token pack,TP600,1,-49.99,-2.38,-47.61,0.0
2026-05,BR,Renewal,P12M,92,5268.96,250.92,5018.04,276.49
2026-05,BR,Renewal,P1M,573,8016.27,381.76,7634.51,539.74
2026-05,BR,Renewal,P3M,104,2834.88,134.98,2699.9,163.9
2026-05,BR,Token pack,TP100,126,1258.74,59.94,1198.8,85.45
2026-05,BR,Token pack,TP1300,32,3199.68,152.34,3047.34,162.6
2026-05,BR,Token pack,TP275,71,1774.29,84.49,1689.8,102.84
2026-05,BR,Token pack,TP2800,20,3999.8,190.44,3809.36,170.4
2026-05,BR,Token pack,TP4500,13,3899.87,185.76,3714.11,214.8
2026-05,BR,Token pack,TP600,47,2349.53,111.86,2237.67,116.95
2026-05,CA,Chargeback,P12M,1,-47.88,-5.51,-42.37,20.0
2026-05,CA,Chargeback,P1M,4,-55.96,-6.44,-49.52,80.0
2026-05,CA,Chargeback,P3M,1,-26.97,-3.1,-23.87,20.0
2026-05,CA,New subscription,P12M,268,12831.84,1476.24,11355.6,659.28
2026-05,CA,New subscription,P1M,382,5344.18,614.76,4729.42,358.05
2026-05,CA,New subscription,P3M,132,3560.04,409.58,3150.46,203.99
2026-05,CA,Reactivation,P12M,62,2968.56,341.52,2627.04,159.9
2026-05,CA,Reactivation,P1M,53,741.47,85.33,656.14,51.9
2026-05,CA,Reactivation,P3M,22,593.34,68.24,525.1,33.49
2026-05,CA,Refund - subscription,P12M,9,-430.92,-49.59,-381.33,0.0
2026-05,CA,Refund - subscription,P1M,19,-265.81,-30.59,-235.22,0.0
2026-05,CA,Refund - subscription,P3M,7,-188.79,-21.72,-167.07,0.0
2026-05,CA,Refund - token pack,TP100,5,-49.95,-5.75,-44.2,0.0
2026-05,CA,Refund - token pack,TP275,2,-49.98,-5.74,-44.24,0.0
2026-05,CA,Refund - token pack,TP4500,1,-299.99,-34.51,-265.48,0.0
2026-05,CA,Refund - token pack,TP600,1,-49.99,-5.75,-44.24,0.0
2026-05,CA,Renewal,P12M,135,7615.8,876.14,6739.66,406.33
2026-05,CA,Renewal,P1M,939,13136.61,1511.28,11625.33,901.82
2026-05,CA,Renewal,P3M,173,4734.81,544.7,4190.11,276.71
2026-05,CA,Token pack,TP100,297,2967.03,341.31,2625.72,208.19
2026-05,CA,Token pack,TP1300,67,6699.33,770.73,5928.6,340.5
2026-05,CA,Token pack,TP275,160,3998.4,459.92,3538.48,237.08
2026-05,CA,Token pack,TP2800,44,8799.56,1012.4,7787.16,426.0
2026-05,CA,Token pack,TP4500,30,8999.7,1035.32,7964.38,434.4
2026-05,CA,Token pack,TP600,114,5698.86,655.6,5043.26,292.7
2026-05,CH,Chargeback,P12M,2,-110.22,-8.26,-101.96,50.0
2026-05,CH,Chargeback,P1M,2,-32.2,-2.42,-29.8,40.0
2026-05,CH,New subscription,P12M,98,5433.69,407.11,5026.42,265.1
2026-05,CH,New subscription,P1M,108,1749.6,131.13,1618.58,116.13
2026-05,CH,New subscription,P3M,42,1311.68,98.28,1213.39,71.72
2026-05,CH,Reactivation,P12M,16,887.15,66.45,820.64,48.01
2026-05,CH,Reactivation,P1M,11,178.2,13.31,164.89,11.59
2026-05,CH,Reactivation,P3M,9,281.07,21.06,260.01,15.59
2026-05,CH,Refund - subscription,P12M,5,-277.24,-20.76,-256.45,0.0
2026-05,CH,Refund - subscription,P1M,6,-97.2,-7.26,-89.94,0.0
2026-05,CH,Refund - subscription,P3M,2,-62.46,-4.68,-57.78,0.0
2026-05,CH,Refund - token pack,TP100,3,-34.71,-2.6,-32.1,0.0
2026-05,CH,Refund - token pack,TP275,1,-28.94,-2.17,-26.77,0.0
2026-05,CH,Refund - token pack,TP2800,2,-463.18,-34.7,-428.48,0.0
2026-05,CH,Refund - token pack,TP4500,1,-347.39,-26.03,-321.36,0.0
2026-05,CH,Renewal,P12M,33,2302.17,172.49,2129.64,127.38
2026-05,CH,Renewal,P1M,303,4908.69,367.84,4540.94,317.98
2026-05,CH,Renewal,P3M,70,2196.57,164.58,2031.96,123.57
2026-05,CH,Token pack,TP100,95,1099.05,82.34,1016.6,80.4
2026-05,CH,Token pack,TP1300,23,2663.17,199.57,2463.55,138.61
2026-05,CH,Token pack,TP275,56,1620.6,121.48,1499.12,82.64
2026-05,CH,Token pack,TP2800,17,3937.03,294.98,3642.05,165.34
2026-05,CH,Token pack,TP4500,15,5210.85,390.45,4820.4,244.15
2026-05,CH,Token pack,TP600,33,1910.36,143.21,1767.15,90.41
2026-05,DE,Chargeback,P12M,3,-165.33,-26.4,-138.93,70.0
2026-05,DE,Chargeback,P1M,10,-161.0,-25.7,-135.3,230.0
2026-05,DE,New subscription,P12M,495,27445.33,4382.04,23063.24,1360.35
2026-05,DE,New subscription,P1M,591,9574.51,1528.73,8045.77,617.85
2026-05,DE,New subscription,P3M,198,6183.82,987.37,5196.43,345.17
2026-05,DE,Reactivation,P12M,104,5766.35,920.7,4845.58,283.33
2026-05,DE,Reactivation,P1M,70,1134.0,181.08,952.94,74.47
2026-05,DE,Reactivation,P3M,27,843.22,134.67,708.55,49.97
2026-05,DE,Refund - subscription,P12M,19,-1053.51,-168.18,-885.23,0.0
2026-05,DE,Refund - subscription,P1M,33,-534.6,-85.37,-449.24,0.0
2026-05,DE,Refund - subscription,P3M,9,-281.07,-44.89,-236.18,0.0
2026-05,DE,Refund - token pack,TP100,6,-69.42,-11.09,-58.32,0.0
2026-05,DE,Refund - token pack,TP275,2,-57.88,-9.24,-48.64,0.0
2026-05,DE,Refund - token pack,TP2800,1,-231.59,-36.98,-194.61,0.0
2026-05,DE,Refund - token pack,TP4500,1,-347.39,-55.47,-291.92,0.0
2026-05,DE,Refund - token pack,TP600,2,-115.78,-18.48,-97.3,0.0
2026-05,DE,Renewal,P12M,212,14005.5,2236.19,11769.31,712.94
2026-05,DE,Renewal,P1M,1672,27087.11,4324.82,22762.27,1791.9
2026-05,DE,Renewal,P3M,281,8869.82,1416.17,7453.6,491.43
2026-05,DE,Token pack,TP100,526,6084.98,971.55,5113.43,438.15
2026-05,DE,Token pack,TP1300,83,9610.49,1534.41,8075.94,474.1
2026-05,DE,Token pack,TP275,265,7668.67,1224.33,6444.27,430.88
2026-05,DE,Token pack,TP2800,63,14590.12,2329.53,12260.51,738.12
2026-05,DE,Token pack,TP4500,36,12506.02,1996.8,10509.22,610.02
2026-05,DE,Token pack,TP600,154,8914.84,1423.39,7491.44,446.49
2026-05,ES,Chargeback,P12M,2,-110.22,-19.12,-91.1,40.0
2026-05,ES,Chargeback,P1M,1,-16.1,-2.79,-13.31,20.0
2026-05,ES,New subscription,P12M,219,12142.55,2107.37,10035.11,614.97
2026-05,ES,New subscription,P1M,234,3790.83,657.9,3132.99,238.17
2026-05,ES,New subscription,P3M,89,2779.6,482.38,2297.11,148.64
2026-05,ES,Reactivation,P12M,38,2106.99,365.67,1741.19,103.59
2026-05,ES,Reactivation,P1M,31,502.2,87.11,415.09,32.37
2026-05,ES,Reactivation,P3M,17,530.91,92.14,438.77,30.47
2026-05,ES,Refund - subscription,P12M,12,-665.36,-115.47,-549.85,0.0
2026-05,ES,Refund - subscription,P1M,10,-162.0,-28.11,-133.89,0.0
2026-05,ES,Refund - subscription,P3M,3,-93.69,-16.26,-77.43,0.0
2026-05,ES,Refund - token pack,TP100,3,-34.71,-6.03,-28.68,0.0
2026-05,ES,Refund - token pack,TP275,1,-28.94,-5.02,-23.92,0.0
2026-05,ES,Refund - token pack,TP2800,1,-231.59,-40.19,-191.4,0.0
2026-05,ES,Refund - token pack,TP600,1,-57.89,-10.05,-47.84,0.0
2026-05,ES,Renewal,P12M,71,4714.81,818.27,3896.49,240.24
2026-05,ES,Renewal,P1M,619,10028.1,1740.41,8287.67,663.83
2026-05,ES,Renewal,P3M,111,3497.93,607.06,2890.8,193.28
2026-05,ES,Token pack,TP100,172,1989.78,345.32,1644.37,140.35
2026-05,ES,Token pack,TP1300,33,3821.06,663.18,3157.88,186.89
2026-05,ES,Token pack,TP275,91,2633.44,456.99,2176.34,158.16
2026-05,ES,Token pack,TP2800,21,4863.38,844.01,4019.37,246.54
2026-05,ES,Token pack,TP4500,15,5210.85,904.35,4306.48,232.03
2026-05,ES,Token pack,TP600,35,2026.14,351.66,1674.44,102.02
2026-05,FR,Chargeback,P12M,5,-275.55,-45.9,-229.6,115.0
2026-05,FR,Chargeback,P1M,10,-161.0,-26.81,-134.2,210.0
2026-05,FR,Chargeback,P3M,2,-62.08,-10.34,-51.74,40.0
2026-05,FR,New subscription,P12M,509,28221.6,4703.58,23517.94,1368.92
2026-05,FR,New subscription,P1M,656,10627.5,1771.2,8856.3,689.04
2026-05,FR,New subscription,P3M,222,6933.38,1155.57,5777.79,385.6
2026-05,FR,Reactivation,P12M,85,4712.89,785.43,3927.36,239.49
2026-05,FR,Reactivation,P1M,84,1360.8,226.8,1134.0,90.44
2026-05,FR,Reactivation,P3M,29,905.68,151.03,754.81,51.22
2026-05,FR,Refund - subscription,P12M,19,-1053.51,-175.56,-877.84,0.0
2026-05,FR,Refund - subscription,P1M,42,-680.4,-113.4,-567.0,0.0
2026-05,FR,Refund - subscription,P3M,9,-281.07,-46.88,-234.26,0.0
2026-05,FR,Refund - token pack,TP100,7,-80.99,-13.51,-67.48,0.0
2026-05,FR,Refund - token pack,TP1300,1,-115.79,-19.3,-96.49,0.0
2026-05,FR,Refund - token pack,TP275,7,-202.58,-33.75,-168.83,0.0
2026-05,FR,Refund - token pack,TP600,6,-347.34,-57.9,-289.44,0.0
2026-05,FR,Renewal,P12M,205,12894.81,2149.15,10745.71,663.03
2026-05,FR,Renewal,P1M,1631,26422.85,4403.71,22019.1,1701.36
2026-05,FR,Renewal,P3M,311,9824.07,1637.39,8186.74,549.17
2026-05,FR,Token pack,TP100,509,5888.34,981.36,4906.97,414.68
2026-05,FR,Token pack,TP1300,111,12852.55,2142.08,10710.39,663.48
2026-05,FR,Token pack,TP275,244,7060.99,1176.83,5884.14,395.04
2026-05,FR,Token pack,TP2800,57,13200.6,2200.12,11000.43,613.44
2026-05,FR,Token pack,TP4500,50,17369.46,2894.92,14474.5,835.4
2026-05,FR,Token pack,TP600,156,9030.59,1505.07,7525.44,470.79
2026-05,GB,Chargeback,P12M,3,-255.07,-42.52,-212.57,65.0
2026-05,GB,Chargeback,P1M,6,-111.72,-18.61,-93.11,130.0
2026-05,GB,Chargeback,P3M,1,-39.89,-6.65,-33.24,20.0
2026-05,GB,New subscription,P12M,356,22840.65,3806.78,19033.89,1122.95
2026-05,GB,New subscription,P1M,384,7198.75,1199.76,5998.9,442.24
2026-05,GB,New subscription,P3M,136,4915.04,819.19,4095.85,260.82
2026-05,GB,Reactivation,P12M,67,4298.71,716.44,3582.23,232.11
2026-05,GB,Reactivation,P1M,80,1499.72,249.94,1249.75,95.0
2026-05,GB,Reactivation,P3M,28,1011.92,168.66,843.26,51.66
2026-05,GB,Refund - subscription,P12M,16,-1026.56,-171.09,-855.47,0.0
2026-05,GB,Refund - subscription,P1M,16,-299.95,-49.97,-249.92,0.0
2026-05,GB,Refund - subscription,P3M,6,-216.84,-36.12,-180.72,0.0
2026-05,GB,Refund - token pack,TP100,5,-66.95,-11.15,-55.8,0.0
2026-05,GB,Refund - token pack,TP1300,2,-267.98,-44.66,-223.32,0.0
2026-05,GB,Refund - token pack,TP275,3,-100.47,-16.74,-83.73,0.0
2026-05,GB,Refund - token pack,TP600,2,-133.98,-22.32,-111.64,0.0
2026-05,GB,Renewal,P12M,195,15501.95,2583.7,12918.28,758.27
2026-05,GB,Renewal,P1M,1279,23976.9,3996.21,19980.78,1514.98
2026-05,GB,Renewal,P3M,253,9264.02,1544.01,7719.98,509.14
2026-05,GB,Token pack,TP100,387,5180.64,863.44,4317.19,346.73
2026-05,GB,Token pack,TP1300,86,11522.86,1920.42,9602.4,580.09
2026-05,GB,Token pack,TP275,228,7634.94,1272.5,6362.43,419.41
2026-05,GB,Token pack,TP2800,46,12327.39,2054.52,10272.77,546.92
2026-05,GB,Token pack,TP4500,24,9647.7,1608.0,8039.76,456.94
2026-05,GB,Token pack,TP600,126,8440.31,1406.72,7033.58,423.67
2026-05,IN,Chargeback,P1M,4,-55.96,-8.52,-47.44,90.0
2026-05,IN,New subscription,P12M,198,9480.24,1446.12,8034.12,479.43
2026-05,IN,New subscription,P1M,161,2252.39,343.58,1908.81,151.63
2026-05,IN,New subscription,P3M,57,1537.29,234.49,1302.8,80.17
2026-05,IN,Reactivation,P12M,35,1675.8,255.59,1420.21,89.13
2026-05,IN,Reactivation,P1M,27,377.73,57.6,320.13,25.38
2026-05,IN,Reactivation,P3M,9,242.73,36.99,205.74,12.44
2026-05,IN,Refund - subscription,P12M,10,-478.8,-73.01,-405.79,0.0
2026-05,IN,Refund - subscription,P1M,3,-41.97,-6.39,-35.58,0.0
2026-05,IN,Refund - token pack,TP100,3,-29.97,-4.56,-25.41,0.0
2026-05,IN,Renewal,P12M,70,3999.6,610.08,3389.52,204.34
2026-05,IN,Renewal,P1M,366,5120.34,781.05,4339.29,343.86
2026-05,IN,Renewal,P3M,70,1920.9,293.04,1627.86,110.89
2026-05,IN,Token pack,TP100,95,949.05,144.78,804.27,70.23
2026-05,IN,Token pack,TP1300,17,1699.83,259.29,1440.54,75.4
2026-05,IN,Token pack,TP275,42,1049.58,160.08,889.5,62.69
2026-05,IN,Token pack,TP2800,9,1799.91,274.58,1525.33,78.9
2026-05,IN,Token pack,TP4500,10,2999.9,457.6,2542.3,159.3
2026-05,IN,Token pack,TP600,28,1399.72,213.55,1186.17,67.75
2026-05,IT,Chargeback,P12M,1,-55.11,-9.94,-45.17,20.0
2026-05,IT,Chargeback,P1M,3,-48.3,-8.71,-39.6,65.0
2026-05,IT,Chargeback,P3M,2,-62.08,-11.2,-50.88,45.0
2026-05,IT,New subscription,P12M,182,10091.07,1819.69,8271.26,518.22
2026-05,IT,New subscription,P1M,214,3466.82,625.19,2841.7,219.35
2026-05,IT,New subscription,P3M,92,2873.26,518.14,2355.2,149.84
2026-05,IT,Reactivation,P12M,28,1552.5,279.97,1272.51,81.39
2026-05,IT,Reactivation,P1M,32,518.4,93.44,424.96,36.03
2026-05,IT,Reactivation,P3M,10,312.3,56.31,256.0,19.5
2026-05,IT,Refund - subscription,P12M,7,-388.15,-70.0,-318.15,0.0
2026-05,IT,Refund - subscription,P1M,16,-259.2,-46.73,-212.48,0.0
2026-05,IT,Refund - subscription,P3M,5,-156.15,-28.15,-128.0,0.0
2026-05,IT,Refund - token pack,TP275,1,-28.94,-5.22,-23.72,0.0
2026-05,IT,Refund - token pack,TP2800,1,-231.59,-41.76,-189.83,0.0
2026-05,IT,Refund - token pack,TP600,1,-57.89,-10.44,-47.45,0.0
2026-05,IT,Renewal,P12M,69,4576.13,825.23,3750.88,234.6
2026-05,IT,Renewal,P1M,595,9639.3,1738.19,7901.03,641.57
2026-05,IT,Renewal,P3M,121,3834.55,691.47,3143.13,206.31
2026-05,IT,Token pack,TP100,154,1781.54,321.23,1460.3,124.18
2026-05,IT,Token pack,TP1300,39,4515.79,814.32,3701.47,213.48
2026-05,IT,Token pack,TP275,104,3009.63,542.75,2466.88,158.36
2026-05,IT,Token pack,TP2800,22,5094.98,918.74,4176.22,230.77
2026-05,IT,Token pack,TP4500,13,4516.07,814.34,3701.64,195.25
2026-05,IT,Token pack,TP600,49,2836.56,511.56,2325.05,139.92
2026-05,JP,Chargeback,P1M,2,-27.98,-2.54,-25.44,45.0
2026-05,JP,Chargeback,P3M,2,-53.94,-4.9,-49.04,50.0
2026-05,JP,New subscription,P12M,99,4740.12,430.95,4309.17,237.65
2026-05,JP,New subscription,P1M,153,2140.47,194.6,1945.87,138.97
2026-05,JP,New subscription,P3M,48,1294.56,117.65,1176.91,69.5
2026-05,JP,Reactivation,P12M,21,1005.48,91.39,914.09,51.91
2026-05,JP,Reactivation,P1M,18,251.82,22.86,228.96,18.38
2026-05,JP,Reactivation,P3M,9,242.73,22.05,220.68,14.26
2026-05,JP,Refund - subscription,P12M,5,-239.4,-21.76,-217.64,0.0
2026-05,JP,Refund - subscription,P1M,7,-97.93,-8.9,-89.03,0.0
2026-05,JP,Refund - subscription,P3M,2,-53.94,-4.9,-49.04,0.0
2026-05,JP,Refund - token pack,TP600,2,-99.98,-9.08,-90.9,0.0
2026-05,JP,Renewal,P12M,59,3496.92,317.88,3179.04,182.96
2026-05,JP,Renewal,P1M,352,4924.48,447.67,4476.81,341.04
2026-05,JP,Renewal,P3M,55,1495.35,135.92,1359.43,91.51
2026-05,JP,Token pack,TP100,93,929.07,84.48,844.59,68.98
2026-05,JP,Token pack,TP1300,11,1099.89,99.99,999.9,52.0
2026-05,JP,Token pack,TP275,59,1474.41,134.01,1340.4,86.32
2026-05,JP,Token pack,TP2800,16,3199.84,290.88,2908.96,154.0
2026-05,JP,Token pack,TP4500,11,3299.89,299.97,2999.92,157.8
2026-05,JP,Token pack,TP600,44,2199.56,199.92,1999.64,115.6
2026-05,MX,Chargeback,P12M,3,-143.64,-19.8,-123.84,70.0
2026-05,MX,Chargeback,P1M,5,-69.95,-9.65,-60.3,105.0
2026-05,MX,Chargeback,P3M,3,-80.91,-11.16,-69.75,70.0
2026-05,MX,New subscription,P12M,207,9911.16,1367.04,8544.12,485.76
2026-05,MX,New subscription,P1M,227,3175.73,438.11,2737.62,205.05
2026-05,MX,New subscription,P3M,86,2319.42,319.92,1999.5,130.75
2026-05,MX,Reactivation,P12M,23,1101.24,151.85,949.39,61.25
2026-05,MX,Reactivation,P1M,20,279.8,38.6,241.2,16.77
2026-05,MX,Reactivation,P3M,12,323.64,44.64,279.0,20.34
2026-05,MX,Refund - subscription,P12M,8,-383.04,-52.8,-330.24,0.0
2026-05,MX,Refund - subscription,P1M,10,-139.9,-19.3,-120.6,0.0
2026-05,MX,Refund - subscription,P3M,2,-53.94,-7.44,-46.5,0.0
2026-05,MX,Refund - token pack,TP100,2,-19.98,-2.76,-17.22,0.0
2026-05,MX,Refund - token pack,TP2800,1,-199.99,-27.58,-172.41,0.0
2026-05,MX,Refund - token pack,TP4500,1,-299.99,-41.38,-258.61,0.0
2026-05,MX,Refund - token pack,TP600,3,-149.97,-20.7,-129.27,0.0
2026-05,MX,Renewal,P12M,69,4095.72,564.89,3530.83,201.33
2026-05,MX,Renewal,P1M,418,5847.82,806.63,5041.19,396.57
2026-05,MX,Renewal,P3M,88,2400.36,331.06,2069.3,136.45
2026-05,MX,Token pack,TP100,124,1238.76,170.88,1067.88,91.25
2026-05,MX,Token pack,TP1300,22,2199.78,303.4,1896.38,115.8
2026-05,MX,Token pack,TP275,53,1324.47,182.69,1141.78,73.43
2026-05,MX,Token pack,TP2800,19,3799.81,524.06,3275.75,186.5
2026-05,MX,Token pack,TP4500,12,3599.88,496.56,3103.32,165.6
2026-05,MX,Token pack,TP600,39,1949.61,268.99,1680.62,102.95
2026-05,NL,Chargeback,P12M,1,-55.11,-9.56,-45.55,20.0
2026-05,NL,Chargeback,P1M,4,-64.4,-11.16,-53.24,80.0
2026-05,NL,New subscription,P12M,149,8261.36,1433.81,6827.5,403.64
2026-05,NL,New subscription,P1M,164,2656.8,461.1,2195.8,172.71
2026-05,NL,New subscription,P3M,62,1936.3,336.04,1600.23,102.5
2026-05,NL,Reactivation,P12M,22,1219.83,211.71,1008.04,63.92
2026-05,NL,Reactivation,P1M,25,405.0,70.26,334.75,26.48
2026-05,NL,Reactivation,P3M,11,343.53,59.62,283.91,21.09
2026-05,NL,Refund - subscription,P12M,4,-221.8,-38.48,-183.28,0.0
2026-05,NL,Refund - subscription,P1M,6,-97.2,-16.86,-80.34,0.0
2026-05,NL,Refund - subscription,P3M,2,-62.46,-10.84,-51.62,0.0
2026-05,NL,Refund - token pack,TP100,1,-11.57,-2.01,-9.56,0.0
2026-05,NL,Refund - token pack,TP2800,1,-231.59,-40.19,-191.4,0.0
2026-05,NL,Refund - token pack,TP600,1,-57.89,-10.05,-47.84,0.0
2026-05,NL,Renewal,P12M,64,4243.31,736.44,3506.82,217.92
2026-05,NL,Renewal,P1M,523,8472.88,1470.49,7002.34,557.96
2026-05,NL,Renewal,P3M,94,2984.4,517.9,2466.37,168.06
2026-05,NL,Token pack,TP100,166,1920.37,333.29,1587.04,138.63
2026-05,NL,Token pack,TP1300,24,2778.96,482.35,2296.61,140.08
2026-05,NL,Token pack,TP275,85,2459.79,426.86,2032.86,138.51
2026-05,NL,Token pack,TP2800,34,7874.06,1366.56,6507.5,402.3
2026-05,NL,Token pack,TP4500,15,5210.84,904.35,4306.49,261.95
2026-05,NL,Token pack,TP600,52,3010.26,522.43,2487.77,157.33
2026-05,PL,Chargeback,P12M,1,-55.11,-10.31,-44.8,20.0
2026-05,PL,New subscription,P12M,119,6598.03,1233.79,5364.19,313.46
2026-05,PL,New subscription,P1M,164,2656.8,496.83,2160.08,174.28
2026-05,PL,New subscription,P3M,56,1748.91,327.04,1421.87,96.54
2026-05,PL,Reactivation,P12M,22,1219.85,228.13,991.71,60.71
2026-05,PL,Reactivation,P1M,22,356.4,66.66,289.74,23.76
2026-05,PL,Reactivation,P3M,5,156.15,29.2,126.95,9.87
2026-05,PL,Refund - subscription,P12M,8,-443.6,-82.96,-360.64,0.0
2026-05,PL,Refund - subscription,P1M,7,-113.4,-21.21,-92.19,0.0
2026-05,PL,Refund - subscription,P3M,1,-31.23,-5.84,-25.39,0.0
2026-05,PL,Refund - token pack,TP100,1,-11.57,-2.16,-9.41,0.0
2026-05,PL,Refund - token pack,TP275,1,-28.94,-5.41,-23.53,0.0
2026-05,PL,Renewal,P12M,42,2884.59,539.37,2345.16,148.56
2026-05,PL,Renewal,P1M,385,6237.19,1166.24,5070.89,412.03
2026-05,PL,Renewal,P3M,82,2588.75,484.08,2104.67,142.52
2026-05,PL,Token pack,TP100,97,1122.18,209.85,912.35,80.81
2026-05,PL,Token pack,TP1300,24,2778.96,519.6,2259.31,120.16
2026-05,PL,Token pack,TP275,76,2199.38,411.19,1788.02,114.53
2026-05,PL,Token pack,TP2800,20,4631.8,866.14,3765.66,244.5
2026-05,PL,Token pack,TP4500,9,3126.51,584.64,2541.87,145.91
2026-05,PL,Token pack,TP600,38,2199.81,411.28,1788.4,115.18
2026-05,ROW,Chargeback,P12M,6,-335.28,-15.96,-319.32,135.0
2026-05,ROW,Chargeback,P1M,6,-83.94,-4.01,-79.93,130.0
2026-05,ROW,Chargeback,P3M,2,-53.94,-2.56,-51.38,40.0
2026-05,ROW,New subscription,P12M,623,29829.24,1420.44,28408.8,1464.85
2026-05,ROW,New subscription,P1M,528,7386.72,351.76,7034.96,480.16
2026-05,ROW,New subscription,P3M,223,6014.31,286.36,5727.95,335.91
2026-05,ROW,Reactivation,P12M,106,5075.28,241.68,4833.6,279.09
2026-05,ROW,Reactivation,P1M,89,1245.11,59.26,1185.85,83.04
2026-05,ROW,Reactivation,P3M,32,863.04,41.05,821.99,50.58
2026-05,ROW,Refund - subscription,P12M,22,-1053.36,-50.16,-1003.2,0.0
2026-05,ROW,Refund - subscription,P1M,14,-195.86,-9.35,-186.51,0.0
2026-05,ROW,Refund - subscription,P3M,5,-134.85,-6.4,-128.45,0.0
2026-05,ROW,Refund - token pack,TP100,1,-9.99,-0.48,-9.51,0.0
2026-05,ROW,Renewal,P12M,205,11639.4,554.29,11085.11,605.62
2026-05,ROW,Renewal,P1M,1192,16676.08,794.14,15881.94,1114.21
2026-05,ROW,Renewal,P3M,278,7575.66,360.7,7214.96,421.33
2026-05,ROW,Token pack,TP100,319,3186.81,151.74,3035.07,229.4
2026-05,ROW,Token pack,TP1300,72,7199.28,342.77,6856.51,349.4
2026-05,ROW,Token pack,TP275,176,4398.24,209.44,4188.8,248.1
2026-05,ROW,Token pack,TP2800,53,10599.47,504.73,10094.74,485.8
2026-05,ROW,Token pack,TP4500,24,7199.76,342.88,6856.88,358.8
2026-05,ROW,Token pack,TP600,116,5798.84,276.08,5522.76,304.05
2026-05,SE,Chargeback,P12M,1,-55.11,-11.02,-44.09,25.0
2026-05,SE,New subscription,P12M,93,5156.47,1031.33,4125.13,269.84
2026-05,SE,New subscription,P1M,111,1798.2,359.64,1438.56,113.6
2026-05,SE,New subscription,P3M,37,1155.52,231.15,924.52,60.75
2026-05,SE,Reactivation,P12M,12,665.38,133.08,532.3,35.95
2026-05,SE,Reactivation,P1M,13,210.6,42.12,168.48,13.79
2026-05,SE,Reactivation,P3M,6,187.38,37.49,149.93,10.98
2026-05,SE,Refund - subscription,P12M,5,-277.24,-55.45,-221.79,0.0
2026-05,SE,Refund - subscription,P1M,9,-145.8,-29.16,-116.64,0.0
2026-05,SE,Refund - subscription,P3M,2,-62.46,-12.5,-49.98,0.0
2026-05,SE,Refund - token pack,TP100,1,-11.57,-2.31,-9.25,0.0
2026-05,SE,Renewal,P12M,45,3050.91,610.2,2440.72,153.61
2026-05,SE,Renewal,P1M,299,4843.9,968.76,3875.05,309.65
2026-05,SE,Renewal,P3M,49,1554.64,310.96,1243.77,89.05
2026-05,SE,Token pack,TP100,109,1260.96,252.16,1008.74,90.3
2026-05,SE,Token pack,TP1300,19,2200.01,440.03,1759.97,107.24
2026-05,SE,Token pack,TP275,49,1418.04,283.65,1134.35,72.31
2026-05,SE,Token pack,TP2800,13,3010.67,602.16,2408.51,139.4
2026-05,SE,Token pack,TP4500,5,1736.95,347.4,1389.55,78.77
2026-05,SE,Token pack,TP600,23,1331.47,266.32,1065.13,67.33
2026-05,US,Chargeback,P12M,8,-407.04,-23.04,-384.0,165.0
2026-05,US,Chargeback,P1M,29,-405.71,-22.93,-382.78,640.0
2026-05,US,Chargeback,P3M,8,-215.76,-12.24,-203.52,175.0
2026-05,US,New subscription,P12M,2090,100069.2,5664.24,94404.96,5154.89
2026-05,US,New subscription,P1M,2401,33589.99,1901.32,31688.67,2267.08
2026-05,US,New subscription,P3M,848,22870.56,1294.55,21576.01,1339.47
2026-05,US,Reactivation,P12M,411,19678.68,1113.81,18564.87,1070.15
2026-05,US,Reactivation,P1M,407,5693.93,322.32,5371.61,388.55
2026-05,US,Reactivation,P3M,156,4207.32,238.13,3969.19,250.14
2026-05,US,Refund - subscription,P12M,95,-4548.6,-257.46,-4291.14,0.0
2026-05,US,Refund - subscription,P1M,100,-1399.0,-79.19,-1319.81,0.0
2026-05,US,Refund - subscription,P3M,25,-674.25,-38.18,-636.07,0.0
2026-05,US,Refund - token pack,TP100,26,-259.74,-14.77,-244.97,0.0
2026-05,US,Refund - token pack,TP1300,7,-699.93,-39.62,-660.31,0.0
2026-05,US,Refund - token pack,TP275,18,-449.82,-25.43,-424.39,0.0
2026-05,US,Refund - token pack,TP2800,4,-799.96,-45.28,-754.68,0.0
2026-05,US,Refund - token pack,TP4500,3,-899.97,-50.94,-849.03,0.0
2026-05,US,Refund - token pack,TP600,11,-549.89,-31.13,-518.76,0.0
2026-05,US,Renewal,P12M,897,50820.36,2876.63,47943.73,2683.49
2026-05,US,Renewal,P1M,6735,94222.65,5333.36,88889.29,6420.79
2026-05,US,Renewal,P3M,1317,36011.49,2038.39,33973.1,2106.84
2026-05,US,Token pack,TP100,2163,21608.37,1223.1,20385.27,1621.84
2026-05,US,Token pack,TP1300,471,47095.29,2665.86,44429.43,2321.53
2026-05,US,Token pack,TP275,1181,29513.19,1670.55,27842.64,1722.14
2026-05,US,Token pack,TP2800,294,58797.06,3328.08,55468.98,2948.67
2026-05,US,Token pack,TP4500,185,55498.15,3141.33,52356.82,2714.08
2026-05,US,Token pack,TP600,710,35492.9,2008.99,33483.91,1851.69
2026-06,AU,Chargeback,P12M,1,-47.88,-4.35,-43.53,25.0
2026-06,AU,Chargeback,P1M,4,-55.96,-5.09,-50.87,80.0
2026-06,AU,New subscription,P12M,233,11156.04,1014.18,10141.86,562.28
2026-06,AU,New subscription,P1M,301,4210.99,382.8,3828.19,282.9
2026-06,AU,New subscription,P3M,112,3020.64,274.63,2746.01,170.19
2026-06,AU,Reactivation,P12M,42,2010.96,182.81,1828.15,112.22
2026-06,AU,Reactivation,P1M,55,769.45,69.93,699.52,52.96
2026-06,AU,Reactivation,P3M,20,539.4,49.02,490.38,30.87
2026-06,AU,Refund - subscription,P12M,10,-478.8,-43.51,-435.29,0.0
2026-06,AU,Refund - subscription,P1M,14,-195.86,-17.79,-178.07,0.0
2026-06,AU,Refund - subscription,P3M,7,-188.79,-17.16,-171.63,0.0
2026-06,AU,Refund - token pack,TP100,8,-79.92,-7.28,-72.64,0.0
2026-06,AU,Refund - token pack,TP1300,3,-299.97,-27.27,-272.7,0.0
2026-06,AU,Refund - token pack,TP275,5,-124.95,-11.35,-113.6,0.0
2026-06,AU,Renewal,P12M,134,6679.92,607.29,6072.63,358.44
2026-06,AU,Renewal,P1M,820,11471.8,1042.86,10428.94,783.18
2026-06,AU,Renewal,P3M,123,3344.31,304.06,3040.25,197.39
2026-06,AU,Token pack,TP100,252,2517.48,228.86,2288.62,188.45
2026-06,AU,Token pack,TP1300,53,5299.47,481.77,4817.7,274.3
2026-06,AU,Token pack,TP275,149,3723.51,338.51,3385.0,223.95
2026-06,AU,Token pack,TP2800,31,6199.69,563.58,5636.11,332.4
2026-06,AU,Token pack,TP4500,17,5099.83,463.6,4636.23,254.4
2026-06,AU,Token pack,TP600,104,5198.96,472.63,4726.33,270.3
2026-06,BR,Chargeback,P12M,1,-47.88,-2.28,-45.6,25.0
2026-06,BR,Chargeback,P1M,4,-55.96,-2.68,-53.28,85.0
2026-06,BR,New subscription,P12M,302,14459.76,688.56,13771.2,716.81
2026-06,BR,New subscription,P1M,296,4141.04,197.24,3943.8,272.53
2026-06,BR,New subscription,P3M,99,2670.03,127.11,2542.92,135.16
2026-06,BR,Reactivation,P12M,37,1771.56,84.36,1687.2,94.96
2026-06,BR,Reactivation,P1M,40,559.6,26.68,532.92,37.73
2026-06,BR,Reactivation,P3M,15,404.55,19.24,385.31,23.66
2026-06,BR,Refund - subscription,P12M,10,-478.8,-22.8,-456.0,0.0
2026-06,BR,Refund - subscription,P1M,12,-167.88,-8.04,-159.84,0.0
2026-06,BR,Refund - subscription,P3M,4,-107.88,-5.12,-102.76,0.0
2026-06,BR,Refund - token pack,TP100,3,-29.97,-1.44,-28.53,0.0
2026-06,BR,Refund - token pack,TP600,2,-99.98,-4.76,-95.22,0.0
2026-06,BR,Renewal,P12M,82,4046.16,192.66,3853.5,207.68
2026-06,BR,Renewal,P1M,603,8435.97,401.73,8034.24,564.02
2026-06,BR,Renewal,P3M,107,2924.79,139.27,2785.52,171.01
2026-06,BR,Token pack,TP100,139,1388.61,66.14,1322.47,98.52
2026-06,BR,Token pack,TP1300,23,2299.77,109.48,2190.29,101.8
2026-06,BR,Token pack,TP275,81,2024.19,96.39,1927.8,114.51
2026-06,BR,Token pack,TP2800,17,3399.83,161.88,3237.95,157.0
2026-06,BR,Token pack,TP4500,6,1799.94,85.74,1714.2,93.3
2026-06,BR,Token pack,TP600,43,2149.57,102.34,2047.23,106.1
2026-06,CA,Chargeback,P12M,2,-119.76,-13.78,-105.98,45.0
2026-06,CA,Chargeback,P1M,6,-83.94,-9.66,-74.28,135.0
2026-06,CA,Chargeback,P3M,4,-107.88,-12.41,-95.47,85.0
2026-06,CA,New subscription,P12M,330,15800.4,1817.72,13982.68,808.77
2026-06,CA,New subscription,P1M,338,4728.62,543.96,4184.66,315.62
2026-06,CA,New subscription,P3M,119,3209.43,369.25,2840.18,180.57
2026-06,CA,Reactivation,P12M,56,2681.28,308.47,2372.81,145.59
2026-06,CA,Reactivation,P1M,70,979.3,112.7,866.6,70.68
2026-06,CA,Reactivation,P3M,26,701.22,80.67,620.55,43.31
2026-06,CA,Refund - subscription,P12M,23,-1101.24,-126.71,-974.53,0.0
2026-06,CA,Refund - subscription,P1M,13,-181.87,-20.93,-160.94,0.0
2026-06,CA,Refund - subscription,P3M,1,-26.97,-3.1,-23.87,0.0
2026-06,CA,Refund - token pack,TP100,1,-9.99,-1.15,-8.84,0.0
2026-06,CA,Refund - token pack,TP1300,4,-399.96,-46.0,-353.96,0.0
2026-06,CA,Refund - token pack,TP275,3,-74.97,-8.61,-66.36,0.0
2026-06,CA,Refund - token pack,TP600,1,-49.99,-5.75,-44.24,0.0
2026-06,CA,Renewal,P12M,155,7685.4,884.13,6801.27,403.07
2026-06,CA,Renewal,P1M,992,13878.08,1596.59,12281.49,948.33
2026-06,CA,Renewal,P3M,158,4285.26,493.01,3792.25,248.01
2026-06,CA,Token pack,TP100,322,3216.78,370.02,2846.76,239.78
2026-06,CA,Token pack,TP1300,61,6099.39,701.7,5397.69,322.2
2026-06,CA,Token pack,TP275,191,4773.09,549.07,4224.02,272.32
2026-06,CA,Token pack,TP2800,45,8999.55,1035.39,7964.16,447.6
2026-06,CA,Token pack,TP4500,20,5999.8,690.21,5309.59,305.4
2026-06,CA,Token pack,TP600,119,5948.81,684.37,5264.44,330.5
2026-06,CH,Chargeback,P1M,5,-81.0,-6.06,-74.94,110.0
2026-06,CH,Chargeback,P3M,1,-31.23,-2.34,-28.89,20.0
2026-06,CH,New subscription,P12M,93,5192.0,389.05,4802.91,256.0
2026-06,CH,New subscription,P1M,126,2055.34,154.0,1901.34,134.27
2026-06,CH,New subscription,P3M,40,1257.9,94.3,1163.6,67.95
2026-06,CH,Reactivation,P12M,25,1395.73,104.57,1291.07,65.04
2026-06,CH,Reactivation,P1M,23,375.14,28.07,347.07,23.62
2026-06,CH,Reactivation,P3M,11,345.93,25.94,319.99,19.59
2026-06,CH,Refund - subscription,P12M,5,-279.15,-20.9,-258.2,0.0
2026-06,CH,Refund - subscription,P1M,5,-81.55,-6.1,-75.45,0.0
2026-06,CH,Refund - token pack,TP4500,1,-349.79,-26.21,-323.58,0.0
2026-06,CH,Renewal,P12M,51,2959.18,221.73,2737.38,154.66
2026-06,CH,Renewal,P1M,313,5105.78,382.58,4723.17,328.27
2026-06,CH,Renewal,P3M,54,1705.15,127.79,1577.34,93.79
2026-06,CH,Token pack,TP100,120,1397.81,104.72,1293.09,96.03
2026-06,CH,Token pack,TP1300,24,2798.16,209.7,2588.41,130.24
2026-06,CH,Token pack,TP275,51,1486.11,111.33,1374.63,85.71
2026-06,CH,Token pack,TP2800,20,4663.8,349.45,4314.35,231.14
2026-06,CH,Token pack,TP4500,10,3497.9,262.1,3235.8,185.15
2026-06,CH,Token pack,TP600,39,2273.31,170.4,2102.88,122.13
2026-06,DE,Chargeback,P12M,6,-360.48,-57.55,-302.9,135.0
2026-06,DE,Chargeback,P1M,9,-145.8,-23.29,-122.51,195.0
2026-06,DE,Chargeback,P3M,2,-62.46,-9.98,-52.48,45.0
2026-06,DE,New subscription,P12M,489,27299.95,4358.8,22941.12,1351.72
2026-06,DE,New subscription,P1M,643,10488.83,1674.68,8814.16,669.15
2026-06,DE,New subscription,P3M,218,6855.46,1094.6,5760.88,380.68
2026-06,DE,Reactivation,P12M,97,5415.32,864.62,4550.68,278.09
2026-06,DE,Reactivation,P1M,107,1745.41,278.68,1466.73,118.58
2026-06,DE,Reactivation,P3M,36,1132.08,180.72,951.36,65.01
2026-06,DE,Refund - subscription,P12M,19,-1060.76,-169.32,-891.32,0.0
2026-06,DE,Refund - subscription,P1M,22,-358.84,-57.27,-301.6,0.0
2026-06,DE,Refund - subscription,P3M,4,-125.79,-20.08,-105.71,0.0
2026-06,DE,Refund - token pack,TP100,14,-163.1,-26.04,-137.06,0.0
2026-06,DE,Refund - token pack,TP1300,2,-233.18,-37.22,-195.94,0.0
2026-06,DE,Refund - token pack,TP275,3,-87.42,-13.95,-73.47,0.0
2026-06,DE,Refund - token pack,TP2800,1,-233.19,-37.23,-195.96,0.0
2026-06,DE,Refund - token pack,TP600,2,-116.58,-18.62,-97.96,0.0
2026-06,DE,Renewal,P12M,236,13651.14,2179.62,11471.54,698.67
2026-06,DE,Renewal,P1M,1728,28187.72,4500.54,23687.16,1850.61
2026-06,DE,Renewal,P3M,257,8106.38,1294.33,6812.1,453.47
2026-06,DE,Token pack,TP100,534,6220.24,993.23,5227.07,440.07
2026-06,DE,Token pack,TP1300,121,14107.23,2252.36,11854.78,705.94
2026-06,DE,Token pack,TP275,289,8421.05,1344.54,7076.45,484.67
2026-06,DE,Token pack,TP2800,91,21220.15,3388.1,17832.06,1033.62
2026-06,DE,Token pack,TP4500,46,16090.34,2569.1,13521.24,741.98
2026-06,DE,Token pack,TP600,182,10608.52,1693.81,8914.66,567.81
2026-06,ES,Chargeback,P12M,1,-55.45,-9.62,-45.82,25.0
2026-06,ES,Chargeback,P1M,3,-48.6,-8.43,-40.17,65.0
2026-06,ES,New subscription,P12M,189,10551.47,1831.27,8720.28,514.41
2026-06,ES,New subscription,P1M,240,3914.97,679.46,3235.54,248.8
2026-06,ES,New subscription,P3M,83,2610.09,453.01,2157.17,138.6
2026-06,ES,Reactivation,P12M,47,2623.95,455.43,2168.57,131.55
2026-06,ES,Reactivation,P1M,38,619.8,107.55,512.25,40.86
2026-06,ES,Reactivation,P3M,7,220.15,38.22,181.93,13.12
2026-06,ES,Refund - subscription,P12M,13,-725.79,-125.97,-599.82,0.0
2026-06,ES,Refund - subscription,P1M,8,-130.48,-22.64,-107.84,0.0
2026-06,ES,Refund - subscription,P3M,1,-31.45,-5.46,-25.99,0.0
2026-06,ES,Refund - token pack,TP100,3,-34.95,-6.06,-28.89,0.0
2026-06,ES,Refund - token pack,TP275,2,-58.28,-10.12,-48.16,0.0
2026-06,ES,Renewal,P12M,103,6030.12,1046.59,4983.61,314.81
2026-06,ES,Renewal,P1M,656,10700.87,1857.16,8843.71,700.25
2026-06,ES,Renewal,P3M,98,3113.31,540.35,2573.03,179.63
2026-06,ES,Token pack,TP100,194,2259.81,392.17,1867.58,158.09
2026-06,ES,Token pack,TP1300,35,4080.62,708.16,3372.36,205.14
2026-06,ES,Token pack,TP275,103,3001.28,520.89,2480.37,175.02
2026-06,ES,Token pack,TP2800,26,6062.94,1052.22,5010.7,271.01
2026-06,ES,Token pack,TP4500,17,5946.43,1032.02,4914.36,280.7
2026-06,ES,Token pack,TP600,63,3672.21,637.3,3034.83,184.95
2026-06,FR,Chargeback,P12M,7,-388.15,-64.68,-323.4,155.0
2026-06,FR,Chargeback,P1M,3,-48.6,-8.1,-40.5,70.0
2026-06,FR,New subscription,P12M,629,35115.87,5852.63,29263.2,1732.35
2026-06,FR,New subscription,P1M,628,10244.14,1707.34,8536.81,654.39
2026-06,FR,New subscription,P3M,224,7044.15,1174.02,5870.13,392.67
2026-06,FR,Reactivation,P12M,81,4522.04,753.62,3768.37,234.34
2026-06,FR,Reactivation,P1M,90,1468.07,244.69,1223.4,96.53
2026-06,FR,Reactivation,P3M,28,880.53,146.72,733.81,50.29
2026-06,FR,Refund - subscription,P12M,31,-1730.71,-288.42,-1442.22,0.0
2026-06,FR,Refund - subscription,P1M,33,-538.26,-89.74,-448.58,0.0
2026-06,FR,Refund - subscription,P3M,11,-345.94,-57.64,-288.29,0.0
2026-06,FR,Refund - token pack,TP100,7,-81.55,-13.58,-67.97,0.0
2026-06,FR,Refund - token pack,TP1300,2,-233.18,-38.86,-194.32,0.0
2026-06,FR,Refund - token pack,TP275,6,-174.84,-29.14,-145.68,0.0
2026-06,FR,Refund - token pack,TP600,4,-233.16,-38.84,-194.28,0.0
2026-06,FR,Renewal,P12M,227,13092.73,2182.1,10910.59,690.94
2026-06,FR,Renewal,P1M,1734,28285.63,4714.27,23571.33,1827.3
2026-06,FR,Renewal,P3M,267,8445.37,1407.57,7037.79,463.77
2026-06,FR,Token pack,TP100,551,6418.28,1069.7,5348.53,440.83
2026-06,FR,Token pack,TP1300,119,13874.03,2312.35,11561.68,664.04
2026-06,FR,Token pack,TP275,274,7983.91,1330.61,6653.25,446.33
2026-06,FR,Token pack,TP2800,76,17722.35,2953.67,14768.57,826.3
2026-06,FR,Token pack,TP4500,24,8394.96,1399.2,6995.76,435.76
2026-06,FR,Token pack,TP600,173,10083.92,1680.61,8403.23,526.12
2026-06,GB,Chargeback,P12M,2,-128.32,-21.38,-106.94,50.0
2026-06,GB,Chargeback,P1M,13,-243.73,-40.58,-203.06,275.0
2026-06,GB,Chargeback,P3M,2,-72.28,-12.04,-60.24,45.0
2026-06,GB,New subscription,P12M,389,25106.9,4184.51,20922.45,1199.64
2026-06,GB,New subscription,P1M,427,8052.6,1342.11,6710.48,495.46
2026-06,GB,New subscription,P3M,160,5816.88,969.52,4847.45,301.27
2026-06,GB,Reactivation,P12M,81,5227.91,871.33,4356.65,262.9
2026-06,GB,Reactivation,P1M,86,1621.85,270.29,1351.59,103.11
2026-06,GB,Reactivation,P3M,22,799.89,133.32,666.57,46.39
2026-06,GB,Refund - subscription,P12M,17,-1097.19,-182.89,-914.39,0.0
2026-06,GB,Refund - subscription,P1M,29,-546.92,-91.15,-455.76,0.0
2026-06,GB,Refund - subscription,P3M,4,-145.43,-24.24,-121.19,0.0
2026-06,GB,Refund - token pack,TP100,9,-121.21,-20.18,-100.98,0.0
2026-06,GB,Refund - token pack,TP1300,2,-269.58,-44.92,-224.64,0.0
2026-06,GB,Refund - token pack,TP275,1,-33.69,-5.61,-28.07,0.0
2026-06,GB,Refund - token pack,TP2800,1,-269.59,-44.93,-224.66,0.0
2026-06,GB,Refund - token pack,TP600,2,-134.78,-22.46,-112.32,0.0
2026-06,GB,Renewal,P12M,237,16170.03,2695.03,13475.06,822.94
2026-06,GB,Renewal,P1M,1311,24723.55,4120.57,20602.93,1546.01
2026-06,GB,Renewal,P3M,247,9072.81,1512.13,7560.71,501.61
2026-06,GB,Token pack,TP100,454,6113.81,1018.98,5094.84,402.94
2026-06,GB,Token pack,TP1300,94,12669.94,2111.66,10558.24,598.11
2026-06,GB,Token pack,TP275,209,7040.52,1173.41,5867.07,385.74
2026-06,GB,Token pack,TP2800,52,14018.51,2336.37,11682.12,634.53
2026-06,GB,Token pack,TP4500,33,13344.79,2224.16,11120.67,650.51
2026-06,GB,Token pack,TP600,154,10377.55,1729.61,8647.94,520.91
2026-06,IN,Chargeback,P12M,1,-71.88,-10.96,-60.92,25.0
2026-06,IN,Chargeback,P1M,2,-27.98,-4.26,-23.72,45.0
2026-06,IN,New subscription,P12M,175,8379.0,1278.14,7100.86,420.49
2026-06,IN,New subscription,P1M,176,2462.24,375.59,2086.65,160.71
2026-06,IN,New subscription,P3M,82,2211.54,337.33,1874.21,122.44
2026-06,IN,Reactivation,P12M,38,1819.44,277.51,1541.93,100.41
2026-06,IN,Reactivation,P1M,17,237.83,36.26,201.57,16.27
2026-06,IN,Reactivation,P3M,6,161.82,24.67,137.15,7.88
2026-06,IN,Refund - subscription,P12M,5,-239.4,-36.5,-202.9,0.0
2026-06,IN,Refund - subscription,P1M,8,-111.92,-17.04,-94.88,0.0
2026-06,IN,Refund - subscription,P3M,1,-26.97,-4.11,-22.86,0.0
2026-06,IN,Refund - token pack,TP100,1,-9.99,-1.52,-8.47,0.0
2026-06,IN,Renewal,P12M,85,4357.8,664.71,3693.09,212.16
2026-06,IN,Renewal,P1M,387,5414.13,825.9,4588.23,369.02
2026-06,IN,Renewal,P3M,70,1899.9,289.8,1610.1,108.26
2026-06,IN,Token pack,TP100,98,979.02,149.36,829.66,73.79
2026-06,IN,Token pack,TP1300,24,2399.76,366.06,2033.7,122.9
2026-06,IN,Token pack,TP275,55,1374.45,209.62,1164.83,81.3
2026-06,IN,Token pack,TP2800,20,3999.8,610.17,3389.63,177.5
2026-06,IN,Token pack,TP4500,3,899.97,137.28,762.69,45.0
2026-06,IN,Token pack,TP600,30,1499.7,228.79,1270.91,81.8
2026-06,IT,Chargeback,P12M,2,-110.9,-20.0,-90.9,45.0
2026-06,IT,Chargeback,P1M,1,-16.2,-2.92,-13.28,25.0
2026-06,IT,New subscription,P12M,202,11277.28,2033.58,9243.67,548.02
2026-06,IT,New subscription,P1M,250,4078.12,735.36,3342.77,263.22
2026-06,IT,New subscription,P3M,84,2641.56,476.29,2165.22,140.19
2026-06,IT,Reactivation,P12M,35,1954.01,352.34,1601.6,95.89
2026-06,IT,Reactivation,P1M,38,619.8,111.74,508.06,41.58
2026-06,IT,Reactivation,P3M,11,345.93,62.37,283.56,16.37
2026-06,IT,Refund - subscription,P12M,10,-558.3,-100.67,-457.6,0.0
2026-06,IT,Refund - subscription,P1M,19,-309.92,-55.87,-254.04,0.0
2026-06,IT,Refund - subscription,P3M,2,-62.9,-11.34,-51.56,0.0
2026-06,IT,Refund - token pack,TP100,4,-46.6,-8.4,-38.2,0.0
2026-06,IT,Refund - token pack,TP1300,2,-233.18,-42.04,-191.12,0.0
2026-06,IT,Refund - token pack,TP600,1,-58.29,-10.51,-47.78,0.0
2026-06,IT,Renewal,P12M,94,5443.74,981.63,4462.02,287.48
2026-06,IT,Renewal,P1M,620,10113.64,1823.77,8289.89,672.09
2026-06,IT,Renewal,P3M,101,3211.12,579.0,2632.06,184.6
2026-06,IT,Token pack,TP100,183,2131.67,384.33,1747.27,149.23
2026-06,IT,Token pack,TP1300,36,4197.24,756.82,3440.26,210.39
2026-06,IT,Token pack,TP275,107,3117.84,562.24,2555.61,172.47
2026-06,IT,Token pack,TP2800,19,4430.61,798.95,3631.66,224.74
2026-06,IT,Token pack,TP4500,12,4197.48,756.94,3440.53,181.31
2026-06,IT,Token pack,TP600,58,3380.78,609.58,2771.03,170.39
2026-06,JP,Chargeback,P1M,2,-27.98,-2.54,-25.44,45.0
2026-06,JP,New subscription,P12M,116,5554.08,504.94,5049.14,287.37
2026-06,JP,New subscription,P1M,139,1944.61,176.79,1767.82,130.28
2026-06,JP,New subscription,P3M,50,1348.5,122.57,1225.93,80.34
2026-06,JP,Reactivation,P12M,20,957.6,87.02,870.58,54.17
2026-06,JP,Reactivation,P1M,15,209.85,19.05,190.8,15.11
2026-06,JP,Reactivation,P3M,8,215.76,19.6,196.16,11.42
2026-06,JP,Refund - subscription,P12M,4,-191.52,-17.41,-174.11,0.0
2026-06,JP,Refund - subscription,P1M,9,-125.91,-11.44,-114.47,0.0
2026-06,JP,Refund - subscription,P3M,2,-53.94,-4.9,-49.04,0.0
2026-06,JP,Refund - token pack,TP100,2,-19.98,-1.82,-18.16,0.0
2026-06,JP,Refund - token pack,TP1300,1,-99.99,-9.09,-90.9,0.0
2026-06,JP,Refund - token pack,TP275,1,-24.99,-2.27,-22.72,0.0
2026-06,JP,Renewal,P12M,51,2537.88,230.71,2307.17,136.57
2026-06,JP,Renewal,P1M,368,5148.32,468.02,4680.3,354.47
2026-06,JP,Renewal,P3M,54,1468.38,133.49,1334.89,84.57
2026-06,JP,Token pack,TP100,110,1098.9,99.88,999.02,77.82
2026-06,JP,Token pack,TP1300,26,2599.74,236.34,2363.4,141.8
2026-06,JP,Token pack,TP275,58,1449.42,131.74,1317.68,80.47
2026-06,JP,Token pack,TP2800,12,2399.88,218.16,2181.72,111.4
2026-06,JP,Token pack,TP4500,5,1499.95,136.35,1363.6,78.3
2026-06,JP,Token pack,TP600,41,2049.59,186.26,1863.33,109.35
2026-06,MX,Chargeback,P12M,1,-47.88,-6.6,-41.28,20.0
2026-06,MX,Chargeback,P3M,1,-26.97,-3.72,-23.25,20.0
2026-06,MX,New subscription,P12M,226,10820.88,1492.53,9328.35,552.17
2026-06,MX,New subscription,P1M,213,2979.87,411.09,2568.78,195.09
2026-06,MX,New subscription,P3M,79,2130.63,293.88,1836.75,127.02
2026-06,MX,Reactivation,P12M,43,2058.84,283.94,1774.9,103.66
2026-06,MX,Reactivation,P1M,17,237.83,32.81,205.02,15.7
2026-06,MX,Reactivation,P3M,9,242.73,33.48,209.25,13.66
2026-06,MX,Refund - subscription,P12M,5,-239.4,-33.01,-206.39,0.0
2026-06,MX,Refund - subscription,P1M,10,-139.9,-19.3,-120.6,0.0
2026-06,MX,Refund - subscription,P3M,4,-107.88,-14.88,-93.0,0.0
2026-06,MX,Refund - token pack,TP100,1,-9.99,-1.38,-8.61,0.0
2026-06,MX,Refund - token pack,TP275,2,-49.98,-6.9,-43.08,0.0
2026-06,MX,Renewal,P12M,87,4357.56,601.03,3756.53,236.08
2026-06,MX,Renewal,P1M,479,6701.21,924.29,5776.92,448.78
2026-06,MX,Renewal,P3M,69,1878.93,259.15,1619.78,98.03
2026-06,MX,Token pack,TP100,113,1128.87,155.73,973.14,74.83
2026-06,MX,Token pack,TP1300,17,1699.83,234.44,1465.39,71.0
2026-06,MX,Token pack,TP275,52,1299.48,179.21,1120.27,67.89
2026-06,MX,Token pack,TP2800,18,3599.82,496.47,3103.35,148.0
2026-06,MX,Token pack,TP4500,7,2099.93,289.65,1810.28,105.0
2026-06,MX,Token pack,TP600,39,1949.61,268.96,1680.65,100.55
2026-06,NL,Chargeback,P1M,1,-16.2,-2.81,-13.39,20.0
2026-06,NL,New subscription,P12M,192,10718.99,1860.35,8858.64,537.56
2026-06,NL,New subscription,P1M,191,3115.67,540.77,2574.97,199.01
2026-06,NL,New subscription,P3M,64,2012.6,349.33,1663.36,116.13
2026-06,NL,Reactivation,P12M,31,1730.72,300.39,1430.34,89.97
2026-06,NL,Reactivation,P1M,32,521.94,90.56,431.37,34.67
2026-06,NL,Reactivation,P3M,6,188.7,32.76,155.94,9.67
2026-06,NL,Refund - subscription,P12M,3,-167.49,-29.07,-138.42,0.0
2026-06,NL,Refund - subscription,P1M,12,-195.74,-33.97,-161.77,0.0
2026-06,NL,Refund - subscription,P3M,1,-31.45,-5.46,-25.99,0.0
2026-06,NL,Refund - token pack,TP100,3,-34.95,-6.06,-28.89,0.0
2026-06,NL,Refund - token pack,TP1300,1,-116.59,-20.23,-96.35,0.0
2026-06,NL,Refund - token pack,TP275,1,-29.14,-5.06,-24.08,0.0
2026-06,NL,Refund - token pack,TP600,3,-174.87,-30.36,-144.51,0.0
2026-06,NL,Renewal,P12M,81,4745.98,823.7,3922.29,254.91
2026-06,NL,Renewal,P1M,518,8449.79,1466.46,6983.33,559.84
2026-06,NL,Renewal,P3M,92,2914.13,505.76,2408.42,155.75
2026-06,NL,Token pack,TP100,163,1898.71,329.5,1569.14,125.86
2026-06,NL,Token pack,TP1300,28,3264.51,566.51,2697.87,161.55
2026-06,NL,Token pack,TP275,111,3234.4,561.32,2673.02,183.31
2026-06,NL,Token pack,TP2800,23,5363.37,930.81,4432.56,263.42
2026-06,NL,Token pack,TP4500,13,4547.27,789.22,3758.04,239.62
2026-06,NL,Token pack,TP600,59,3439.06,596.85,2842.13,179.7
2026-06,PL,Chargeback,P1M,1,-16.2,-3.03,-13.17,20.0
2026-06,PL,New subscription,P12M,149,8318.37,1555.54,6762.89,424.91
2026-06,PL,New subscription,P1M,177,2887.28,539.85,2347.4,182.26
2026-06,PL,New subscription,P3M,52,1635.25,305.76,1329.48,93.57
2026-06,PL,Reactivation,P12M,26,1451.55,271.44,1180.12,76.47
2026-06,PL,Reactivation,P1M,27,440.37,82.35,358.02,28.31
2026-06,PL,Reactivation,P3M,10,314.5,58.8,255.7,17.51
2026-06,PL,Refund - subscription,P12M,12,-669.95,-125.28,-544.67,0.0
2026-06,PL,Refund - subscription,P1M,8,-130.49,-24.4,-106.09,0.0
2026-06,PL,Refund - subscription,P3M,2,-62.9,-11.76,-51.14,0.0
2026-06,PL,Refund - token pack,TP100,3,-34.95,-6.54,-28.41,0.0
2026-06,PL,Refund - token pack,TP275,3,-87.42,-16.35,-71.07,0.0
2026-06,PL,Renewal,P12M,63,3769.04,704.8,3064.29,202.99
2026-06,PL,Renewal,P1M,394,6427.09,1201.73,5225.25,420.09
2026-06,PL,Renewal,P3M,83,2641.6,493.97,2147.61,136.25
2026-06,PL,Token pack,TP100,99,1153.24,215.61,937.53,80.63
2026-06,PL,Token pack,TP1300,29,3381.11,632.2,2748.83,166.8
2026-06,PL,Token pack,TP275,61,1777.5,332.41,1445.09,103.25
2026-06,PL,Token pack,TP2800,15,3497.85,654.05,2843.75,174.92
2026-06,PL,Token pack,TP4500,8,2798.32,523.28,2275.04,131.63
2026-06,PL,Token pack,TP600,37,2156.72,403.3,1753.43,117.3
2026-06,ROW,Chargeback,P1M,4,-55.96,-2.68,-53.28,90.0
2026-06,ROW,Chargeback,P3M,2,-53.94,-2.56,-51.38,40.0
2026-06,ROW,New subscription,P12M,630,30164.4,1436.4,28728.0,1507.7
2026-06,ROW,New subscription,P1M,555,7764.45,369.77,7394.68,509.89
2026-06,ROW,New subscription,P3M,227,6122.19,291.52,5830.67,346.9
2026-06,ROW,Reactivation,P12M,126,6032.88,287.28,5745.6,319.59
2026-06,ROW,Reactivation,P1M,105,1468.95,69.93,1399.02,97.26
2026-06,ROW,Reactivation,P3M,38,1024.86,48.76,976.1,60.61
2026-06,ROW,Refund - subscription,P12M,23,-1101.24,-52.44,-1048.8,0.0
2026-06,ROW,Refund - subscription,P1M,16,-223.84,-10.69,-213.15,0.0
2026-06,ROW,Refund - subscription,P3M,6,-161.82,-7.69,-154.13,0.0
2026-06,ROW,Refund - token pack,TP100,10,-99.9,-4.8,-95.1,0.0
2026-06,ROW,Refund - token pack,TP275,3,-74.97,-3.57,-71.4,0.0
2026-06,ROW,Refund - token pack,TP2800,2,-399.98,-19.05,-380.93,0.0
2026-06,ROW,Refund - token pack,TP4500,3,-899.97,-42.87,-857.1,0.0
2026-06,ROW,Renewal,P12M,235,11971.8,570.09,11401.71,625.84
2026-06,ROW,Renewal,P1M,1264,17683.36,842.04,16841.32,1189.63
2026-06,ROW,Renewal,P3M,276,7494.72,356.9,7137.82,426.65
2026-06,ROW,Token pack,TP100,382,3816.18,181.71,3634.47,277.58
2026-06,ROW,Token pack,TP1300,65,6499.35,309.44,6189.91,279.8
2026-06,ROW,Token pack,TP275,172,4298.28,204.68,4093.6,245.51
2026-06,ROW,Token pack,TP2800,55,10999.45,523.75,10475.7,496.7
2026-06,ROW,Token pack,TP4500,28,8399.72,400.03,7999.69,390.6
2026-06,ROW,Token pack,TP600,116,5798.84,276.08,5522.76,281.85
2026-06,SE,New subscription,P12M,93,5191.98,1038.44,4153.59,273.44
2026-06,SE,New subscription,P1M,114,1859.58,371.88,1487.7,120.07
2026-06,SE,New subscription,P3M,44,1383.69,276.76,1106.99,72.64
2026-06,SE,Reactivation,P12M,8,446.64,89.36,357.28,23.26
2026-06,SE,Reactivation,P1M,13,212.03,42.38,169.65,13.03
2026-06,SE,Reactivation,P3M,7,220.14,44.03,176.12,10.38
2026-06,SE,Refund - subscription,P12M,3,-167.49,-33.5,-133.98,0.0
2026-06,SE,Refund - subscription,P1M,10,-163.1,-32.6,-130.5,0.0
2026-06,SE,Refund - subscription,P3M,2,-62.9,-12.58,-50.32,0.0
2026-06,SE,Refund - token pack,TP100,1,-11.65,-2.33,-9.32,0.0
2026-06,SE,Refund - token pack,TP275,2,-58.28,-11.66,-46.62,0.0
2026-06,SE,Renewal,P12M,43,2624.51,524.92,2099.53,128.51
2026-06,SE,Renewal,P1M,325,5301.51,1060.27,4241.25,334.6
2026-06,SE,Renewal,P3M,56,1768.07,353.64,1414.45,97.16
2026-06,SE,Token pack,TP100,82,955.22,191.06,764.16,68.47
2026-06,SE,Token pack,TP1300,18,2098.62,419.76,1678.86,86.4
2026-06,SE,Token pack,TP275,50,1456.96,291.44,1165.5,83.55
2026-06,SE,Token pack,TP2800,12,2798.28,559.68,2238.6,127.19
2026-06,SE,Token pack,TP4500,3,1049.37,209.88,839.49,54.47
2026-06,SE,Token pack,TP600,38,2215.02,443.02,1771.94,103.03
2026-06,US,Chargeback,P12M,10,-550.8,-31.18,-519.62,225.0
2026-06,US,Chargeback,P1M,28,-391.72,-22.14,-369.58,605.0
2026-06,US,Chargeback,P3M,9,-242.73,-13.76,-228.97,195.0
2026-06,US,New subscription,P12M,2060,98632.8,5582.94,93049.86,4998.4
2026-06,US,New subscription,P1M,2541,35548.59,2012.17,33536.42,2369.96
2026-06,US,New subscription,P3M,866,23356.02,1322.04,22033.98,1331.31
2026-06,US,Reactivation,P12M,431,20636.28,1168.01,19468.27,1129.91
2026-06,US,Reactivation,P1M,414,5791.86,327.85,5464.01,409.23
2026-06,US,Reactivation,P3M,152,4099.44,232.04,3867.4,256.36
2026-06,US,Refund - subscription,P12M,89,-4261.32,-241.2,-4020.12,0.0
2026-06,US,Refund - subscription,P1M,137,-1916.63,-108.49,-1808.14,0.0
2026-06,US,Refund - subscription,P3M,35,-943.95,-53.47,-890.48,0.0
2026-06,US,Refund - token pack,TP100,41,-409.59,-23.23,-386.36,0.0
2026-06,US,Refund - token pack,TP1300,6,-599.94,-33.96,-565.98,0.0
2026-06,US,Refund - token pack,TP275,14,-349.86,-19.75,-330.11,0.0
2026-06,US,Refund - token pack,TP2800,9,-1799.91,-101.88,-1698.03,0.0
2026-06,US,Refund - token pack,TP4500,3,-899.97,-50.94,-849.03,0.0
2026-06,US,Refund - token pack,TP600,16,-799.84,-45.28,-754.56,0.0
2026-06,US,Renewal,P12M,1206,60623.28,3431.49,57191.79,3273.59
2026-06,US,Renewal,P1M,7087,99147.13,5612.07,93535.06,6764.05
2026-06,US,Renewal,P3M,1248,33970.56,1922.85,32047.71,1971.46
2026-06,US,Token pack,TP100,2449,24465.51,1384.85,23080.66,1818.96
2026-06,US,Token pack,TP1300,460,45995.4,2603.6,43391.8,2291.14
2026-06,US,Token pack,TP275,1267,31662.33,1792.2,29870.13,1838.65
2026-06,US,Token pack,TP2800,340,67996.6,3848.8,64147.8,3364.71
2026-06,US,Token pack,TP4500,182,54598.18,3090.41,51507.77,2693.98
2026-06,US,Token pack,TP600,772,38592.28,2184.47,36407.81,2038.0
2026-07,AU,Chargeback,P12M,1,-47.88,-4.35,-43.53,20.0
2026-07,AU,Chargeback,P1M,1,-13.99,-1.27,-12.72,20.0
2026-07,AU,Chargeback,P3M,1,-26.97,-2.45,-24.52,20.0
2026-07,AU,New subscription,P12M,307,14699.16,1336.28,13362.88,755.44
2026-07,AU,New subscription,P1M,318,4448.82,404.43,4044.39,299.94
2026-07,AU,New subscription,P3M,149,4018.53,365.34,3653.19,220.1
2026-07,AU,Reactivation,P12M,77,3686.76,335.16,3351.6,202.21
2026-07,AU,Reactivation,P1M,71,993.29,90.29,903.0,68.11
2026-07,AU,Reactivation,P3M,15,404.55,36.75,367.8,24.88
2026-07,AU,Refund - subscription,P12M,16,-766.08,-69.64,-696.44,0.0
2026-07,AU,Refund - subscription,P1M,13,-181.87,-16.52,-165.35,0.0
2026-07,AU,Refund - subscription,P3M,1,-26.97,-2.45,-24.52,0.0
2026-07,AU,Refund - token pack,TP100,1,-9.99,-0.91,-9.08,0.0
2026-07,AU,Refund - token pack,TP1300,1,-99.99,-9.09,-90.9,0.0
2026-07,AU,Refund - token pack,TP600,2,-99.98,-9.08,-90.9,0.0
2026-07,AU,Renewal,P12M,153,7469.64,679.07,6790.57,412.19
2026-07,AU,Renewal,P1M,863,12073.37,1097.56,10975.81,820.92
2026-07,AU,Renewal,P3M,151,4099.47,372.71,3726.76,238.55
2026-07,AU,Token pack,TP100,291,2907.09,264.28,2642.81,212.03
2026-07,AU,Token pack,TP1300,58,5799.42,527.22,5272.2,297.0
2026-07,AU,Token pack,TP275,149,3723.51,338.51,3385.0,224.08
2026-07,AU,Token pack,TP2800,32,6399.68,581.76,5817.92,328.8
2026-07,AU,Token pack,TP4500,19,5699.81,518.13,5181.68,291.0
2026-07,AU,Token pack,TP600,91,4549.09,413.53,4135.56,230.55
2026-07,BR,Chargeback,P12M,1,-47.88,-2.28,-45.6,25.0
2026-07,BR,Chargeback,P1M,4,-55.96,-2.68,-53.28,85.0
2026-07,BR,Chargeback,P3M,1,-26.97,-1.28,-25.69,20.0
2026-07,BR,New subscription,P12M,400,19152.0,912.0,18240.0,960.41
2026-07,BR,New subscription,P1M,298,4169.02,198.51,3970.51,278.06
2026-07,BR,New subscription,P3M,120,3236.4,154.1,3082.3,185.8
2026-07,BR,Reactivation,P12M,64,3064.32,145.92,2918.4,160.99
2026-07,BR,Reactivation,P1M,35,489.65,23.35,466.3,31.25
2026-07,BR,Reactivation,P3M,11,296.67,14.1,282.57,19.02
2026-07,BR,Refund - subscription,P12M,22,-1053.36,-50.16,-1003.2,0.0
2026-07,BR,Refund - subscription,P1M,7,-97.93,-4.68,-93.25,0.0
2026-07,BR,Refund - subscription,P3M,3,-80.91,-3.84,-77.07,0.0
2026-07,BR,Refund - token pack,TP100,2,-19.98,-0.96,-19.02,0.0
2026-07,BR,Refund - token pack,TP275,1,-24.99,-1.19,-23.8,0.0
2026-07,BR,Refund - token pack,TP2800,1,-199.99,-9.52,-190.47,0.0
2026-07,BR,Refund - token pack,TP600,2,-99.98,-4.76,-95.22,0.0
2026-07,BR,Renewal,P12M,124,6153.12,292.99,5860.13,326.44
2026-07,BR,Renewal,P1M,643,8995.57,428.39,8567.18,601.87
2026-07,BR,Renewal,P3M,103,2789.91,132.87,2657.04,156.21
2026-07,BR,Token pack,TP100,141,1408.59,67.05,1341.54,90.94
2026-07,BR,Token pack,TP1300,27,2699.73,128.52,2571.21,129.6
2026-07,BR,Token pack,TP275,76,1899.24,90.44,1808.8,111.48
2026-07,BR,Token pack,TP2800,26,5199.74,247.58,4952.16,217.3
2026-07,BR,Token pack,TP4500,12,3599.88,171.48,3428.4,203.1
2026-07,BR,Token pack,TP600,50,2499.5,119.0,2380.5,123.55
2026-07,CA,Chargeback,P12M,3,-143.64,-16.53,-127.11,75.0
2026-07,CA,Chargeback,P1M,2,-27.98,-3.22,-24.76,45.0
2026-07,CA,New subscription,P12M,422,20205.36,2324.47,17880.89,1061.02
2026-07,CA,New subscription,P1M,433,6057.67,696.87,5360.8,416.45
2026-07,CA,New subscription,P3M,157,4234.29,487.14,3747.15,236.05
2026-07,CA,Reactivation,P12M,82,3926.16,451.65,3474.51,209.13
2026-07,CA,Reactivation,P1M,60,839.4,96.6,742.8,56.64
2026-07,CA,Reactivation,P3M,29,782.13,89.97,692.16,46.31
2026-07,CA,Refund - subscription,P12M,15,-718.2,-82.64,-635.56,0.0
2026-07,CA,Refund - subscription,P1M,25,-349.75,-40.25,-309.5,0.0
2026-07,CA,Refund - subscription,P3M,2,-53.94,-6.2,-47.74,0.0
2026-07,CA,Refund - token pack,TP100,9,-89.91,-10.35,-79.56,0.0
2026-07,CA,Refund - token pack,TP275,2,-49.98,-5.74,-44.24,0.0
2026-07,CA,Refund - token pack,TP600,2,-99.98,-11.5,-88.48,0.0
2026-07,CA,Renewal,P12M,159,7948.92,914.45,7034.47,442.84
2026-07,CA,Renewal,P1M,1015,14199.85,1633.6,12566.25,983.56
2026-07,CA,Renewal,P3M,192,5226.24,601.25,4624.99,299.29
2026-07,CA,Token pack,TP100,357,3566.43,410.28,3156.15,268.06
2026-07,CA,Token pack,TP1300,68,6799.32,782.22,6017.1,349.3
2026-07,CA,Token pack,TP275,172,4298.28,494.42,3803.86,245.0
2026-07,CA,Token pack,TP2800,50,9999.5,1150.44,8849.06,505.2
2026-07,CA,Token pack,TP4500,22,6599.78,759.24,5840.54,339.3
2026-07,CA,Token pack,TP600,125,6248.75,718.87,5529.88,330.84
2026-07,CH,Chargeback,P1M,1,-16.31,-1.22,-15.09,25.0
2026-07,CH,New subscription,P12M,120,6745.3,505.42,6239.95,342.47
2026-07,CH,New subscription,P1M,136,2233.7,167.3,2066.33,146.88
2026-07,CH,New subscription,P3M,55,1741.45,130.5,1610.95,95.04
2026-07,CH,Reactivation,P12M,31,1742.51,130.52,1612.0,91.1
2026-07,CH,Reactivation,P1M,31,509.11,38.13,470.96,32.69
2026-07,CH,Reactivation,P3M,8,253.3,18.98,234.32,15.04
2026-07,CH,Refund - subscription,P12M,6,-337.26,-25.26,-312.0,0.0
2026-07,CH,Refund - subscription,P1M,11,-180.64,-13.53,-167.11,0.0
2026-07,CH,Refund - subscription,P3M,1,-31.66,-2.37,-29.29,0.0
2026-07,CH,Refund - token pack,TP100,6,-70.38,-5.28,-65.1,0.0
2026-07,CH,Refund - token pack,TP600,1,-58.69,-4.4,-54.29,0.0
2026-07,CH,Renewal,P12M,61,3569.71,267.49,3302.3,174.75
2026-07,CH,Renewal,P1M,323,5305.05,397.52,4907.55,339.95
2026-07,CH,Renewal,P3M,61,1956.11,146.62,1809.51,107.26
2026-07,CH,Token pack,TP100,103,1207.98,90.57,1117.55,86.65
2026-07,CH,Token pack,TP1300,22,2582.57,193.54,2388.99,113.93
2026-07,CH,Token pack,TP275,73,2141.69,160.53,1981.22,120.56
2026-07,CH,Token pack,TP2800,11,2582.69,193.49,2389.2,107.88
2026-07,CH,Token pack,TP4500,7,2465.32,184.73,2280.6,102.69
2026-07,CH,Token pack,TP600,43,2523.61,189.14,2334.47,134.66
2026-07,DE,Chargeback,P12M,5,-279.15,-44.55,-234.55,110.0
2026-07,DE,Chargeback,P1M,9,-146.79,-23.41,-123.39,200.0
2026-07,DE,Chargeback,P3M,2,-62.9,-10.04,-52.86,45.0
2026-07,DE,New subscription,P12M,642,36087.54,5761.86,30325.65,1736.96
2026-07,DE,New subscription,P1M,666,10938.58,1746.47,9192.06,696.11
2026-07,DE,New subscription,P3M,257,8137.34,1299.24,6838.08,446.79
2026-07,DE,Reactivation,P12M,106,5958.37,951.25,5007.03,322.61
2026-07,DE,Reactivation,P1M,119,1954.48,312.07,1642.47,128.63
2026-07,DE,Reactivation,P3M,46,1456.49,232.6,1223.93,81.61
2026-07,DE,Refund - subscription,P12M,37,-2079.78,-332.0,-1747.78,0.0
2026-07,DE,Refund - subscription,P1M,38,-624.07,-99.6,-524.44,0.0
2026-07,DE,Refund - subscription,P3M,9,-284.96,-45.51,-239.47,0.0
2026-07,DE,Refund - token pack,TP100,4,-46.92,-7.49,-39.43,0.0
2026-07,DE,Refund - token pack,TP275,9,-264.06,-42.12,-221.85,0.0
2026-07,DE,Refund - token pack,TP2800,2,-469.58,-74.98,-394.6,0.0
2026-07,DE,Refund - token pack,TP600,2,-117.38,-18.74,-98.64,0.0
2026-07,DE,Renewal,P12M,311,18129.71,2894.64,15235.05,935.36
2026-07,DE,Renewal,P1M,1908,31337.5,5003.48,26334.03,2051.48
2026-07,DE,Renewal,P3M,316,10065.34,1607.06,8458.28,574.57
2026-07,DE,Token pack,TP100,594,6966.63,1112.3,5854.25,487.01
2026-07,DE,Token pack,TP1300,127,14908.28,2380.34,12528.0,748.85
2026-07,DE,Token pack,TP275,317,9300.23,1484.92,7815.34,520.75
2026-07,DE,Token pack,TP2800,75,17609.12,2811.54,14797.53,876.98
2026-07,DE,Token pack,TP4500,59,20779.11,3317.67,17461.45,996.84
2026-07,DE,Token pack,TP600,212,12441.87,1986.44,10455.42,667.83
2026-07,ES,Chargeback,P1M,5,-81.55,-14.15,-67.4,110.0
2026-07,ES,New subscription,P12M,281,15795.32,2741.38,13053.99,790.29
2026-07,ES,New subscription,P1M,264,4335.99,752.45,3583.48,282.49
2026-07,ES,New subscription,P3M,119,3767.88,654.0,3113.96,201.39
2026-07,ES,Reactivation,P12M,60,3372.61,585.41,2787.41,176.54
2026-07,ES,Reactivation,P1M,46,755.48,131.1,624.38,49.29
2026-07,ES,Reactivation,P3M,17,538.26,93.46,444.88,31.52
2026-07,ES,Refund - subscription,P12M,15,-843.15,-146.36,-696.86,0.0
2026-07,ES,Refund - subscription,P1M,11,-180.66,-31.35,-149.31,0.0
2026-07,ES,Refund - subscription,P3M,3,-94.98,-16.5,-78.51,0.0
2026-07,ES,Refund - token pack,TP100,1,-11.73,-2.04,-9.69,0.0
2026-07,ES,Refund - token pack,TP275,1,-29.34,-5.09,-24.25,0.0
2026-07,ES,Renewal,P12M,113,6802.64,1180.65,5622.07,354.69
2026-07,ES,Renewal,P1M,709,11644.8,2020.95,9623.8,754.24
2026-07,ES,Renewal,P3M,115,3676.45,638.1,3038.4,203.26
2026-07,ES,Token pack,TP100,189,2216.65,384.69,1831.95,149.58
2026-07,ES,Token pack,TP1300,34,3991.22,692.69,3298.57,198.92
2026-07,ES,Token pack,TP275,102,2992.49,519.37,2473.14,166.6
2026-07,ES,Token pack,TP2800,25,5869.74,1018.75,4851.0,276.06
2026-07,ES,Token pack,TP4500,16,5635.02,977.94,4656.98,277.3
2026-07,ES,Token pack,TP600,71,4166.85,723.19,3443.72,214.24
2026-07,FR,Chargeback,P1M,8,-130.49,-21.76,-108.73,170.0
2026-07,FR,Chargeback,P3M,1,-31.45,-5.24,-26.21,20.0
2026-07,FR,New subscription,P12M,724,40696.83,6782.8,33914.0,1988.23
2026-07,FR,New subscription,P1M,747,12268.95,2044.81,10224.13,790.11
2026-07,FR,New subscription,P3M,316,10005.44,1667.59,8337.86,544.26
2026-07,FR,Reactivation,P12M,119,6689.09,1114.86,5574.28,351.28
2026-07,FR,Reactivation,P1M,111,1823.08,303.82,1519.23,121.06
2026-07,FR,Reactivation,P3M,30,949.88,158.32,791.62,56.7
2026-07,FR,Refund - subscription,P12M,36,-2023.57,-337.28,-1686.34,0.0
2026-07,FR,Refund - subscription,P1M,38,-624.07,-104.03,-520.12,0.0
2026-07,FR,Refund - subscription,P3M,8,-253.29,-42.23,-211.11,0.0
2026-07,FR,Refund - token pack,TP100,15,-175.94,-29.28,-146.58,0.0
2026-07,FR,Refund - token pack,TP1300,2,-234.78,-39.13,-195.65,0.0
2026-07,FR,Refund - token pack,TP275,1,-29.34,-4.89,-24.45,0.0
2026-07,FR,Refund - token pack,TP600,2,-117.38,-19.56,-97.82,0.0
2026-07,FR,Renewal,P12M,278,16162.04,2693.68,13468.39,830.25
2026-07,FR,Renewal,P1M,1781,29251.6,4875.28,24376.33,1877.78
2026-07,FR,Renewal,P3M,326,10367.88,1727.98,8639.88,587.1
2026-07,FR,Token pack,TP100,600,7037.0,1172.82,5864.16,489.61
2026-07,FR,Token pack,TP1300,117,13734.4,2289.02,11445.35,695.62
2026-07,FR,Token pack,TP275,318,9329.54,1555.01,7774.65,499.63
2026-07,FR,Token pack,TP2800,74,17374.33,2895.67,14478.58,804.79
2026-07,FR,Token pack,TP4500,42,14791.94,2465.36,12326.58,662.28
2026-07,FR,Token pack,TP600,170,9976.95,1662.84,8314.15,519.04
2026-07,GB,Chargeback,P12M,3,-193.62,-32.28,-161.37,60.0
2026-07,GB,Chargeback,P1M,5,-94.3,-15.7,-78.6,110.0
2026-07,GB,New subscription,P12M,436,28265.66,4710.9,23554.75,1342.44
2026-07,GB,New subscription,P1M,486,9206.03,1534.32,7671.69,565.48
2026-07,GB,New subscription,P3M,173,6317.49,1052.89,5264.61,336.75
2026-07,GB,Reactivation,P12M,106,6871.97,1145.24,5726.56,360.17
2026-07,GB,Reactivation,P1M,108,2045.75,340.97,1704.86,127.61
2026-07,GB,Reactivation,P3M,43,1570.24,261.72,1308.5,88.47
2026-07,GB,Refund - subscription,P12M,17,-1102.11,-183.63,-918.37,0.0
2026-07,GB,Refund - subscription,P1M,19,-359.88,-60.01,-299.96,0.0
2026-07,GB,Refund - subscription,P3M,4,-146.07,-24.35,-121.72,0.0
2026-07,GB,Refund - token pack,TP100,5,-67.64,-11.26,-56.35,0.0
2026-07,GB,Refund - token pack,TP1300,1,-135.39,-22.56,-112.82,0.0
2026-07,GB,Refund - token pack,TP275,4,-135.36,-22.56,-112.8,0.0
2026-07,GB,Refund - token pack,TP2800,5,-1353.95,-225.65,-1128.3,0.0
2026-07,GB,Refund - token pack,TP600,6,-406.14,-67.68,-338.46,0.0
2026-07,GB,Renewal,P12M,250,16922.29,2820.39,14101.91,863.06
2026-07,GB,Renewal,P1M,1376,26064.85,4344.15,21720.67,1621.01
2026-07,GB,Renewal,P3M,253,9312.04,1551.98,7760.0,519.99
2026-07,GB,Token pack,TP100,502,6790.29,1131.71,5658.53,451.35
2026-07,GB,Token pack,TP1300,81,10966.33,1827.69,9138.57,523.52
2026-07,GB,Token pack,TP275,246,8323.77,1387.3,6936.47,461.88
2026-07,GB,Token pack,TP2800,71,19225.86,3204.27,16021.57,898.43
2026-07,GB,Token pack,TP4500,44,17872.23,2978.74,14893.54,873.97
2026-07,GB,Token pack,TP600,160,10829.87,1804.96,9024.86,562.93
2026-07,IN,Chargeback,P1M,2,-27.98,-4.26,-23.72,50.0
2026-07,IN,New subscription,P12M,221,10581.48,1614.12,8967.36,517.69
2026-07,IN,New subscription,P1M,197,2756.03,420.38,2335.65,179.98
2026-07,IN,New subscription,P3M,69,1860.93,283.83,1577.1,94.71
2026-07,IN,Reactivation,P12M,43,2058.84,314.04,1744.8,102.77
2026-07,IN,Reactivation,P1M,32,447.68,68.26,379.42,30.59
2026-07,IN,Reactivation,P3M,13,350.61,53.46,297.15,20.42
2026-07,IN,Refund - subscription,P12M,7,-335.16,-51.1,-284.06,0.0
2026-07,IN,Refund - subscription,P1M,3,-41.97,-6.39,-35.58,0.0
2026-07,IN,Refund - subscription,P3M,1,-26.97,-4.11,-22.86,0.0
2026-07,IN,Refund - token pack,TP100,1,-9.99,-1.52,-8.47,0.0
2026-07,IN,Refund - token pack,TP275,2,-49.98,-7.62,-42.36,0.0
2026-07,IN,Renewal,P12M,74,3711.12,566.07,3145.05,192.28
2026-07,IN,Renewal,P1M,399,5582.01,851.5,4730.51,373.08
2026-07,IN,Renewal,P3M,71,1932.87,294.83,1638.04,110.64
2026-07,IN,Token pack,TP100,99,989.01,150.89,838.12,66.11
2026-07,IN,Token pack,TP1300,22,2199.78,335.54,1864.24,112.5
2026-07,IN,Token pack,TP275,62,1549.38,236.33,1313.05,89.45
2026-07,IN,Token pack,TP2800,10,1999.9,305.08,1694.82,96.1
2026-07,IN,Token pack,TP4500,6,1799.94,274.56,1525.38,86.1
2026-07,IN,Token pack,TP600,19,949.81,144.93,804.88,49.35
2026-07,IT,Chargeback,P1M,1,-16.31,-2.94,-13.37,20.0
2026-07,IT,New subscription,P12M,253,14221.43,2564.51,11656.9,685.16
2026-07,IT,New subscription,P1M,267,4385.28,790.77,3594.51,280.36
2026-07,IT,New subscription,P3M,109,3451.28,622.39,2828.93,187.61
2026-07,IT,Reactivation,P12M,43,2417.04,435.87,1981.17,120.91
2026-07,IT,Reactivation,P1M,45,739.06,133.24,605.84,45.01
2026-07,IT,Reactivation,P3M,15,474.93,85.65,389.28,27.99
2026-07,IT,Refund - subscription,P12M,15,-843.15,-152.08,-691.08,0.0
2026-07,IT,Refund - subscription,P1M,13,-213.49,-38.49,-175.0,0.0
2026-07,IT,Refund - subscription,P3M,4,-126.65,-22.84,-103.81,0.0
2026-07,IT,Refund - token pack,TP100,4,-46.92,-8.44,-38.44,0.0
2026-07,IT,Refund - token pack,TP1300,1,-117.39,-21.17,-96.22,0.0
2026-07,IT,Refund - token pack,TP275,2,-58.68,-10.58,-48.1,0.0
2026-07,IT,Refund - token pack,TP2800,2,-469.58,-84.68,-384.9,0.0
2026-07,IT,Refund - token pack,TP600,1,-58.69,-10.58,-48.11,0.0
2026-07,IT,Renewal,P12M,104,6212.23,1120.27,5091.95,329.22
2026-07,IT,Renewal,P1M,674,11069.97,1996.26,9073.75,727.51
2026-07,IT,Renewal,P3M,134,4267.47,769.56,3497.92,235.1
2026-07,IT,Token pack,TP100,215,2521.57,454.64,2066.85,167.51
2026-07,IT,Token pack,TP1300,29,3404.29,613.93,2790.38,153.01
2026-07,IT,Token pack,TP275,94,2757.81,497.26,2260.52,155.62
2026-07,IT,Token pack,TP2800,24,5634.95,1016.16,4618.8,239.4
2026-07,IT,Token pack,TP4500,12,4226.28,762.12,3464.16,165.92
2026-07,IT,Token pack,TP600,71,4166.87,751.43,3415.52,212.5
2026-07,JP,Chargeback,P1M,2,-27.98,-2.54,-25.44,40.0
2026-07,JP,Chargeback,P3M,2,-53.94,-4.9,-49.04,45.0
2026-07,JP,New subscription,P12M,141,6751.08,613.73,6137.35,339.68
2026-07,JP,New subscription,P1M,157,2196.43,199.67,1996.76,141.93
2026-07,JP,New subscription,P3M,60,1618.2,147.08,1471.12,92.29
2026-07,JP,Reactivation,P12M,29,1388.52,126.22,1262.3,73.78
2026-07,JP,Reactivation,P1M,27,377.73,34.32,343.41,25.51
2026-07,JP,Reactivation,P3M,10,269.7,24.5,245.2,14.67
2026-07,JP,Refund - subscription,P12M,4,-191.52,-17.4,-174.12,0.0
2026-07,JP,Refund - subscription,P1M,8,-111.92,-10.16,-101.76,0.0
2026-07,JP,Refund - subscription,P3M,1,-26.97,-2.45,-24.52,0.0
2026-07,JP,Refund - token pack,TP100,1,-9.99,-0.91,-9.08,0.0
2026-07,JP,Refund - token pack,TP275,3,-74.97,-6.81,-68.16,0.0
2026-07,JP,Refund - token pack,TP600,1,-49.99,-4.54,-45.45,0.0
2026-07,JP,Renewal,P12M,71,3663.48,333.06,3330.42,189.23
2026-07,JP,Renewal,P1M,379,5302.21,482.02,4820.19,357.87
2026-07,JP,Renewal,P3M,67,1812.99,164.85,1648.14,107.22
2026-07,JP,Token pack,TP100,106,1058.94,96.2,962.74,80.13
2026-07,JP,Token pack,TP1300,20,1999.8,181.8,1818.0,96.2
2026-07,JP,Token pack,TP275,63,1574.37,143.14,1431.23,94.39
2026-07,JP,Token pack,TP2800,13,2599.87,236.34,2363.53,123.7
2026-07,JP,Token pack,TP4500,1,299.99,27.27,272.72,15.0
2026-07,JP,Token pack,TP600,44,2199.56,199.89,1999.67,112.15
2026-07,MX,Chargeback,P12M,1,-47.88,-6.6,-41.28,20.0
2026-07,MX,New subscription,P12M,270,12927.6,1783.09,11144.51,634.6
2026-07,MX,New subscription,P1M,210,2937.9,405.29,2532.61,186.76
2026-07,MX,New subscription,P3M,97,2616.09,360.84,2255.25,144.35
2026-07,MX,Reactivation,P12M,44,2106.72,290.54,1816.18,115.57
2026-07,MX,Reactivation,P1M,26,363.74,50.18,313.56,25.32
2026-07,MX,Reactivation,P3M,12,323.64,44.64,279.0,18.21
2026-07,MX,Refund - subscription,P12M,4,-191.52,-26.4,-165.12,0.0
2026-07,MX,Refund - subscription,P1M,10,-139.9,-19.3,-120.6,0.0
2026-07,MX,Refund - subscription,P3M,2,-53.94,-7.44,-46.5,0.0
2026-07,MX,Refund - token pack,TP100,1,-9.99,-1.38,-8.61,0.0
2026-07,MX,Refund - token pack,TP275,1,-24.99,-3.45,-21.54,0.0
2026-07,MX,Refund - token pack,TP4500,1,-299.99,-41.38,-258.61,0.0
2026-07,MX,Renewal,P12M,101,5075.88,700.12,4375.76,250.18
2026-07,MX,Renewal,P1M,474,6631.26,914.65,5716.61,443.25
2026-07,MX,Renewal,P3M,85,2310.45,318.66,1991.79,129.08
2026-07,MX,Token pack,TP100,122,1218.78,168.09,1050.69,82.71
2026-07,MX,Token pack,TP1300,23,2299.77,317.19,1982.58,118.8
2026-07,MX,Token pack,TP275,62,1549.38,213.7,1335.68,89.35
2026-07,MX,Token pack,TP2800,18,3599.82,496.47,3103.35,180.8
2026-07,MX,Token pack,TP4500,5,1499.95,206.9,1293.05,64.5
2026-07,MX,Token pack,TP600,42,2099.58,289.68,1809.9,112.45
2026-07,NL,Chargeback,P12M,1,-55.83,-9.69,-46.14,25.0
2026-07,NL,Chargeback,P1M,1,-16.31,-2.83,-13.48,20.0
2026-07,NL,New subscription,P12M,233,13097.18,2273.09,10824.12,654.8
2026-07,NL,New subscription,P1M,207,3399.81,589.97,2809.79,207.65
2026-07,NL,New subscription,P3M,68,2153.04,373.77,1779.44,115.04
2026-07,NL,Reactivation,P12M,55,3091.55,536.6,2555.1,163.11
2026-07,NL,Reactivation,P1M,28,459.84,79.8,380.04,30.22
2026-07,NL,Reactivation,P3M,13,411.61,71.47,340.21,24.36
2026-07,NL,Refund - subscription,P12M,8,-449.68,-78.07,-371.67,0.0
2026-07,NL,Refund - subscription,P1M,7,-114.95,-19.95,-95.0,0.0
2026-07,NL,Refund - subscription,P3M,4,-126.65,-21.99,-104.67,0.0
2026-07,NL,Refund - token pack,TP1300,2,-234.78,-40.74,-194.04,0.0
2026-07,NL,Refund - token pack,TP275,1,-29.34,-5.09,-24.25,0.0
2026-07,NL,Renewal,P12M,98,5734.06,995.19,4738.96,297.59
2026-07,NL,Renewal,P1M,548,9000.5,1562.1,7438.43,589.62
2026-07,NL,Renewal,P3M,82,2617.48,454.33,2163.24,145.08
2026-07,NL,Token pack,TP100,186,2181.42,378.61,1802.84,156.35
2026-07,NL,Token pack,TP1300,47,5517.28,957.53,4559.78,289.17
2026-07,NL,Token pack,TP275,105,3080.5,534.65,2545.9,166.31
2026-07,NL,Token pack,TP2800,30,7043.67,1222.49,5821.2,356.51
2026-07,NL,Token pack,TP4500,15,5282.85,916.83,4365.93,220.76
2026-07,NL,Token pack,TP600,50,2934.45,509.29,2425.17,142.45
2026-07,PL,Chargeback,P12M,1,-55.83,-10.44,-45.39,20.0
2026-07,PL,Chargeback,P1M,3,-48.93,-9.15,-39.78,60.0
2026-07,PL,New subscription,P12M,183,10286.65,1923.55,8363.1,490.4
2026-07,PL,New subscription,P1M,189,3104.2,580.47,2523.76,198.49
2026-07,PL,New subscription,P3M,62,1963.11,367.04,1595.97,108.48
2026-07,PL,Reactivation,P12M,31,1742.51,325.81,1416.7,96.67
2026-07,PL,Reactivation,P1M,39,640.51,119.74,520.78,42.57
2026-07,PL,Reactivation,P3M,14,443.28,82.88,360.36,26.62
2026-07,PL,Refund - subscription,P12M,9,-505.89,-94.59,-411.3,0.0
2026-07,PL,Refund - subscription,P1M,12,-197.07,-36.85,-160.22,0.0
2026-07,PL,Refund - subscription,P3M,2,-63.32,-11.84,-51.48,0.0
2026-07,PL,Refund - token pack,TP100,1,-11.73,-2.19,-9.54,0.0
2026-07,PL,Refund - token pack,TP275,1,-29.34,-5.49,-23.85,0.0
2026-07,PL,Refund - token pack,TP4500,1,-352.19,-65.86,-286.33,0.0
2026-07,PL,Renewal,P12M,81,4693.93,877.68,3816.25,242.32
2026-07,PL,Renewal,P1M,422,6931.06,1296.06,5635.01,450.26
2026-07,PL,Renewal,P3M,75,2388.81,446.64,1942.11,136.83
2026-07,PL,Token pack,TP100,138,1618.47,302.64,1315.91,110.8
2026-07,PL,Token pack,TP1300,28,3286.91,614.6,2672.31,165.38
2026-07,PL,Token pack,TP275,71,2083.02,389.52,1693.47,110.43
2026-07,PL,Token pack,TP2800,21,4930.57,921.93,4008.51,235.65
2026-07,PL,Token pack,TP4500,10,3521.9,658.6,2863.3,165.48
2026-07,PL,Token pack,TP600,45,2641.03,493.83,2147.13,137.48
2026-07,ROW,Chargeback,P12M,3,-143.64,-6.84,-136.8,70.0
2026-07,ROW,Chargeback,P1M,3,-41.97,-2.01,-39.96,70.0
2026-07,ROW,Chargeback,P3M,1,-26.97,-1.28,-25.69,25.0
2026-07,ROW,New subscription,P12M,794,38016.72,1810.32,36206.4,1831.59
2026-07,ROW,New subscription,P1M,589,8240.11,392.37,7847.74,542.74
2026-07,ROW,New subscription,P3M,263,7093.11,337.78,6755.33,387.06
2026-07,ROW,Reactivation,P12M,158,7565.04,360.24,7204.8,400.62
2026-07,ROW,Reactivation,P1M,80,1119.2,53.28,1065.92,73.22
2026-07,ROW,Reactivation,P3M,36,970.92,46.19,924.73,53.14
2026-07,ROW,Refund - subscription,P12M,27,-1292.76,-61.56,-1231.2,0.0
2026-07,ROW,Refund - subscription,P1M,25,-349.75,-16.7,-333.05,0.0
2026-07,ROW,Refund - subscription,P3M,8,-215.76,-10.26,-205.5,0.0
2026-07,ROW,Refund - token pack,TP100,5,-49.95,-2.39,-47.56,0.0
2026-07,ROW,Refund - token pack,TP1300,1,-99.99,-4.76,-95.23,0.0
2026-07,ROW,Refund - token pack,TP275,3,-74.97,-3.57,-71.4,0.0
2026-07,ROW,Renewal,P12M,292,14724.96,701.18,14023.78,762.14
2026-07,ROW,Renewal,P1M,1356,18970.44,903.35,18067.09,1274.51
2026-07,ROW,Renewal,P3M,287,7782.39,370.58,7411.81,445.84
2026-07,ROW,Token pack,TP100,348,3476.52,165.54,3310.98,244.71
2026-07,ROW,Token pack,TP1300,88,8799.12,418.99,8380.13,445.5
2026-07,ROW,Token pack,TP275,197,4923.03,234.43,4688.6,279.64
2026-07,ROW,Token pack,TP2800,53,10599.47,504.72,10094.75,492.4
2026-07,ROW,Token pack,TP4500,31,9299.69,442.92,8856.77,477.0
2026-07,ROW,Token pack,TP600,121,6048.79,287.98,5760.81,315.8
2026-07,SE,New subscription,P12M,134,7532.27,1506.45,6025.85,365.99
2026-07,SE,New subscription,P1M,130,2135.15,426.97,1708.17,137.77
2026-07,SE,New subscription,P3M,51,1614.79,322.96,1291.83,83.03
2026-07,SE,Reactivation,P12M,23,1292.83,258.53,1034.31,66.68
2026-07,SE,Reactivation,P1M,17,279.17,55.79,223.38,18.17
2026-07,SE,Reactivation,P3M,9,284.95,56.98,227.97,16.0
2026-07,SE,Refund - subscription,P12M,2,-112.42,-22.48,-89.94,0.0
2026-07,SE,Refund - subscription,P1M,5,-82.12,-16.42,-65.7,0.0
2026-07,SE,Refund - subscription,P3M,1,-31.66,-6.33,-25.33,0.0
2026-07,SE,Refund - token pack,TP100,1,-11.73,-2.35,-9.38,0.0
2026-07,SE,Refund - token pack,TP600,2,-117.38,-23.48,-93.9,0.0
2026-07,SE,Renewal,P12M,60,3541.69,708.3,2833.43,169.81
2026-07,SE,Renewal,P1M,329,5403.57,1080.7,4322.84,344.91
2026-07,SE,Renewal,P3M,50,1593.7,318.75,1274.96,89.06
2026-07,SE,Token pack,TP100,113,1325.26,265.07,1060.28,95.34
2026-07,SE,Token pack,TP1300,17,1995.62,399.15,1596.47,96.55
2026-07,SE,Token pack,TP275,55,1613.63,322.78,1290.85,86.85
2026-07,SE,Token pack,TP2800,17,3991.43,798.32,3193.11,186.02
2026-07,SE,Token pack,TP4500,7,2465.33,493.08,1972.25,107.0
2026-07,SE,Token pack,TP600,42,2464.92,493.02,1971.9,123.65
2026-07,US,Chargeback,P12M,8,-383.04,-21.68,-361.36,170.0
2026-07,US,Chargeback,P1M,38,-531.62,-30.05,-501.57,830.0
2026-07,US,Chargeback,P3M,8,-215.76,-12.23,-203.53,170.0
2026-07,US,New subscription,P12M,2745,131430.6,7439.43,123991.17,6733.15
2026-07,US,New subscription,P1M,2819,39437.81,2232.35,37205.46,2656.51
2026-07,US,New subscription,P3M,1071,28884.87,1634.98,27249.89,1624.0
2026-07,US,Reactivation,P12M,531,25424.28,1439.01,23985.27,1371.58
2026-07,US,Reactivation,P1M,546,7638.54,432.37,7206.17,531.39
2026-07,US,Reactivation,P3M,232,6257.04,354.21,5902.83,366.03
2026-07,US,Refund - subscription,P12M,132,-6320.16,-357.73,-5962.43,0.0
2026-07,US,Refund - subscription,P1M,133,-1860.67,-105.34,-1755.33,0.0
2026-07,US,Refund - subscription,P3M,28,-755.16,-42.78,-712.38,0.0
2026-07,US,Refund - token pack,TP100,27,-269.73,-15.33,-254.4,0.0
2026-07,US,Refund - token pack,TP1300,5,-499.95,-28.3,-471.65,0.0
2026-07,US,Refund - token pack,TP275,21,-524.79,-29.63,-495.16,0.0
2026-07,US,Refund - token pack,TP2800,5,-999.95,-56.6,-943.35,0.0
2026-07,US,Refund - token pack,TP4500,2,-599.98,-33.96,-566.02,0.0
2026-07,US,Refund - token pack,TP600,14,-699.86,-39.62,-660.24,0.0
2026-07,US,Renewal,P12M,1406,70991.28,4018.35,66972.93,3824.18
2026-07,US,Renewal,P1M,7445,104155.55,5895.61,98259.94,7076.92
2026-07,US,Renewal,P3M,1216,33062.52,1871.46,31191.06,1900.2
2026-07,US,Token pack,TP100,2590,25874.1,1464.58,24409.52,1916.73
2026-07,US,Token pack,TP1300,551,55094.49,3118.65,51975.84,2763.9
2026-07,US,Token pack,TP275,1346,33636.54,1903.95,31732.59,1962.45
2026-07,US,Token pack,TP2800,372,74396.28,4211.04,70185.24,3585.28
2026-07,US,Token pack,TP4500,209,62697.91,3548.88,59149.03,3039.56
2026-07,US,Token pack,TP600,841,42041.59,2379.72,39661.87,2218.98
2026-08,AU,Chargeback,P12M,2,-95.76,-8.71,-87.05,45.0
2026-08,AU,Chargeback,P1M,6,-83.94,-7.62,-76.32,135.0
2026-08,AU,Chargeback,P3M,3,-80.91,-7.35,-73.56,65.0
2026-08,AU,New subscription,P12M,365,17476.2,1588.73,15887.47,891.25
2026-08,AU,New subscription,P1M,355,4966.45,451.5,4514.95,332.53
2026-08,AU,New subscription,P3M,145,3910.65,355.52,3555.13,222.95
2026-08,AU,Reactivation,P12M,83,3974.04,361.3,3612.74,208.77
2026-08,AU,Reactivation,P1M,79,1105.21,100.47,1004.74,73.51
2026-08,AU,Reactivation,P3M,34,916.98,83.35,833.63,55.35
2026-08,AU,Refund - subscription,P12M,16,-766.08,-69.65,-696.43,0.0
2026-08,AU,Refund - subscription,P1M,16,-223.84,-20.33,-203.51,0.0
2026-08,AU,Refund - subscription,P3M,2,-53.94,-4.9,-49.04,0.0
2026-08,AU,Refund - token pack,TP100,3,-29.97,-2.73,-27.24,0.0
2026-08,AU,Refund - token pack,TP1300,2,-199.98,-18.18,-181.8,0.0
2026-08,AU,Refund - token pack,TP275,1,-24.99,-2.27,-22.72,0.0
2026-08,AU,Refund - token pack,TP2800,1,-199.99,-18.18,-181.81,0.0
2026-08,AU,Refund - token pack,TP4500,1,-299.99,-27.27,-272.72,0.0
2026-08,AU,Refund - token pack,TP600,1,-49.99,-4.54,-45.45,0.0
2026-08,AU,Renewal,P12M,163,8092.44,735.68,7356.76,429.04
2026-08,AU,Renewal,P1M,906,12674.94,1152.26,11522.68,863.13
2026-08,AU,Renewal,P3M,166,4522.02,411.11,4110.91,253.81
2026-08,AU,Token pack,TP100,295,2947.05,267.92,2679.13,209.06
2026-08,AU,Token pack,TP1300,66,6599.34,599.94,5999.4,346.0
2026-08,AU,Token pack,TP275,168,4198.32,381.64,3816.68,233.54
2026-08,AU,Token pack,TP2800,46,9199.54,836.28,8363.26,424.9
2026-08,AU,Token pack,TP4500,27,8099.73,736.3,7363.43,379.5
2026-08,AU,Token pack,TP600,104,5198.96,472.61,4726.35,260.3
2026-08,BR,Chargeback,P12M,1,-47.88,-2.28,-45.6,25.0
2026-08,BR,Chargeback,P1M,4,-55.96,-2.67,-53.29,85.0
2026-08,BR,New subscription,P12M,443,21210.84,1010.04,20200.8,1030.37
2026-08,BR,New subscription,P1M,294,4113.06,195.87,3917.19,281.29
2026-08,BR,New subscription,P3M,131,3533.07,168.25,3364.82,186.65
2026-08,BR,Reactivation,P12M,79,3782.52,180.12,3602.4,203.45
2026-08,BR,Reactivation,P1M,57,797.43,38.0,759.43,51.56
2026-08,BR,Reactivation,P3M,35,943.95,44.91,899.04,51.21
2026-08,BR,Refund - subscription,P12M,14,-670.32,-31.92,-638.4,0.0
2026-08,BR,Refund - subscription,P1M,14,-195.86,-9.35,-186.51,0.0
2026-08,BR,Refund - subscription,P3M,3,-80.91,-3.84,-77.07,0.0
2026-08,BR,Refund - token pack,TP100,1,-9.99,-0.48,-9.51,0.0
2026-08,BR,Refund - token pack,TP275,1,-24.99,-1.19,-23.8,0.0
2026-08,BR,Refund - token pack,TP2800,2,-399.98,-19.04,-380.94,0.0
2026-08,BR,Renewal,P12M,145,7230.6,344.31,6886.29,390.44
2026-08,BR,Renewal,P1M,671,9387.29,447.03,8940.26,624.16
2026-08,BR,Renewal,P3M,118,3203.46,152.54,3050.92,179.74
2026-08,BR,Token pack,TP100,141,1408.59,67.03,1341.56,99.02
2026-08,BR,Token pack,TP1300,35,3499.65,166.61,3333.04,172.3
2026-08,BR,Token pack,TP275,104,2598.96,123.76,2475.2,144.94
2026-08,BR,Token pack,TP2800,19,3799.81,180.93,3618.88,202.9
2026-08,BR,Token pack,TP4500,16,4799.84,228.61,4571.23,221.7
2026-08,BR,Token pack,TP600,55,2749.45,130.9,2618.55,142.05
2026-08,CA,Chargeback,P12M,1,-47.88,-5.51,-42.37,25.0
2026-08,CA,Chargeback,P1M,4,-55.96,-6.44,-49.52,80.0
2026-08,CA,New subscription,P12M,421,20157.48,2318.96,17838.52,1042.61
2026-08,CA,New subscription,P1M,420,5875.8,675.93,5199.87,404.0
2026-08,CA,New subscription,P3M,190,5124.3,589.52,4534.78,298.84
2026-08,CA,Reactivation,P12M,103,4931.64,567.36,4364.28,274.68
2026-08,CA,Reactivation,P1M,107,1496.93,172.27,1324.66,104.21
2026-08,CA,Reactivation,P3M,41,1105.77,127.21,978.56,67.27
2026-08,CA,Refund - subscription,P12M,16,-766.08,-88.15,-677.93,0.0
2026-08,CA,Refund - subscription,P1M,19,-265.81,-30.59,-235.22,0.0
2026-08,CA,Refund - subscription,P3M,8,-215.76,-24.81,-190.95,0.0
2026-08,CA,Refund - token pack,TP100,5,-49.95,-5.75,-44.2,0.0
2026-08,CA,Refund - token pack,TP1300,1,-99.99,-11.5,-88.49,0.0
2026-08,CA,Refund - token pack,TP275,4,-99.96,-11.48,-88.48,0.0
2026-08,CA,Refund - token pack,TP2800,2,-399.98,-46.02,-353.96,0.0
2026-08,CA,Refund - token pack,TP600,1,-49.99,-5.75,-44.24,0.0
2026-08,CA,Renewal,P12M,198,9768.24,1123.75,8644.49,525.7
2026-08,CA,Renewal,P1M,1084,15165.16,1744.64,13420.52,1044.35
2026-08,CA,Renewal,P3M,189,5142.33,591.59,4550.74,298.93
2026-08,CA,Token pack,TP100,393,3926.07,451.66,3474.41,293.7
2026-08,CA,Token pack,TP1300,66,6599.34,759.21,5840.13,345.2
2026-08,CA,Token pack,TP275,205,5122.95,589.3,4533.65,292.78
2026-08,CA,Token pack,TP2800,57,11399.43,1311.48,10087.95,536.5
2026-08,CA,Token pack,TP4500,39,11699.61,1345.93,10353.68,579.9
2026-08,CA,Token pack,TP600,124,6198.76,713.12,5485.64,324.95
2026-08,CH,New subscription,P12M,150,8395.78,629.12,7766.66,440.23
2026-08,CH,New subscription,P1M,151,2469.5,185.06,2284.46,157.83
2026-08,CH,New subscription,P3M,63,1986.31,148.77,1837.46,112.02
2026-08,CH,Reactivation,P12M,29,1623.15,121.6,1501.6,89.5
2026-08,CH,Reactivation,P1M,37,605.03,45.43,559.81,41.4
2026-08,CH,Reactivation,P3M,13,409.89,30.68,379.18,23.54
2026-08,CH,Refund - subscription,P12M,4,-223.88,-16.76,-207.12,0.0
2026-08,CH,Refund - subscription,P1M,10,-163.51,-12.29,-151.3,0.0
2026-08,CH,Refund - subscription,P3M,1,-31.53,-2.36,-29.17,0.0
2026-08,CH,Refund - token pack,TP100,3,-35.04,-2.64,-32.4,0.0
2026-08,CH,Refund - token pack,TP275,2,-58.42,-4.38,-54.04,0.0
2026-08,CH,Refund - token pack,TP600,1,-58.44,-4.38,-54.06,0.0
2026-08,CH,Renewal,P12M,73,4338.45,325.07,4013.37,217.31
2026-08,CH,Renewal,P1M,342,5593.16,419.08,5174.09,365.44
2026-08,CH,Renewal,P3M,84,2658.87,199.2,2459.7,147.8
2026-08,CH,Token pack,TP100,128,1494.81,112.07,1382.82,106.55
2026-08,CH,Token pack,TP1300,26,3039.13,227.76,2811.38,155.71
2026-08,CH,Token pack,TP275,67,1957.28,146.7,1810.59,110.6
2026-08,CH,Token pack,TP2800,18,4208.19,315.33,3892.86,194.15
2026-08,CH,Token pack,TP4500,5,1753.45,131.4,1622.05,50.74
2026-08,CH,Token pack,TP600,40,2337.57,175.2,2162.4,121.39
2026-08,DE,Chargeback,P12M,2,-112.42,-17.94,-94.48,40.0
2026-08,DE,Chargeback,P1M,12,-197.04,-31.44,-165.6,265.0
2026-08,DE,Chargeback,P3M,2,-63.32,-10.12,-53.22,40.0
2026-08,DE,New subscription,P12M,715,40019.78,6389.73,33630.12,2015.55
2026-08,DE,New subscription,P1M,705,11529.78,1840.91,9688.88,731.45
2026-08,DE,New subscription,P3M,259,8165.76,1303.75,6861.95,441.08
2026-08,DE,Reactivation,P12M,164,9179.37,1465.6,7713.81,484.46
2026-08,DE,Reactivation,P1M,195,3189.08,509.21,2679.91,207.8
2026-08,DE,Reactivation,P3M,60,1891.68,302.02,1589.62,111.31
2026-08,DE,Refund - subscription,P12M,25,-1399.27,-223.46,-1175.94,0.0
2026-08,DE,Refund - subscription,P1M,36,-588.71,-93.97,-494.74,0.0
2026-08,DE,Refund - subscription,P3M,5,-157.65,-25.16,-132.46,0.0
2026-08,DE,Refund - token pack,TP100,10,-116.8,-18.61,-98.11,0.0
2026-08,DE,Refund - token pack,TP1300,2,-233.78,-37.32,-196.46,0.0
2026-08,DE,Refund - token pack,TP275,4,-116.84,-18.64,-98.2,0.0
2026-08,DE,Refund - token pack,TP2800,1,-233.79,-37.33,-196.46,0.0
2026-08,DE,Refund - token pack,TP4500,1,-350.69,-55.99,-294.7,0.0
2026-08,DE,Refund - token pack,TP600,6,-350.64,-55.98,-294.66,0.0
2026-08,DE,Renewal,P12M,337,19760.25,3155.01,16605.29,1032.39
2026-08,DE,Renewal,P1M,2003,32757.65,5230.25,27527.47,2133.62
2026-08,DE,Renewal,P3M,279,8848.9,1412.87,7436.06,483.18
2026-08,DE,Token pack,TP100,614,7170.47,1144.87,6025.62,489.87
2026-08,DE,Token pack,TP1300,142,16598.12,2650.16,13948.0,805.29
2026-08,DE,Token pack,TP275,325,9494.33,1515.9,7978.42,520.27
2026-08,DE,Token pack,TP2800,87,20339.56,3247.53,17092.03,928.07
2026-08,DE,Token pack,TP4500,54,18937.19,3023.53,15913.6,835.5
2026-08,DE,Token pack,TP600,185,10811.08,1726.08,9084.91,551.16
2026-08,ES,Chargeback,P1M,2,-32.84,-5.7,-27.14,45.0
2026-08,ES,Chargeback,P3M,1,-31.66,-5.5,-26.17,25.0
2026-08,ES,New subscription,P12M,277,15504.19,2690.81,12813.36,774.15
2026-08,ES,New subscription,P1M,327,5347.86,928.16,4419.74,343.06
2026-08,ES,New subscription,P3M,107,3373.51,585.48,2788.01,183.8
2026-08,ES,Reactivation,P12M,73,4085.96,709.11,3376.83,218.43
2026-08,ES,Reactivation,P1M,60,981.21,170.35,811.0,66.71
2026-08,ES,Reactivation,P3M,32,1008.95,175.05,833.84,55.64
2026-08,ES,Refund - subscription,P12M,8,-447.76,-77.7,-370.08,0.0
2026-08,ES,Refund - subscription,P1M,10,-163.53,-28.39,-135.17,0.0
2026-08,ES,Refund - subscription,P3M,3,-94.59,-16.41,-78.18,0.0
2026-08,ES,Refund - token pack,TP100,5,-58.4,-10.15,-48.25,0.0
2026-08,ES,Refund - token pack,TP275,3,-87.63,-15.21,-72.42,0.0
2026-08,ES,Renewal,P12M,126,7276.89,1262.93,6013.96,375.37
2026-08,ES,Renewal,P1M,745,12183.94,2114.58,10069.37,791.16
2026-08,ES,Renewal,P3M,133,4214.29,731.39,3482.85,230.77
2026-08,ES,Token pack,TP100,238,2779.44,482.36,2297.05,189.67
2026-08,ES,Token pack,TP1300,41,4792.44,831.78,3960.65,231.8
2026-08,ES,Token pack,TP275,110,3213.48,557.7,2655.78,182.8
2026-08,ES,Token pack,TP2800,34,7948.84,1379.49,6569.24,373.02
2026-08,ES,Token pack,TP4500,11,3857.59,669.47,3188.12,152.04
2026-08,ES,Token pack,TP600,69,4032.23,699.79,3332.47,209.87
2026-08,FR,Chargeback,P12M,3,-168.63,-28.11,-140.52,65.0
2026-08,FR,Chargeback,P1M,7,-114.94,-19.18,-95.83,150.0
2026-08,FR,Chargeback,P3M,3,-94.98,-15.84,-79.17,70.0
2026-08,FR,New subscription,P12M,822,46008.75,7668.14,38340.65,2300.57
2026-08,FR,New subscription,P1M,775,12674.58,2112.43,10562.13,810.72
2026-08,FR,New subscription,P3M,286,9017.0,1502.85,7514.17,492.85
2026-08,FR,Reactivation,P12M,169,9459.25,1576.48,7882.71,512.42
2026-08,FR,Reactivation,P1M,145,2371.38,395.22,1976.14,156.76
2026-08,FR,Reactivation,P3M,56,1765.58,294.19,1471.3,102.72
2026-08,FR,Refund - subscription,P12M,31,-1735.09,-289.21,-1445.92,0.0
2026-08,FR,Refund - subscription,P1M,36,-588.7,-98.18,-490.67,0.0
2026-08,FR,Refund - subscription,P3M,6,-189.18,-31.5,-157.62,0.0
2026-08,FR,Refund - token pack,TP100,10,-116.8,-19.48,-97.3,0.0
2026-08,FR,Refund - token pack,TP1300,4,-467.56,-77.92,-389.64,0.0
2026-08,FR,Refund - token pack,TP275,3,-87.63,-14.61,-73.02,0.0
2026-08,FR,Refund - token pack,TP600,3,-175.32,-29.22,-146.1,0.0
2026-08,FR,Renewal,P12M,322,18555.94,3092.63,15463.25,961.44
2026-08,FR,Renewal,P1M,1929,31547.43,5257.92,26289.61,2038.98
2026-08,FR,Renewal,P3M,335,10646.03,1774.36,8871.73,584.15
2026-08,FR,Token pack,TP100,669,7812.81,1302.12,6510.64,544.63
2026-08,FR,Token pack,TP1300,123,14377.22,2396.22,11981.03,714.91
2026-08,FR,Token pack,TP275,326,9523.59,1587.23,7936.28,531.14
2026-08,FR,Token pack,TP2800,97,22677.42,3779.51,18897.86,1058.24
2026-08,FR,Token pack,TP4500,49,17183.72,2863.96,14319.76,801.32
2026-08,FR,Token pack,TP600,213,12447.36,2074.62,10372.81,650.1
2026-08,GB,Chargeback,P12M,2,-129.66,-21.6,-108.04,45.0
2026-08,GB,Chargeback,P1M,4,-75.76,-12.64,-63.16,80.0
2026-08,GB,Chargeback,P3M,1,-36.52,-6.09,-30.43,20.0
2026-08,GB,New subscription,P12M,468,30250.61,5041.76,25208.88,1485.25
2026-08,GB,New subscription,P1M,544,10274.22,1712.38,8561.9,640.17
2026-08,GB,New subscription,P3M,186,6772.24,1128.69,5643.47,359.1
2026-08,GB,Reactivation,P12M,163,10535.98,1756.02,8780.08,544.14
2026-08,GB,Reactivation,P1M,135,2549.71,424.94,2124.76,163.19
2026-08,GB,Reactivation,P3M,59,2148.19,358.02,1790.08,118.26
2026-08,GB,Refund - subscription,P12M,19,-1228.14,-204.68,-1023.46,0.0
2026-08,GB,Refund - subscription,P1M,20,-377.74,-62.97,-314.8,0.0
2026-08,GB,Refund - subscription,P3M,5,-182.05,-30.35,-151.7,0.0
2026-08,GB,Refund - token pack,TP100,6,-80.93,-13.5,-67.44,0.0
2026-08,GB,Refund - token pack,TP275,2,-67.48,-11.24,-56.22,0.0
2026-08,GB,Refund - token pack,TP2800,1,-269.99,-45.0,-224.99,0.0
2026-08,GB,Refund - token pack,TP4500,3,-1214.97,-202.5,-1012.47,0.0
2026-08,GB,Renewal,P12M,262,17939.53,2989.92,14949.71,899.23
2026-08,GB,Renewal,P1M,1450,27385.42,4564.22,22821.19,1698.21
2026-08,GB,Renewal,P3M,242,8900.25,1483.35,7416.83,480.92
2026-08,GB,Token pack,TP100,494,6662.31,1110.39,5551.93,437.4
2026-08,GB,Token pack,TP1300,97,13093.7,2182.32,10911.49,659.97
2026-08,GB,Token pack,TP275,291,9817.3,1636.18,8181.09,534.97
2026-08,GB,Token pack,TP2800,63,17009.17,2834.9,14174.35,755.87
2026-08,GB,Token pack,TP4500,34,13769.58,2294.97,11474.65,664.96
2026-08,GB,Token pack,TP600,158,10662.85,1777.14,8885.71,543.07
2026-08,IN,Chargeback,P12M,3,-143.64,-21.9,-121.74,65.0
2026-08,IN,Chargeback,P3M,3,-83.91,-12.79,-71.12,65.0
2026-08,IN,New subscription,P12M,296,14172.48,2161.91,12010.57,687.95
2026-08,IN,New subscription,P1M,203,2839.97,433.22,2406.75,183.25
2026-08,IN,New subscription,P3M,90,2427.3,370.27,2057.03,139.03
2026-08,IN,Reactivation,P12M,70,3351.6,511.23,2840.37,180.34
2026-08,IN,Reactivation,P1M,48,671.52,102.4,569.12,44.19
2026-08,IN,Reactivation,P3M,16,431.52,65.81,365.71,25.3
2026-08,IN,Refund - subscription,P12M,7,-335.16,-51.11,-284.05,0.0
2026-08,IN,Refund - subscription,P1M,2,-27.98,-4.26,-23.72,0.0
2026-08,IN,Refund - subscription,P3M,2,-53.94,-8.22,-45.72,0.0
2026-08,IN,Refund - token pack,TP100,2,-19.98,-3.04,-16.94,0.0
2026-08,IN,Refund - token pack,TP275,1,-24.99,-3.81,-21.18,0.0
2026-08,IN,Refund - token pack,TP2800,1,-199.99,-30.51,-169.48,0.0
2026-08,IN,Renewal,P12M,73,3711.24,566.11,3145.13,187.94
2026-08,IN,Renewal,P1M,441,6169.59,941.13,5228.46,414.64
2026-08,IN,Renewal,P3M,80,2181.6,332.81,1848.79,120.26
2026-08,IN,Token pack,TP100,87,869.13,132.56,736.57,62.41
2026-08,IN,Token pack,TP1300,24,2399.76,366.08,2033.68,114.4
2026-08,IN,Token pack,TP275,58,1449.42,221.09,1228.33,83.07
2026-08,IN,Token pack,TP2800,13,2599.87,396.62,2203.25,113.9
2026-08,IN,Token pack,TP4500,8,2399.92,366.08,2033.84,126.6
2026-08,IN,Token pack,TP600,34,1699.66,259.32,1440.34,88.25
2026-08,IT,Chargeback,P12M,2,-112.42,-20.28,-92.14,40.0
2026-08,IT,Chargeback,P1M,1,-16.42,-2.96,-13.46,20.0
2026-08,IT,Chargeback,P3M,1,-35.18,-6.34,-28.84,25.0
2026-08,IT,New subscription,P12M,289,16175.83,2916.97,13258.88,783.13
2026-08,IT,New subscription,P1M,291,4759.09,858.18,3900.94,310.63
2026-08,IT,New subscription,P3M,102,3215.85,579.96,2635.97,169.66
2026-08,IT,Reactivation,P12M,68,3806.07,686.36,3119.79,195.07
2026-08,IT,Reactivation,P1M,80,1308.33,235.99,1072.47,88.2
2026-08,IT,Reactivation,P3M,27,851.29,153.53,697.76,48.96
2026-08,IT,Refund - subscription,P12M,13,-727.62,-131.19,-596.43,0.0
2026-08,IT,Refund - subscription,P1M,23,-376.1,-67.84,-308.38,0.0
2026-08,IT,Refund - subscription,P3M,5,-157.64,-28.43,-129.21,0.0
2026-08,IT,Refund - token pack,TP100,2,-23.36,-4.21,-19.14,0.0
2026-08,IT,Refund - token pack,TP1300,1,-116.89,-21.08,-95.81,0.0
2026-08,IT,Refund - token pack,TP275,3,-87.64,-15.81,-71.84,0.0
2026-08,IT,Refund - token pack,TP600,1,-58.44,-10.54,-47.9,0.0
2026-08,IT,Renewal,P12M,110,6465.51,1165.89,5299.59,335.65
2026-08,IT,Renewal,P1M,713,11660.61,2102.73,9557.87,769.33
2026-08,IT,Renewal,P3M,140,4448.97,802.31,3646.71,237.71
2026-08,IT,Token pack,TP100,190,2218.85,400.14,1818.73,157.91
2026-08,IT,Token pack,TP1300,36,4208.0,758.84,3449.16,212.47
2026-08,IT,Token pack,TP275,130,3797.73,684.85,3112.93,202.54
2026-08,IT,Token pack,TP2800,27,6312.31,1138.31,5174.01,298.97
2026-08,IT,Token pack,TP4500,15,5260.35,948.6,4311.75,239.96
2026-08,IT,Token pack,TP600,61,3564.73,642.83,2921.9,179.46
2026-08,JP,Chargeback,P1M,1,-13.99,-1.27,-12.72,20.0
2026-08,JP,New subscription,P12M,181,8666.28,787.85,7878.43,463.23
2026-08,JP,New subscription,P1M,161,2252.39,204.77,2047.62,154.41
2026-08,JP,New subscription,P3M,79,2130.63,193.7,1936.93,113.31
2026-08,JP,Reactivation,P12M,33,1580.04,143.62,1436.42,83.0
2026-08,JP,Reactivation,P1M,40,559.6,50.83,508.77,38.93
2026-08,JP,Reactivation,P3M,23,620.31,56.36,563.95,36.6
2026-08,JP,Refund - subscription,P12M,16,-766.08,-69.62,-696.46,0.0
2026-08,JP,Refund - subscription,P1M,4,-55.96,-5.08,-50.88,0.0
2026-08,JP,Refund - subscription,P3M,6,-161.82,-14.7,-147.12,0.0
2026-08,JP,Refund - token pack,TP100,1,-9.99,-0.91,-9.08,0.0
2026-08,JP,Refund - token pack,TP1300,1,-99.99,-9.09,-90.9,0.0
2026-08,JP,Refund - token pack,TP275,2,-49.98,-4.54,-45.44,0.0
2026-08,JP,Renewal,P12M,78,3878.64,352.6,3526.04,210.48
2026-08,JP,Renewal,P1M,413,5777.87,525.24,5252.63,388.13
2026-08,JP,Renewal,P3M,60,1627.2,147.93,1479.27,92.16
2026-08,JP,Token pack,TP100,111,1108.89,100.81,1008.08,79.89
2026-08,JP,Token pack,TP1300,18,1799.82,163.62,1636.2,98.7
2026-08,JP,Token pack,TP275,71,1774.29,161.3,1612.99,100.81
2026-08,JP,Token pack,TP2800,11,2199.89,199.98,1999.91,99.1
2026-08,JP,Token pack,TP4500,8,2399.92,218.16,2181.76,129.9
2026-08,JP,Token pack,TP600,39,1949.61,177.18,1772.43,99.65
2026-08,MX,Chargeback,P1M,6,-83.94,-11.58,-72.36,125.0
2026-08,MX,Chargeback,P3M,1,-26.97,-3.72,-23.25,20.0
2026-08,MX,New subscription,P12M,284,13597.92,1875.57,11722.35,650.09
2026-08,MX,New subscription,P1M,211,2951.89,407.22,2544.67,181.38
2026-08,MX,New subscription,P3M,76,2049.72,282.72,1767.0,109.66
2026-08,MX,Reactivation,P12M,55,2633.4,363.2,2270.2,144.51
2026-08,MX,Reactivation,P1M,58,811.42,111.94,699.48,54.65
2026-08,MX,Reactivation,P3M,21,566.37,78.12,488.25,33.68
2026-08,MX,Refund - subscription,P12M,7,-335.16,-46.22,-288.94,0.0
2026-08,MX,Refund - subscription,P1M,9,-125.91,-17.37,-108.54,0.0
2026-08,MX,Refund - subscription,P3M,2,-53.94,-7.44,-46.5,0.0
2026-08,MX,Refund - token pack,TP100,2,-19.98,-2.76,-17.22,0.0
2026-08,MX,Refund - token pack,TP275,1,-24.99,-3.45,-21.54,0.0
2026-08,MX,Renewal,P12M,113,5698.44,785.98,4912.46,306.31
2026-08,MX,Renewal,P1M,497,6953.03,959.02,5994.01,463.76
2026-08,MX,Renewal,P3M,102,2771.94,382.31,2389.63,157.62
2026-08,MX,Token pack,TP100,106,1058.94,146.09,912.85,77.33
2026-08,MX,Token pack,TP1300,22,2199.78,303.39,1896.39,98.1
2026-08,MX,Token pack,TP275,65,1624.35,224.01,1400.34,91.63
2026-08,MX,Token pack,TP2800,25,4999.75,689.56,4310.19,253.7
2026-08,MX,Token pack,TP4500,8,2399.92,331.04,2068.88,102.3
2026-08,MX,Token pack,TP600,44,2199.56,303.47,1896.09,107.95
2026-08,NL,Chargeback,P1M,3,-49.26,-8.55,-40.71,70.0
2026-08,NL,New subscription,P12M,219,12257.84,2127.39,10130.43,619.75
2026-08,NL,New subscription,P1M,209,3418.03,593.25,2824.87,225.1
2026-08,NL,New subscription,P3M,83,2616.85,454.15,2162.66,147.21
2026-08,NL,Reactivation,P12M,58,3246.36,563.4,2682.98,171.25
2026-08,NL,Reactivation,P1M,50,817.7,141.99,675.8,55.41
2026-08,NL,Reactivation,P3M,16,504.48,87.52,416.91,30.04
2026-08,NL,Refund - subscription,P12M,13,-727.62,-126.25,-601.37,0.0
2026-08,NL,Refund - subscription,P1M,11,-179.87,-31.23,-148.7,0.0
2026-08,NL,Refund - subscription,P3M,1,-31.53,-5.47,-26.06,0.0
2026-08,NL,Refund - token pack,TP100,4,-46.72,-8.12,-38.6,0.0
2026-08,NL,Refund - token pack,TP275,4,-116.84,-20.28,-96.56,0.0
2026-08,NL,Refund - token pack,TP600,1,-58.44,-10.14,-48.3,0.0
2026-08,NL,Renewal,P12M,120,6941.06,1204.62,5736.44,376.4
2026-08,NL,Renewal,P1M,568,9289.26,1612.21,7677.08,602.37
2026-08,NL,Renewal,P3M,112,3569.71,619.54,2950.16,191.97
2026-08,NL,Token pack,TP100,212,2475.82,429.68,2046.1,177.36
2026-08,NL,Token pack,TP1300,41,4792.47,831.75,3960.62,233.32
2026-08,NL,Token pack,TP275,103,3008.95,522.21,2486.74,164.95
2026-08,NL,Token pack,TP2800,28,6546.1,1136.01,5409.93,325.78
2026-08,NL,Token pack,TP4500,18,6312.41,1095.54,5216.88,298.88
2026-08,NL,Token pack,TP600,63,3681.63,638.91,3042.69,195.84
2026-08,PL,Chargeback,P12M,2,-112.42,-21.02,-91.4,45.0
2026-08,PL,Chargeback,P1M,4,-65.68,-12.28,-53.4,95.0
2026-08,PL,New subscription,P12M,198,11082.43,2072.34,9010.08,554.57
2026-08,PL,New subscription,P1M,200,3270.85,611.6,2659.21,211.5
2026-08,PL,New subscription,P3M,66,2080.88,389.15,1691.68,112.07
2026-08,PL,Reactivation,P12M,43,2406.76,450.1,1956.81,120.81
2026-08,PL,Reactivation,P1M,37,605.07,113.21,491.98,39.8
2026-08,PL,Reactivation,P3M,15,472.95,88.48,384.45,28.1
2026-08,PL,Refund - subscription,P12M,8,-447.77,-83.74,-364.06,0.0
2026-08,PL,Refund - subscription,P1M,14,-228.92,-42.83,-186.18,0.0
2026-08,PL,Refund - subscription,P3M,1,-31.53,-5.9,-25.63,0.0
2026-08,PL,Refund - token pack,TP100,2,-23.36,-4.36,-18.98,0.0
2026-08,PL,Refund - token pack,TP275,3,-87.63,-16.38,-71.25,0.0
2026-08,PL,Refund - token pack,TP2800,1,-233.79,-43.72,-190.07,0.0
2026-08,PL,Refund - token pack,TP600,2,-116.88,-21.86,-95.02,0.0
2026-08,PL,Renewal,P12M,84,5038.29,942.17,4096.23,257.77
2026-08,PL,Renewal,P1M,455,7441.23,1391.46,6049.76,483.72
2026-08,PL,Renewal,P3M,80,2536.28,474.28,2061.96,144.68
2026-08,PL,Token pack,TP100,127,1483.12,277.29,1205.78,103.92
2026-08,PL,Token pack,TP1300,30,3506.69,655.73,2850.91,173.3
2026-08,PL,Token pack,TP275,85,2483.15,464.36,2018.75,139.89
2026-08,PL,Token pack,TP2800,16,3740.64,699.49,3041.12,177.43
2026-08,PL,Token pack,TP4500,7,2454.83,459.06,1995.77,77.8
2026-08,PL,Token pack,TP600,43,2512.87,469.87,2042.93,128.95
2026-08,ROW,Chargeback,P12M,8,-383.04,-18.24,-364.8,165.0
2026-08,ROW,Chargeback,P1M,6,-83.94,-4.02,-79.92,120.0
2026-08,ROW,Chargeback,P3M,2,-53.94,-2.56,-51.38,40.0
2026-08,ROW,New subscription,P12M,861,41224.68,1963.08,39261.6,2035.93
2026-08,ROW,New subscription,P1M,646,9037.54,430.35,8607.19,581.68
2026-08,ROW,New subscription,P3M,290,7821.3,372.43,7448.87,428.25
2026-08,ROW,Reactivation,P12M,218,10437.84,497.04,9940.8,568.14
2026-08,ROW,Reactivation,P1M,161,2252.39,107.22,2145.17,151.48
2026-08,ROW,Reactivation,P3M,65,1753.05,83.44,1669.61,100.38
2026-08,ROW,Refund - subscription,P12M,25,-1197.0,-57.0,-1140.0,0.0
2026-08,ROW,Refund - subscription,P1M,31,-433.69,-20.69,-413.0,0.0
2026-08,ROW,Refund - subscription,P3M,4,-107.88,-5.12,-102.76,0.0
2026-08,ROW,Refund - token pack,TP100,8,-79.92,-3.84,-76.08,0.0
2026-08,ROW,Refund - token pack,TP1300,2,-199.98,-9.52,-190.46,0.0
2026-08,ROW,Refund - token pack,TP275,1,-24.99,-1.19,-23.8,0.0
2026-08,ROW,Refund - token pack,TP600,4,-199.96,-9.52,-190.44,0.0
2026-08,ROW,Renewal,P12M,332,16616.16,791.22,15824.94,855.91
2026-08,ROW,Renewal,P1M,1390,19446.1,926.01,18520.09,1304.3
2026-08,ROW,Renewal,P3M,283,7701.51,366.73,7334.78,427.95
2026-08,ROW,Token pack,TP100,374,3736.26,177.91,3558.35,260.49
2026-08,ROW,Token pack,TP1300,82,8199.18,390.4,7808.78,382.2
2026-08,ROW,Token pack,TP275,203,5072.97,241.57,4831.4,271.64
2026-08,ROW,Token pack,TP2800,50,9999.5,476.15,9523.35,460.9
2026-08,ROW,Token pack,TP4500,22,6599.78,314.32,6285.46,335.4
2026-08,ROW,Token pack,TP600,132,6598.68,314.16,6284.52,325.1
2026-08,SE,New subscription,P12M,126,7052.43,1410.5,5641.9,349.24
2026-08,SE,New subscription,P1M,143,2338.66,467.71,1870.94,155.89
2026-08,SE,New subscription,P3M,53,1671.02,334.22,1336.73,90.37
2026-08,SE,Reactivation,P12M,28,1567.17,313.38,1253.79,80.89
2026-08,SE,Reactivation,P1M,41,670.47,134.07,536.4,43.35
2026-08,SE,Reactivation,P3M,9,283.77,56.79,226.98,16.39
2026-08,SE,Refund - subscription,P12M,2,-111.94,-22.38,-89.56,0.0
2026-08,SE,Refund - subscription,P1M,11,-179.89,-35.97,-143.9,0.0
2026-08,SE,Refund - subscription,P3M,5,-157.64,-31.54,-126.11,0.0
2026-08,SE,Refund - token pack,TP100,3,-35.04,-7.02,-28.02,0.0
2026-08,SE,Refund - token pack,TP1300,1,-116.89,-23.38,-93.51,0.0
2026-08,SE,Refund - token pack,TP275,1,-29.21,-5.84,-23.37,0.0
2026-08,SE,Renewal,P12M,61,3498.45,699.65,2798.74,180.79
2026-08,SE,Renewal,P1M,349,5707.66,1141.55,4566.11,364.2
2026-08,SE,Renewal,P3M,53,1688.53,337.74,1350.77,92.64
2026-08,SE,Token pack,TP100,131,1529.81,305.98,1223.88,106.64
2026-08,SE,Token pack,TP1300,21,2454.68,490.97,1963.71,129.09
2026-08,SE,Token pack,TP275,67,1957.27,391.46,1565.79,105.77
2026-08,SE,Token pack,TP2800,20,4675.79,935.19,3740.6,206.51
2026-08,SE,Token pack,TP4500,14,4909.64,981.94,3927.7,247.62
2026-08,SE,Token pack,TP600,40,2337.56,467.56,1870.0,121.76
2026-08,US,Chargeback,P12M,12,-574.56,-32.52,-542.04,255.0
2026-08,US,Chargeback,P1M,28,-391.72,-22.13,-369.59,610.0
2026-08,US,Chargeback,P3M,5,-137.85,-7.82,-130.03,110.0
2026-08,US,New subscription,P12M,2993,143304.84,8111.56,135193.28,7344.22
2026-08,US,New subscription,P1M,3052,42697.48,2416.84,40280.64,2859.08
2026-08,US,New subscription,P3M,1040,28048.8,1587.65,26461.15,1623.8
2026-08,US,Reactivation,P12M,785,37585.8,2127.46,35458.34,2029.58
2026-08,US,Reactivation,P1M,746,10436.54,590.75,9845.79,726.99
2026-08,US,Reactivation,P3M,281,7578.57,429.0,7149.57,451.0
2026-08,US,Refund - subscription,P12M,104,-4979.52,-281.85,-4697.67,0.0
2026-08,US,Refund - subscription,P1M,141,-1972.59,-111.66,-1860.93,0.0
2026-08,US,Refund - subscription,P3M,32,-863.04,-48.86,-814.18,0.0
2026-08,US,Refund - token pack,TP100,42,-419.58,-23.81,-395.77,0.0
2026-08,US,Refund - token pack,TP1300,7,-699.93,-39.62,-660.31,0.0
2026-08,US,Refund - token pack,TP275,18,-449.82,-25.41,-424.41,0.0
2026-08,US,Refund - token pack,TP2800,4,-799.96,-45.28,-754.68,0.0
2026-08,US,Refund - token pack,TP4500,4,-1199.96,-67.92,-1132.04,0.0
2026-08,US,Refund - token pack,TP600,9,-449.91,-25.47,-424.44,0.0
2026-08,US,Renewal,P12M,1437,71995.56,4075.2,67920.36,3857.36
2026-08,US,Renewal,P1M,7983,111682.17,6321.61,105360.56,7603.82
2026-08,US,Renewal,P3M,1391,37884.27,2144.39,35739.88,2212.41
2026-08,US,Token pack,TP100,2698,26953.02,1525.63,25427.39,1967.16
2026-08,US,Token pack,TP1300,592,59194.08,3350.71,55843.37,2948.2
2026-08,US,Token pack,TP275,1531,38259.69,2165.65,36094.04,2232.05
2026-08,US,Token pack,TP2800,354,70796.46,4007.28,66789.18,3431.91
2026-08,US,Token pack,TP4500,210,62997.9,3565.88,59432.02,3110.37
2026-08,US,Token pack,TP600,837,41841.63,2368.4,39473.23,2195.06
