date,feature_id,user_type,active_users,units,tokens_consumed,compute_cost_usd,content_cost_usd,p95_latency_ms,error_rate,cache_hit_rate
2024-01-01,F01,Premium,4138,176351,0,193.99,0.0,2102.0,0.0028,0.0
2024-01-02,F01,Premium,3842,164037,0,180.44,0.0,2029.0,0.0061,0.0
2024-01-03,F01,Premium,3919,165776,0,182.35,0.0,2095.0,0.0036,0.0
2024-01-04,F01,Premium,4061,172797,0,190.08,0.0,1940.0,0.0031,0.0
2024-01-05,F01,Premium,4219,177330,0,195.06,0.0,1979.0,0.0042,0.0
2024-01-06,F01,Premium,4444,177913,0,195.7,0.0,2046.0,0.0048,0.0
2024-01-07,F01,Premium,4582,192379,0,211.62,0.0,1736.0,0.0036,0.0
2024-01-08,F01,Premium,4049,172773,0,190.05,0.0,1787.0,0.0038,0.0
2024-01-09,F01,Premium,3928,163599,0,179.96,0.0,1831.0,0.0048,0.0
2024-01-10,F01,Premium,3899,162913,0,179.2,0.0,1899.0,0.003,0.0
2024-01-11,F01,Premium,4377,176994,0,194.69,0.0,1807.0,0.0046,0.0
2024-01-12,F01,Premium,4111,184788,0,203.27,0.0,1885.0,0.0031,0.0
2024-01-13,F01,Premium,4214,178881,0,196.77,0.0,1804.0,0.0037,0.0
2024-01-14,F01,Premium,4725,193096,0,212.41,0.0,1798.0,0.0045,0.0
2024-01-15,F01,Premium,3802,158099,0,173.91,0.0,1771.0,0.0035,0.0
2024-01-16,F01,Premium,3982,163033,0,179.34,0.0,1977.0,0.0038,0.0
2024-01-17,F01,Premium,3943,159189,0,175.11,0.0,1788.0,0.0045,0.0
2024-01-18,F01,Premium,3871,176317,0,193.95,0.0,1791.0,0.0035,0.0
2024-01-19,F01,Premium,4054,170081,0,187.09,0.0,1639.0,0.0035,0.0
2024-01-20,F01,Premium,4211,187480,0,206.23,0.0,1761.0,0.004,0.0
2024-01-21,F01,Premium,4439,175867,0,193.45,0.0,1763.0,0.0035,0.0
2024-01-22,F01,Premium,3983,169036,0,185.94,0.0,1860.0,0.0028,0.0
2024-01-23,F01,Premium,4217,161873,0,178.06,0.0,1891.0,0.0041,0.0
2024-01-24,F01,Premium,3964,162787,0,179.07,0.0,1832.0,0.0041,0.0
2024-01-25,F01,Premium,3957,170007,0,187.01,0.0,1706.0,0.0044,0.0
2024-01-26,F01,Premium,4504,177920,0,195.71,0.0,1834.0,0.0043,0.0
2024-01-27,F01,Premium,4667,185149,0,203.66,0.0,2035.0,0.0032,0.0
2024-01-28,F01,Premium,4343,179356,0,197.29,0.0,1747.0,0.0048,0.0
2024-01-29,F01,Premium,3820,157903,0,173.69,0.0,1790.0,0.0038,0.0
2024-01-30,F01,Premium,4098,165634,0,182.2,0.0,1827.0,0.0043,0.0
2024-01-31,F01,Premium,3958,160066,0,176.07,0.0,1770.0,0.0038,0.0
2024-02-01,F01,Premium,5279,218843,0,240.73,0.0,1650.0,0.0029,0.0
2024-02-02,F01,Premium,5893,237518,0,261.27,0.0,1772.0,0.0027,0.0
2024-02-03,F01,Premium,5880,245547,0,270.1,0.0,1854.0,0.0041,0.0
2024-02-04,F01,Premium,6119,246217,0,270.84,0.0,1790.0,0.0036,0.0
2024-02-05,F01,Premium,5717,230985,0,254.08,0.0,1707.0,0.0029,0.0
2024-02-06,F01,Premium,5304,218862,0,240.75,0.0,1837.0,0.0037,0.0
2024-02-07,F01,Premium,5838,220967,0,243.06,0.0,2131.0,0.0036,0.0
2024-02-08,F01,Premium,5646,222035,0,244.24,0.0,2090.0,0.0023,0.0
2024-02-09,F01,Premium,5401,228707,0,251.58,0.0,2026.0,0.0052,0.0
2024-02-10,F01,Premium,5783,238074,0,261.88,0.0,1947.0,0.0029,0.0
2024-02-11,F01,Premium,5453,246796,0,271.48,0.0,1967.0,0.0048,0.0
2024-02-12,F01,Premium,5694,223906,0,246.3,0.0,2140.0,0.0054,0.0
2024-02-13,F01,Premium,5048,215853,0,237.44,0.0,1919.0,0.0028,0.0
2024-02-14,F01,Premium,4830,207665,0,228.43,0.0,1904.0,0.0048,0.0
2024-02-15,F01,Premium,5579,224680,0,247.15,0.0,2110.0,0.0038,0.0
2024-02-16,F01,Premium,5527,230126,0,253.14,0.0,1852.0,0.0041,0.0
2024-02-17,F01,Premium,5832,240745,0,264.82,0.0,1690.0,0.0045,0.0
2024-02-18,F01,Premium,5976,245955,0,270.55,0.0,1809.0,0.0044,0.0
2024-02-19,F01,Premium,5410,235069,0,258.58,0.0,1748.0,0.0036,0.0
2024-02-20,F01,Premium,5172,217044,0,238.75,0.0,1782.0,0.0031,0.0
2024-02-21,F01,Premium,5509,223998,0,246.4,0.0,1808.0,0.0063,0.0
2024-02-22,F01,Premium,5056,221576,0,243.73,0.0,2005.0,0.0041,0.0
2024-02-23,F01,Premium,5621,244845,0,269.33,0.0,1762.0,0.0042,0.0
2024-02-24,F01,Premium,6202,252373,0,277.61,0.0,1706.0,0.0084,0.0
2024-02-25,F01,Premium,6034,246214,0,270.84,0.0,1741.0,0.0036,0.0
2024-02-26,F01,Premium,5464,229261,0,252.19,0.0,1933.0,0.0042,0.0
2024-02-27,F01,Premium,5398,217001,0,238.7,0.0,1878.0,0.0031,0.0
2024-02-28,F01,Premium,5831,227526,0,250.28,0.0,1717.0,0.0048,0.0
2024-02-29,F01,Premium,5151,221810,0,243.99,0.0,1684.0,0.0037,0.0
2024-03-01,F01,Premium,6591,287022,0,315.72,0.0,1746.0,0.0055,0.0
2024-03-02,F01,Premium,6945,287454,0,316.2,0.0,1659.0,0.0038,0.0
2024-03-03,F01,Premium,6715,292038,0,321.24,0.0,1895.0,0.003,0.0
2024-03-04,F01,Premium,6930,277495,0,305.24,0.0,1754.0,0.0031,0.0
2024-03-05,F01,Premium,6387,263875,0,290.26,0.0,1866.0,0.0049,0.0
2024-03-06,F01,Premium,6548,280918,0,309.01,0.0,1729.0,0.0036,0.0
2024-03-07,F01,Premium,6339,259802,0,285.78,0.0,1850.0,0.0046,0.0
2024-03-08,F01,Premium,6708,303664,0,334.03,0.0,1843.0,0.0042,0.0
2024-03-09,F01,Premium,7319,302038,0,332.24,0.0,1808.0,0.0053,0.0
2024-03-10,F01,Premium,7153,298633,0,328.5,0.0,1775.0,0.0032,0.0
2024-03-11,F01,Premium,6594,271022,0,298.12,0.0,1893.0,0.0031,0.0
2024-03-12,F01,Premium,6662,274113,0,301.52,0.0,1919.0,0.0041,0.0
2024-03-13,F01,Premium,6716,267133,0,293.85,0.0,1802.0,0.0037,0.0
2024-03-14,F01,Premium,6278,265140,0,291.65,0.0,1805.0,0.0029,0.0
2024-03-15,F01,Premium,7089,291563,0,320.72,0.0,1803.0,0.0028,0.0
2024-03-16,F01,Premium,6646,280269,0,308.3,0.0,1774.0,0.0025,0.0
2024-03-17,F01,Premium,7310,293079,0,322.39,0.0,1713.0,0.0031,0.0
2024-03-18,F01,Premium,6856,287096,0,315.81,0.0,1765.0,0.0032,0.0
2024-03-19,F01,Premium,6060,267818,0,294.6,0.0,1791.0,0.005,0.0
2024-03-20,F01,Premium,6541,280115,0,308.13,0.0,1891.0,0.0044,0.0
2024-03-21,F01,Premium,7243,291135,0,320.25,0.0,1983.0,0.0045,0.0
2024-03-22,F01,Premium,6751,294504,0,323.95,0.0,1765.0,0.0023,0.0
2024-03-23,F01,Premium,6937,285253,0,313.78,0.0,1744.0,0.0039,0.0
2024-03-24,F01,Premium,6970,290408,0,319.45,0.0,1768.0,0.0031,0.0
2024-03-25,F01,Premium,5839,268925,0,295.82,0.0,1860.0,0.0053,0.0
2024-03-26,F01,Premium,6969,275877,0,303.47,0.0,1661.0,0.0047,0.0
2024-03-27,F01,Premium,6749,273513,0,300.86,0.0,1691.0,0.0039,0.0
2024-03-28,F01,Premium,6704,282456,0,310.7,0.0,1512.0,0.0042,0.0
2024-03-29,F01,Premium,6705,285376,0,313.91,0.0,1954.0,0.0026,0.0
2024-03-30,F01,Premium,6851,300129,0,330.14,0.0,1784.0,0.0055,0.0
2024-03-31,F01,Premium,7337,291230,0,320.35,0.0,1754.0,0.0032,0.0
2024-04-01,F01,Premium,7895,322276,0,354.5,0.0,1761.0,0.0035,0.0
2024-04-02,F01,Premium,8226,327007,0,359.71,0.0,1762.0,0.0039,0.0
2024-04-03,F01,Premium,7984,312816,0,344.1,0.0,1770.0,0.003,0.0
2024-04-04,F01,Premium,8794,344850,0,379.33,0.0,1800.0,0.0034,0.0
2024-04-05,F01,Premium,7916,334838,0,368.32,0.0,1795.0,0.0072,0.0
2024-04-06,F01,Premium,8306,348280,0,383.11,0.0,1869.0,0.0051,0.0
2024-04-07,F01,Premium,8178,359127,0,395.04,0.0,1806.0,0.0045,0.0
2024-04-08,F01,Premium,7331,312750,0,344.02,0.0,1763.0,0.0034,0.0
2024-04-09,F01,Premium,7553,318216,0,350.04,0.0,1931.0,0.0044,0.0
2024-04-10,F01,Premium,8237,328812,0,361.69,0.0,1885.0,0.0043,0.0
2024-04-11,F01,Premium,7816,314596,0,346.06,0.0,1827.0,0.0022,0.0
2024-04-12,F01,Premium,7896,321879,0,354.07,0.0,1777.0,0.0055,0.0
2024-04-13,F01,Premium,8502,358602,0,394.46,0.0,1705.0,0.0033,0.0
2024-04-14,F01,Premium,8042,332248,0,365.47,0.0,1888.0,0.0032,0.0
2024-04-15,F01,Premium,7873,320496,0,352.55,0.0,1709.0,0.0054,0.0
2024-04-16,F01,Premium,7292,319438,0,351.38,0.0,1831.0,0.0043,0.0
2024-04-17,F01,Premium,7866,314306,0,345.74,0.0,1702.0,0.0042,0.0
2024-04-18,F01,Premium,7748,321751,0,353.93,0.0,1871.0,0.0025,0.0
2024-04-19,F01,Premium,7948,341407,0,375.55,0.0,1654.0,0.0057,0.0
2024-04-20,F01,Premium,9478,352795,0,388.07,0.0,1787.0,0.0034,0.0
2024-04-21,F01,Premium,8154,333947,0,367.34,0.0,1792.0,0.0052,0.0
2024-04-22,F01,Premium,7214,323430,0,355.77,0.0,1761.0,0.0031,0.0
2024-04-23,F01,Premium,6908,303904,0,334.29,0.0,1966.0,0.0042,0.0
2024-04-24,F01,Premium,7787,328960,0,361.86,0.0,1582.0,0.0065,0.0
2024-04-25,F01,Premium,7824,324495,0,356.95,0.0,1856.0,0.0041,0.0
2024-04-26,F01,Premium,7887,315220,0,346.74,0.0,1821.0,0.005,0.0
2024-04-27,F01,Premium,7623,344086,0,378.49,0.0,1905.0,0.0038,0.0
2024-04-28,F01,Premium,8286,351733,0,386.91,0.0,1875.0,0.004,0.0
2024-04-29,F01,Premium,6968,315482,0,347.03,0.0,1726.0,0.0046,0.0
2024-04-30,F01,Premium,7150,315092,0,346.6,0.0,1802.0,0.0048,0.0
2024-05-01,F01,Premium,8757,354964,0,390.46,0.0,1829.0,0.0046,0.0
2024-05-02,F01,Premium,8461,367313,0,404.04,0.0,1963.0,0.0063,0.0
2024-05-03,F01,Premium,9203,382521,0,420.77,0.0,1885.0,0.0041,0.0
2024-05-04,F01,Premium,9773,407244,0,447.97,0.0,1811.0,0.0037,0.0
2024-05-05,F01,Premium,8926,385808,0,424.39,0.0,1893.0,0.0033,0.0
2024-05-06,F01,Premium,8334,360360,0,396.4,0.0,1699.0,0.0032,0.0
2024-05-07,F01,Premium,8124,342730,0,377.0,0.0,1908.0,0.0035,0.0
2024-05-08,F01,Premium,9112,384584,0,423.04,0.0,1834.0,0.0066,0.0
2024-05-09,F01,Premium,8903,360165,0,396.18,0.0,1702.0,0.0041,0.0
2024-05-10,F01,Premium,9020,397875,0,437.66,0.0,1906.0,0.0043,0.0
2024-05-11,F01,Premium,9576,386820,0,425.5,0.0,1924.0,0.0041,0.0
2024-05-12,F01,Premium,9322,385639,0,424.2,0.0,1780.0,0.005,0.0
2024-05-13,F01,Premium,8897,376464,0,414.11,0.0,1882.0,0.0046,0.0
2024-05-14,F01,Premium,9011,374244,0,411.67,0.0,1729.0,0.0041,0.0
2024-05-15,F01,Premium,8738,361710,0,397.88,0.0,1816.0,0.0062,0.0
2024-05-16,F01,Premium,9187,378790,0,416.67,0.0,2028.0,0.0028,0.0
2024-05-17,F01,Premium,8819,391244,0,430.37,0.0,1926.0,0.0038,0.0
2024-05-18,F01,Premium,9899,401846,0,442.03,0.0,1828.0,0.0047,0.0
2024-05-19,F01,Premium,9200,393914,0,433.31,0.0,1853.0,0.0029,0.0
2024-05-20,F01,Premium,8443,374430,0,411.87,0.0,1790.0,0.004,0.0
2024-05-21,F01,Premium,8342,352027,0,387.23,0.0,1714.0,0.0029,0.0
2024-05-22,F01,Premium,8028,358354,0,394.19,0.0,1730.0,0.0055,0.0
2024-05-23,F01,Premium,9133,372606,0,409.87,0.0,1835.0,0.004,0.0
2024-05-24,F01,Premium,8762,379603,0,417.56,0.0,1773.0,0.0021,0.0
2024-05-25,F01,Premium,9722,400965,0,441.06,0.0,1881.0,0.0037,0.0
2024-05-26,F01,Premium,9418,404222,0,444.64,0.0,2030.0,0.0035,0.0
2024-05-27,F01,Premium,8704,360912,0,397.0,0.0,1795.0,0.0047,0.0
2024-05-28,F01,Premium,9366,367998,0,404.8,0.0,1670.0,0.0028,0.0
2024-05-29,F01,Premium,7806,344302,0,378.73,0.0,2093.0,0.0031,0.0
2024-05-30,F01,Premium,9237,366248,0,402.87,0.0,1785.0,0.0032,0.0
2024-05-31,F01,Premium,7922,355054,0,390.56,0.0,1613.0,0.0044,0.0
2024-06-01,F01,Premium,10938,452448,0,497.69,0.0,1728.0,0.0033,0.0
2024-06-02,F01,Premium,10257,443533,0,487.89,0.0,1843.0,0.0041,0.0
2024-06-03,F01,Premium,9133,408502,0,449.35,0.0,1682.0,0.0035,0.0
2024-06-04,F01,Premium,8567,393740,0,433.11,0.0,1789.0,0.0033,0.0
2024-06-05,F01,Premium,10516,436580,0,480.24,0.0,1945.0,0.0036,0.0
2024-06-06,F01,Premium,10765,432717,0,475.99,0.0,1879.0,0.0054,0.0
2024-06-07,F01,Premium,10261,414213,0,455.63,0.0,1649.0,0.0043,0.0
2024-06-08,F01,Premium,10904,479475,0,527.42,0.0,1788.0,0.0034,0.0
2024-06-09,F01,Premium,10806,438488,0,482.34,0.0,1796.0,0.0062,0.0
2024-06-10,F01,Premium,9087,401142,0,441.26,0.0,1727.0,0.0036,0.0
2024-06-11,F01,Premium,9869,415646,0,457.21,0.0,1675.0,0.0037,0.0
2024-06-12,F01,Premium,9719,411888,0,453.08,0.0,1816.0,0.0032,0.0
2024-06-13,F01,Premium,9389,418477,0,460.32,0.0,1756.0,0.0029,0.0
2024-06-14,F01,Premium,9830,431637,0,474.8,0.0,1680.0,0.0044,0.0
2024-06-15,F01,Premium,10214,462058,0,508.26,0.0,1728.0,0.0032,0.0
2024-06-16,F01,Premium,10214,454710,0,500.18,0.0,1898.0,0.0046,0.0
2024-06-17,F01,Premium,10843,438353,0,482.19,0.0,1725.0,0.0067,0.0
2024-06-18,F01,Premium,10092,433542,0,476.9,0.0,1921.0,0.004,0.0
2024-06-19,F01,Premium,10653,423724,0,466.1,0.0,1816.0,0.0073,0.0
2024-06-20,F01,Premium,10066,424683,0,467.15,0.0,1853.0,0.0051,0.0
2024-06-21,F01,Premium,10194,434694,0,478.16,0.0,1839.0,0.0052,0.0
2024-06-22,F01,Premium,10239,443509,0,487.86,0.0,1866.0,0.0047,0.0
2024-06-23,F01,Premium,10892,471453,0,518.6,0.0,1953.0,0.0042,0.0
2024-06-24,F01,Premium,10378,424257,0,466.68,0.0,1836.0,0.0034,0.0
2024-06-25,F01,Premium,10134,434021,0,477.42,0.0,1732.0,0.0084,0.0
2024-06-26,F01,Premium,9829,413378,0,454.72,0.0,1792.0,0.0039,0.0
2024-06-27,F01,Premium,9439,413489,0,454.84,0.0,1818.0,0.0036,0.0
2024-06-28,F01,Premium,9803,406379,0,447.02,0.0,1932.0,0.0039,0.0
2024-06-29,F01,Premium,10546,422709,0,464.98,0.0,1712.0,0.0064,0.0
2024-06-30,F01,Premium,11246,471274,0,518.4,0.0,1803.0,0.0032,0.0
2024-07-01,F01,Premium,11901,490069,0,539.08,0.0,1985.0,0.0052,0.0
2024-07-02,F01,Premium,11043,470080,0,517.09,0.0,1989.0,0.0065,0.0
2024-07-03,F01,Premium,11949,496776,0,546.45,0.0,2047.0,0.0051,0.0
2024-07-04,F01,Premium,10661,470252,0,517.28,0.0,1908.0,0.006,0.0
2024-07-05,F01,Premium,11008,495463,0,545.01,0.0,2073.0,0.0045,0.0
2024-07-06,F01,Premium,12537,529317,0,582.25,0.0,1950.0,0.0051,0.0
2024-07-07,F01,Premium,12104,512149,0,563.36,0.0,1990.0,0.0031,0.0
2024-07-08,F01,Premium,11149,480762,0,528.84,0.0,2197.0,0.0058,0.0
2024-07-09,F01,Premium,11627,470222,0,517.24,0.0,2009.0,0.0034,0.0
2024-07-10,F01,Premium,10330,460119,0,506.13,0.0,2036.0,0.0037,0.0
2024-07-11,F01,Premium,11115,471882,0,519.07,0.0,1679.0,0.0041,0.0
2024-07-12,F01,Premium,11133,495443,0,544.99,0.0,1850.0,0.0041,0.0
2024-07-13,F01,Premium,10863,493954,0,543.35,0.0,1841.0,0.0055,0.0
2024-07-14,F01,Premium,12038,532672,0,585.94,0.0,1665.0,0.005,0.0
2024-07-15,F01,Premium,11640,473901,0,521.29,0.0,1820.0,0.0049,0.0
2024-07-16,F01,Premium,11295,441863,0,486.05,0.0,1663.0,0.0036,0.0
2024-07-17,F01,Premium,10709,458306,0,504.14,0.0,1783.0,0.0044,0.0
2024-07-18,F01,Premium,11040,476579,0,524.24,0.0,1818.0,0.0042,0.0
2024-07-19,F01,Premium,12078,476005,0,523.61,0.0,1843.0,0.0053,0.0
2024-07-20,F01,Premium,12398,527351,0,580.09,0.0,1801.0,0.004,0.0
2024-07-21,F01,Premium,11149,501493,0,551.64,0.0,1800.0,0.0032,0.0
2024-07-22,F01,Premium,12114,487425,0,536.17,0.0,1738.0,0.0041,0.0
2024-07-23,F01,Premium,11070,452737,0,498.01,0.0,1831.0,0.0046,0.0
2024-07-24,F01,Premium,11291,474899,0,522.39,0.0,1671.0,0.004,0.0
2024-07-25,F01,Premium,12088,489425,0,538.37,0.0,1690.0,0.0049,0.0
2024-07-26,F01,Premium,10562,470088,0,517.1,0.0,1845.0,0.0034,0.0
2024-07-27,F01,Premium,12975,525417,0,577.96,0.0,1762.0,0.0045,0.0
2024-07-28,F01,Premium,11470,484126,0,532.54,0.0,1664.0,0.0042,0.0
2024-07-29,F01,Premium,11409,481938,0,530.13,0.0,1849.0,0.0029,0.0
2024-07-30,F01,Premium,10628,462515,0,508.77,0.0,1762.0,0.0037,0.0
2024-07-31,F01,Premium,11271,470156,0,517.17,0.0,1954.0,0.0034,0.0
2024-08-01,F01,Premium,13452,545106,0,599.62,0.0,1803.0,0.0029,0.0
2024-08-02,F01,Premium,12826,552931,0,608.22,0.0,1817.0,0.0038,0.0
2024-08-03,F01,Premium,12810,562770,0,619.05,0.0,1793.0,0.0029,0.0
2024-08-04,F01,Premium,13044,566818,0,623.5,0.0,1754.0,0.0051,0.0
2024-08-05,F01,Premium,12508,527850,0,580.64,0.0,1743.0,0.0047,0.0
2024-08-06,F01,Premium,12083,527175,0,579.89,0.0,1882.0,0.0045,0.0
2024-08-07,F01,Premium,12724,552590,0,607.85,0.0,1692.0,0.0042,0.0
2024-08-08,F01,Premium,11878,530051,0,583.06,0.0,1638.0,0.0031,0.0
2024-08-09,F01,Premium,13800,552401,0,607.64,0.0,1907.0,0.0066,0.0
2024-08-10,F01,Premium,14194,584747,0,643.22,0.0,1823.0,0.0055,0.0
2024-08-11,F01,Premium,13788,575888,0,633.48,0.0,1723.0,0.0055,0.0
2024-08-12,F01,Premium,12833,545146,0,599.66,0.0,1745.0,0.0027,0.0
2024-08-13,F01,Premium,12375,528194,0,581.01,0.0,1620.0,0.0037,0.0
2024-08-14,F01,Premium,11912,505798,0,556.38,0.0,1763.0,0.0035,0.0
2024-08-15,F01,Premium,13913,583418,0,641.76,0.0,1825.0,0.0033,0.0
2024-08-16,F01,Premium,14067,577156,0,634.87,0.0,1887.0,0.0052,0.0
2024-08-17,F01,Premium,13137,576141,0,633.75,0.0,1634.0,0.0031,0.0
2024-08-18,F01,Premium,13234,595555,0,655.11,0.0,1932.0,0.0027,0.0
2024-08-19,F01,Premium,10947,526092,0,578.7,0.0,1799.0,0.0047,0.0
2024-08-20,F01,Premium,12577,517441,0,569.19,0.0,1838.0,0.0044,0.0
2024-08-21,F01,Premium,11925,522983,0,575.28,0.0,1831.0,0.0048,0.0
2024-08-22,F01,Premium,14169,545428,0,599.97,0.0,1743.0,0.0025,0.0
2024-08-23,F01,Premium,13347,565319,0,621.85,0.0,1799.0,0.0049,0.0
2024-08-24,F01,Premium,13530,596524,0,656.18,0.0,1710.0,0.0041,0.0
2024-08-25,F01,Premium,13103,562484,0,618.73,0.0,1801.0,0.0031,0.0
2024-08-26,F01,Premium,12787,515179,0,566.7,0.0,1737.0,0.0032,0.0
2024-08-27,F01,Premium,11560,496490,0,546.14,0.0,1768.0,0.0035,0.0
2024-08-28,F01,Premium,13495,535807,0,589.39,0.0,1869.0,0.0032,0.0
2024-08-29,F01,Premium,12398,542162,0,596.38,0.0,1798.0,0.0044,0.0
2024-08-30,F01,Premium,13298,549105,0,604.02,0.0,1992.0,0.0033,0.0
2024-08-31,F01,Premium,12069,543576,0,597.93,0.0,1819.0,0.0037,0.0
2024-09-01,F01,Premium,14376,622161,0,684.38,0.0,1786.0,0.0018,0.0
2024-09-02,F01,Premium,13612,567198,0,623.92,0.0,1884.0,0.0054,0.0
2024-09-03,F01,Premium,13043,562513,0,618.76,0.0,1664.0,0.0042,0.0
2024-09-04,F01,Premium,13709,570509,0,627.56,0.0,1738.0,0.0055,0.0
2024-09-05,F01,Premium,14496,603330,0,663.66,0.0,2081.0,0.0031,0.0
2024-09-06,F01,Premium,13845,596867,0,656.55,0.0,1956.0,0.0073,0.0
2024-09-07,F01,Premium,14887,630763,0,693.84,0.0,1965.0,0.0052,0.0
2024-09-08,F01,Premium,15497,637754,0,701.53,0.0,1816.0,0.0059,0.0
2024-09-09,F01,Premium,13257,613336,0,674.67,0.0,1806.0,0.0041,0.0
2024-09-10,F01,Premium,14835,574952,0,632.45,0.0,1879.0,0.004,0.0
2024-09-11,F01,Premium,13500,560778,0,616.86,0.0,1785.0,0.0047,0.0
2024-09-12,F01,Premium,13956,602046,0,662.25,0.0,1924.0,0.0038,0.0
2024-09-13,F01,Premium,13786,596124,0,655.74,0.0,1802.0,0.0037,0.0
2024-09-14,F01,Premium,15418,632391,0,695.63,0.0,1743.0,0.0036,0.0
2024-09-15,F01,Premium,15323,629931,0,692.92,0.0,1705.0,0.0048,0.0
2024-09-16,F01,Premium,12266,564829,0,621.31,0.0,1695.0,0.0038,0.0
2024-09-17,F01,Premium,13815,594029,0,653.43,0.0,1795.0,0.0048,0.0
2024-09-18,F01,Premium,13011,571648,0,628.81,0.0,1639.0,0.0028,0.0
2024-09-19,F01,Premium,13111,584898,0,643.39,0.0,1705.0,0.0084,0.0
2024-09-20,F01,Premium,14073,619164,0,681.08,0.0,1888.0,0.0036,0.0
2024-09-21,F01,Premium,15299,627131,0,689.84,0.0,1806.0,0.0036,0.0
2024-09-22,F01,Premium,14470,631389,0,694.53,0.0,1836.0,0.0033,0.0
2024-09-23,F01,Premium,12453,564741,0,621.22,0.0,1870.0,0.0044,0.0
2024-09-24,F01,Premium,14088,561806,0,617.99,0.0,1770.0,0.0056,0.0
2024-09-25,F01,Premium,12922,570038,0,627.04,0.0,1781.0,0.0023,0.0
2024-09-26,F01,Premium,12923,569349,0,626.28,0.0,1827.0,0.004,0.0
2024-09-27,F01,Premium,14060,595344,0,654.88,0.0,1849.0,0.0034,0.0
2024-09-28,F01,Premium,15864,635396,0,698.94,0.0,1836.0,0.0036,0.0
2024-09-29,F01,Premium,16207,656840,0,722.52,0.0,1803.0,0.0032,0.0
2024-09-30,F01,Premium,14394,592892,0,652.18,0.0,1768.0,0.0049,0.0
2024-10-01,F01,Premium,13855,600938,0,661.03,0.0,1748.0,0.0048,0.0
2024-10-02,F01,Premium,14296,632100,0,695.31,0.0,1712.0,0.003,0.0
2024-10-03,F01,Premium,14442,621415,0,683.56,0.0,1908.0,0.004,0.0
2024-10-04,F01,Premium,15895,663815,0,730.2,0.0,1734.0,0.0046,0.0
2024-10-05,F01,Premium,18245,719678,0,791.65,0.0,1753.0,0.0038,0.0
2024-10-06,F01,Premium,15088,650936,0,716.03,0.0,1765.0,0.0039,0.0
2024-10-07,F01,Premium,14860,651371,0,716.51,0.0,1939.0,0.0044,0.0
2024-10-08,F01,Premium,13862,620040,0,682.04,0.0,1892.0,0.0035,0.0
2024-10-09,F01,Premium,14709,660023,0,726.03,0.0,1859.0,0.0063,0.0
2024-10-10,F01,Premium,14356,626215,0,688.84,0.0,1759.0,0.0028,0.0
2024-10-11,F01,Premium,15215,661889,0,728.08,0.0,1771.0,0.0031,0.0
2024-10-12,F01,Premium,16151,712638,0,783.9,0.0,1675.0,0.0025,0.0
2024-10-13,F01,Premium,14786,668617,0,735.48,0.0,1789.0,0.0037,0.0
2024-10-14,F01,Premium,14467,618308,0,680.14,0.0,1841.0,0.005,0.0
2024-10-15,F01,Premium,14371,615920,0,677.51,0.0,1668.0,0.005,0.0
2024-10-16,F01,Premium,15460,642178,0,706.4,0.0,1855.0,0.0033,0.0
2024-10-17,F01,Premium,15878,657548,0,723.3,0.0,1782.0,0.004,0.0
2024-10-18,F01,Premium,15709,704208,0,774.63,0.0,1896.0,0.0029,0.0
2024-10-19,F01,Premium,17501,699223,0,769.14,0.0,1766.0,0.0047,0.0
2024-10-20,F01,Premium,14532,634972,0,698.47,0.0,1785.0,0.0044,0.0
2024-10-21,F01,Premium,14516,654817,0,720.3,0.0,1823.0,0.0018,0.0
2024-10-22,F01,Premium,15190,641335,0,705.47,0.0,1676.0,0.0033,0.0
2024-10-23,F01,Premium,13523,610784,0,671.86,0.0,1762.0,0.0038,0.0
2024-10-24,F01,Premium,15085,635444,0,698.99,0.0,1724.0,0.0032,0.0
2024-10-25,F01,Premium,16085,685902,0,754.49,0.0,1680.0,0.0051,0.0
2024-10-26,F01,Premium,16012,672044,0,739.25,0.0,1795.0,0.0049,0.0
2024-10-27,F01,Premium,15074,675191,0,742.71,0.0,2222.0,0.0027,0.0
2024-10-28,F01,Premium,13631,619207,0,681.13,0.0,2025.0,0.0034,0.0
2024-10-29,F01,Premium,15681,637066,0,700.77,0.0,2185.0,0.0026,0.0
2024-10-30,F01,Premium,15261,643451,0,707.8,0.0,2117.0,0.0033,0.0
2024-10-31,F01,Premium,15188,638323,0,702.15,0.0,1991.0,0.0036,0.0
2024-11-01,F01,Premium,16768,758961,0,834.86,0.0,1921.0,0.0042,0.0
2024-11-02,F01,Premium,18956,799165,0,879.08,0.0,1932.0,0.0046,0.0
2024-11-03,F01,Premium,19283,801963,0,882.16,0.0,1778.0,0.0046,0.0
2024-11-04,F01,Premium,16704,699765,0,769.74,0.0,1868.0,0.0025,0.0
2024-11-05,F01,Premium,18341,718908,0,790.8,0.0,1843.0,0.0047,0.0
2024-11-06,F01,Premium,15983,732487,0,805.74,0.0,1594.0,0.0035,0.0
2024-11-07,F01,Premium,16471,726416,0,799.06,0.0,1859.0,0.0037,0.0
2024-11-08,F01,Premium,17808,792472,0,871.72,0.0,1871.0,0.0051,0.0
2024-11-09,F01,Premium,17493,766795,0,843.47,0.0,1763.0,0.0051,0.0
2024-11-10,F01,Premium,18459,807086,0,887.8,0.0,1807.0,0.0043,0.0
2024-11-11,F01,Premium,16708,711717,0,782.89,0.0,1564.0,0.005,0.0
2024-11-12,F01,Premium,14994,667058,0,733.76,0.0,1767.0,0.0042,0.0
2024-11-13,F01,Premium,16737,729345,0,802.28,0.0,1886.0,0.0028,0.0
2024-11-14,F01,Premium,16592,700013,0,770.01,0.0,1767.0,0.004,0.0
2024-11-15,F01,Premium,17141,716361,0,788.0,0.0,1935.0,0.0053,0.0
2024-11-16,F01,Premium,18129,739965,0,813.96,0.0,1732.0,0.0048,0.0
2024-11-17,F01,Premium,18263,724263,0,796.69,0.0,1783.0,0.0037,0.0
2024-11-18,F01,Premium,16527,715152,0,786.67,0.0,1792.0,0.0045,0.0
2024-11-19,F01,Premium,15667,694523,0,763.98,0.0,1957.0,0.0048,0.0
2024-11-20,F01,Premium,17012,735208,0,808.73,0.0,1749.0,0.0063,0.0
2024-11-21,F01,Premium,16602,743008,0,817.31,0.0,1740.0,0.0039,0.0
2024-11-22,F01,Premium,17590,765499,0,842.05,0.0,2087.0,0.0038,0.0
2024-11-23,F01,Premium,18769,828702,0,911.57,0.0,2027.0,0.003,0.0
2024-11-24,F01,Premium,17001,780563,0,858.62,0.0,1995.0,0.0046,0.0
2024-11-25,F01,Premium,15474,694717,0,764.19,0.0,2203.0,0.0043,0.0
2024-11-26,F01,Premium,15814,713808,0,785.19,0.0,2100.0,0.0038,0.0
2024-11-27,F01,Premium,16300,712692,0,783.96,0.0,2203.0,0.0053,0.0
2024-11-28,F01,Premium,16499,725884,0,798.47,0.0,2099.0,0.0042,0.0
2024-11-29,F01,Premium,16986,749390,0,824.33,0.0,2048.0,0.0025,0.0
2024-11-30,F01,Premium,18803,770885,0,847.97,0.0,1947.0,0.0045,0.0
2024-12-01,F01,Premium,19676,821510,0,903.66,0.0,2098.0,0.0032,0.0
2024-12-02,F01,Premium,17421,772969,0,850.27,0.0,2028.0,0.003,0.0
2024-12-03,F01,Premium,17995,757666,0,833.43,0.0,1710.0,0.0031,0.0
2024-12-04,F01,Premium,16861,772440,0,849.68,0.0,1904.0,0.0037,0.0
2024-12-05,F01,Premium,18650,822228,0,904.45,0.0,1746.0,0.0038,0.0
2024-12-06,F01,Premium,19223,864867,0,951.35,0.0,1851.0,0.0038,0.0
2024-12-07,F01,Premium,20325,876613,0,964.27,0.0,1779.0,0.0039,0.0
2024-12-08,F01,Premium,19028,859426,0,945.37,0.0,1867.0,0.0036,0.0
2024-12-09,F01,Premium,18590,787324,0,866.06,0.0,1759.0,0.0031,0.0
2024-12-10,F01,Premium,17310,757314,0,833.05,0.0,1684.0,0.003,0.0
2024-12-11,F01,Premium,17510,769816,0,846.8,0.0,2005.0,0.0049,0.0
2024-12-12,F01,Premium,16751,777380,0,855.12,0.0,2049.0,0.0033,0.0
2024-12-13,F01,Premium,20036,829313,0,912.24,0.0,1593.0,0.0056,0.0
2024-12-14,F01,Premium,20560,855199,0,940.72,0.0,1762.0,0.0027,0.0
2024-12-15,F01,Premium,18629,860893,0,946.98,0.0,1798.0,0.0027,0.0
2024-12-16,F01,Premium,18872,775260,0,852.79,0.0,1667.0,0.0048,0.0
2024-12-17,F01,Premium,16801,761874,0,838.06,0.0,1871.0,0.0038,0.0
2024-12-18,F01,Premium,19969,840374,0,924.41,0.0,1854.0,0.0054,0.0
2024-12-19,F01,Premium,19109,764481,0,840.93,0.0,1768.0,0.0031,0.0
2024-12-20,F01,Premium,18830,822409,0,904.65,0.0,1927.0,0.0042,0.0
2024-12-21,F01,Premium,20585,902257,0,992.48,0.0,1748.0,0.0044,0.0
2024-12-22,F01,Premium,19483,873715,0,961.09,0.0,1874.0,0.0046,0.0
2024-12-23,F01,Premium,17215,780306,0,858.34,0.0,1761.0,0.0035,0.0
2024-12-24,F01,Premium,16521,768953,0,845.85,0.0,1781.0,0.0036,0.0
2024-12-25,F01,Premium,17900,758362,0,834.2,0.0,1746.0,0.0037,0.0
2024-12-26,F01,Premium,17865,824077,0,906.48,0.0,1958.0,0.0035,0.0
2024-12-27,F01,Premium,18552,808566,0,889.42,0.0,2056.0,0.0056,0.0
2024-12-28,F01,Premium,18084,831629,0,914.79,0.0,2087.0,0.0035,0.0
2024-12-29,F01,Premium,22326,890991,0,980.09,0.0,2134.0,0.0038,0.0
2024-12-30,F01,Premium,16865,768523,0,845.37,0.0,2115.0,0.0051,0.0
2024-12-31,F01,Premium,16883,753500,0,828.85,0.0,1993.0,0.0035,0.0
2025-01-01,F01,Premium,19041,811310,0,892.44,0.0,1987.0,0.0069,0.0
2025-01-02,F01,Premium,19654,845212,0,929.73,0.0,2149.0,0.004,0.0
2025-01-03,F01,Premium,20508,902046,0,992.25,0.0,2043.0,0.0057,0.0
2025-01-04,F01,Premium,20640,934144,0,1027.56,0.0,1958.0,0.0038,0.0
2025-01-05,F01,Premium,20292,889986,0,978.98,0.0,2000.0,0.0043,0.0
2025-01-06,F01,Premium,19202,797360,0,877.1,0.0,2012.0,0.005,0.0
2025-01-07,F01,Premium,19311,834319,0,917.75,0.0,1882.0,0.0019,0.0
2025-01-08,F01,Premium,19502,814154,0,895.57,0.0,1994.0,0.0025,0.0
2025-01-09,F01,Premium,20017,877202,0,964.92,0.0,1735.0,0.0055,0.0
2025-01-10,F01,Premium,18678,882147,0,970.36,0.0,1885.0,0.003,0.0
2025-01-11,F01,Premium,19544,927104,0,1019.81,0.0,1856.0,0.0035,0.0
2025-01-12,F01,Premium,20992,929242,0,1022.17,0.0,1805.0,0.0053,0.0
2025-01-13,F01,Premium,19666,833201,0,916.52,0.0,1831.0,0.0065,0.0
2025-01-14,F01,Premium,19245,818302,0,900.13,0.0,1967.0,0.0044,0.0
2025-01-15,F01,Premium,19794,857139,0,942.85,0.0,1655.0,0.0052,0.0
2025-01-16,F01,Premium,18955,837027,0,920.73,0.0,1918.0,0.0037,0.0
2025-01-17,F01,Premium,20754,917378,0,1009.12,0.0,1838.0,0.0036,0.0
2025-01-18,F01,Premium,22614,906233,0,996.86,0.0,1728.0,0.0047,0.0
2025-01-19,F01,Premium,22065,875207,0,962.73,0.0,1963.0,0.0074,0.0
2025-01-20,F01,Premium,19395,834765,0,918.24,0.0,1896.0,0.0025,0.0
2025-01-21,F01,Premium,18261,828556,0,911.41,0.0,2107.0,0.0029,0.0
2025-01-22,F01,Premium,17115,804113,0,884.52,0.0,1784.0,0.0048,0.0
2025-01-23,F01,Premium,19907,863044,0,949.35,0.0,1860.0,0.006,0.0
2025-01-24,F01,Premium,19674,886386,0,975.02,0.0,1851.0,0.0062,0.0
2025-01-25,F01,Premium,20485,932863,0,1026.15,0.0,1831.0,0.0031,0.0
2025-01-26,F01,Premium,20158,911302,0,1002.43,0.0,1767.0,0.0035,0.0
2025-01-27,F01,Premium,18531,839246,0,923.17,0.0,1732.0,0.0041,0.0
2025-01-28,F01,Premium,19928,826589,0,909.25,0.0,1811.0,0.0037,0.0
2025-01-29,F01,Premium,19307,865270,0,951.8,0.0,1930.0,0.0047,0.0
2025-01-30,F01,Premium,21403,860637,0,946.7,0.0,1931.0,0.0032,0.0
2025-01-31,F01,Premium,20701,864365,0,950.8,0.0,1698.0,0.0032,0.0
2025-02-01,F01,Premium,22176,991864,0,1091.05,0.0,1924.0,0.003,0.0
2025-02-02,F01,Premium,21198,960265,0,1056.29,0.0,1855.0,0.0052,0.0
2025-02-03,F01,Premium,21430,897081,0,986.79,0.0,1752.0,0.0046,0.0
2025-02-04,F01,Premium,20318,876653,0,964.32,0.0,1990.0,0.0033,0.0
2025-02-05,F01,Premium,21442,903451,0,993.8,0.0,1860.0,0.0067,0.0
2025-02-06,F01,Premium,21172,916550,0,1008.2,0.0,1928.0,0.0041,0.0
2025-02-07,F01,Premium,23540,948653,0,1043.52,0.0,2076.0,0.0062,0.0
2025-02-08,F01,Premium,20481,937767,0,1031.54,0.0,2128.0,0.0037,0.0
2025-02-09,F01,Premium,20795,925240,0,1017.76,0.0,2000.0,0.005,0.0
2025-02-10,F01,Premium,19672,883345,0,971.68,0.0,2129.0,0.0021,0.0
2025-02-11,F01,Premium,19942,882426,0,970.67,0.0,2013.0,0.0059,0.0
2025-02-12,F01,Premium,20925,921716,0,1013.89,0.0,2074.0,0.0089,0.0
2025-02-13,F01,Premium,20614,921673,0,1013.84,0.0,2169.0,0.0027,0.0
2025-02-14,F01,Premium,20284,929131,0,1022.04,0.0,2118.0,0.0038,0.0
2025-02-15,F01,Premium,23398,960212,0,1056.23,0.0,2181.0,0.004,0.0
2025-02-16,F01,Premium,19907,937715,0,1031.49,0.0,1855.0,0.0051,0.0
2025-02-17,F01,Premium,20533,918049,0,1009.85,0.0,1738.0,0.0043,0.0
2025-02-18,F01,Premium,22599,915246,0,1006.77,0.0,1853.0,0.0032,0.0
2025-02-19,F01,Premium,19837,877357,0,965.09,0.0,1817.0,0.0036,0.0
2025-02-20,F01,Premium,21476,941483,0,1035.63,0.0,2098.0,0.0031,0.0
2025-02-21,F01,Premium,21855,952435,0,1047.68,0.0,1729.0,0.0051,0.0
2025-02-22,F01,Premium,22800,988276,0,1087.1,0.0,1721.0,0.004,0.0
2025-02-23,F01,Premium,22002,994687,0,1094.16,0.0,1691.0,0.0041,0.0
2025-02-24,F01,Premium,21447,879585,0,967.54,0.0,1906.0,0.0031,0.0
2025-02-25,F01,Premium,18618,836083,0,919.69,0.0,1819.0,0.0057,0.0
2025-02-26,F01,Premium,19414,901968,0,992.16,0.0,1854.0,0.0035,0.0
2025-02-27,F01,Premium,21239,923537,0,1015.89,0.0,1903.0,0.0031,0.0
2025-02-28,F01,Premium,20821,915372,0,1006.91,0.0,1870.0,0.0044,0.0
2025-03-01,F01,Premium,24135,1068625,0,1175.49,0.0,1978.0,0.0043,0.0
2025-03-02,F01,Premium,23510,1050504,0,1155.55,0.0,1767.0,0.0044,0.0
2025-03-03,F01,Premium,23152,975593,0,1073.15,0.0,1752.0,0.0053,0.0
2025-03-04,F01,Premium,19455,938518,0,1032.37,0.0,1818.0,0.0032,0.0
2025-03-05,F01,Premium,21795,964576,0,1061.03,0.0,2129.0,0.0047,0.0
2025-03-06,F01,Premium,21732,965590,0,1062.15,0.0,1800.0,0.0027,0.0
2025-03-07,F01,Premium,23152,987732,0,1086.5,0.0,1743.0,0.0058,0.0
2025-03-08,F01,Premium,25327,1090742,0,1199.82,0.0,1769.0,0.0044,0.0
2025-03-09,F01,Premium,23575,1011104,0,1112.21,0.0,1723.0,0.0052,0.0
2025-03-10,F01,Premium,23559,976255,0,1073.88,0.0,1732.0,0.0031,0.0
2025-03-11,F01,Premium,21149,939936,0,1033.93,0.0,1939.0,0.004,0.0
2025-03-12,F01,Premium,20903,897042,0,986.75,0.0,1725.0,0.0039,0.0
2025-03-13,F01,Premium,21241,955147,0,1050.66,0.0,1808.0,0.0031,0.0
2025-03-14,F01,Premium,24051,1036434,0,1140.08,0.0,1629.0,0.0053,0.0
2025-03-15,F01,Premium,25962,1094654,0,1204.12,0.0,1885.0,0.0048,0.0
2025-03-16,F01,Premium,23649,1031993,0,1135.19,0.0,1930.0,0.0038,0.0
2025-03-17,F01,Premium,20258,943201,0,1037.52,0.0,1754.0,0.004,0.0
2025-03-18,F01,Premium,20642,899100,0,989.01,0.0,1800.0,0.0039,0.0
2025-03-19,F01,Premium,23196,978388,0,1076.23,0.0,1887.0,0.0044,0.0
2025-03-20,F01,Premium,21845,973926,0,1071.32,0.0,1889.0,0.003,0.0
2025-03-21,F01,Premium,24000,1004567,0,1105.02,0.0,1934.0,0.0077,0.0
2025-03-22,F01,Premium,22502,1000074,0,1100.08,0.0,1695.0,0.0042,0.0
2025-03-23,F01,Premium,23636,1012165,0,1113.38,0.0,1811.0,0.0028,0.0
2025-03-24,F01,Premium,22180,1001969,0,1102.17,0.0,1722.0,0.0036,0.0
2025-03-25,F01,Premium,20461,891883,0,981.07,0.0,2021.0,0.0024,0.0
2025-03-26,F01,Premium,20759,956578,0,1052.24,0.0,1691.0,0.0056,0.0
2025-03-27,F01,Premium,19727,937600,0,1031.36,0.0,1808.0,0.0037,0.0
2025-03-28,F01,Premium,24092,987744,0,1086.52,0.0,1809.0,0.0036,0.0
2025-03-29,F01,Premium,24732,1057842,0,1163.63,0.0,1812.0,0.004,0.0
2025-03-30,F01,Premium,24730,1065488,0,1172.04,0.0,1719.0,0.0027,0.0
2025-03-31,F01,Premium,22240,975185,0,1072.7,0.0,1786.0,0.0031,0.0
2025-04-01,F01,Premium,22908,1053527,0,1158.88,0.0,1684.0,0.0047,0.0
2025-04-02,F01,Premium,22188,990682,0,1089.75,0.0,1788.0,0.0029,0.0
2025-04-03,F01,Premium,23613,1005051,0,1105.56,0.0,1685.0,0.0033,0.0
2025-04-04,F01,Premium,23417,1071613,0,1178.77,0.0,1821.0,0.0031,0.0
2025-04-05,F01,Premium,25946,1177969,0,1295.77,0.0,1661.0,0.0027,0.0
2025-04-06,F01,Premium,25850,1120175,0,1232.19,0.0,1768.0,0.0023,0.0
2025-04-07,F01,Premium,22464,1001601,0,1101.76,0.0,1818.0,0.0052,0.0
2025-04-08,F01,Premium,23756,1009805,0,1110.79,0.0,1812.0,0.0055,0.0
2025-04-09,F01,Premium,22030,996644,0,1096.31,0.0,1770.0,0.0031,0.0
2025-04-10,F01,Premium,23093,1070796,0,1177.88,0.0,1894.0,0.0035,0.0
2025-04-11,F01,Premium,24607,1076635,0,1184.3,0.0,1697.0,0.0046,0.0
2025-04-12,F01,Premium,24937,1124719,0,1237.19,0.0,1869.0,0.0045,0.0
2025-04-13,F01,Premium,25408,1087349,0,1196.08,0.0,1767.0,0.0035,0.0
2025-04-14,F01,Premium,23035,1069884,0,1176.87,0.0,1860.0,0.0049,0.0
2025-04-15,F01,Premium,22814,1005594,0,1106.15,0.0,1800.0,0.0051,0.0
2025-04-16,F01,Premium,24441,1044758,0,1149.23,0.0,1895.0,0.0035,0.0
2025-04-17,F01,Premium,20552,976440,0,1074.08,0.0,1763.0,0.0032,0.0
2025-04-18,F01,Premium,25245,1102700,0,1212.97,0.0,2103.0,0.0045,0.0
2025-04-19,F01,Premium,25202,1134491,0,1247.94,0.0,2043.0,0.0036,0.0
2025-04-20,F01,Premium,25441,1134507,0,1247.96,0.0,2080.0,0.0038,0.0
2025-04-21,F01,Premium,24963,1079525,0,1187.48,0.0,2012.0,0.005,0.0
2025-04-22,F01,Premium,22463,1029632,0,1132.6,0.0,2116.0,0.0039,0.0
2025-04-23,F01,Premium,20779,940825,0,1034.91,0.0,2119.0,0.0041,0.0
2025-04-24,F01,Premium,24905,1080995,0,1189.09,0.0,1914.0,0.0032,0.0
2025-04-25,F01,Premium,23727,1033563,0,1136.92,0.0,2097.0,0.0044,0.0
2025-04-26,F01,Premium,24168,1076149,0,1183.76,0.0,2070.0,0.0062,0.0
2025-04-27,F01,Premium,25152,1126840,0,1239.52,0.0,2258.0,0.0025,0.0
2025-04-28,F01,Premium,23210,1009589,0,1110.55,0.0,1771.0,0.0041,0.0
2025-04-29,F01,Premium,23990,1008195,0,1109.01,0.0,1604.0,0.0049,0.0
2025-04-30,F01,Premium,21999,983470,0,1081.82,0.0,1779.0,0.0036,0.0
2025-05-01,F01,Premium,26034,1134067,0,1247.47,0.0,1830.0,0.0037,0.0
2025-05-02,F01,Premium,25482,1139892,0,1253.88,0.0,1782.0,0.0045,0.0
2025-05-03,F01,Premium,27771,1162025,0,1278.23,0.0,1920.0,0.0038,0.0
2025-05-04,F01,Premium,27698,1184279,0,1302.71,0.0,1819.0,0.004,0.0
2025-05-05,F01,Premium,24695,1079748,0,1187.72,0.0,1731.0,0.0028,0.0
2025-05-06,F01,Premium,24143,1063737,0,1170.11,0.0,1910.0,0.0053,0.0
2025-05-07,F01,Premium,23647,1074295,0,1181.72,0.0,2033.0,0.0063,0.0
2025-05-08,F01,Premium,24157,1056467,0,1162.11,0.0,1815.0,0.0045,0.0
2025-05-09,F01,Premium,26511,1156836,0,1272.52,0.0,1828.0,0.0029,0.0
2025-05-10,F01,Premium,25384,1176031,0,1293.63,0.0,1843.0,0.0031,0.0
2025-05-11,F01,Premium,26344,1233867,0,1357.25,0.0,1899.0,0.0045,0.0
2025-05-12,F01,Premium,26182,1107596,0,1218.36,0.0,1714.0,0.0052,0.0
2025-05-13,F01,Premium,25672,1137299,0,1251.03,0.0,1910.0,0.0057,0.0
2025-05-14,F01,Premium,25840,1062317,0,1168.55,0.0,1790.0,0.0044,0.0
2025-05-15,F01,Premium,24033,1082263,0,1190.49,0.0,1709.0,0.0072,0.0
2025-05-16,F01,Premium,25489,1167600,0,1284.36,0.0,1862.0,0.0042,0.0
2025-05-17,F01,Premium,26171,1110377,0,1221.41,0.0,1762.0,0.0039,0.0
2025-05-18,F01,Premium,24249,1101784,0,1211.96,0.0,1736.0,0.0043,0.0
2025-05-19,F01,Premium,23641,1058581,0,1164.44,0.0,1841.0,0.0037,0.0
2025-05-20,F01,Premium,25610,1093000,0,1202.3,0.0,1684.0,0.0046,0.0
2025-05-21,F01,Premium,23400,1093506,0,1202.86,0.0,1792.0,0.0053,0.0
2025-05-22,F01,Premium,24807,1117310,0,1229.04,0.0,1836.0,0.0042,0.0
2025-05-23,F01,Premium,24359,1139389,0,1253.33,0.0,1722.0,0.0026,0.0
2025-05-24,F01,Premium,27005,1218434,0,1340.28,0.0,1852.0,0.004,0.0
2025-05-25,F01,Premium,27414,1209412,0,1330.35,0.0,1776.0,0.0049,0.0
2025-05-26,F01,Premium,27131,1157314,0,1273.05,0.0,1853.0,0.0034,0.0
2025-05-27,F01,Premium,24674,1138668,0,1252.53,0.0,1829.0,0.0033,0.0
2025-05-28,F01,Premium,24473,1081055,0,1189.16,0.0,1866.0,0.0073,0.0
2025-05-29,F01,Premium,23614,1050751,0,1155.83,0.0,1901.0,0.0039,0.0
2025-05-30,F01,Premium,27475,1218310,0,1340.14,0.0,1876.0,0.005,0.0
2025-05-31,F01,Premium,27250,1201358,0,1321.49,0.0,1838.0,0.0056,0.0
2025-06-01,F01,Premium,27229,1280382,0,1408.42,0.0,1695.0,0.0031,0.0
2025-06-02,F01,Premium,26725,1196624,0,1100.89,0.0,1801.0,0.0056,0.0
2025-06-03,F01,Premium,26613,1229438,0,1131.08,0.0,1793.0,0.004,0.0
2025-06-04,F01,Premium,25565,1193779,0,1098.28,0.0,1785.0,0.0057,0.0
2025-06-05,F01,Premium,26525,1195789,0,1100.13,0.0,1751.0,0.0027,0.0
2025-06-06,F01,Premium,27082,1263665,0,1162.57,0.0,1819.0,0.0041,0.0
2025-06-07,F01,Premium,27087,1304165,0,1199.83,0.0,1636.0,0.0041,0.0
2025-06-08,F01,Premium,28488,1302957,0,1198.72,0.0,1997.0,0.0027,0.0
2025-06-09,F01,Premium,28481,1218219,0,1120.76,0.0,1783.0,0.0038,0.0
2025-06-10,F01,Premium,29640,1196335,0,1100.63,0.0,1631.0,0.0039,0.0
2025-06-11,F01,Premium,25780,1159881,0,1067.09,0.0,1869.0,0.0047,0.0
2025-06-12,F01,Premium,24810,1166216,0,1072.92,0.0,1631.0,0.0024,0.0
2025-06-13,F01,Premium,28653,1210251,0,1113.43,0.0,1703.0,0.0062,0.0
2025-06-14,F01,Premium,28744,1283331,0,1180.66,0.0,1741.0,0.0072,0.0
2025-06-15,F01,Premium,27343,1250829,0,1150.76,0.0,1826.0,0.0056,0.0
2025-06-16,F01,Premium,25698,1152975,0,1060.74,0.0,1702.0,0.004,0.0
2025-06-17,F01,Premium,27033,1185145,0,1090.33,0.0,1640.0,0.004,0.0
2025-06-18,F01,Premium,25943,1182661,0,1088.05,0.0,1672.0,0.0042,0.0
2025-06-19,F01,Premium,25659,1177370,0,1083.18,0.0,1806.0,0.0035,0.0
2025-06-20,F01,Premium,28106,1213912,0,1116.8,0.0,1691.0,0.0038,0.0
2025-06-21,F01,Premium,25537,1219282,0,1121.74,0.0,1855.0,0.0041,0.0
2025-06-22,F01,Premium,31146,1259787,0,1159.0,0.0,1701.0,0.0057,0.0
2025-06-23,F01,Premium,27118,1182535,0,1087.93,0.0,1584.0,0.0039,0.0
2025-06-24,F01,Premium,22773,1122847,0,1033.02,0.0,1837.0,0.0042,0.0
2025-06-25,F01,Premium,26272,1131951,0,1041.39,0.0,1711.0,0.0039,0.0
2025-06-26,F01,Premium,26473,1143617,0,1052.13,0.0,1893.0,0.0044,0.0
2025-06-27,F01,Premium,29695,1262310,0,1161.33,0.0,1880.0,0.0061,0.0
2025-06-28,F01,Premium,30587,1323476,0,1217.6,0.0,1789.0,0.0038,0.0
2025-06-29,F01,Premium,30102,1294630,0,1191.06,0.0,1725.0,0.0053,0.0
2025-06-30,F01,Premium,25193,1190994,0,1095.71,0.0,1562.0,0.0027,0.0
2025-07-01,F01,Premium,28804,1336156,0,1229.26,0.0,1886.0,0.0049,0.0
2025-07-02,F01,Premium,28506,1341303,0,1234.0,0.0,2030.0,0.0031,0.0
2025-07-03,F01,Premium,29275,1322308,0,1216.52,0.0,1775.0,0.0046,0.0
2025-07-04,F01,Premium,30648,1347124,0,1239.35,0.0,1910.0,0.0018,0.0
2025-07-05,F01,Premium,33185,1476862,0,1358.71,0.0,1961.0,0.003,0.0
2025-07-06,F01,Premium,29632,1344435,0,1236.88,0.0,1880.0,0.0038,0.0
2025-07-07,F01,Premium,28508,1222622,0,1124.81,0.0,2054.0,0.0033,0.0
2025-07-08,F01,Premium,26644,1218433,0,1120.96,0.0,1929.0,0.0052,0.0
2025-07-09,F01,Premium,31157,1253057,0,1152.81,0.0,1995.0,0.0048,0.0
2025-07-10,F01,Premium,29746,1285126,0,1182.32,0.0,1867.0,0.0035,0.0
2025-07-11,F01,Premium,27715,1309904,0,1205.11,0.0,1838.0,0.0043,0.0
2025-07-12,F01,Premium,29992,1376613,0,1266.48,0.0,1737.0,0.0036,0.0
2025-07-13,F01,Premium,29574,1319199,0,1213.66,0.0,1753.0,0.0039,0.0
2025-07-14,F01,Premium,27211,1331363,0,1224.85,0.0,1664.0,0.0047,0.0
2025-07-15,F01,Premium,32140,1416003,0,1302.72,0.0,1839.0,0.0039,0.0
2025-07-16,F01,Premium,31966,1443624,0,1328.13,0.0,1657.0,0.0036,0.0
2025-07-17,F01,Premium,31526,1419938,0,1306.34,0.0,1919.0,0.0033,0.0
2025-07-18,F01,Premium,32417,1485608,0,1366.76,0.0,1816.0,0.0024,0.0
2025-07-19,F01,Premium,33327,1529778,0,1407.4,0.0,1725.0,0.0038,0.0
2025-07-20,F01,Premium,33717,1516353,0,1395.05,0.0,1652.0,0.0029,0.0
2025-07-21,F01,Premium,30102,1402075,0,1289.91,0.0,1806.0,0.0074,0.0
2025-07-22,F01,Premium,29586,1361739,0,1252.8,0.0,1544.0,0.0025,0.0
2025-07-23,F01,Premium,30074,1340866,0,1233.6,0.0,1762.0,0.003,0.0
2025-07-24,F01,Premium,31172,1383656,0,1272.96,0.0,1892.0,0.0029,0.0
2025-07-25,F01,Premium,33162,1445313,0,1329.69,0.0,1714.0,0.0043,0.0
2025-07-26,F01,Premium,33246,1470285,0,1352.66,0.0,1716.0,0.0046,0.0
2025-07-27,F01,Premium,33587,1424770,0,1310.79,0.0,1683.0,0.005,0.0
2025-07-28,F01,Premium,29177,1347619,0,1239.81,0.0,1584.0,0.0054,0.0
2025-07-29,F01,Premium,29814,1318855,0,1213.35,0.0,1609.0,0.0039,0.0
2025-07-30,F01,Premium,31713,1364227,0,1255.09,0.0,1814.0,0.0036,0.0
2025-07-31,F01,Premium,30437,1355862,0,1247.39,0.0,1659.0,0.006,0.0
2025-08-01,F01,Premium,33094,1519021,0,1397.5,0.0,1766.0,0.003,0.0
2025-08-02,F01,Premium,35128,1602293,0,1474.11,0.0,1734.0,0.0047,0.0
2025-08-03,F01,Premium,36371,1597991,0,1470.15,0.0,1663.0,0.0045,0.0
2025-08-04,F01,Premium,34805,1527486,0,1405.29,0.0,1831.0,0.0045,0.0
2025-08-05,F01,Premium,33271,1519334,0,1397.79,0.0,1726.0,0.0037,0.0
2025-08-06,F01,Premium,35055,1607117,0,1478.55,0.0,1602.0,0.0044,0.0
2025-08-07,F01,Premium,29800,1488732,0,1369.63,0.0,1681.0,0.0044,0.0
2025-08-08,F01,Premium,35961,1589826,0,1462.64,0.0,1734.0,0.0031,0.0
2025-08-09,F01,Premium,36920,1653034,0,1520.79,0.0,1635.0,0.004,0.0
2025-08-10,F01,Premium,37149,1682881,0,1548.25,0.0,1625.0,0.0034,0.0
2025-08-11,F01,Premium,34100,1586021,0,1459.14,0.0,1738.0,0.0041,0.0
2025-08-12,F01,Premium,34486,1523091,0,1401.24,0.0,1702.0,0.0026,0.0
2025-08-13,F01,Premium,31156,1505634,0,1385.18,0.0,1638.0,0.0059,0.0
2025-08-14,F01,Premium,32965,1550154,0,1426.14,0.0,1502.0,0.0035,0.0
2025-08-15,F01,Premium,34759,1539410,0,1416.26,0.0,1689.0,0.0044,0.0
2025-08-16,F01,Premium,38086,1654860,0,1522.47,0.0,1600.0,0.0048,0.0
2025-08-17,F01,Premium,35477,1643425,0,1511.95,0.0,1565.0,0.0026,0.0
2025-08-18,F01,Premium,33515,1529179,0,1406.84,0.0,1792.0,0.0046,0.0
2025-08-19,F01,Premium,33405,1532376,0,1409.79,0.0,1814.0,0.0026,0.0
2025-08-20,F01,Premium,34660,1535243,0,1412.42,0.0,1509.0,0.0058,0.0
2025-08-21,F01,Premium,33629,1611355,0,1482.45,0.0,1644.0,0.0051,0.0
2025-08-22,F01,Premium,34299,1559576,0,1434.81,0.0,1695.0,0.003,0.0
2025-08-23,F01,Premium,38246,1700251,0,1564.23,0.0,1970.0,0.0047,0.0
2025-08-24,F01,Premium,38320,1685347,0,1550.52,0.0,2019.0,0.004,0.0
2025-08-25,F01,Premium,33374,1444806,0,1329.22,0.0,2079.0,0.0049,0.0
2025-08-26,F01,Premium,35626,1555743,0,1431.28,0.0,1797.0,0.0034,0.0
2025-08-27,F01,Premium,34766,1498110,0,1378.26,0.0,1902.0,0.0051,0.0
2025-08-28,F01,Premium,32164,1514865,0,1393.68,0.0,1769.0,0.0031,0.0
2025-08-29,F01,Premium,34760,1596088,0,1468.4,0.0,1925.0,0.0042,0.0
2025-08-30,F01,Premium,39223,1692467,0,1557.07,0.0,1862.0,0.0053,0.0
2025-08-31,F01,Premium,40171,1678855,0,1544.55,0.0,1866.0,0.0037,0.0
2025-09-01,F01,Premium,34649,1683605,0,1548.92,0.0,1805.0,0.0045,0.0
2025-09-02,F01,Premium,34890,1642049,0,1510.69,0.0,2050.0,0.0037,0.0
2025-09-03,F01,Premium,33890,1602981,0,1474.74,0.0,1847.0,0.0055,0.0
2025-09-04,F01,Premium,33741,1550750,0,1426.69,0.0,1845.0,0.0044,0.0
2025-09-05,F01,Premium,39436,1647740,0,1515.92,0.0,1818.0,0.0033,0.0
2025-09-06,F01,Premium,40689,1755052,0,1614.65,0.0,1816.0,0.0034,0.0
2025-09-07,F01,Premium,39058,1792956,0,1649.52,0.0,1797.0,0.005,0.0
2025-09-08,F01,Premium,37834,1730568,0,1592.12,0.0,1642.0,0.0059,0.0
2025-09-09,F01,Premium,36317,1567275,0,1441.89,0.0,1691.0,0.0031,0.0
2025-09-10,F01,Premium,34259,1535794,0,1412.93,0.0,1661.0,0.0047,0.0
2025-09-11,F01,Premium,37262,1618097,0,1488.65,0.0,1578.0,0.0035,0.0
2025-09-12,F01,Premium,35668,1748416,0,1608.54,0.0,1558.0,0.0043,0.0
2025-09-13,F01,Premium,39212,1744292,0,1604.75,0.0,1533.0,0.006,0.0
2025-09-14,F01,Premium,35547,1663640,0,1530.55,0.0,1666.0,0.0027,0.0
2025-09-15,F01,Premium,35294,1689163,0,1554.03,0.0,1509.0,0.0058,0.0
2025-09-16,F01,Premium,37670,1661048,0,1528.16,0.0,1649.0,0.0034,0.0
2025-09-17,F01,Premium,35904,1635376,0,1504.55,0.0,1734.0,0.0025,0.0
2025-09-18,F01,Premium,36938,1732464,0,1593.87,0.0,1743.0,0.0049,0.0
2025-09-19,F01,Premium,38737,1753373,0,1613.1,0.0,1595.0,0.0033,0.0
2025-09-20,F01,Premium,38324,1780658,0,1638.21,0.0,1449.0,0.0021,0.0
2025-09-21,F01,Premium,41029,1841159,0,1693.87,0.0,1486.0,0.0045,0.0
2025-09-22,F01,Premium,35312,1642965,0,1511.53,0.0,1643.0,0.0028,0.0
2025-09-23,F01,Premium,32228,1504279,0,1383.94,0.0,1566.0,0.0046,0.0
2025-09-24,F01,Premium,37414,1762048,0,1621.08,0.0,1521.0,0.0045,0.0
2025-09-25,F01,Premium,35740,1647901,0,1516.07,0.0,1615.0,0.0034,0.0
2025-09-26,F01,Premium,39964,1709457,0,1572.7,0.0,1585.0,0.0052,0.0
2025-09-27,F01,Premium,38753,1782764,0,1640.14,0.0,1570.0,0.0046,0.0
2025-09-28,F01,Premium,40523,1804778,0,1660.4,0.0,1511.0,0.0039,0.0
2025-09-29,F01,Premium,35457,1648828,0,1516.92,0.0,1632.0,0.0044,0.0
2025-09-30,F01,Premium,36331,1632833,0,1502.21,0.0,1602.0,0.0037,0.0
2025-10-01,F01,Premium,38440,1760944,0,1620.07,0.0,1774.0,0.002,0.0
2025-10-02,F01,Premium,37313,1778178,0,1635.92,0.0,1653.0,0.0026,0.0
2025-10-03,F01,Premium,38919,1918362,0,1764.89,0.0,1565.0,0.0044,0.0
2025-10-04,F01,Premium,41823,1907264,0,1754.68,0.0,1515.0,0.0039,0.0
2025-10-05,F01,Premium,43244,2028378,0,1866.11,0.0,1554.0,0.0039,0.0
2025-10-06,F01,Premium,35888,1706462,0,1569.95,0.0,1500.0,0.0051,0.0
2025-10-07,F01,Premium,39647,1803338,0,1659.07,0.0,1562.0,0.0041,0.0
2025-10-08,F01,Premium,39071,1824941,0,1678.95,0.0,1590.0,0.0049,0.0
2025-10-09,F01,Premium,42188,1872839,0,1723.01,0.0,1627.0,0.0032,0.0
2025-10-10,F01,Premium,41390,1953202,0,1796.95,0.0,1581.0,0.0043,0.0
2025-10-11,F01,Premium,43630,1964097,0,1806.97,0.0,1559.0,0.0029,0.0
2025-10-12,F01,Premium,43801,1940873,0,1785.6,0.0,1567.0,0.0038,0.0
2025-10-13,F01,Premium,39968,1820118,0,1674.51,0.0,1522.0,0.0038,0.0
2025-10-14,F01,Premium,39193,1714738,0,1577.56,0.0,1633.0,0.0028,0.0
2025-10-15,F01,Premium,38914,1854507,0,1706.15,0.0,1653.0,0.0049,0.0
2025-10-16,F01,Premium,37892,1741405,0,1602.09,0.0,1659.0,0.0027,0.0
2025-10-17,F01,Premium,38290,1773353,0,1631.48,0.0,1635.0,0.0034,0.0
2025-10-18,F01,Premium,44694,2033346,0,1870.68,0.0,1501.0,0.0045,0.0
2025-10-19,F01,Premium,41724,1948000,0,1792.16,0.0,1538.0,0.0027,0.0
2025-10-20,F01,Premium,39760,1795854,0,1652.19,0.0,1499.0,0.0038,0.0
2025-10-21,F01,Premium,40425,1814217,0,1669.08,0.0,1653.0,0.0042,0.0
2025-10-22,F01,Premium,39989,1761652,0,1620.72,0.0,1587.0,0.0049,0.0
2025-10-23,F01,Premium,39673,1779742,0,1637.36,0.0,1611.0,0.0055,0.0
2025-10-24,F01,Premium,43355,1929961,0,1775.56,0.0,1573.0,0.0036,0.0
2025-10-25,F01,Premium,43954,1919836,0,1766.25,0.0,1663.0,0.0026,0.0
2025-10-26,F01,Premium,46273,2023890,0,1861.98,0.0,1597.0,0.0038,0.0
2025-10-27,F01,Premium,40520,1766011,0,1624.73,0.0,1598.0,0.0041,0.0
2025-10-28,F01,Premium,40491,1852486,0,1704.29,0.0,1556.0,0.0061,0.0
2025-10-29,F01,Premium,41609,1786999,0,1644.04,0.0,1788.0,0.0053,0.0
2025-10-30,F01,Premium,40992,1838487,0,1691.41,0.0,1790.0,0.0049,0.0
2025-10-31,F01,Premium,41250,1933970,0,1779.25,0.0,1722.0,0.0057,0.0
2025-11-01,F01,Premium,51570,2255570,0,2075.12,0.0,1604.0,0.0065,0.0
2025-11-02,F01,Premium,49215,2127613,0,1957.4,0.0,1370.0,0.0026,0.0
2025-11-03,F01,Premium,43111,2001311,0,1841.21,0.0,1424.0,0.0021,0.0
2025-11-04,F01,Premium,49420,2078547,0,1912.26,0.0,1618.0,0.004,0.0
2025-11-05,F01,Premium,44062,1995136,0,1835.53,0.0,1644.0,0.0023,0.0
2025-11-06,F01,Premium,46889,2077333,0,1911.15,0.0,1604.0,0.0031,0.0
2025-11-07,F01,Premium,44890,1976222,0,1818.12,0.0,1545.0,0.0037,0.0
2025-11-08,F01,Premium,47760,2286348,0,2103.44,0.0,1519.0,0.0044,0.0
2025-11-09,F01,Premium,48533,2224312,0,2046.37,0.0,1533.0,0.0044,0.0
2025-11-10,F01,Premium,48186,2144889,0,1973.3,0.0,1478.0,0.0044,0.0
2025-11-11,F01,Premium,41916,2016160,0,1854.87,0.0,1557.0,0.0041,0.0
2025-11-12,F01,Premium,44582,2057554,0,1892.95,0.0,1442.0,0.0057,0.0
2025-11-13,F01,Premium,45090,2069505,0,1903.94,0.0,1503.0,0.0036,0.0
2025-11-14,F01,Premium,46238,2109844,0,1941.06,0.0,1374.0,0.0058,0.0
2025-11-15,F01,Premium,44713,2156766,0,1984.23,0.0,1514.0,0.0037,0.0
2025-11-16,F01,Premium,42702,2102421,0,1934.23,0.0,1411.0,0.0045,0.0
2025-11-17,F01,Premium,42056,1908967,0,1374.46,0.0,1650.0,0.0055,0.0
2025-11-18,F01,Premium,42554,2002257,0,1441.62,0.0,1517.0,0.0051,0.005
2025-11-19,F01,Premium,44386,2018351,0,1453.21,0.0,1611.0,0.0038,0.009
2025-11-20,F01,Premium,47132,2111056,0,1519.96,0.0,1387.0,0.0048,0.022
2025-11-21,F01,Premium,44202,2090660,0,1505.28,0.0,1889.0,0.0033,-0.001
2025-11-22,F01,Premium,47789,2188593,0,1575.79,0.0,1838.0,0.0035,0.01
2025-11-23,F01,Premium,47487,2089049,0,1504.12,0.0,1674.0,0.0044,0.034
2025-11-24,F01,Premium,44220,1960088,0,1411.26,0.0,1728.0,0.0042,0.022
2025-11-25,F01,Premium,42130,1918883,0,1381.6,0.0,1646.0,0.005,0.022
2025-11-26,F01,Premium,44414,2124242,0,1529.45,0.0,1691.0,0.0031,0.049
2025-11-27,F01,Premium,42832,1978052,0,1424.2,0.0,1631.0,0.0065,0.045
2025-11-28,F01,Premium,48639,2184817,0,1573.07,0.0,1937.0,0.0029,0.038
2025-11-29,F01,Premium,52146,2327328,0,1675.68,0.0,1707.0,0.0037,0.043
2025-11-30,F01,Premium,45396,2156685,0,1552.81,0.0,1681.0,0.0048,0.039
2025-12-01,F01,Premium,49209,2238867,0,1611.98,0.0,1797.0,0.0066,0.054
2025-12-02,F01,Premium,49500,2246770,0,1617.67,0.0,1718.0,0.0034,0.073
2025-12-03,F01,Premium,44423,2069437,0,1489.99,0.0,1337.0,0.0039,0.053
2025-12-04,F01,Premium,46377,2189826,0,1576.67,0.0,1445.0,0.0029,0.06
2025-12-05,F01,Premium,53883,2331184,0,1678.45,0.0,1436.0,0.0046,0.074
2025-12-06,F01,Premium,51341,2374335,0,1709.52,0.0,1451.0,0.0044,0.082
2025-12-07,F01,Premium,49414,2370175,0,1706.53,0.0,1508.0,0.0043,0.065
2025-12-08,F01,Premium,48855,2203312,0,1586.38,0.0,1426.0,0.0049,0.09
2025-12-09,F01,Premium,46015,2179562,0,1569.28,0.0,1574.0,0.0049,0.098
2025-12-10,F01,Premium,51862,2401753,0,1729.26,0.0,1590.0,0.0029,0.084
2025-12-11,F01,Premium,45104,2131592,0,1534.75,0.0,1506.0,0.0031,0.082
2025-12-12,F01,Premium,48145,2214559,0,1594.48,0.0,1434.0,0.0042,0.095
2025-12-13,F01,Premium,56050,2619195,0,1885.82,0.0,1467.0,0.0049,0.113
2025-12-14,F01,Premium,50289,2311187,0,1664.05,0.0,1380.0,0.0038,0.098
2025-12-15,F01,Premium,53501,2301578,0,1657.14,0.0,1484.0,0.0046,0.11
2025-12-16,F01,Premium,48748,2168410,0,1561.25,0.0,1355.0,0.003,0.105
2025-12-17,F01,Premium,47403,2175617,0,1566.44,0.0,1445.0,0.0025,0.113
2025-12-18,F01,Premium,52881,2258160,0,1625.88,0.0,1632.0,0.0028,0.12
2025-12-19,F01,Premium,54227,2378088,0,1712.22,0.0,1318.0,0.0043,0.124
2025-12-20,F01,Premium,53243,2416265,0,1739.71,0.0,1414.0,0.0031,0.107
2025-12-21,F01,Premium,51039,2438948,0,1756.04,0.0,1355.0,0.0036,0.123
2025-12-22,F01,Premium,46689,2179210,0,1569.03,0.0,1350.0,0.005,0.141
2025-12-23,F01,Premium,48739,2255125,0,1623.69,0.0,1470.0,0.0029,0.147
2025-12-24,F01,Premium,46686,2101834,0,1513.32,0.0,1494.0,0.0032,0.154
2025-12-25,F01,Premium,42927,2103975,0,1514.86,0.0,1417.0,0.0038,0.134
2025-12-26,F01,Premium,50535,2270209,0,1634.55,0.0,1691.0,0.003,0.166
2025-12-27,F01,Premium,50892,2432454,0,1751.37,0.0,1577.0,0.004,0.171
2025-12-28,F01,Premium,51189,2368066,0,1705.01,0.0,1654.0,0.0037,0.153
2025-12-29,F01,Premium,42565,2039654,0,1468.55,0.0,1658.0,0.0033,0.164
2025-12-30,F01,Premium,45161,2200271,0,1584.2,0.0,1544.0,0.0038,0.18
2025-12-31,F01,Premium,48153,2239131,0,1612.17,0.0,1547.0,0.0034,0.176
2026-01-01,F01,Premium,51044,2465598,0,1775.23,0.0,1552.0,0.0026,0.171
2026-01-02,F01,Premium,50687,2392826,0,1722.83,0.0,1527.0,0.0035,0.157
2026-01-03,F01,Premium,59692,2689170,0,1936.2,0.0,1469.0,0.0026,0.186
2026-01-04,F01,Premium,52065,2566798,0,1848.09,0.0,1611.0,0.003,0.196
2026-01-05,F01,Premium,49222,2327245,0,1675.62,0.0,1628.0,0.0042,0.188
2026-01-06,F01,Premium,52386,2422391,0,1744.12,0.0,1525.0,0.0025,0.191
2026-01-07,F01,Premium,51539,2359060,0,1698.52,0.0,1561.0,0.0033,0.215
2026-01-08,F01,Premium,52986,2508167,0,1805.88,0.0,1391.0,0.0056,0.213
2026-01-09,F01,Premium,57603,2597227,0,1870.0,0.0,1453.0,0.0041,0.222
2026-01-10,F01,Premium,59391,2650478,0,1908.34,0.0,1326.0,0.0032,0.206
2026-01-11,F01,Premium,56804,2680857,0,1930.22,0.0,1408.0,0.0033,0.225
2026-01-12,F01,Premium,47704,2334011,0,1680.49,0.0,1535.0,0.0039,0.226
2026-01-13,F01,Premium,51930,2450053,0,1764.04,0.0,1388.0,0.0042,0.238
2026-01-14,F01,Premium,53551,2494951,0,1796.36,0.0,1347.0,0.0049,0.218
2026-01-15,F01,Premium,53474,2513268,0,1809.55,0.0,1459.0,0.0047,0.212
2026-01-16,F01,Premium,58965,2564155,0,1846.19,0.0,1390.0,0.0044,0.236
2026-01-17,F01,Premium,60872,2637898,0,1899.29,0.0,1302.0,0.0021,0.238
2026-01-18,F01,Premium,57453,2699086,0,1943.34,0.0,1351.0,0.0049,0.254
2026-01-19,F01,Premium,55533,2435768,0,1753.75,0.0,1356.0,0.0039,0.238
2026-01-20,F01,Premium,47241,2255395,0,1623.88,0.0,1357.0,0.0037,0.241
2026-01-21,F01,Premium,49421,2290091,0,1648.87,0.0,1430.0,0.003,0.251
2026-01-22,F01,Premium,53405,2647079,0,1905.9,0.0,1435.0,0.0066,0.252
2026-01-23,F01,Premium,56504,2604809,0,1875.46,0.0,1607.0,0.0035,0.259
2026-01-24,F01,Premium,56075,2628986,0,1892.87,0.0,1347.0,0.0044,0.272
2026-01-25,F01,Premium,62041,2628792,0,1892.73,0.0,1238.0,0.0034,0.261
2026-01-26,F01,Premium,49490,2390852,0,1721.41,0.0,1356.0,0.0034,0.28
2026-01-27,F01,Premium,50009,2381773,0,1714.88,0.0,1297.0,0.0029,0.277
2026-01-28,F01,Premium,55329,2511778,0,1808.48,0.0,1400.0,0.0043,0.284
2026-01-29,F01,Premium,49392,2371552,0,1707.52,0.0,1360.0,0.0051,0.297
2026-01-30,F01,Premium,54704,2454370,0,1767.15,0.0,1435.0,0.0031,0.291
2026-01-31,F01,Premium,55522,2646721,0,1905.64,0.0,1328.0,0.0049,0.29
2026-02-01,F01,Premium,59832,2758212,0,1985.91,0.0,1405.0,0.0048,0.295
2026-02-02,F01,Premium,63894,2646461,0,1720.2,0.0,1325.0,0.0048,0.293
2026-02-03,F01,Premium,52573,2460447,0,1599.29,0.0,1445.0,0.0053,0.313
2026-02-04,F01,Premium,54193,2489600,0,1618.24,0.0,1414.0,0.0038,0.309
2026-02-05,F01,Premium,54942,2707988,0,1760.19,0.0,1308.0,0.0045,0.317
2026-02-06,F01,Premium,57310,2634315,0,1712.3,0.0,1569.0,0.0067,0.307
2026-02-07,F01,Premium,60879,2902978,0,1886.94,0.0,1597.0,0.0036,0.317
2026-02-08,F01,Premium,57293,2723511,0,1770.28,0.0,1588.0,0.0027,0.333
2026-02-09,F01,Premium,58240,2662211,0,1730.44,0.0,1545.0,0.0046,0.333
2026-02-10,F01,Premium,51797,2493491,0,1620.77,0.0,1468.0,0.0042,0.335
2026-02-11,F01,Premium,51934,2492465,0,1620.1,0.0,1516.0,0.0032,0.321
2026-02-12,F01,Premium,54591,2576813,0,1674.93,0.0,1538.0,0.0032,0.328
2026-02-13,F01,Premium,58934,2813129,0,1828.53,0.0,1635.0,0.0047,0.349
2026-02-14,F01,Premium,58662,2775326,0,1803.96,0.0,1443.0,0.0034,0.332
2026-02-15,F01,Premium,60942,2841773,0,1847.15,0.0,1558.0,0.0055,0.344
2026-02-16,F01,Premium,57436,2728694,0,1773.65,0.0,1294.0,0.0045,0.345
2026-02-17,F01,Premium,58820,2615100,0,1699.81,0.0,1380.0,0.0038,0.35
2026-02-18,F01,Premium,57928,2587011,0,1681.56,0.0,1459.0,0.0033,0.35
2026-02-19,F01,Premium,60247,2633829,0,1711.99,0.0,1286.0,0.0047,0.364
2026-02-20,F01,Premium,60774,2735737,0,1778.23,0.0,1171.0,0.0031,0.326
2026-02-21,F01,Premium,57710,2792750,0,1815.29,0.0,1315.0,0.0042,0.349
2026-02-22,F01,Premium,61200,2928949,0,1903.82,0.0,1257.0,0.0043,0.339
2026-02-23,F01,Premium,57170,2709638,0,1761.26,0.0,1406.0,0.0046,0.351
2026-02-24,F01,Premium,57939,2603301,0,1692.15,0.0,1282.0,0.0061,0.35
2026-02-25,F01,Premium,54633,2494418,0,1621.37,0.0,1293.0,0.0055,0.342
2026-02-26,F01,Premium,55943,2666228,0,1733.05,0.0,1319.0,0.005,0.347
2026-02-27,F01,Premium,60733,2752299,0,1788.99,0.0,1206.0,0.0034,0.357
2026-02-28,F01,Premium,65202,2953770,0,1919.95,0.0,1339.0,0.0036,0.38
2026-03-01,F01,Premium,67811,3094643,0,2011.52,0.0,1250.0,0.0036,0.351
2026-03-02,F01,Premium,56649,2648977,0,1721.83,0.0,1417.0,0.0039,0.34
2026-03-03,F01,Premium,61491,2861369,0,1859.89,0.0,1221.0,0.0031,0.353
2026-03-04,F01,Premium,66577,2933149,0,1906.55,0.0,1254.0,0.0044,0.336
2026-03-05,F01,Premium,58870,2752437,0,1789.08,0.0,1267.0,0.0036,0.349
2026-03-06,F01,Premium,67157,2935184,0,1907.87,0.0,1324.0,0.0048,0.353
2026-03-07,F01,Premium,65858,2965859,0,1927.81,0.0,1276.0,0.0049,0.321
2026-03-08,F01,Premium,63359,2893058,0,1880.49,0.0,1226.0,0.0044,0.348
2026-03-09,F01,Premium,62021,2874940,0,1868.71,0.0,1301.0,0.0029,0.354
2026-03-10,F01,Premium,59174,2770807,0,1801.02,0.0,1323.0,0.0057,0.339
2026-03-11,F01,Premium,62675,2865741,0,1862.73,0.0,1301.0,0.0048,0.335
2026-03-12,F01,Premium,63044,2855807,0,1856.27,0.0,1309.0,0.0029,0.357
2026-03-13,F01,Premium,63348,2983241,0,1939.11,0.0,1265.0,0.0033,0.33
2026-03-14,F01,Premium,62155,3040821,0,1976.53,0.0,1362.0,0.0035,0.36
2026-03-15,F01,Premium,68290,2975707,0,1934.21,0.0,1257.0,0.0029,0.357
2026-03-16,F01,Premium,60586,2924185,0,1900.72,0.0,1254.0,0.0038,0.349
2026-03-17,F01,Premium,55030,2607622,0,1694.95,0.0,1229.0,0.0039,0.345
2026-03-18,F01,Premium,60431,2940864,0,1911.56,0.0,1280.0,0.004,0.33
2026-03-19,F01,Premium,65461,2937549,0,1909.41,0.0,1238.0,0.0034,0.359
2026-03-20,F01,Premium,62677,2986937,0,1941.51,0.0,1378.0,0.0036,0.355
2026-03-21,F01,Premium,66665,2991669,0,1944.58,0.0,1258.0,0.0029,0.344
2026-03-22,F01,Premium,64263,2921297,0,1898.84,0.0,1285.0,0.0034,0.346
2026-03-23,F01,Premium,60874,2813079,0,1828.5,0.0,1260.0,0.0052,0.352
2026-03-24,F01,Premium,60413,2889433,0,1878.13,0.0,1204.0,0.0036,0.36
2026-03-25,F01,Premium,62271,2629453,0,1709.14,0.0,1286.0,0.0046,0.345
2026-03-26,F01,Premium,61779,2848354,0,1851.43,0.0,1295.0,0.0023,0.342
2026-03-27,F01,Premium,62204,2902178,0,1886.42,0.0,1252.0,0.0035,0.334
2026-03-28,F01,Premium,66715,3020268,0,1963.17,0.0,1260.0,0.0043,0.356
2026-03-29,F01,Premium,63642,2896991,0,1883.04,0.0,1226.0,0.0032,0.359
2026-03-30,F01,Premium,60866,2741206,0,1781.78,0.0,1416.0,0.006,0.349
2026-03-31,F01,Premium,63811,2830459,0,1839.8,0.0,1252.0,0.0078,0.343
2026-04-01,F01,Premium,64911,3036492,0,1973.72,0.0,1275.0,0.0056,0.365
2026-04-02,F01,Premium,65035,3157507,0,2052.38,0.0,1190.0,0.0042,0.347
2026-04-03,F01,Premium,69169,3170804,0,2061.02,0.0,1208.0,0.0039,0.364
2026-04-04,F01,Premium,67639,3142884,0,2042.87,0.0,1280.0,0.0033,0.336
2026-04-05,F01,Premium,68969,3056718,0,1986.87,0.0,1165.0,0.0062,0.351
2026-04-06,F01,Premium,65498,2951402,0,1918.41,0.0,1255.0,0.0056,0.363
2026-04-07,F01,Premium,64286,3042329,0,1977.51,0.0,1257.0,0.0029,0.355
2026-04-08,F01,Premium,72132,3284675,0,2135.04,0.0,1331.0,0.0031,0.354
2026-04-09,F01,Premium,64117,3013516,0,1958.79,0.0,1236.0,0.0038,0.358
2026-04-10,F01,Premium,67354,3193177,0,2075.57,0.0,1246.0,0.0042,0.373
2026-04-11,F01,Premium,68155,3210961,0,2087.12,0.0,1073.0,0.0046,0.34
2026-04-12,F01,Premium,69789,3333393,0,2166.71,0.0,1242.0,0.0051,0.341
2026-04-13,F01,Premium,66089,3036826,0,1973.94,0.0,1259.0,0.0028,0.372
2026-04-14,F01,Premium,60108,2938181,0,1909.82,0.0,1191.0,0.0037,0.334
2026-04-15,F01,Premium,59878,2929642,0,1904.27,0.0,1273.0,0.0045,0.351
2026-04-16,F01,Premium,63465,2951087,0,1918.21,0.0,1284.0,0.004,0.355
2026-04-17,F01,Premium,69175,3204582,0,2082.98,0.0,1467.0,0.0033,0.349
2026-04-18,F01,Premium,82570,3640507,0,2366.33,0.0,1466.0,0.0034,0.34
2026-04-19,F01,Premium,65506,3215476,0,2090.06,0.0,1491.0,0.0035,0.342
2026-04-20,F01,Premium,61604,2967927,0,1929.15,0.0,1592.0,0.0053,0.347
2026-04-21,F01,Premium,64845,2983537,0,1939.3,0.0,1343.0,0.0043,0.364
2026-04-22,F01,Premium,59362,2852522,0,1854.14,0.0,1450.0,0.0027,0.355
2026-04-23,F01,Premium,63269,3028488,0,1968.52,0.0,1488.0,0.0024,0.357
2026-04-24,F01,Premium,69037,3114977,0,2024.74,0.0,1437.0,0.0028,0.349
2026-04-25,F01,Premium,68669,3150966,0,2048.13,0.0,1462.0,0.0027,0.362
2026-04-26,F01,Premium,70770,3355753,0,2181.24,0.0,1401.0,0.0025,0.354
2026-04-27,F01,Premium,59375,2949287,0,1917.04,0.0,1290.0,0.0028,0.346
2026-04-28,F01,Premium,66353,3113281,0,2023.63,0.0,1226.0,0.0044,0.354
2026-04-29,F01,Premium,63631,2940940,0,1911.61,0.0,1239.0,0.0053,0.343
2026-04-30,F01,Premium,62947,3108952,0,2020.82,0.0,1178.0,0.0043,0.353
2026-05-01,F01,Premium,72367,3382209,0,2198.44,0.0,1256.0,0.0049,0.34
2026-05-02,F01,Premium,66986,3136385,0,2038.65,0.0,1158.0,0.0032,0.352
2026-05-03,F01,Premium,72839,3439036,0,2235.37,0.0,1255.0,0.0031,0.355
2026-05-04,F01,Premium,64532,3095767,0,2012.25,0.0,1333.0,0.0053,0.36
2026-05-05,F01,Premium,64698,3001744,0,1951.13,0.0,1311.0,0.0035,0.362
2026-05-06,F01,Premium,67766,3313193,0,2153.58,0.0,1269.0,0.0046,0.359
2026-05-07,F01,Premium,75458,3400966,0,2210.63,0.0,1302.0,0.0041,0.35
2026-05-08,F01,Premium,72002,3318476,0,2157.01,0.0,1204.0,0.0055,0.365
2026-05-09,F01,Premium,65047,3228581,0,2098.58,0.0,1292.0,0.0036,0.35
2026-05-10,F01,Premium,78828,3564942,0,2317.21,0.0,1306.0,0.0035,0.352
2026-05-11,F01,Premium,65588,2993250,0,1945.61,0.0,1305.0,0.0043,0.342
2026-05-12,F01,Premium,65669,3179611,0,2066.75,0.0,1256.0,0.0051,0.346
2026-05-13,F01,Premium,65807,3131291,0,2035.34,0.0,1295.0,0.0047,0.358
2026-05-14,F01,Premium,66635,3060431,0,1989.28,0.0,1226.0,0.0046,0.352
2026-05-15,F01,Premium,73541,3296238,0,2142.55,0.0,1221.0,0.004,0.331
2026-05-16,F01,Premium,70798,3410991,0,2217.14,0.0,1351.0,0.0046,0.363
2026-05-17,F01,Premium,71536,3487297,0,2266.74,0.0,1257.0,0.0045,0.335
2026-05-18,F01,Premium,71475,3250316,0,2112.71,0.0,1455.0,0.004,0.342
2026-05-19,F01,Premium,68276,3054099,0,1985.16,0.0,1281.0,0.0034,0.363
2026-05-20,F01,Premium,76812,3258518,0,2118.04,0.0,1224.0,0.0047,0.347
2026-05-21,F01,Premium,63861,3068317,0,1994.41,0.0,1265.0,0.0041,0.36
2026-05-22,F01,Premium,65217,3210615,0,2086.9,0.0,1238.0,0.0032,0.346
2026-05-23,F01,Premium,70491,3330992,0,2165.14,0.0,1120.0,0.0031,0.347
2026-05-24,F01,Premium,75782,3590578,0,2333.88,0.0,1295.0,0.0033,0.331
2026-05-25,F01,Premium,67942,3329246,0,2164.01,0.0,1172.0,0.0042,0.351
2026-05-26,F01,Premium,65610,3042027,0,1977.32,0.0,1206.0,0.0052,0.368
2026-05-27,F01,Premium,74117,3254095,0,2115.16,0.0,1219.0,0.0038,0.355
2026-05-28,F01,Premium,65593,3106646,0,2019.32,0.0,1219.0,0.0055,0.351
2026-05-29,F01,Premium,71391,3242604,0,2107.69,0.0,1300.0,0.0037,0.358
2026-05-30,F01,Premium,67823,3383711,0,2199.41,0.0,1294.0,0.0047,0.336
2026-05-31,F01,Premium,69212,3383073,0,2199.0,0.0,1323.0,0.0047,0.34
2026-06-01,F01,Premium,67334,3224028,0,2095.62,0.0,1213.0,0.0048,0.345
2026-06-02,F01,Premium,74258,3289938,0,2138.46,0.0,1213.0,0.0039,0.333
2026-06-03,F01,Premium,72479,3365065,0,2187.29,0.0,1262.0,0.0023,0.361
2026-06-04,F01,Premium,74401,3381768,0,2198.15,0.0,1356.0,0.0031,0.34
2026-06-05,F01,Premium,72932,3508219,0,2280.34,0.0,1266.0,0.0032,0.375
2026-06-06,F01,Premium,83674,3758772,0,2443.2,0.0,1237.0,0.0044,0.348
2026-06-07,F01,Premium,73363,3653611,0,2374.85,0.0,1151.0,0.0043,0.352
2026-06-08,F01,Premium,68266,3326344,0,2162.12,0.0,1334.0,0.0044,0.349
2026-06-09,F01,Premium,63469,3179223,0,2066.5,0.0,1218.0,0.0046,0.339
2026-06-10,F01,Premium,69548,3349531,0,2177.2,0.0,1278.0,0.0037,0.358
2026-06-11,F01,Premium,78857,3458014,0,2247.71,0.0,1187.0,0.0049,0.333
2026-06-12,F01,Premium,71610,3568541,0,2319.55,0.0,1374.0,0.0027,0.356
2026-06-13,F01,Premium,77137,3574364,0,2323.34,0.0,1181.0,0.0042,0.363
2026-06-14,F01,Premium,70471,3559141,0,2313.44,0.0,1384.0,0.0045,0.365
2026-06-15,F01,Premium,71407,3245473,0,2109.56,0.0,1318.0,0.0039,0.342
2026-06-16,F01,Premium,69853,3195415,0,2077.02,0.0,1270.0,0.0032,0.356
2026-06-17,F01,Premium,66768,3146259,0,2045.07,0.0,1216.0,0.0048,0.357
2026-06-18,F01,Premium,79952,3395618,0,2207.15,0.0,1309.0,0.0043,0.343
2026-06-19,F01,Premium,71405,3545167,0,2304.36,0.0,1290.0,0.0039,0.352
2026-06-20,F01,Premium,83273,3731040,0,2425.18,0.0,1339.0,0.0042,0.35
2026-06-21,F01,Premium,74145,3570773,0,2321.0,0.0,1241.0,0.004,0.343
2026-06-22,F01,Premium,79293,3442402,0,2237.56,0.0,1290.0,0.0033,0.34
2026-06-23,F01,Premium,66517,3225332,0,2096.47,0.0,1223.0,0.0045,0.351
2026-06-24,F01,Premium,75126,3513108,0,2283.52,0.0,1188.0,0.0045,0.335
2026-06-25,F01,Premium,71445,3374839,0,2193.65,0.0,1225.0,0.0057,0.318
2026-06-26,F01,Premium,75090,3533816,0,2296.98,0.0,1287.0,0.004,0.349
2026-06-27,F01,Premium,78020,3611553,0,2347.51,0.0,1280.0,0.0037,0.347
2026-06-28,F01,Premium,70289,3482299,0,2263.49,0.0,1245.0,0.0033,0.341
2026-06-29,F01,Premium,66795,3106071,0,2018.95,0.0,1310.0,0.0033,0.341
2026-06-30,F01,Premium,73805,3314840,0,2154.65,0.0,1239.0,0.0044,0.347
2026-07-01,F01,Premium,78218,3544962,0,2304.23,0.0,1375.0,0.0027,0.344
2026-07-02,F01,Premium,81088,3538128,0,2299.78,0.0,1302.0,0.0036,0.348
2026-07-03,F01,Premium,75699,3718183,0,2416.82,0.0,1402.0,0.006,0.346
2026-07-04,F01,Premium,82180,3776866,0,2454.96,0.0,1366.0,0.0039,0.349
2026-07-05,F01,Premium,69108,3497003,0,2273.05,0.0,1570.0,0.0035,0.328
2026-07-06,F01,Premium,75756,3629600,0,2359.24,0.0,1429.0,0.0028,0.345
2026-07-07,F01,Premium,72371,3538929,0,2300.3,0.0,1585.0,0.004,0.345
2026-07-08,F01,Premium,78545,3599819,0,2339.88,0.0,1273.0,0.0028,0.363
2026-07-09,F01,Premium,69668,3322205,0,2159.43,0.0,1362.0,0.0032,0.353
2026-07-10,F01,Premium,74279,3614158,0,2349.2,0.0,1444.0,0.005,0.36
2026-07-11,F01,Premium,83075,3812580,0,2478.18,0.0,1318.0,0.0044,0.339
2026-07-12,F01,Premium,86054,3746151,0,2435.0,0.0,1313.0,0.0059,0.356
2026-07-13,F01,Premium,74780,3529455,0,2294.15,0.0,1288.0,0.0039,0.357
2026-07-14,F01,Premium,79655,3612539,0,2348.15,0.0,1134.0,0.0089,0.338
2026-07-15,F01,Premium,69251,3382873,0,2198.87,0.0,1252.0,0.0045,0.341
2026-07-16,F01,Premium,72295,3296101,0,2142.47,0.0,1280.0,0.0052,0.35
2026-07-17,F01,Premium,81104,3656915,0,2376.99,0.0,1260.0,0.0043,0.351
2026-07-18,F01,Premium,87957,3880684,0,2522.44,0.0,1278.0,0.005,0.347
2026-07-19,F01,Premium,75635,3771273,0,2451.33,0.0,1196.0,0.0037,0.355
2026-07-20,F01,Premium,87208,3674776,0,2388.6,0.0,1244.0,0.0048,0.361
2026-07-21,F01,Premium,72868,3402578,0,2211.68,0.0,1196.0,0.0042,0.341
2026-07-22,F01,Premium,75122,3646859,0,2370.46,0.0,1182.0,0.0045,0.336
2026-07-23,F01,Premium,77402,3567177,0,2318.67,0.0,1206.0,0.0037,0.383
2026-07-24,F01,Premium,77013,3713951,0,2414.07,0.0,1281.0,0.0061,0.359
2026-07-25,F01,Premium,78145,3654065,0,2375.14,0.0,1292.0,0.003,0.335
2026-07-26,F01,Premium,85256,4002413,0,2601.57,0.0,1278.0,0.0044,0.36
2026-07-27,F01,Premium,71280,3400232,0,2210.15,0.0,1149.0,0.0037,0.358
2026-07-28,F01,Premium,76815,3635873,0,2363.32,0.0,1250.0,0.0049,0.364
2026-07-29,F01,Premium,75546,3506812,0,2279.43,0.0,1291.0,0.0039,0.373
2026-07-30,F01,Premium,70231,3477710,0,2260.51,0.0,1261.0,0.0037,0.343
2026-07-31,F01,Premium,76135,3578570,0,2326.07,0.0,1176.0,0.0036,0.348
2026-08-01,F01,Premium,84512,4090467,0,2658.8,0.0,1276.0,0.0046,0.362
2026-08-02,F01,Premium,76857,3824365,0,2485.84,0.0,1227.0,0.0034,0.344
2026-08-03,F01,Premium,74900,3697255,0,2403.22,0.0,1240.0,0.003,0.356
2026-08-04,F01,Premium,81468,3550036,0,2307.52,0.0,1333.0,0.0042,0.341
2026-08-05,F01,Premium,77134,3909162,0,2540.96,0.0,1257.0,0.0053,0.358
2026-08-06,F01,Premium,78937,4102720,0,2666.77,0.0,1334.0,0.0041,0.323
2026-08-07,F01,Premium,88485,4074105,0,2648.17,0.0,1253.0,0.005,0.349
2026-08-08,F01,Premium,85940,4013077,0,2608.5,0.0,1228.0,0.0054,0.356
2026-08-09,F01,Premium,88265,4010060,0,2606.54,0.0,1312.0,0.0041,0.335
2026-08-10,F01,Premium,82660,3792119,0,2464.88,0.0,1289.0,0.004,0.356
2026-08-11,F01,Premium,71560,3416503,0,2220.73,0.0,1239.0,0.0056,0.361
2026-08-12,F01,Premium,92823,4049766,0,2632.35,0.0,1222.0,0.0032,0.344
2026-08-13,F01,Premium,78727,3766315,0,2448.1,0.0,1279.0,0.0062,0.351
2026-08-14,F01,Premium,78241,3914247,0,2544.26,0.0,1337.0,0.0039,0.349
2026-08-15,F01,Premium,87623,4139706,0,2690.81,0.0,1263.0,0.0049,0.362
2026-08-16,F01,Premium,89501,4037351,0,2624.28,0.0,1244.0,0.0054,0.344
2026-08-17,F01,Premium,79010,3567280,0,2318.73,0.0,1230.0,0.0054,0.341
2026-08-18,F01,Premium,78104,3625822,0,2356.78,0.0,1199.0,0.0038,0.336
2026-08-19,F01,Premium,85955,3876352,0,2519.63,0.0,1325.0,0.0038,0.351
2026-08-20,F01,Premium,82448,3716478,0,2415.71,0.0,1563.0,0.0045,0.352
2026-08-21,F01,Premium,93873,4163938,0,2706.56,0.0,1507.0,0.0028,0.352
2026-08-22,F01,Premium,85945,4146196,0,2695.03,0.0,1465.0,0.0063,0.349
2026-08-23,F01,Premium,87579,4126610,0,2682.3,0.0,1539.0,0.006,0.335
2026-08-24,F01,Premium,77186,3696742,0,2402.88,0.0,1427.0,0.0035,0.349
2026-08-25,F01,Premium,78865,3854286,0,2505.29,0.0,1437.0,0.0048,0.363
2026-08-26,F01,Premium,81654,3812601,0,2478.19,0.0,1378.0,0.0078,0.355
2026-08-27,F01,Premium,75236,3742875,0,2432.87,0.0,1403.0,0.0063,0.338
2026-08-28,F01,Premium,83049,3866625,0,2513.31,0.0,1401.0,0.0044,0.348
2026-08-29,F01,Premium,89802,4189532,0,2723.2,0.0,1352.0,0.0031,0.336
2026-08-30,F01,Premium,87557,4309085,0,2800.91,0.0,1407.0,0.0056,0.355
2026-08-31,F01,Premium,80347,3722570,0,2419.67,0.0,1522.0,0.0032,0.346
2024-01-01,F01,Free,76398,1207458,0,1328.2,0.0,2200.0,0.0035,0.0
2024-01-02,F01,Free,76653,1188239,0,1307.06,0.0,2095.0,0.0048,0.0
2024-01-03,F01,Free,69680,1189847,0,1308.83,0.0,1890.0,0.0042,0.0
2024-01-04,F01,Free,75832,1246420,0,1371.06,0.0,1947.0,0.0042,0.0
2024-01-05,F01,Free,73888,1250871,0,1375.96,0.0,2160.0,0.0036,0.0
2024-01-06,F01,Free,79003,1324141,0,1456.56,0.0,2086.0,0.0043,0.0
2024-01-07,F01,Free,87225,1396633,0,1536.3,0.0,1608.0,0.0039,0.0
2024-01-08,F01,Free,79852,1306474,0,1437.12,0.0,1828.0,0.0027,0.0
2024-01-09,F01,Free,79929,1278162,0,1405.98,0.0,1813.0,0.0051,0.0
2024-01-10,F01,Free,73496,1167230,0,1283.95,0.0,1782.0,0.0052,0.0
2024-01-11,F01,Free,77869,1213123,0,1334.44,0.0,1987.0,0.0039,0.0
2024-01-12,F01,Free,81214,1291489,0,1420.64,0.0,1853.0,0.0053,0.0
2024-01-13,F01,Free,83947,1335893,0,1469.48,0.0,1695.0,0.003,0.0
2024-01-14,F01,Free,80131,1364297,0,1500.73,0.0,1725.0,0.0049,0.0
2024-01-15,F01,Free,78484,1330169,0,1463.19,0.0,1788.0,0.0027,0.0
2024-01-16,F01,Free,78588,1301657,0,1431.82,0.0,1820.0,0.0044,0.0
2024-01-17,F01,Free,88049,1271127,0,1398.24,0.0,1851.0,0.0045,0.0
2024-01-18,F01,Free,82342,1291852,0,1421.04,0.0,1764.0,0.0032,0.0
2024-01-19,F01,Free,85194,1331058,0,1464.16,0.0,1837.0,0.0056,0.0
2024-01-20,F01,Free,83790,1341421,0,1475.56,0.0,1761.0,0.0064,0.0
2024-01-21,F01,Free,81273,1395069,0,1534.58,0.0,1698.0,0.0023,0.0
2024-01-22,F01,Free,77710,1340820,0,1474.9,0.0,1732.0,0.0046,0.0
2024-01-23,F01,Free,71677,1289313,0,1418.24,0.0,1799.0,0.0043,0.0
2024-01-24,F01,Free,76599,1291891,0,1421.08,0.0,1827.0,0.0038,0.0
2024-01-25,F01,Free,80487,1327774,0,1460.55,0.0,1822.0,0.0045,0.0
2024-01-26,F01,Free,85022,1323303,0,1455.63,0.0,1646.0,0.0029,0.0
2024-01-27,F01,Free,86866,1426181,0,1568.8,0.0,1798.0,0.0063,0.0
2024-01-28,F01,Free,80912,1349702,0,1484.67,0.0,1729.0,0.0049,0.0
2024-01-29,F01,Free,76247,1310106,0,1441.12,0.0,1874.0,0.0041,0.0
2024-01-30,F01,Free,75901,1243115,0,1367.43,0.0,1938.0,0.0033,0.0
2024-01-31,F01,Free,74504,1321936,0,1454.13,0.0,1758.0,0.0039,0.0
2024-02-01,F01,Free,72644,1245800,0,1370.38,0.0,1726.0,0.0048,0.0
2024-02-02,F01,Free,77271,1296099,0,1425.71,0.0,1874.0,0.0044,0.0
2024-02-03,F01,Free,86463,1338951,0,1472.85,0.0,1738.0,0.0036,0.0
2024-02-04,F01,Free,89438,1411916,0,1553.11,0.0,1785.0,0.006,0.0
2024-02-05,F01,Free,80599,1250021,0,1375.02,0.0,1835.0,0.0032,0.0
2024-02-06,F01,Free,72721,1255162,0,1380.68,0.0,1723.0,0.0028,0.0
2024-02-07,F01,Free,79610,1265308,0,1391.84,0.0,2095.0,0.0043,0.0
2024-02-08,F01,Free,82985,1240267,0,1364.29,0.0,2075.0,0.0039,0.0
2024-02-09,F01,Free,82072,1334050,0,1467.45,0.0,2037.0,0.0039,0.0
2024-02-10,F01,Free,89570,1505653,0,1656.22,0.0,2061.0,0.004,0.0
2024-02-11,F01,Free,89567,1469225,0,1616.15,0.0,2067.0,0.0034,0.0
2024-02-12,F01,Free,93480,1393545,0,1532.9,0.0,2049.0,0.0049,0.0
2024-02-13,F01,Free,82680,1358917,0,1494.81,0.0,2150.0,0.0047,0.0
2024-02-14,F01,Free,92407,1455912,0,1601.5,0.0,2062.0,0.0029,0.0
2024-02-15,F01,Free,82689,1399075,0,1538.98,0.0,2234.0,0.0028,0.0
2024-02-16,F01,Free,87357,1483212,0,1631.53,0.0,1645.0,0.0035,0.0
2024-02-17,F01,Free,95685,1519085,0,1670.99,0.0,1828.0,0.0027,0.0
2024-02-18,F01,Free,85982,1482540,0,1630.79,0.0,1988.0,0.0043,0.0
2024-02-19,F01,Free,85835,1378511,0,1516.36,0.0,1663.0,0.0047,0.0
2024-02-20,F01,Free,79827,1340426,0,1474.47,0.0,1727.0,0.0043,0.0
2024-02-21,F01,Free,83984,1397363,0,1537.1,0.0,1753.0,0.0036,0.0
2024-02-22,F01,Free,86102,1461726,0,1607.9,0.0,1867.0,0.0032,0.0
2024-02-23,F01,Free,89398,1456022,0,1601.62,0.0,1879.0,0.0054,0.0
2024-02-24,F01,Free,88384,1568344,0,1725.18,0.0,1836.0,0.005,0.0
2024-02-25,F01,Free,92267,1521919,0,1674.11,0.0,1737.0,0.0031,0.0
2024-02-26,F01,Free,84906,1371724,0,1508.9,0.0,1753.0,0.0043,0.0
2024-02-27,F01,Free,83655,1420633,0,1562.7,0.0,1756.0,0.0038,0.0
2024-02-28,F01,Free,88986,1439986,0,1583.98,0.0,1770.0,0.0033,0.0
2024-02-29,F01,Free,80811,1395070,0,1534.58,0.0,1860.0,0.0048,0.0
2024-03-01,F01,Free,87391,1458512,0,1604.36,0.0,1823.0,0.0042,0.0
2024-03-02,F01,Free,89368,1566643,0,1723.31,0.0,1812.0,0.0047,0.0
2024-03-03,F01,Free,91812,1529803,0,1682.78,0.0,1917.0,0.0039,0.0
2024-03-04,F01,Free,83802,1481901,0,1630.09,0.0,1848.0,0.0034,0.0
2024-03-05,F01,Free,85821,1398254,0,1538.08,0.0,1756.0,0.0043,0.0
2024-03-06,F01,Free,89503,1462080,0,1608.29,0.0,1895.0,0.0036,0.0
2024-03-07,F01,Free,92391,1506331,0,1656.96,0.0,1781.0,0.0025,0.0
2024-03-08,F01,Free,83908,1431894,0,1575.08,0.0,1670.0,0.003,0.0
2024-03-09,F01,Free,92878,1520448,0,1672.49,0.0,1895.0,0.0053,0.0
2024-03-10,F01,Free,95810,1551066,0,1706.17,0.0,1812.0,0.0037,0.0
2024-03-11,F01,Free,82446,1415616,0,1557.18,0.0,1814.0,0.0028,0.0
2024-03-12,F01,Free,87914,1437853,0,1581.64,0.0,1764.0,0.0051,0.0
2024-03-13,F01,Free,86800,1381855,0,1520.04,0.0,1699.0,0.0034,0.0
2024-03-14,F01,Free,87586,1472565,0,1619.82,0.0,1898.0,0.0047,0.0
2024-03-15,F01,Free,77669,1380737,0,1518.81,0.0,1827.0,0.0022,0.0
2024-03-16,F01,Free,89442,1454989,0,1600.49,0.0,1848.0,0.0032,0.0
2024-03-17,F01,Free,85605,1457274,0,1603.0,0.0,1766.0,0.0041,0.0
2024-03-18,F01,Free,81886,1405225,0,1545.75,0.0,1886.0,0.0049,0.0
2024-03-19,F01,Free,82198,1348578,0,1483.44,0.0,1953.0,0.0029,0.0
2024-03-20,F01,Free,77507,1366756,0,1503.43,0.0,1669.0,0.0075,0.0
2024-03-21,F01,Free,88223,1364007,0,1500.41,0.0,1771.0,0.0032,0.0
2024-03-22,F01,Free,81114,1318922,0,1450.81,0.0,1721.0,0.0036,0.0
2024-03-23,F01,Free,90033,1519343,0,1671.28,0.0,1709.0,0.0027,0.0
2024-03-24,F01,Free,94440,1566551,0,1723.21,0.0,1845.0,0.0034,0.0
2024-03-25,F01,Free,87059,1397698,0,1537.47,0.0,1766.0,0.0043,0.0
2024-03-26,F01,Free,86072,1390466,0,1529.51,0.0,1597.0,0.003,0.0
2024-03-27,F01,Free,83620,1321826,0,1454.01,0.0,1804.0,0.0047,0.0
2024-03-28,F01,Free,87422,1389376,0,1528.31,0.0,1921.0,0.0055,0.0
2024-03-29,F01,Free,92854,1450004,0,1595.0,0.0,1947.0,0.0031,0.0
2024-03-30,F01,Free,94661,1516226,0,1667.85,0.0,1881.0,0.0035,0.0
2024-03-31,F01,Free,90028,1482360,0,1630.6,0.0,1916.0,0.0036,0.0
2024-04-01,F01,Free,76204,1396961,0,1536.66,0.0,1788.0,0.0039,0.0
2024-04-02,F01,Free,80997,1380943,0,1519.04,0.0,1846.0,0.0053,0.0
2024-04-03,F01,Free,85589,1300517,0,1430.57,0.0,1853.0,0.0034,0.0
2024-04-04,F01,Free,83265,1377802,0,1515.58,0.0,1662.0,0.003,0.0
2024-04-05,F01,Free,86015,1460546,0,1606.6,0.0,1902.0,0.0057,0.0
2024-04-06,F01,Free,90943,1460237,0,1606.26,0.0,1760.0,0.005,0.0
2024-04-07,F01,Free,94325,1497836,0,1647.62,0.0,1883.0,0.0039,0.0
2024-04-08,F01,Free,76613,1346623,0,1481.29,0.0,1696.0,0.0043,0.0
2024-04-09,F01,Free,84124,1357110,0,1492.82,0.0,1801.0,0.0028,0.0
2024-04-10,F01,Free,76257,1305095,0,1435.6,0.0,1763.0,0.0037,0.0
2024-04-11,F01,Free,85547,1386752,0,1525.43,0.0,1892.0,0.0034,0.0
2024-04-12,F01,Free,85541,1418923,0,1560.82,0.0,1931.0,0.0028,0.0
2024-04-13,F01,Free,90777,1524659,0,1677.12,0.0,1877.0,0.0031,0.0
2024-04-14,F01,Free,99188,1527590,0,1680.35,0.0,1733.0,0.0061,0.0
2024-04-15,F01,Free,83581,1417812,0,1559.59,0.0,1850.0,0.0027,0.0
2024-04-16,F01,Free,78398,1324053,0,1456.46,0.0,1929.0,0.0064,0.0
2024-04-17,F01,Free,80827,1364455,0,1500.9,0.0,1797.0,0.0048,0.0
2024-04-18,F01,Free,88881,1438889,0,1582.78,0.0,1921.0,0.0041,0.0
2024-04-19,F01,Free,90668,1451335,0,1596.47,0.0,1763.0,0.0035,0.0
2024-04-20,F01,Free,94082,1509977,0,1660.97,0.0,1919.0,0.0031,0.0
2024-04-21,F01,Free,94353,1528963,0,1681.86,0.0,1669.0,0.0038,0.0
2024-04-22,F01,Free,79395,1369774,0,1506.75,0.0,1735.0,0.0035,0.0
2024-04-23,F01,Free,86293,1418158,0,1559.97,0.0,1824.0,0.0042,0.0
2024-04-24,F01,Free,72569,1285160,0,1413.68,0.0,1769.0,0.0029,0.0
2024-04-25,F01,Free,76778,1324988,0,1457.49,0.0,1808.0,0.0041,0.0
2024-04-26,F01,Free,82503,1465069,0,1611.58,0.0,1715.0,0.0039,0.0
2024-04-27,F01,Free,80859,1439898,0,1583.89,0.0,1758.0,0.0034,0.0
2024-04-28,F01,Free,90585,1507011,0,1657.71,0.0,1661.0,0.0048,0.0
2024-04-29,F01,Free,82682,1348605,0,1483.47,0.0,1921.0,0.0068,0.0
2024-04-30,F01,Free,85085,1325148,0,1457.66,0.0,1852.0,0.0028,0.0
2024-05-01,F01,Free,80261,1332765,0,1466.04,0.0,1634.0,0.0032,0.0
2024-05-02,F01,Free,87006,1372056,0,1509.26,0.0,1839.0,0.0048,0.0
2024-05-03,F01,Free,85823,1443744,0,1588.12,0.0,1917.0,0.0035,0.0
2024-05-04,F01,Free,89737,1439831,0,1583.81,0.0,1780.0,0.006,0.0
2024-05-05,F01,Free,96346,1549098,0,1704.01,0.0,1855.0,0.0051,0.0
2024-05-06,F01,Free,84510,1406584,0,1547.24,0.0,1752.0,0.0028,0.0
2024-05-07,F01,Free,83620,1370110,0,1507.12,0.0,1823.0,0.0038,0.0
2024-05-08,F01,Free,76167,1362566,0,1498.82,0.0,1821.0,0.0037,0.0
2024-05-09,F01,Free,86100,1392232,0,1531.46,0.0,1694.0,0.0055,0.0
2024-05-10,F01,Free,87966,1440471,0,1584.52,0.0,1843.0,0.0042,0.0
2024-05-11,F01,Free,92719,1543430,0,1697.77,0.0,1769.0,0.0047,0.0
2024-05-12,F01,Free,93448,1595966,0,1755.56,0.0,1812.0,0.004,0.0
2024-05-13,F01,Free,84366,1451641,0,1596.81,0.0,2017.0,0.0038,0.0
2024-05-14,F01,Free,79126,1383320,0,1521.65,0.0,1978.0,0.0032,0.0
2024-05-15,F01,Free,88998,1396150,0,1535.76,0.0,1813.0,0.0045,0.0
2024-05-16,F01,Free,86984,1448491,0,1593.34,0.0,1795.0,0.0037,0.0
2024-05-17,F01,Free,88610,1492882,0,1642.17,0.0,1870.0,0.0046,0.0
2024-05-18,F01,Free,89310,1524023,0,1676.42,0.0,1759.0,0.0041,0.0
2024-05-19,F01,Free,103444,1589497,0,1748.45,0.0,1910.0,0.0043,0.0
2024-05-20,F01,Free,83055,1414561,0,1556.02,0.0,1843.0,0.0038,0.0
2024-05-21,F01,Free,79471,1353308,0,1488.64,0.0,1870.0,0.0048,0.0
2024-05-22,F01,Free,91606,1392327,0,1531.56,0.0,1652.0,0.0046,0.0
2024-05-23,F01,Free,94366,1481163,0,1629.28,0.0,1720.0,0.0052,0.0
2024-05-24,F01,Free,87782,1509004,0,1659.9,0.0,1684.0,0.0039,0.0
2024-05-25,F01,Free,95111,1515486,0,1667.03,0.0,1843.0,0.0067,0.0
2024-05-26,F01,Free,93726,1546623,0,1701.29,0.0,1660.0,0.0035,0.0
2024-05-27,F01,Free,88420,1468279,0,1615.11,0.0,1737.0,0.0056,0.0
2024-05-28,F01,Free,81500,1376307,0,1513.94,0.0,1782.0,0.0048,0.0
2024-05-29,F01,Free,85813,1422907,0,1565.2,0.0,1864.0,0.0052,0.0
2024-05-30,F01,Free,86733,1404344,0,1544.78,0.0,1735.0,0.0034,0.0
2024-05-31,F01,Free,88134,1467263,0,1613.99,0.0,1821.0,0.0051,0.0
2024-06-01,F01,Free,87026,1546162,0,1700.78,0.0,1756.0,0.0036,0.0
2024-06-02,F01,Free,100849,1570690,0,1727.76,0.0,1737.0,0.0041,0.0
2024-06-03,F01,Free,98109,1531667,0,1684.83,0.0,1675.0,0.0032,0.0
2024-06-04,F01,Free,84694,1407175,0,1547.89,0.0,1872.0,0.0032,0.0
2024-06-05,F01,Free,83512,1440184,0,1584.2,0.0,1750.0,0.0083,0.0
2024-06-06,F01,Free,78840,1350022,0,1485.02,0.0,1807.0,0.0061,0.0
2024-06-07,F01,Free,93370,1529906,0,1682.9,0.0,1747.0,0.0042,0.0
2024-06-08,F01,Free,93323,1617762,0,1779.54,0.0,1776.0,0.0035,0.0
2024-06-09,F01,Free,98630,1565417,0,1721.96,0.0,1887.0,0.0038,0.0
2024-06-10,F01,Free,84119,1416942,0,1558.64,0.0,1706.0,0.0064,0.0
2024-06-11,F01,Free,78503,1438072,0,1581.88,0.0,1889.0,0.0052,0.0
2024-06-12,F01,Free,81558,1385338,0,1523.87,0.0,1801.0,0.0054,0.0
2024-06-13,F01,Free,92756,1492997,0,1642.3,0.0,1808.0,0.0038,0.0
2024-06-14,F01,Free,103102,1531541,0,1684.7,0.0,1789.0,0.0047,0.0
2024-06-15,F01,Free,108267,1637361,0,1801.1,0.0,1787.0,0.0042,0.0
2024-06-16,F01,Free,98075,1649508,0,1814.46,0.0,1844.0,0.0056,0.0
2024-06-17,F01,Free,87724,1437133,0,1580.85,0.0,1827.0,0.005,0.0
2024-06-18,F01,Free,96206,1520598,0,1672.66,0.0,1792.0,0.004,0.0
2024-06-19,F01,Free,85895,1429291,0,1572.22,0.0,1729.0,0.0049,0.0
2024-06-20,F01,Free,87295,1493814,0,1643.2,0.0,1868.0,0.0041,0.0
2024-06-21,F01,Free,104938,1646870,0,1811.56,0.0,1705.0,0.0066,0.0
2024-06-22,F01,Free,96071,1617762,0,1779.54,0.0,1887.0,0.0052,0.0
2024-06-23,F01,Free,94649,1577822,0,1735.6,0.0,1978.0,0.0054,0.0
2024-06-24,F01,Free,93720,1471244,0,1618.37,0.0,1833.0,0.0031,0.0
2024-06-25,F01,Free,82526,1444237,0,1588.66,0.0,1778.0,0.0055,0.0
2024-06-26,F01,Free,100408,1530299,0,1683.33,0.0,1831.0,0.0046,0.0
2024-06-27,F01,Free,94742,1521277,0,1673.4,0.0,1844.0,0.0031,0.0
2024-06-28,F01,Free,96686,1581528,0,1739.68,0.0,1799.0,0.0058,0.0
2024-06-29,F01,Free,100970,1601884,0,1762.07,0.0,1811.0,0.0049,0.0
2024-06-30,F01,Free,94906,1641660,0,1805.83,0.0,2044.0,0.0037,0.0
2024-07-01,F01,Free,93625,1541204,0,1695.32,0.0,2187.0,0.0038,0.0
2024-07-02,F01,Free,88503,1490878,0,1639.97,0.0,2124.0,0.0052,0.0
2024-07-03,F01,Free,92824,1568772,0,1725.65,0.0,2088.0,0.0047,0.0
2024-07-04,F01,Free,85376,1470819,0,1617.9,0.0,2162.0,0.0042,0.0
2024-07-05,F01,Free,106330,1620040,0,1782.04,0.0,2076.0,0.006,0.0
2024-07-06,F01,Free,108226,1705642,0,1876.21,0.0,2030.0,0.0057,0.0
2024-07-07,F01,Free,106067,1698148,0,1867.96,0.0,2026.0,0.0035,0.0
2024-07-08,F01,Free,94976,1644165,0,1808.58,0.0,1983.0,0.0049,0.0
2024-07-09,F01,Free,92707,1614577,0,1776.03,0.0,2083.0,0.0056,0.0
2024-07-10,F01,Free,94560,1651816,0,1817.0,0.0,1998.0,0.0049,0.0
2024-07-11,F01,Free,90157,1558959,0,1714.85,0.0,1777.0,0.0037,0.0
2024-07-12,F01,Free,101349,1665484,0,1832.03,0.0,1766.0,0.0053,0.0
2024-07-13,F01,Free,104208,1802200,0,1982.42,0.0,1794.0,0.0042,0.0
2024-07-14,F01,Free,102513,1699321,0,1869.25,0.0,1807.0,0.0039,0.0
2024-07-15,F01,Free,97534,1668586,0,1835.44,0.0,1721.0,0.0037,0.0
2024-07-16,F01,Free,100999,1589760,0,1748.74,0.0,1793.0,0.0037,0.0
2024-07-17,F01,Free,98464,1617776,0,1779.55,0.0,1793.0,0.0053,0.0
2024-07-18,F01,Free,97548,1629617,0,1792.58,0.0,1852.0,0.0048,0.0
2024-07-19,F01,Free,106153,1724598,0,1897.06,0.0,1895.0,0.0027,0.0
2024-07-20,F01,Free,113345,1813095,0,1994.4,0.0,1919.0,0.0041,0.0
2024-07-21,F01,Free,106571,1850460,0,2035.51,0.0,1766.0,0.0039,0.0
2024-07-22,F01,Free,100863,1598539,0,1758.39,0.0,1775.0,0.004,0.0
2024-07-23,F01,Free,92260,1564615,0,1721.08,0.0,1779.0,0.004,0.0
2024-07-24,F01,Free,98226,1668827,0,1835.71,0.0,1789.0,0.0039,0.0
2024-07-25,F01,Free,98285,1639933,0,1803.93,0.0,1857.0,0.0046,0.0
2024-07-26,F01,Free,105266,1686706,0,1855.38,0.0,1770.0,0.0055,0.0
2024-07-27,F01,Free,108798,1716344,0,1887.98,0.0,1813.0,0.0041,0.0
2024-07-28,F01,Free,110328,1768937,0,1945.83,0.0,1855.0,0.0031,0.0
2024-07-29,F01,Free,101175,1588542,0,1747.4,0.0,1894.0,0.0043,0.0
2024-07-30,F01,Free,87052,1498897,0,1648.79,0.0,1795.0,0.0037,0.0
2024-07-31,F01,Free,102911,1598980,0,1758.88,0.0,1790.0,0.0033,0.0
2024-08-01,F01,Free,96250,1609292,0,1770.22,0.0,1894.0,0.0036,0.0
2024-08-02,F01,Free,101002,1721283,0,1893.41,0.0,1983.0,0.0071,0.0
2024-08-03,F01,Free,111722,1714980,0,1886.48,0.0,1837.0,0.0054,0.0
2024-08-04,F01,Free,103454,1694622,0,1864.08,0.0,1774.0,0.0045,0.0
2024-08-05,F01,Free,92782,1625560,0,1788.12,0.0,1721.0,0.0056,0.0
2024-08-06,F01,Free,94393,1516564,0,1668.22,0.0,1712.0,0.0042,0.0
2024-08-07,F01,Free,95805,1561104,0,1717.21,0.0,1950.0,0.0034,0.0
2024-08-08,F01,Free,102854,1643961,0,1808.36,0.0,1701.0,0.0042,0.0
2024-08-09,F01,Free,103760,1611576,0,1772.73,0.0,1809.0,0.0056,0.0
2024-08-10,F01,Free,97708,1718661,0,1890.53,0.0,1785.0,0.005,0.0
2024-08-11,F01,Free,94663,1619982,0,1781.98,0.0,1675.0,0.0042,0.0
2024-08-12,F01,Free,91754,1536723,0,1690.4,0.0,2015.0,0.0029,0.0
2024-08-13,F01,Free,86436,1520982,0,1673.08,0.0,1866.0,0.0045,0.0
2024-08-14,F01,Free,90768,1505743,0,1656.32,0.0,1886.0,0.0044,0.0
2024-08-15,F01,Free,99531,1556931,0,1712.62,0.0,1757.0,0.0048,0.0
2024-08-16,F01,Free,104763,1615181,0,1776.7,0.0,1804.0,0.0055,0.0
2024-08-17,F01,Free,109769,1779118,0,1957.03,0.0,1909.0,0.0032,0.0
2024-08-18,F01,Free,102464,1677255,0,1844.98,0.0,1900.0,0.0036,0.0
2024-08-19,F01,Free,100164,1568359,0,1725.19,0.0,1689.0,0.0023,0.0
2024-08-20,F01,Free,101764,1633302,0,1796.63,0.0,1720.0,0.0037,0.0
2024-08-21,F01,Free,93531,1556552,0,1712.21,0.0,1950.0,0.0043,0.0
2024-08-22,F01,Free,103520,1612495,0,1773.74,0.0,1788.0,0.0053,0.0
2024-08-23,F01,Free,102187,1667670,0,1834.44,0.0,1788.0,0.0042,0.0
2024-08-24,F01,Free,94441,1675472,0,1843.02,0.0,1728.0,0.0048,0.0
2024-08-25,F01,Free,103133,1680515,0,1848.57,0.0,1743.0,0.0048,0.0
2024-08-26,F01,Free,96289,1543931,0,1698.32,0.0,2007.0,0.0051,0.0
2024-08-27,F01,Free,102703,1609524,0,1770.48,0.0,1761.0,0.0038,0.0
2024-08-28,F01,Free,99624,1650534,0,1815.59,0.0,1833.0,0.0047,0.0
2024-08-29,F01,Free,91790,1555263,0,1710.79,0.0,1871.0,0.0058,0.0
2024-08-30,F01,Free,97750,1620981,0,1783.08,0.0,1831.0,0.0043,0.0
2024-08-31,F01,Free,106443,1749837,0,1924.82,0.0,1658.0,0.006,0.0
2024-09-01,F01,Free,104747,1707102,0,1877.81,0.0,1759.0,0.0032,0.0
2024-09-02,F01,Free,99704,1650896,0,1815.99,0.0,1807.0,0.0034,0.0
2024-09-03,F01,Free,92478,1530483,0,1683.53,0.0,1771.0,0.0045,0.0
2024-09-04,F01,Free,90076,1577619,0,1735.38,0.0,1884.0,0.0036,0.0
2024-09-05,F01,Free,105402,1641996,0,1806.2,0.0,1907.0,0.0052,0.0
2024-09-06,F01,Free,105006,1687176,0,1855.89,0.0,1836.0,0.0056,0.0
2024-09-07,F01,Free,108419,1850749,0,2035.82,0.0,1725.0,0.0069,0.0
2024-09-08,F01,Free,110883,1719535,0,1891.49,0.0,1893.0,0.004,0.0
2024-09-09,F01,Free,96924,1588158,0,1746.97,0.0,1780.0,0.0051,0.0
2024-09-10,F01,Free,92347,1531277,0,1684.41,0.0,1807.0,0.0031,0.0
2024-09-11,F01,Free,95594,1636842,0,1800.53,0.0,1774.0,0.0035,0.0
2024-09-12,F01,Free,91864,1590795,0,1749.87,0.0,1763.0,0.0045,0.0
2024-09-13,F01,Free,97780,1670518,0,1837.57,0.0,1924.0,0.0032,0.0
2024-09-14,F01,Free,104801,1766024,0,1942.63,0.0,1781.0,0.0066,0.0
2024-09-15,F01,Free,97177,1685869,0,1854.46,0.0,1770.0,0.0034,0.0
2024-09-16,F01,Free,97991,1614042,0,1775.45,0.0,1682.0,0.0027,0.0
2024-09-17,F01,Free,88643,1532818,0,1686.1,0.0,1842.0,0.0041,0.0
2024-09-18,F01,Free,96979,1565297,0,1721.83,0.0,1914.0,0.0025,0.0
2024-09-19,F01,Free,99496,1608471,0,1769.32,0.0,1930.0,0.0036,0.0
2024-09-20,F01,Free,107793,1798657,0,1978.52,0.0,1830.0,0.0039,0.0
2024-09-21,F01,Free,104168,1697453,0,1867.2,0.0,1764.0,0.0032,0.0
2024-09-22,F01,Free,101521,1718007,0,1889.81,0.0,1837.0,0.005,0.0
2024-09-23,F01,Free,106284,1701483,0,1871.63,0.0,1906.0,0.0032,0.0
2024-09-24,F01,Free,94247,1608958,0,1769.85,0.0,1853.0,0.0071,0.0
2024-09-25,F01,Free,96057,1710185,0,1881.2,0.0,1773.0,0.0039,0.0
2024-09-26,F01,Free,103430,1681338,0,1849.47,0.0,1750.0,0.0049,0.0
2024-09-27,F01,Free,104664,1675712,0,1843.28,0.0,1796.0,0.0044,0.0
2024-09-28,F01,Free,103970,1681417,0,1849.56,0.0,1801.0,0.0032,0.0
2024-09-29,F01,Free,108211,1806295,0,1986.92,0.0,1897.0,0.0057,0.0
2024-09-30,F01,Free,100739,1638689,0,1802.56,0.0,1716.0,0.004,0.0
2024-10-01,F01,Free,96689,1635893,0,1799.48,0.0,1715.0,0.0037,0.0
2024-10-02,F01,Free,100876,1714111,0,1885.52,0.0,1786.0,0.0041,0.0
2024-10-03,F01,Free,101355,1696946,0,1866.64,0.0,1705.0,0.0042,0.0
2024-10-04,F01,Free,106724,1742697,0,1916.97,0.0,1712.0,0.0041,0.0
2024-10-05,F01,Free,109089,1824782,0,2007.26,0.0,1817.0,0.0052,0.0
2024-10-06,F01,Free,111149,1797927,0,1977.72,0.0,1920.0,0.004,0.0
2024-10-07,F01,Free,104501,1689439,0,1858.38,0.0,1764.0,0.0044,0.0
2024-10-08,F01,Free,106662,1617519,0,1779.27,0.0,1683.0,0.0038,0.0
2024-10-09,F01,Free,104024,1717275,0,1889.0,0.0,1697.0,0.0048,0.0
2024-10-10,F01,Free,106815,1693483,0,1862.83,0.0,1790.0,0.0039,0.0
2024-10-11,F01,Free,106394,1746412,0,1921.05,0.0,1804.0,0.0038,0.0
2024-10-12,F01,Free,116664,1844531,0,2028.98,0.0,1808.0,0.0041,0.0
2024-10-13,F01,Free,107158,1842469,0,2026.72,0.0,1908.0,0.0028,0.0
2024-10-14,F01,Free,111606,1721451,0,1893.6,0.0,1962.0,0.0055,0.0
2024-10-15,F01,Free,102110,1614688,0,1776.16,0.0,1806.0,0.0028,0.0
2024-10-16,F01,Free,106170,1610244,0,1771.27,0.0,1703.0,0.0028,0.0
2024-10-17,F01,Free,105287,1666487,0,1833.14,0.0,1866.0,0.0043,0.0
2024-10-18,F01,Free,104367,1763213,0,1939.53,0.0,1854.0,0.0036,0.0
2024-10-19,F01,Free,109666,1813857,0,1995.24,0.0,1866.0,0.003,0.0
2024-10-20,F01,Free,118003,1964940,0,2161.43,0.0,1656.0,0.0052,0.0
2024-10-21,F01,Free,101665,1648936,0,1813.83,0.0,1959.0,0.0042,0.0
2024-10-22,F01,Free,114954,1707332,0,1878.07,0.0,1693.0,0.0023,0.0
2024-10-23,F01,Free,103740,1650247,0,1815.27,0.0,1622.0,0.0024,0.0
2024-10-24,F01,Free,105707,1723351,0,1895.69,0.0,1972.0,0.0045,0.0
2024-10-25,F01,Free,102169,1746360,0,1921.0,0.0,1733.0,0.0038,0.0
2024-10-26,F01,Free,115248,1906656,0,2097.32,0.0,1660.0,0.0076,0.0
2024-10-27,F01,Free,110266,1772020,0,1949.22,0.0,1905.0,0.0046,0.0
2024-10-28,F01,Free,113907,1747071,0,1921.78,0.0,2087.0,0.0041,0.0
2024-10-29,F01,Free,100583,1648306,0,1813.14,0.0,1986.0,0.0023,0.0
2024-10-30,F01,Free,102420,1691396,0,1860.54,0.0,2147.0,0.0033,0.0
2024-10-31,F01,Free,103091,1669967,0,1836.96,0.0,1963.0,0.0029,0.0
2024-11-01,F01,Free,111269,1886286,0,2074.91,0.0,1941.0,0.0032,0.0
2024-11-02,F01,Free,115519,1939914,0,2133.91,0.0,1741.0,0.0053,0.0
2024-11-03,F01,Free,122708,1989337,0,2188.27,0.0,1728.0,0.004,0.0
2024-11-04,F01,Free,111040,1879122,0,2067.03,0.0,1757.0,0.004,0.0
2024-11-05,F01,Free,116025,1766048,0,1942.65,0.0,1776.0,0.0042,0.0
2024-11-06,F01,Free,101953,1734108,0,1907.52,0.0,1728.0,0.0025,0.0
2024-11-07,F01,Free,109606,1833826,0,2017.21,0.0,1742.0,0.0041,0.0
2024-11-08,F01,Free,112941,1823206,0,2005.53,0.0,1791.0,0.0048,0.0
2024-11-09,F01,Free,115578,2037394,0,2241.13,0.0,1822.0,0.0044,0.0
2024-11-10,F01,Free,127386,1981167,0,2179.28,0.0,1811.0,0.0031,0.0
2024-11-11,F01,Free,102135,1790750,0,1969.82,0.0,1861.0,0.0047,0.0
2024-11-12,F01,Free,111728,1778508,0,1956.36,0.0,1923.0,0.0037,0.0
2024-11-13,F01,Free,113286,1816034,0,1997.64,0.0,1866.0,0.0041,0.0
2024-11-14,F01,Free,106231,1851420,0,2036.56,0.0,1869.0,0.0034,0.0
2024-11-15,F01,Free,110613,1790763,0,1969.84,0.0,1850.0,0.0031,0.0
2024-11-16,F01,Free,111946,1936336,0,2129.97,0.0,1735.0,0.0041,0.0
2024-11-17,F01,Free,115268,1955680,0,2151.25,0.0,1916.0,0.005,0.0
2024-11-18,F01,Free,112137,1897876,0,2087.66,0.0,1817.0,0.0054,0.0
2024-11-19,F01,Free,105042,1740674,0,1914.74,0.0,1679.0,0.0045,0.0
2024-11-20,F01,Free,112701,1851246,0,2036.37,0.0,1784.0,0.0041,0.0
2024-11-21,F01,Free,110695,1895521,0,2085.07,0.0,1728.0,0.0039,0.0
2024-11-22,F01,Free,107636,1860945,0,2047.04,0.0,2158.0,0.0024,0.0
2024-11-23,F01,Free,125502,2060910,0,2267.0,0.0,2098.0,0.0034,0.0
2024-11-24,F01,Free,118634,1997918,0,2197.71,0.0,2127.0,0.0029,0.0
2024-11-25,F01,Free,120167,1961312,0,2157.44,0.0,2010.0,0.005,0.0
2024-11-26,F01,Free,113614,1945504,0,2140.05,0.0,2166.0,0.0051,0.0
2024-11-27,F01,Free,123906,2017493,0,2219.24,0.0,1888.0,0.0062,0.0
2024-11-28,F01,Free,123171,1999162,0,2199.08,0.0,2097.0,0.0051,0.0
2024-11-29,F01,Free,116433,2047460,0,2252.21,0.0,2083.0,0.0037,0.0
2024-11-30,F01,Free,135879,2248186,0,2473.0,0.0,2112.0,0.004,0.0
2024-12-01,F01,Free,135076,2107210,0,2317.93,0.0,1989.0,0.0035,0.0
2024-12-02,F01,Free,134737,2164295,0,2380.72,0.0,2122.0,0.0051,0.0
2024-12-03,F01,Free,121632,2030840,0,2233.92,0.0,1805.0,0.0035,0.0
2024-12-04,F01,Free,129285,2090470,0,2299.52,0.0,1736.0,0.0036,0.0
2024-12-05,F01,Free,132583,2185538,0,2404.09,0.0,1692.0,0.0038,0.0
2024-12-06,F01,Free,140280,2192236,0,2411.46,0.0,1852.0,0.0028,0.0
2024-12-07,F01,Free,149735,2433608,0,2676.97,0.0,1699.0,0.0058,0.0
2024-12-08,F01,Free,134284,2226916,0,2449.61,0.0,1790.0,0.0027,0.0
2024-12-09,F01,Free,126906,2030678,0,2233.75,0.0,1786.0,0.0045,0.0
2024-12-10,F01,Free,119192,2097945,0,2307.74,0.0,1935.0,0.0051,0.0
2024-12-11,F01,Free,129536,2004892,0,2205.38,0.0,1643.0,0.0033,0.0
2024-12-12,F01,Free,136126,2087928,0,2296.72,0.0,1647.0,0.0041,0.0
2024-12-13,F01,Free,138700,2327851,0,2560.64,0.0,1818.0,0.004,0.0
2024-12-14,F01,Free,152834,2366067,0,2602.67,0.0,1978.0,0.0036,0.0
2024-12-15,F01,Free,129551,2162350,0,2378.59,0.0,1802.0,0.0046,0.0
2024-12-16,F01,Free,129529,2153964,0,2369.36,0.0,1649.0,0.0068,0.0
2024-12-17,F01,Free,126150,2138510,0,2352.36,0.0,1749.0,0.0048,0.0
2024-12-18,F01,Free,130741,2107403,0,2318.14,0.0,1796.0,0.0035,0.0
2024-12-19,F01,Free,131697,2193186,0,2412.5,0.0,1791.0,0.0051,0.0
2024-12-20,F01,Free,142682,2352539,0,2587.79,0.0,1784.0,0.0057,0.0
2024-12-21,F01,Free,145891,2385830,0,2624.41,0.0,1732.0,0.0063,0.0
2024-12-22,F01,Free,148791,2341096,0,2575.21,0.0,1872.0,0.0031,0.0
2024-12-23,F01,Free,144086,2185041,0,2403.55,0.0,1851.0,0.0025,0.0
2024-12-24,F01,Free,122889,2036051,0,2239.66,0.0,1817.0,0.0044,0.0
2024-12-25,F01,Free,119021,2001285,0,2201.41,0.0,1828.0,0.0031,0.0
2024-12-26,F01,Free,122623,2072727,0,2280.0,0.0,2096.0,0.0044,0.0
2024-12-27,F01,Free,115083,2059219,0,2265.14,0.0,1976.0,0.0048,0.0
2024-12-28,F01,Free,132765,2125754,0,2338.33,0.0,2091.0,0.0035,0.0
2024-12-29,F01,Free,138557,2158798,0,2374.68,0.0,2011.0,0.0042,0.0
2024-12-30,F01,Free,125829,2010289,0,2211.32,0.0,2041.0,0.004,0.0
2024-12-31,F01,Free,127879,1975673,0,2173.24,0.0,1994.0,0.0033,0.0
2025-01-01,F01,Free,120475,1865922,0,2052.51,0.0,2092.0,0.0033,0.0
2025-01-02,F01,Free,117573,1885289,0,2073.82,0.0,2007.0,0.0044,0.0
2025-01-03,F01,Free,137096,2113875,0,2325.26,0.0,2262.0,0.0034,0.0
2025-01-04,F01,Free,130193,2161492,0,2377.64,0.0,2257.0,0.0033,0.0
2025-01-05,F01,Free,131292,2168915,0,2385.81,0.0,2059.0,0.003,0.0
2025-01-06,F01,Free,118777,1934406,0,2127.85,0.0,2173.0,0.0034,0.0
2025-01-07,F01,Free,121735,2006841,0,2207.53,0.0,1716.0,0.0039,0.0
2025-01-08,F01,Free,132002,2141614,0,2355.78,0.0,1900.0,0.0037,0.0
2025-01-09,F01,Free,124413,2000740,0,2200.81,0.0,1600.0,0.0032,0.0
2025-01-10,F01,Free,132023,2116277,0,2327.9,0.0,1875.0,0.0044,0.0
2025-01-11,F01,Free,129292,2232301,0,2455.53,0.0,1695.0,0.0032,0.0
2025-01-12,F01,Free,133616,2259622,0,2485.58,0.0,1945.0,0.0039,0.0
2025-01-13,F01,Free,129810,2105831,0,2316.41,0.0,1711.0,0.0038,0.0
2025-01-14,F01,Free,125291,2040428,0,2244.47,0.0,1815.0,0.0037,0.0
2025-01-15,F01,Free,125898,2095421,0,2304.96,0.0,1704.0,0.0057,0.0
2025-01-16,F01,Free,132144,2146716,0,2361.39,0.0,1915.0,0.0031,0.0
2025-01-17,F01,Free,136768,2223520,0,2445.87,0.0,1730.0,0.0049,0.0
2025-01-18,F01,Free,128886,2122554,0,2334.81,0.0,1751.0,0.0061,0.0
2025-01-19,F01,Free,147532,2443546,0,2687.9,0.0,1720.0,0.0033,0.0
2025-01-20,F01,Free,112833,2017989,0,2219.79,0.0,1933.0,0.0027,0.0
2025-01-21,F01,Free,134195,2123884,0,2336.27,0.0,1842.0,0.0035,0.0
2025-01-22,F01,Free,121870,1962900,0,2159.19,0.0,1850.0,0.0044,0.0
2025-01-23,F01,Free,120744,2033216,0,2236.54,0.0,1926.0,0.0055,0.0
2025-01-24,F01,Free,132135,2233583,0,2456.94,0.0,1781.0,0.0047,0.0
2025-01-25,F01,Free,145593,2322285,0,2554.51,0.0,1686.0,0.0041,0.0
2025-01-26,F01,Free,138489,2177818,0,2395.6,0.0,1861.0,0.0055,0.0
2025-01-27,F01,Free,112373,1928766,0,2121.64,0.0,1862.0,0.0031,0.0
2025-01-28,F01,Free,117976,2018994,0,2220.89,0.0,1781.0,0.0033,0.0
2025-01-29,F01,Free,123398,2100309,0,2310.34,0.0,1804.0,0.0036,0.0
2025-01-30,F01,Free,128634,2004598,0,2205.06,0.0,1998.0,0.0026,0.0
2025-01-31,F01,Free,119852,2091585,0,2300.74,0.0,1724.0,0.0031,0.0
2025-02-01,F01,Free,141523,2259730,0,2485.7,0.0,1630.0,0.0039,0.0
2025-02-02,F01,Free,135831,2165694,0,2382.26,0.0,1814.0,0.0044,0.0
2025-02-03,F01,Free,118046,1961069,0,2157.18,0.0,1934.0,0.0035,0.0
2025-02-04,F01,Free,129487,2030403,0,2233.44,0.0,1777.0,0.0035,0.0
2025-02-05,F01,Free,120715,2100539,0,2310.59,0.0,1697.0,0.0052,0.0
2025-02-06,F01,Free,123480,2012359,0,2213.59,0.0,1777.0,0.0036,0.0
2025-02-07,F01,Free,125018,2018101,0,2219.91,0.0,2054.0,0.0031,0.0
2025-02-08,F01,Free,141588,2189043,0,2407.95,0.0,2170.0,0.0033,0.0
2025-02-09,F01,Free,149540,2406127,0,2646.74,0.0,2154.0,0.0037,0.0
2025-02-10,F01,Free,122614,2067730,0,2274.5,0.0,2275.0,0.0033,0.0
2025-02-11,F01,Free,127653,1968743,0,2165.62,0.0,2029.0,0.0035,0.0
2025-02-12,F01,Free,137605,2197439,0,2417.18,0.0,1993.0,0.0035,0.0
2025-02-13,F01,Free,133557,2141936,0,2356.13,0.0,1932.0,0.0044,0.0
2025-02-14,F01,Free,135889,2257565,0,2483.32,0.0,2015.0,0.0031,0.0
2025-02-15,F01,Free,137347,2290725,0,2519.8,0.0,2206.0,0.0025,0.0
2025-02-16,F01,Free,144028,2358689,0,2594.56,0.0,1755.0,0.0046,0.0
2025-02-17,F01,Free,119683,2061042,0,2267.15,0.0,1870.0,0.0045,0.0
2025-02-18,F01,Free,120160,2037318,0,2241.05,0.0,1715.0,0.0031,0.0
2025-02-19,F01,Free,127880,2124994,0,2337.49,0.0,1744.0,0.0031,0.0
2025-02-20,F01,Free,131092,2242502,0,2466.75,0.0,1882.0,0.0041,0.0
2025-02-21,F01,Free,129410,2150802,0,2365.88,0.0,1778.0,0.0041,0.0
2025-02-22,F01,Free,144377,2411181,0,2652.3,0.0,1694.0,0.0043,0.0
2025-02-23,F01,Free,142991,2446869,0,2691.56,0.0,1939.0,0.0038,0.0
2025-02-24,F01,Free,131076,2171559,0,2388.72,0.0,1887.0,0.0039,0.0
2025-02-25,F01,Free,131860,2202780,0,2423.06,0.0,1765.0,0.0048,0.0
2025-02-26,F01,Free,131127,2191794,0,2410.97,0.0,1936.0,0.0035,0.0
2025-02-27,F01,Free,130805,2144129,0,2358.54,0.0,1975.0,0.003,0.0
2025-02-28,F01,Free,141384,2338373,0,2572.21,0.0,1852.0,0.0046,0.0
2025-03-01,F01,Free,142923,2386409,0,2625.05,0.0,1823.0,0.0089,0.0
2025-03-02,F01,Free,157168,2473415,0,2720.76,0.0,1967.0,0.0028,0.0
2025-03-03,F01,Free,137497,2161755,0,2377.93,0.0,1834.0,0.0036,0.0
2025-03-04,F01,Free,140158,2301119,0,2531.23,0.0,1860.0,0.0029,0.0
2025-03-05,F01,Free,124054,2144678,0,2359.15,0.0,1799.0,0.0051,0.0
2025-03-06,F01,Free,138115,2254613,0,2480.07,0.0,1799.0,0.0039,0.0
2025-03-07,F01,Free,132138,2385384,0,2623.92,0.0,1844.0,0.0065,0.0
2025-03-08,F01,Free,137573,2361905,0,2598.1,0.0,1729.0,0.0023,0.0
2025-03-09,F01,Free,148550,2385584,0,2624.14,0.0,1909.0,0.0045,0.0
2025-03-10,F01,Free,131745,2230047,0,2453.05,0.0,1728.0,0.0035,0.0
2025-03-11,F01,Free,130447,2127933,0,2340.73,0.0,1505.0,0.005,0.0
2025-03-12,F01,Free,121350,2090358,0,2299.39,0.0,1845.0,0.0043,0.0
2025-03-13,F01,Free,130955,2126915,0,2339.61,0.0,1843.0,0.004,0.0
2025-03-14,F01,Free,132823,2252183,0,2477.4,0.0,1857.0,0.0023,0.0
2025-03-15,F01,Free,136749,2334402,0,2567.84,0.0,2001.0,0.004,0.0
2025-03-16,F01,Free,131899,2125151,0,2337.67,0.0,1845.0,0.0037,0.0
2025-03-17,F01,Free,123023,2052597,0,2257.86,0.0,1857.0,0.0057,0.0
2025-03-18,F01,Free,128899,2049740,0,2254.71,0.0,1881.0,0.0049,0.0
2025-03-19,F01,Free,124847,2114506,0,2325.96,0.0,1906.0,0.0044,0.0
2025-03-20,F01,Free,132185,2172755,0,2390.03,0.0,1772.0,0.004,0.0
2025-03-21,F01,Free,133038,2259881,0,2485.87,0.0,1738.0,0.004,0.0
2025-03-22,F01,Free,151476,2238847,0,2462.73,0.0,1638.0,0.0032,0.0
2025-03-23,F01,Free,147743,2319531,0,2551.48,0.0,1940.0,0.0071,0.0
2025-03-24,F01,Free,129923,2202708,0,2422.98,0.0,1826.0,0.0035,0.0
2025-03-25,F01,Free,121235,1981754,0,2179.93,0.0,1892.0,0.0031,0.0
2025-03-26,F01,Free,121505,2146012,0,2360.61,0.0,1745.0,0.0033,0.0
2025-03-27,F01,Free,133982,2111746,0,2322.92,0.0,1878.0,0.0039,0.0
2025-03-28,F01,Free,125462,2207937,0,2428.73,0.0,1723.0,0.0027,0.0
2025-03-29,F01,Free,153803,2403158,0,2643.47,0.0,1737.0,0.0036,0.0
2025-03-30,F01,Free,143449,2388381,0,2627.22,0.0,1846.0,0.0038,0.0
2025-03-31,F01,Free,128583,2085345,0,2293.88,0.0,1809.0,0.0027,0.0
2025-04-01,F01,Free,130649,2097682,0,2307.45,0.0,1893.0,0.0037,0.0
2025-04-02,F01,Free,117173,2056579,0,2262.24,0.0,1732.0,0.0037,0.0
2025-04-03,F01,Free,137879,2152819,0,2368.1,0.0,1963.0,0.0044,0.0
2025-04-04,F01,Free,142668,2327768,0,2560.54,0.0,1988.0,0.0033,0.0
2025-04-05,F01,Free,153616,2433083,0,2676.39,0.0,1677.0,0.0051,0.0
2025-04-06,F01,Free,139685,2331796,0,2564.98,0.0,1847.0,0.0044,0.0
2025-04-07,F01,Free,133788,2104831,0,2315.31,0.0,1686.0,0.0042,0.0
2025-04-08,F01,Free,126194,2086710,0,2295.38,0.0,1777.0,0.0034,0.0
2025-04-09,F01,Free,123877,1986370,0,2185.01,0.0,1765.0,0.0056,0.0
2025-04-10,F01,Free,113753,2086560,0,2295.22,0.0,1855.0,0.0026,0.0
2025-04-11,F01,Free,134974,2227802,0,2450.58,0.0,1745.0,0.0043,0.0
2025-04-12,F01,Free,138467,2334685,0,2568.15,0.0,1899.0,0.0047,0.0
2025-04-13,F01,Free,141215,2388288,0,2627.12,0.0,1558.0,0.0031,0.0
2025-04-14,F01,Free,128538,2160321,0,2376.35,0.0,1758.0,0.0041,0.0
2025-04-15,F01,Free,132729,2153716,0,2369.09,0.0,1828.0,0.0034,0.0
2025-04-16,F01,Free,121142,2143716,0,2358.09,0.0,1789.0,0.004,0.0
2025-04-17,F01,Free,136472,2277503,0,2505.25,0.0,1826.0,0.0034,0.0
2025-04-18,F01,Free,134514,2342117,0,2576.33,0.0,2275.0,0.0045,0.0
2025-04-19,F01,Free,140078,2292493,0,2521.74,0.0,2130.0,0.0035,0.0
2025-04-20,F01,Free,147016,2522651,0,2774.92,0.0,2003.0,0.0051,0.0
2025-04-21,F01,Free,135560,2132426,0,2345.67,0.0,2073.0,0.0052,0.0
2025-04-22,F01,Free,139002,2148373,0,2363.21,0.0,2077.0,0.0039,0.0
2025-04-23,F01,Free,132033,2240197,0,2464.22,0.0,1932.0,0.004,0.0
2025-04-24,F01,Free,141616,2301151,0,2531.27,0.0,1985.0,0.0039,0.0
2025-04-25,F01,Free,152115,2467206,0,2713.93,0.0,2039.0,0.0026,0.0
2025-04-26,F01,Free,158835,2564700,0,2821.17,0.0,1979.0,0.004,0.0
2025-04-27,F01,Free,150609,2410456,0,2651.5,0.0,1969.0,0.0038,0.0
2025-04-28,F01,Free,147157,2411100,0,2652.21,0.0,1701.0,0.0061,0.0
2025-04-29,F01,Free,129292,2207774,0,2428.55,0.0,1770.0,0.0032,0.0
2025-04-30,F01,Free,139580,2302610,0,2532.87,0.0,1644.0,0.0038,0.0
2025-05-01,F01,Free,137968,2181421,0,2399.56,0.0,1772.0,0.0051,0.0
2025-05-02,F01,Free,137867,2437525,0,2681.28,0.0,1858.0,0.003,0.0
2025-05-03,F01,Free,138623,2366637,0,2603.3,0.0,1777.0,0.0055,0.0
2025-05-04,F01,Free,160125,2627783,0,2890.56,0.0,1994.0,0.0042,0.0
2025-05-05,F01,Free,139686,2270678,0,2497.75,0.0,1793.0,0.004,0.0
2025-05-06,F01,Free,136373,2213756,0,2435.13,0.0,1708.0,0.0047,0.0
2025-05-07,F01,Free,151439,2258912,0,2484.8,0.0,1783.0,0.004,0.0
2025-05-08,F01,Free,139839,2287589,0,2516.35,0.0,1783.0,0.0046,0.0
2025-05-09,F01,Free,160997,2592883,0,2852.17,0.0,1863.0,0.0034,0.0
2025-05-10,F01,Free,147158,2489512,0,2738.46,0.0,1850.0,0.0053,0.0
2025-05-11,F01,Free,152233,2464989,0,2711.49,0.0,1916.0,0.0049,0.0
2025-05-12,F01,Free,138374,2286392,0,2515.03,0.0,1856.0,0.0028,0.0
2025-05-13,F01,Free,147415,2314089,0,2545.5,0.0,1925.0,0.0041,0.0
2025-05-14,F01,Free,139837,2296150,0,2525.76,0.0,1835.0,0.0073,0.0
2025-05-15,F01,Free,139273,2328671,0,2561.54,0.0,1888.0,0.003,0.0
2025-05-16,F01,Free,144776,2502438,0,2752.68,0.0,1720.0,0.0035,0.0
2025-05-17,F01,Free,146536,2415097,0,2656.61,0.0,1743.0,0.0042,0.0
2025-05-18,F01,Free,166607,2538715,0,2792.59,0.0,1820.0,0.0051,0.0
2025-05-19,F01,Free,147341,2357686,0,2593.45,0.0,1620.0,0.0031,0.0
2025-05-20,F01,Free,136881,2233315,0,2456.65,0.0,1757.0,0.0047,0.0
2025-05-21,F01,Free,134255,2172587,0,2389.85,0.0,1778.0,0.0061,0.0
2025-05-22,F01,Free,130964,2264788,0,2491.27,0.0,1845.0,0.0044,0.0
2025-05-23,F01,Free,140442,2291510,0,2520.66,0.0,1720.0,0.0047,0.0
2025-05-24,F01,Free,152387,2604000,0,2864.4,0.0,1806.0,0.0049,0.0
2025-05-25,F01,Free,154065,2443203,0,2687.52,0.0,1864.0,0.0059,0.0
2025-05-26,F01,Free,138646,2326855,0,2559.54,0.0,1792.0,0.005,0.0
2025-05-27,F01,Free,131931,2257139,0,2482.85,0.0,1924.0,0.0048,0.0
2025-05-28,F01,Free,144382,2331677,0,2564.84,0.0,1753.0,0.0027,0.0
2025-05-29,F01,Free,151388,2322519,0,2554.77,0.0,1807.0,0.0024,0.0
2025-05-30,F01,Free,144306,2402339,0,2642.57,0.0,1656.0,0.0045,0.0
2025-05-31,F01,Free,157340,2508179,0,2759.0,0.0,1909.0,0.0046,0.0
2025-06-01,F01,Free,145087,2456641,0,2702.31,0.0,1726.0,0.0048,0.0
2025-06-02,F01,Free,138664,2255022,0,2074.62,0.0,1822.0,0.0033,0.0
2025-06-03,F01,Free,138004,2220677,0,2043.02,0.0,1882.0,0.0043,0.0
2025-06-04,F01,Free,133444,2148381,0,1976.51,0.0,1834.0,0.0036,0.0
2025-06-05,F01,Free,130085,2220518,0,2042.88,0.0,1824.0,0.003,0.0
2025-06-06,F01,Free,146290,2500951,0,2300.87,0.0,1804.0,0.0041,0.0
2025-06-07,F01,Free,167651,2580094,0,2373.69,0.0,1716.0,0.0034,0.0
2025-06-08,F01,Free,167930,2631073,0,2420.59,0.0,1857.0,0.0043,0.0
2025-06-09,F01,Free,132602,2187719,0,2012.7,0.0,1817.0,0.0054,0.0
2025-06-10,F01,Free,149849,2329549,0,2143.19,0.0,1831.0,0.0029,0.0
2025-06-11,F01,Free,158578,2387290,0,2196.31,0.0,1894.0,0.0043,0.0
2025-06-12,F01,Free,155273,2331061,0,2144.58,0.0,1728.0,0.0067,0.0
2025-06-13,F01,Free,138153,2321771,0,2136.03,0.0,1828.0,0.004,0.0
2025-06-14,F01,Free,156453,2576621,0,2370.49,0.0,1794.0,0.0038,0.0
2025-06-15,F01,Free,164601,2543960,0,2340.44,0.0,1629.0,0.0037,0.0
2025-06-16,F01,Free,126947,2235928,0,2057.05,0.0,1728.0,0.0045,0.0
2025-06-17,F01,Free,142983,2318093,0,2132.65,0.0,1812.0,0.0039,0.0
2025-06-18,F01,Free,149543,2329230,0,2142.89,0.0,1813.0,0.0027,0.0
2025-06-19,F01,Free,143960,2340729,0,2153.47,0.0,1748.0,0.003,0.0
2025-06-20,F01,Free,141239,2425660,0,2231.61,0.0,1633.0,0.0048,0.0
2025-06-21,F01,Free,152728,2588770,0,2381.67,0.0,1684.0,0.0036,0.0
2025-06-22,F01,Free,157488,2393431,0,2201.96,0.0,1756.0,0.0048,0.0
2025-06-23,F01,Free,139157,2226101,0,2048.01,0.0,1711.0,0.0042,0.0
2025-06-24,F01,Free,136160,2224524,0,2046.56,0.0,1744.0,0.0031,0.0
2025-06-25,F01,Free,157137,2328402,0,2142.13,0.0,1930.0,0.003,0.0
2025-06-26,F01,Free,146037,2232636,0,2054.03,0.0,1730.0,0.0038,0.0
2025-06-27,F01,Free,150959,2430571,0,2236.13,0.0,1786.0,0.0038,0.0
2025-06-28,F01,Free,154591,2669603,0,2456.04,0.0,1798.0,0.0035,0.0
2025-06-29,F01,Free,161830,2563531,0,2358.45,0.0,1713.0,0.0028,0.0
2025-06-30,F01,Free,129635,2229366,0,2051.02,0.0,1712.0,0.006,0.0
2025-07-01,F01,Free,145740,2371850,0,2182.1,0.0,2084.0,0.0037,0.0
2025-07-02,F01,Free,130528,2157793,0,1985.17,0.0,1924.0,0.0073,0.0
2025-07-03,F01,Free,145030,2373791,0,2183.89,0.0,2014.0,0.0049,0.0
2025-07-04,F01,Free,154860,2602489,0,2394.29,0.0,1966.0,0.0036,0.0
2025-07-05,F01,Free,158953,2761962,0,2541.0,0.0,1976.0,0.0049,0.0
2025-07-06,F01,Free,143624,2408079,0,2215.43,0.0,1974.0,0.003,0.0
2025-07-07,F01,Free,147882,2468614,0,2271.12,0.0,2070.0,0.0046,0.0
2025-07-08,F01,Free,148368,2464937,0,2267.74,0.0,1918.0,0.0062,0.0
2025-07-09,F01,Free,157810,2560864,0,2356.0,0.0,2009.0,0.0059,0.0
2025-07-10,F01,Free,155346,2597732,0,2389.91,0.0,1995.0,0.003,0.0
2025-07-11,F01,Free,142074,2518333,0,2316.87,0.0,1731.0,0.0077,0.0
2025-07-12,F01,Free,167320,2751511,0,2531.39,0.0,1853.0,0.0033,0.0
2025-07-13,F01,Free,163224,2611792,0,2402.85,0.0,1682.0,0.0037,0.0
2025-07-14,F01,Free,159860,2501608,0,2301.48,0.0,1658.0,0.0059,0.0
2025-07-15,F01,Free,154157,2443471,0,2247.99,0.0,1861.0,0.0045,0.0
2025-07-16,F01,Free,141184,2326449,0,2140.33,0.0,1695.0,0.0033,0.0
2025-07-17,F01,Free,143916,2345912,0,2158.24,0.0,1894.0,0.0055,0.0
2025-07-18,F01,Free,145668,2527375,0,2325.19,0.0,1541.0,0.0033,0.0
2025-07-19,F01,Free,176210,2899212,0,2667.28,0.0,1617.0,0.0034,0.0
2025-07-20,F01,Free,154937,2738440,0,2519.37,0.0,1702.0,0.0055,0.0
2025-07-21,F01,Free,152872,2417694,0,2224.28,0.0,1812.0,0.0046,0.0
2025-07-22,F01,Free,156463,2455442,0,2259.01,0.0,1869.0,0.0035,0.0
2025-07-23,F01,Free,158415,2483733,0,2285.03,0.0,1739.0,0.0033,0.0
2025-07-24,F01,Free,143225,2550217,0,2346.2,0.0,1629.0,0.0047,0.0
2025-07-25,F01,Free,174587,2750586,0,2530.54,0.0,1823.0,0.0034,0.0
2025-07-26,F01,Free,171064,2811607,0,2586.68,0.0,1713.0,0.0042,0.0
2025-07-27,F01,Free,162463,2761534,0,2540.61,0.0,1674.0,0.0054,0.0
2025-07-28,F01,Free,173538,2591016,0,2383.73,0.0,1659.0,0.0043,0.0
2025-07-29,F01,Free,144678,2581781,0,2375.24,0.0,1779.0,0.0036,0.0
2025-07-30,F01,Free,148243,2618961,0,2409.44,0.0,1724.0,0.0049,0.0
2025-07-31,F01,Free,157164,2483029,0,2284.39,0.0,1888.0,0.0038,0.0
2025-08-01,F01,Free,161966,2624518,0,2414.56,0.0,1741.0,0.0032,0.0
2025-08-02,F01,Free,185717,2930204,0,2695.79,0.0,1700.0,0.0035,0.0
2025-08-03,F01,Free,159291,2721874,0,2504.12,0.0,1687.0,0.0052,0.0
2025-08-04,F01,Free,161126,2535412,0,2332.58,0.0,1675.0,0.0035,0.0
2025-08-05,F01,Free,137117,2447308,0,2251.52,0.0,1645.0,0.0029,0.0
2025-08-06,F01,Free,141127,2431891,0,2237.34,0.0,1773.0,0.0029,0.0
2025-08-07,F01,Free,165227,2482981,0,2284.34,0.0,1560.0,0.0024,0.0
2025-08-08,F01,Free,152633,2525341,0,2323.31,0.0,1753.0,0.0049,0.0
2025-08-09,F01,Free,164733,2595845,0,2388.18,0.0,1705.0,0.007,0.0
2025-08-10,F01,Free,180369,2795834,0,2572.17,0.0,1742.0,0.0043,0.0
2025-08-11,F01,Free,144511,2352389,0,2164.2,0.0,1674.0,0.0047,0.0
2025-08-12,F01,Free,148401,2485304,0,2286.48,0.0,1845.0,0.0028,0.0
2025-08-13,F01,Free,147459,2437519,0,2242.52,0.0,1608.0,0.0055,0.0
2025-08-14,F01,Free,156223,2586345,0,2379.44,0.0,1663.0,0.0049,0.0
2025-08-15,F01,Free,161485,2646493,0,2434.77,0.0,1588.0,0.0052,0.0
2025-08-16,F01,Free,157856,2593341,0,2385.87,0.0,1700.0,0.003,0.0
2025-08-17,F01,Free,154998,2651461,0,2439.34,0.0,1736.0,0.0046,0.0
2025-08-18,F01,Free,142539,2464188,0,2267.05,0.0,1785.0,0.0031,0.0
2025-08-19,F01,Free,145974,2395897,0,2204.22,0.0,1601.0,0.0031,0.0
2025-08-20,F01,Free,153068,2551696,0,2347.56,0.0,1725.0,0.0049,0.0
2025-08-21,F01,Free,142665,2471053,0,2273.37,0.0,1690.0,0.0036,0.0
2025-08-22,F01,Free,156021,2585731,0,2378.87,0.0,1863.0,0.0039,0.0
2025-08-23,F01,Free,149358,2569011,0,2363.49,0.0,1798.0,0.0025,0.0
2025-08-24,F01,Free,174763,2694627,0,2479.06,0.0,1891.0,0.0063,0.0
2025-08-25,F01,Free,153918,2515632,0,2314.38,0.0,1843.0,0.0041,0.0
2025-08-26,F01,Free,154268,2493787,0,2294.28,0.0,1902.0,0.0042,0.0
2025-08-27,F01,Free,148015,2509883,0,2309.09,0.0,1915.0,0.0045,0.0
2025-08-28,F01,Free,162574,2598112,0,2390.26,0.0,1774.0,0.0038,0.0
2025-08-29,F01,Free,169272,2663888,0,2450.78,0.0,1674.0,0.0041,0.0
2025-08-30,F01,Free,179554,2805775,0,2581.31,0.0,2003.0,0.0027,0.0
2025-08-31,F01,Free,183801,2852837,0,2624.61,0.0,1829.0,0.0036,0.0
2025-09-01,F01,Free,141788,2515316,0,2314.09,0.0,1916.0,0.0057,0.0
2025-09-02,F01,Free,152503,2543706,0,2340.21,0.0,1785.0,0.0041,0.0
2025-09-03,F01,Free,144859,2508762,0,2308.06,0.0,1704.0,0.0037,0.0
2025-09-04,F01,Free,170673,2862567,0,2633.56,0.0,1933.0,0.004,0.0
2025-09-05,F01,Free,168439,2832686,0,2606.07,0.0,1947.0,0.0076,0.0
2025-09-06,F01,Free,170056,2916369,0,2683.06,0.0,1806.0,0.0037,0.0
2025-09-07,F01,Free,163823,2870941,0,2641.27,0.0,1834.0,0.005,0.0
2025-09-08,F01,Free,146762,2666391,0,2453.08,0.0,1534.0,0.0029,0.0
2025-09-09,F01,Free,168698,2731659,0,2513.13,0.0,1578.0,0.0031,0.0
2025-09-10,F01,Free,165087,2752337,0,2532.15,0.0,1563.0,0.004,0.0
2025-09-11,F01,Free,160653,2721553,0,2503.83,0.0,1615.0,0.0046,0.0
2025-09-12,F01,Free,172921,2846749,0,2619.01,0.0,1602.0,0.0046,0.0
2025-09-13,F01,Free,178667,3016438,0,2775.12,0.0,1590.0,0.0062,0.0
2025-09-14,F01,Free,170508,2839845,0,2612.66,0.0,1513.0,0.0047,0.0
2025-09-15,F01,Free,162559,2598703,0,2390.81,0.0,1640.0,0.0038,0.0
2025-09-16,F01,Free,163936,2704047,0,2487.72,0.0,1714.0,0.0056,0.0
2025-09-17,F01,Free,174612,2853531,0,2625.25,0.0,1671.0,0.0035,0.0
2025-09-18,F01,Free,161047,2874700,0,2644.72,0.0,1625.0,0.004,0.0
2025-09-19,F01,Free,184110,2901649,0,2669.52,0.0,1726.0,0.0034,0.0
2025-09-20,F01,Free,173931,2860801,0,2631.94,0.0,1660.0,0.0044,0.0
2025-09-21,F01,Free,163934,2935722,0,2700.86,0.0,1590.0,0.0032,0.0
2025-09-22,F01,Free,182055,2760919,0,2540.05,0.0,1585.0,0.0026,0.0
2025-09-23,F01,Free,170237,2782011,0,2559.45,0.0,1531.0,0.0043,0.0
2025-09-24,F01,Free,184945,2873650,0,2643.76,0.0,1560.0,0.0024,0.0
2025-09-25,F01,Free,162063,2589100,0,2381.97,0.0,1593.0,0.0042,0.0
2025-09-26,F01,Free,176314,2933642,0,2698.95,0.0,1564.0,0.0071,0.0
2025-09-27,F01,Free,179019,2879721,0,2649.34,0.0,1527.0,0.0032,0.0
2025-09-28,F01,Free,182035,2934986,0,2700.19,0.0,1557.0,0.0048,0.0
2025-09-29,F01,Free,166398,2644688,0,2433.11,0.0,1517.0,0.0035,0.0
2025-09-30,F01,Free,141023,2510216,0,2309.4,0.0,1600.0,0.0044,0.0
2025-10-01,F01,Free,173229,2770409,0,2548.78,0.0,1576.0,0.0038,0.0
2025-10-02,F01,Free,154982,2636551,0,2425.63,0.0,1581.0,0.0029,0.0
2025-10-03,F01,Free,182807,2812775,0,2587.75,0.0,1610.0,0.004,0.0
2025-10-04,F01,Free,169360,2911585,0,2678.66,0.0,1615.0,0.0026,0.0
2025-10-05,F01,Free,172174,2832893,0,2606.26,0.0,1535.0,0.0044,0.0
2025-10-06,F01,Free,160508,2542487,0,2339.09,0.0,1600.0,0.0047,0.0
2025-10-07,F01,Free,159947,2631727,0,2421.19,0.0,1609.0,0.0045,0.0
2025-10-08,F01,Free,157248,2569915,0,2364.32,0.0,1529.0,0.0046,0.0
2025-10-09,F01,Free,164517,2593623,0,2386.13,0.0,1460.0,0.0041,0.0
2025-10-10,F01,Free,167732,2813559,0,2588.47,0.0,1650.0,0.0034,0.0
2025-10-11,F01,Free,164040,2842002,0,2614.64,0.0,1610.0,0.0038,0.0
2025-10-12,F01,Free,183089,3028615,0,2786.33,0.0,1636.0,0.0038,0.0
2025-10-13,F01,Free,160360,2610616,0,2401.77,0.0,1533.0,0.0029,0.0
2025-10-14,F01,Free,154780,2615065,0,2405.86,0.0,1612.0,0.0056,0.0
2025-10-15,F01,Free,154244,2608762,0,2400.06,0.0,1673.0,0.0053,0.0
2025-10-16,F01,Free,162210,2607684,0,2399.07,0.0,1413.0,0.0052,0.0
2025-10-17,F01,Free,164392,2811044,0,2586.16,0.0,1498.0,0.0038,0.0
2025-10-18,F01,Free,173947,3031472,0,2788.95,0.0,1581.0,0.0077,0.0
2025-10-19,F01,Free,178500,2884670,0,2653.9,0.0,1421.0,0.0039,0.0
2025-10-20,F01,Free,161347,2601314,0,2393.21,0.0,1475.0,0.004,0.0
2025-10-21,F01,Free,165369,2551983,0,2347.82,0.0,1643.0,0.0033,0.0
2025-10-22,F01,Free,151542,2554436,0,2350.08,0.0,1499.0,0.0054,0.0
2025-10-23,F01,Free,171947,2765130,0,2543.92,0.0,1732.0,0.004,0.0
2025-10-24,F01,Free,178503,2767335,0,2545.95,0.0,1539.0,0.0042,0.0
2025-10-25,F01,Free,184444,2924983,0,2690.98,0.0,1612.0,0.0037,0.0
2025-10-26,F01,Free,166311,2910676,0,2677.82,0.0,1541.0,0.0035,0.0
2025-10-27,F01,Free,173316,2810916,0,2586.04,0.0,1648.0,0.0035,0.0
2025-10-28,F01,Free,177017,2625469,0,2415.43,0.0,1750.0,0.002,0.0
2025-10-29,F01,Free,172135,2763908,0,2542.8,0.0,1931.0,0.0034,0.0
2025-10-30,F01,Free,163098,2783208,0,2560.55,0.0,1845.0,0.0034,0.0
2025-10-31,F01,Free,175580,2872512,0,2642.71,0.0,1652.0,0.0049,0.0
2025-11-01,F01,Free,176929,2985036,0,2746.23,0.0,1835.0,0.0048,0.0
2025-11-02,F01,Free,168625,2799065,0,2575.14,0.0,1503.0,0.0044,0.0
2025-11-03,F01,Free,167744,2671472,0,2457.75,0.0,1666.0,0.0034,0.0
2025-11-04,F01,Free,177717,2846737,0,2619.0,0.0,1475.0,0.0047,0.0
2025-11-05,F01,Free,160088,2661180,0,2448.29,0.0,1588.0,0.0043,0.0
2025-11-06,F01,Free,166573,2817683,0,2592.27,0.0,1315.0,0.0066,0.0
2025-11-07,F01,Free,173360,2823176,0,2597.32,0.0,1493.0,0.0035,0.0
2025-11-08,F01,Free,181261,3032929,0,2790.29,0.0,1505.0,0.0028,0.0
2025-11-09,F01,Free,178593,2948647,0,2712.76,0.0,1494.0,0.0069,0.0
2025-11-10,F01,Free,166077,1878596,0,1728.31,0.0,1526.0,0.0036,0.0
2025-11-11,F01,Free,158653,1790867,0,1647.6,0.0,1576.0,0.0032,0.0
2025-11-12,F01,Free,166124,1884139,0,1733.41,0.0,1508.0,0.0046,0.0
2025-11-13,F01,Free,184997,2079215,0,1912.88,0.0,1487.0,0.0056,0.0
2025-11-14,F01,Free,183673,2099221,0,1931.28,0.0,1587.0,0.0028,0.0
2025-11-15,F01,Free,183321,2083788,0,1917.08,0.0,1583.0,0.0029,0.0
2025-11-16,F01,Free,196996,2126508,0,1956.39,0.0,1600.0,0.0035,0.0
2025-11-17,F01,Free,174968,1944987,0,1400.39,0.0,1515.0,0.0025,0.0
2025-11-18,F01,Free,167862,1900499,0,1368.36,0.0,1354.0,0.0053,0.006
2025-11-19,F01,Free,178863,1960323,0,1411.43,0.0,1482.0,0.0032,0.011
2025-11-20,F01,Free,159176,1827317,0,1315.67,0.0,1320.0,0.0054,0.006
2025-11-21,F01,Free,190569,2082756,0,1499.58,0.0,1896.0,0.0045,0.029
2025-11-22,F01,Free,190672,2127639,0,1531.9,0.0,1779.0,0.0026,0.023
2025-11-23,F01,Free,186974,2246318,0,1617.35,0.0,1776.0,0.0057,0.032
2025-11-24,F01,Free,185870,2047139,0,1473.94,0.0,1632.0,0.0039,0.022
2025-11-25,F01,Free,188821,2139933,0,1540.75,0.0,1744.0,0.0031,0.022
2025-11-26,F01,Free,187286,2106188,0,1516.46,0.0,1655.0,0.0032,0.025
2025-11-27,F01,Free,187617,2051191,0,1476.86,0.0,1693.0,0.0033,0.032
2025-11-28,F01,Free,196767,2158624,0,1554.21,0.0,1591.0,0.0059,0.052
2025-11-29,F01,Free,217229,2444481,0,1760.03,0.0,1678.0,0.0026,0.047
2025-11-30,F01,Free,211034,2363522,0,1701.74,0.0,1618.0,0.0061,0.037
2025-12-01,F01,Free,212783,2340464,0,1685.13,0.0,1691.0,0.0033,0.066
2025-12-02,F01,Free,199021,2174021,0,1565.29,0.0,1841.0,0.0048,0.041
2025-12-03,F01,Free,183111,2206024,0,1588.34,0.0,1512.0,0.0039,0.078
2025-12-04,F01,Free,212588,2300789,0,1656.57,0.0,1665.0,0.004,0.07
2025-12-05,F01,Free,201455,2315234,0,1666.97,0.0,1375.0,0.0036,0.055
2025-12-06,F01,Free,221341,2569607,0,1850.12,0.0,1502.0,0.004,0.073
2025-12-07,F01,Free,219758,2430446,0,1749.92,0.0,1436.0,0.0034,0.086
2025-12-08,F01,Free,191332,2255591,0,1624.03,0.0,1473.0,0.0042,0.088
2025-12-09,F01,Free,213752,2402651,0,1729.91,0.0,1466.0,0.0023,0.072
2025-12-10,F01,Free,178106,2179547,0,1569.27,0.0,1357.0,0.0025,0.074
2025-12-11,F01,Free,188793,2201340,0,1584.96,0.0,1483.0,0.0036,0.085
2025-12-12,F01,Free,226172,2432576,0,1751.45,0.0,1482.0,0.0049,0.098
2025-12-13,F01,Free,223437,2396123,0,1725.21,0.0,1465.0,0.0043,0.108
2025-12-14,F01,Free,215598,2422593,0,1744.27,0.0,1452.0,0.0051,0.105
2025-12-15,F01,Free,189205,2194553,0,1580.08,0.0,1460.0,0.0037,0.123
2025-12-16,F01,Free,192552,2175940,0,1566.68,0.0,1486.0,0.0031,0.107
2025-12-17,F01,Free,203080,2325321,0,1674.23,0.0,1439.0,0.0032,0.118
2025-12-18,F01,Free,203986,2294292,0,1651.89,0.0,1356.0,0.0038,0.142
2025-12-19,F01,Free,212533,2387858,0,1719.26,0.0,1519.0,0.0067,0.124
2025-12-20,F01,Free,222680,2416789,0,1740.09,0.0,1574.0,0.0021,0.128
2025-12-21,F01,Free,213108,2316048,0,1667.55,0.0,1423.0,0.0023,0.139
2025-12-22,F01,Free,203074,2270355,0,1634.66,0.0,1219.0,0.004,0.129
2025-12-23,F01,Free,198762,2282333,0,1643.28,0.0,1494.0,0.003,0.137
2025-12-24,F01,Free,195404,2226997,0,1603.44,0.0,1404.0,0.0036,0.149
2025-12-25,F01,Free,210762,2303007,0,1658.16,0.0,1392.0,0.0038,0.145
2025-12-26,F01,Free,211680,2305592,0,1660.03,0.0,1625.0,0.0037,0.143
2025-12-27,F01,Free,195017,2301075,0,1656.77,0.0,1490.0,0.0028,0.158
2025-12-28,F01,Free,193003,2229997,0,1605.6,0.0,1655.0,0.0056,0.177
2025-12-29,F01,Free,196737,2163994,0,1558.08,0.0,1681.0,0.0039,0.179
2025-12-30,F01,Free,175094,2041824,0,1470.11,0.0,1576.0,0.0057,0.159
2025-12-31,F01,Free,177042,2002510,0,1441.81,0.0,1578.0,0.0047,0.182
2026-01-01,F01,Free,175400,2082267,0,1499.23,0.0,1726.0,0.0038,0.171
2026-01-02,F01,Free,174007,2019651,0,1454.15,0.0,1590.0,0.0032,0.175
2026-01-03,F01,Free,205830,2359886,0,1699.12,0.0,1706.0,0.0034,0.183
2026-01-04,F01,Free,210493,2317910,0,1668.89,0.0,1553.0,0.002,0.198
2026-01-05,F01,Free,203799,2179106,0,1568.96,0.0,1609.0,0.0029,0.188
2026-01-06,F01,Free,179949,2100660,0,1512.48,0.0,1740.0,0.0038,0.195
2026-01-07,F01,Free,184185,2103115,0,1514.24,0.0,1421.0,0.0038,0.217
2026-01-08,F01,Free,201279,2152476,0,1549.78,0.0,1444.0,0.0022,0.195
2026-01-09,F01,Free,187639,2196000,0,1581.12,0.0,1386.0,0.0032,0.199
2026-01-10,F01,Free,206848,2398810,0,1727.14,0.0,1407.0,0.0035,0.213
2026-01-11,F01,Free,207170,2314200,0,1666.22,0.0,1358.0,0.0036,0.219
2026-01-12,F01,Free,180954,2084553,0,1500.88,0.0,1293.0,0.0031,0.216
2026-01-13,F01,Free,172993,2179757,0,1569.43,0.0,1349.0,0.006,0.24
2026-01-14,F01,Free,189303,2165386,0,1559.08,0.0,1447.0,0.0031,0.223
2026-01-15,F01,Free,183802,2209065,0,1590.53,0.0,1301.0,0.0065,0.243
2026-01-16,F01,Free,184832,2232409,0,1607.33,0.0,1344.0,0.0034,0.226
2026-01-17,F01,Free,197774,2239126,0,1612.17,0.0,1422.0,0.0039,0.237
2026-01-18,F01,Free,211676,2298909,0,1655.21,0.0,1360.0,0.0028,0.245
2026-01-19,F01,Free,194945,2177594,0,1567.87,0.0,1412.0,0.0053,0.244
2026-01-20,F01,Free,195920,2202104,0,1585.52,0.0,1259.0,0.0047,0.251
2026-01-21,F01,Free,186569,2058194,0,1481.9,0.0,1369.0,0.0038,0.252
2026-01-22,F01,Free,197182,2166586,0,1559.94,0.0,1442.0,0.0044,0.266
2026-01-23,F01,Free,208694,2218764,0,1597.51,0.0,1406.0,0.0036,0.259
2026-01-24,F01,Free,225498,2479421,0,1785.18,0.0,1522.0,0.0036,0.25
2026-01-25,F01,Free,231065,2486460,0,1790.25,0.0,1368.0,0.0042,0.278
2026-01-26,F01,Free,182620,2007436,0,1445.35,0.0,1343.0,0.004,0.273
2026-01-27,F01,Free,189195,2136145,0,1538.02,0.0,1322.0,0.0042,0.275
2026-01-28,F01,Free,186097,2063126,0,1485.45,0.0,1414.0,0.0042,0.295
2026-01-29,F01,Free,195122,2189892,0,1576.72,0.0,1382.0,0.0034,0.288
2026-01-30,F01,Free,187973,2130109,0,1533.68,0.0,1353.0,0.0044,0.291
2026-01-31,F01,Free,209953,2288728,0,1647.88,0.0,1378.0,0.0049,0.277
2026-02-01,F01,Free,198816,2193366,0,1579.22,0.0,1361.0,0.0045,0.307
2026-02-02,F01,Free,183657,2120389,0,1378.25,0.0,1391.0,0.0038,0.295
2026-02-03,F01,Free,183975,2021732,0,1314.13,0.0,1400.0,0.0057,0.302
2026-02-04,F01,Free,172272,2004599,0,1302.99,0.0,1258.0,0.0046,0.318
2026-02-05,F01,Free,174008,2024082,0,1315.65,0.0,1367.0,0.0039,0.291
2026-02-06,F01,Free,181939,2126395,0,1382.16,0.0,1525.0,0.0044,0.312
2026-02-07,F01,Free,199675,2259247,0,1468.51,0.0,1613.0,0.0031,0.323
2026-02-08,F01,Free,199868,2291051,0,1489.18,0.0,1559.0,0.0045,0.344
2026-02-09,F01,Free,181529,2079505,0,1351.68,0.0,1538.0,0.0046,0.335
2026-02-10,F01,Free,189385,2072521,0,1347.14,0.0,1438.0,0.0039,0.342
2026-02-11,F01,Free,193307,2256682,0,1466.84,0.0,1567.0,0.004,0.329
2026-02-12,F01,Free,190240,2259915,0,1468.94,0.0,1504.0,0.0041,0.343
2026-02-13,F01,Free,217245,2462582,0,1600.68,0.0,1534.0,0.0032,0.337
2026-02-14,F01,Free,206360,2453232,0,1594.6,0.0,1573.0,0.0052,0.346
2026-02-15,F01,Free,216975,2580508,0,1677.33,0.0,1646.0,0.0059,0.34
2026-02-16,F01,Free,201799,2275208,0,1478.89,0.0,1240.0,0.0026,0.353
2026-02-17,F01,Free,199062,2191498,0,1424.47,0.0,1368.0,0.0041,0.356
2026-02-18,F01,Free,205204,2283762,0,1484.45,0.0,1349.0,0.006,0.362
2026-02-19,F01,Free,180253,2188327,0,1422.41,0.0,1331.0,0.0048,0.343
2026-02-20,F01,Free,191133,2392329,0,1555.01,0.0,1397.0,0.0056,0.374
2026-02-21,F01,Free,208055,2524347,0,1640.83,0.0,1404.0,0.004,0.352
2026-02-22,F01,Free,231705,2468454,0,1604.49,0.0,1280.0,0.0036,0.338
2026-02-23,F01,Free,204368,2320771,0,1508.5,0.0,1295.0,0.0039,0.352
2026-02-24,F01,Free,214095,2290169,0,1488.61,0.0,1357.0,0.0036,0.32
2026-02-25,F01,Free,198103,2218192,0,1441.82,0.0,1287.0,0.0045,0.339
2026-02-26,F01,Free,188923,2246859,0,1460.46,0.0,1235.0,0.0048,0.348
2026-02-27,F01,Free,199677,2312562,0,1503.17,0.0,1271.0,0.003,0.357
2026-02-28,F01,Free,238449,2538798,0,1650.22,0.0,1329.0,0.005,0.341
2026-03-01,F01,Free,222483,2424923,0,1576.2,0.0,1353.0,0.0056,0.342
2026-03-02,F01,Free,197719,2125782,0,1381.76,0.0,1242.0,0.0031,0.347
2026-03-03,F01,Free,216001,2345185,0,1524.37,0.0,1340.0,0.0057,0.369
2026-03-04,F01,Free,208153,2331201,0,1515.28,0.0,1313.0,0.0044,0.346
2026-03-05,F01,Free,199384,2237057,0,1454.09,0.0,1265.0,0.0045,0.358
2026-03-06,F01,Free,215241,2429951,0,1579.47,0.0,1201.0,0.0055,0.348
2026-03-07,F01,Free,193738,2290527,0,1488.84,0.0,1307.0,0.0041,0.347
2026-03-08,F01,Free,210743,2419736,0,1572.83,0.0,1390.0,0.0044,0.376
2026-03-09,F01,Free,220374,2326568,0,1512.27,0.0,1393.0,0.0032,0.356
2026-03-10,F01,Free,202227,2216264,0,1440.57,0.0,1320.0,0.0043,0.344
2026-03-11,F01,Free,200278,2297975,0,1493.68,0.0,1233.0,0.0031,0.381
2026-03-12,F01,Free,196316,2323976,0,1510.58,0.0,1278.0,0.004,0.362
2026-03-13,F01,Free,190146,2294841,0,1491.65,0.0,1329.0,0.0044,0.33
2026-03-14,F01,Free,204053,2319519,0,1507.69,0.0,1242.0,0.0041,0.349
2026-03-15,F01,Free,206241,2434263,0,1582.27,0.0,1262.0,0.0062,0.359
2026-03-16,F01,Free,180874,2113870,0,1374.02,0.0,1221.0,0.0041,0.363
2026-03-17,F01,Free,167932,2071216,0,1346.29,0.0,1256.0,0.0047,0.333
2026-03-18,F01,Free,183264,2064824,0,1342.14,0.0,1139.0,0.0052,0.342
2026-03-19,F01,Free,197269,2169338,0,1410.07,0.0,1275.0,0.0056,0.348
2026-03-20,F01,Free,211314,2243631,0,1458.36,0.0,1329.0,0.0058,0.352
2026-03-21,F01,Free,194665,2219443,0,1442.64,0.0,1277.0,0.0043,0.368
2026-03-22,F01,Free,207242,2255106,0,1465.82,0.0,1413.0,0.0035,0.351
2026-03-23,F01,Free,182749,2127196,0,1382.68,0.0,1212.0,0.0042,0.336
2026-03-24,F01,Free,170812,2083244,0,1354.11,0.0,1304.0,0.0022,0.355
2026-03-25,F01,Free,190157,2051704,0,1333.61,0.0,1356.0,0.003,0.344
2026-03-26,F01,Free,182489,2124974,0,1381.23,0.0,1197.0,0.0049,0.355
2026-03-27,F01,Free,188750,2154654,0,1400.53,0.0,1154.0,0.0036,0.348
2026-03-28,F01,Free,221890,2341757,0,1522.14,0.0,1160.0,0.0032,0.35
2026-03-29,F01,Free,219668,2305434,0,1498.53,0.0,1253.0,0.0038,0.366
2026-03-30,F01,Free,196235,2038043,0,1324.73,0.0,1268.0,0.0035,0.343
2026-03-31,F01,Free,186136,2092836,0,1360.34,0.0,1284.0,0.0029,0.35
2026-04-01,F01,Free,174072,2184790,0,1420.11,0.0,1339.0,0.0026,0.347
2026-04-02,F01,Free,178991,2150359,0,1397.73,0.0,1284.0,0.0032,0.34
2026-04-03,F01,Free,192898,2273510,0,1477.78,0.0,1276.0,0.0033,0.339
2026-04-04,F01,Free,205800,2259321,0,1468.56,0.0,1277.0,0.0038,0.35
2026-04-05,F01,Free,201171,2259157,0,1468.45,0.0,1131.0,0.0039,0.326
2026-04-06,F01,Free,179432,2105043,0,1368.28,0.0,1279.0,0.0029,0.339
2026-04-07,F01,Free,184395,2055633,0,1336.16,0.0,1274.0,0.0042,0.355
2026-04-08,F01,Free,166945,2087729,0,1357.02,0.0,1349.0,0.0031,0.337
2026-04-09,F01,Free,183848,2118933,0,1377.31,0.0,1288.0,0.0024,0.34
2026-04-10,F01,Free,197694,2196261,0,1427.57,0.0,1299.0,0.0039,0.358
2026-04-11,F01,Free,192255,2293412,0,1490.72,0.0,1152.0,0.0035,0.334
2026-04-12,F01,Free,206137,2328509,0,1513.53,0.0,1245.0,0.0042,0.356
2026-04-13,F01,Free,184131,2067568,0,1343.92,0.0,1270.0,0.004,0.349
2026-04-14,F01,Free,179171,2092858,0,1360.36,0.0,1275.0,0.003,0.351
2026-04-15,F01,Free,182403,2167062,0,1408.59,0.0,1279.0,0.0058,0.348
2026-04-16,F01,Free,205824,2149723,0,1397.32,0.0,1267.0,0.0037,0.361
2026-04-17,F01,Free,191534,2216553,0,1440.76,0.0,1527.0,0.0053,0.335
2026-04-18,F01,Free,193904,2177912,0,1415.64,0.0,1417.0,0.0038,0.32
2026-04-19,F01,Free,198380,2290125,0,1488.58,0.0,1384.0,0.0047,0.365
2026-04-20,F01,Free,169830,2070122,0,1345.58,0.0,1330.0,0.0044,0.345
2026-04-21,F01,Free,196962,2118848,0,1377.25,0.0,1452.0,0.0039,0.323
2026-04-22,F01,Free,179870,2018949,0,1312.32,0.0,1471.0,0.0023,0.361
2026-04-23,F01,Free,188026,2202036,0,1431.32,0.0,1533.0,0.003,0.34
2026-04-24,F01,Free,216326,2361798,0,1535.17,0.0,1485.0,0.0037,0.358
2026-04-25,F01,Free,212358,2346636,0,1525.31,0.0,1451.0,0.0035,0.357
2026-04-26,F01,Free,215212,2482890,0,1613.88,0.0,1455.0,0.0058,0.344
2026-04-27,F01,Free,196440,2221813,0,1444.18,0.0,1393.0,0.0058,0.341
2026-04-28,F01,Free,182361,2119444,0,1377.64,0.0,1200.0,0.0037,0.358
2026-04-29,F01,Free,194267,2211856,0,1437.71,0.0,1234.0,0.0034,0.346
2026-04-30,F01,Free,199024,2229733,0,1449.33,0.0,1176.0,0.0038,0.336
2026-05-01,F01,Free,185994,2203416,0,1432.22,0.0,1253.0,0.004,0.36
2026-05-02,F01,Free,208419,2509995,0,1631.5,0.0,1151.0,0.0036,0.363
2026-05-03,F01,Free,220738,2349345,0,1527.07,0.0,1349.0,0.0049,0.344
2026-05-04,F01,Free,182797,2231726,0,1450.62,0.0,1263.0,0.0032,0.341
2026-05-05,F01,Free,192370,2225231,0,1446.4,0.0,1278.0,0.0033,0.35
2026-05-06,F01,Free,191311,2242813,0,1457.83,0.0,1192.0,0.004,0.356
2026-05-07,F01,Free,193547,2262382,0,1470.55,0.0,1308.0,0.0034,0.351
2026-05-08,F01,Free,213301,2339053,0,1520.38,0.0,1201.0,0.0041,0.343
2026-05-09,F01,Free,235411,2677621,0,1740.45,0.0,1339.0,0.0033,0.354
2026-05-10,F01,Free,200881,2347492,0,1525.87,0.0,1316.0,0.003,0.34
2026-05-11,F01,Free,182016,2106014,0,1368.91,0.0,1337.0,0.0042,0.354
2026-05-12,F01,Free,192984,2165803,0,1407.77,0.0,1249.0,0.0033,0.349
2026-05-13,F01,Free,216714,2272807,0,1477.32,0.0,1245.0,0.0033,0.343
2026-05-14,F01,Free,193677,2320064,0,1508.04,0.0,1216.0,0.0029,0.351
2026-05-15,F01,Free,200381,2291593,0,1489.54,0.0,1358.0,0.0043,0.34
2026-05-16,F01,Free,214127,2531806,0,1645.67,0.0,1291.0,0.0026,0.362
2026-05-17,F01,Free,196222,2306898,0,1499.48,0.0,1142.0,0.0035,0.351
2026-05-18,F01,Free,203972,2314206,0,1504.23,0.0,1214.0,0.003,0.352
2026-05-19,F01,Free,179773,2208384,0,1435.45,0.0,1284.0,0.0057,0.355
2026-05-20,F01,Free,201203,2248603,0,1461.59,0.0,1285.0,0.0043,0.346
2026-05-21,F01,Free,186016,2124780,0,1381.11,0.0,1296.0,0.0046,0.342
2026-05-22,F01,Free,196283,2192354,0,1425.03,0.0,1213.0,0.0058,0.348
2026-05-23,F01,Free,207111,2443491,0,1588.27,0.0,1235.0,0.0036,0.353
2026-05-24,F01,Free,205183,2312224,0,1502.95,0.0,1253.0,0.0043,0.356
2026-05-25,F01,Free,184761,2135757,0,1388.24,0.0,1188.0,0.0044,0.348
2026-05-26,F01,Free,169976,2073606,0,1347.84,0.0,1257.0,0.0029,0.347
2026-05-27,F01,Free,185416,2187766,0,1422.05,0.0,1248.0,0.0048,0.351
2026-05-28,F01,Free,178547,2044946,0,1329.22,0.0,1166.0,0.0025,0.365
2026-05-29,F01,Free,202596,2268275,0,1474.38,0.0,1188.0,0.0046,0.358
2026-05-30,F01,Free,194779,2338258,0,1519.87,0.0,1154.0,0.0049,0.349
2026-05-31,F01,Free,187379,2159791,0,1403.86,0.0,1296.0,0.0054,0.357
2026-06-01,F01,Free,167998,2027625,0,1317.96,0.0,1331.0,0.0035,0.361
2026-06-02,F01,Free,190105,2157170,0,1402.16,0.0,1258.0,0.0066,0.336
2026-06-03,F01,Free,179269,2143486,0,1393.27,0.0,1273.0,0.0038,0.356
2026-06-04,F01,Free,181056,2097568,0,1363.42,0.0,1192.0,0.0043,0.348
2026-06-05,F01,Free,192602,2213871,0,1439.02,0.0,1270.0,0.0032,0.361
2026-06-06,F01,Free,210274,2296697,0,1492.85,0.0,1357.0,0.0059,0.348
2026-06-07,F01,Free,212866,2353155,0,1529.55,0.0,1275.0,0.0054,0.353
2026-06-08,F01,Free,190794,2149624,0,1397.26,0.0,1196.0,0.0031,0.328
2026-06-09,F01,Free,193791,2194612,0,1426.5,0.0,1275.0,0.004,0.36
2026-06-10,F01,Free,188622,2122980,0,1379.94,0.0,1266.0,0.0046,0.345
2026-06-11,F01,Free,182597,2214630,0,1439.51,0.0,1195.0,0.0028,0.362
2026-06-12,F01,Free,193743,2188622,0,1422.6,0.0,1356.0,0.004,0.361
2026-06-13,F01,Free,203745,2351110,0,1528.22,0.0,1308.0,0.0046,0.351
2026-06-14,F01,Free,226262,2402439,0,1561.59,0.0,1336.0,0.0052,0.352
2026-06-15,F01,Free,183087,2165392,0,1407.5,0.0,1275.0,0.0063,0.337
2026-06-16,F01,Free,188190,2192483,0,1425.11,0.0,1330.0,0.0063,0.348
2026-06-17,F01,Free,188330,2133163,0,1386.56,0.0,1262.0,0.0043,0.363
2026-06-18,F01,Free,177519,2134845,0,1387.65,0.0,1155.0,0.0048,0.339
2026-06-19,F01,Free,195695,2228177,0,1448.32,0.0,1308.0,0.0083,0.35
2026-06-20,F01,Free,209866,2419732,0,1572.83,0.0,1352.0,0.0053,0.335
2026-06-21,F01,Free,222116,2437517,0,1584.39,0.0,1207.0,0.0046,0.342
2026-06-22,F01,Free,182175,2088383,0,1357.45,0.0,1234.0,0.0039,0.354
2026-06-23,F01,Free,184845,2132823,0,1386.34,0.0,1323.0,0.003,0.349
2026-06-24,F01,Free,191901,2273322,0,1477.66,0.0,1092.0,0.0038,0.354
2026-06-25,F01,Free,212540,2258480,0,1468.01,0.0,1205.0,0.003,0.349
2026-06-26,F01,Free,212108,2318742,0,1507.18,0.0,1300.0,0.0044,0.338
2026-06-27,F01,Free,236498,2467986,0,1604.19,0.0,1264.0,0.0033,0.354
2026-06-28,F01,Free,221160,2464932,0,1602.21,0.0,1263.0,0.006,0.356
2026-06-29,F01,Free,194062,2127296,0,1382.74,0.0,1271.0,0.0049,0.366
2026-06-30,F01,Free,187500,2215395,0,1440.01,0.0,1230.0,0.0054,0.358
2026-07-01,F01,Free,204355,2268152,0,1474.3,0.0,1514.0,0.003,0.352
2026-07-02,F01,Free,191948,2332304,0,1516.0,0.0,1539.0,0.0051,0.362
2026-07-03,F01,Free,207062,2432781,0,1581.31,0.0,1325.0,0.0042,0.358
2026-07-04,F01,Free,242222,2590054,0,1683.54,0.0,1437.0,0.0036,0.353
2026-07-05,F01,Free,227024,2494654,0,1621.52,0.0,1458.0,0.003,0.355
2026-07-06,F01,Free,197584,2339130,0,1520.43,0.0,1507.0,0.0051,0.368
2026-07-07,F01,Free,192030,2307971,0,1500.18,0.0,1519.0,0.0054,0.344
2026-07-08,F01,Free,223690,2490276,0,1618.68,0.0,1405.0,0.0022,0.362
2026-07-09,F01,Free,210632,2401339,0,1560.87,0.0,1362.0,0.0039,0.342
2026-07-10,F01,Free,224580,2397014,0,1558.06,0.0,1418.0,0.0032,0.351
2026-07-11,F01,Free,234751,2590385,0,1683.75,0.0,1337.0,0.0047,0.349
2026-07-12,F01,Free,247937,2668878,0,1734.77,0.0,1248.0,0.0028,0.341
2026-07-13,F01,Free,186926,2268808,0,1474.73,0.0,1338.0,0.0035,0.338
2026-07-14,F01,Free,193448,2302994,0,1496.95,0.0,1316.0,0.0048,0.354
2026-07-15,F01,Free,228095,2524126,0,1640.68,0.0,1252.0,0.0042,0.36
2026-07-16,F01,Free,205511,2371792,0,1541.67,0.0,1215.0,0.0056,0.336
2026-07-17,F01,Free,217824,2488905,0,1617.79,0.0,1314.0,0.0032,0.343
2026-07-18,F01,Free,237280,2571915,0,1671.74,0.0,1206.0,0.0038,0.352
2026-07-19,F01,Free,217002,2477254,0,1610.22,0.0,1225.0,0.0028,0.349
2026-07-20,F01,Free,222793,2455327,0,1595.96,0.0,1261.0,0.0036,0.36
2026-07-21,F01,Free,211402,2459737,0,1598.83,0.0,1218.0,0.0074,0.346
2026-07-22,F01,Free,194231,2269077,0,1474.9,0.0,1462.0,0.0036,0.35
2026-07-23,F01,Free,202779,2385567,0,1550.62,0.0,1295.0,0.0026,0.358
2026-07-24,F01,Free,227404,2472517,0,1607.14,0.0,1295.0,0.0036,0.35
2026-07-25,F01,Free,224467,2586797,0,1681.42,0.0,1304.0,0.0036,0.328
2026-07-26,F01,Free,230239,2814907,0,1829.69,0.0,1236.0,0.0035,0.357
2026-07-27,F01,Free,195946,2328775,0,1513.7,0.0,1251.0,0.0049,0.354
2026-07-28,F01,Free,217880,2350279,0,1527.68,0.0,1275.0,0.0055,0.343
2026-07-29,F01,Free,219535,2420298,0,1573.19,0.0,1257.0,0.0027,0.342
2026-07-30,F01,Free,221220,2449190,0,1591.97,0.0,1256.0,0.0081,0.351
2026-07-31,F01,Free,215932,2482978,0,1613.94,0.0,1282.0,0.0033,0.347
2026-08-01,F01,Free,220400,2687219,0,1746.69,0.0,1186.0,0.0028,0.347
2026-08-02,F01,Free,246373,2665301,0,1732.45,0.0,1304.0,0.0038,0.347
2026-08-03,F01,Free,209146,2286195,0,1486.03,0.0,1292.0,0.0035,0.348
2026-08-04,F01,Free,211794,2365800,0,1537.77,0.0,1351.0,0.0039,0.35
2026-08-05,F01,Free,209435,2371059,0,1541.19,0.0,1293.0,0.0027,0.346
2026-08-06,F01,Free,203154,2415581,0,1570.13,0.0,1243.0,0.0024,0.345
2026-08-07,F01,Free,206760,2310242,0,1501.66,0.0,1393.0,0.0051,0.335
2026-08-08,F01,Free,239703,2556652,0,1661.82,0.0,1334.0,0.0041,0.337
2026-08-09,F01,Free,211471,2559272,0,1663.53,0.0,1311.0,0.0049,0.362
2026-08-10,F01,Free,208051,2325902,0,1511.84,0.0,1322.0,0.0051,0.344
2026-08-11,F01,Free,200389,2212457,0,1438.1,0.0,1214.0,0.0038,0.352
2026-08-12,F01,Free,206363,2318245,0,1506.86,0.0,1355.0,0.0033,0.356
2026-08-13,F01,Free,185217,2285079,0,1485.3,0.0,1337.0,0.0039,0.35
2026-08-14,F01,Free,204510,2291742,0,1489.63,0.0,1225.0,0.0034,0.353
2026-08-15,F01,Free,215036,2423638,0,1575.36,0.0,1201.0,0.0036,0.371
2026-08-16,F01,Free,207624,2373794,0,1542.97,0.0,1361.0,0.0043,0.358
2026-08-17,F01,Free,214756,2446668,0,1590.33,0.0,1218.0,0.0063,0.343
2026-08-18,F01,Free,239734,2382225,0,1548.45,0.0,1148.0,0.0057,0.364
2026-08-19,F01,Free,216276,2391021,0,1554.16,0.0,1324.0,0.0042,0.349
2026-08-20,F01,Free,216105,2396698,0,1557.85,0.0,1499.0,0.0029,0.341
2026-08-21,F01,Free,212289,2497328,0,1623.26,0.0,1433.0,0.0037,0.348
2026-08-22,F01,Free,228384,2578399,0,1675.96,0.0,1642.0,0.005,0.35
2026-08-23,F01,Free,233496,2493734,0,1620.93,0.0,1467.0,0.0035,0.344
2026-08-24,F01,Free,211948,2412921,0,1568.4,0.0,1410.0,0.0039,0.345
2026-08-25,F01,Free,202577,2479316,0,1611.56,0.0,1530.0,0.0037,0.348
2026-08-26,F01,Free,210199,2431877,0,1580.72,0.0,1445.0,0.0081,0.354
2026-08-27,F01,Free,243934,2641262,0,1716.82,0.0,1343.0,0.0036,0.343
2026-08-28,F01,Free,230887,2696385,0,1752.65,0.0,1506.0,0.0034,0.353
2026-08-29,F01,Free,231578,2688822,0,1747.73,0.0,1436.0,0.0061,0.344
2026-08-30,F01,Free,247475,2697927,0,1753.65,0.0,1348.0,0.0035,0.342
2026-08-31,F01,Free,213110,2554617,0,1660.5,0.0,1348.0,0.0033,0.352
2024-01-01,F02,Premium,1500,12369,2474,37.11,0.0,2938.0,0.0037,0.0
2024-01-02,F02,Premium,1512,12242,2448,36.73,0.0,2964.0,0.0051,0.0
2024-01-03,F02,Premium,1386,12369,2474,37.11,0.0,2923.0,0.004,0.0
2024-01-04,F02,Premium,1467,12497,2499,37.49,0.0,3215.0,0.0053,0.0
2024-01-05,F02,Premium,1502,13007,2601,39.02,0.0,3026.0,0.0066,0.0
2024-01-06,F02,Premium,1522,13517,2703,40.55,0.0,3163.0,0.0056,0.0
2024-01-07,F02,Premium,1660,13389,2678,40.17,0.0,2783.0,0.0038,0.0
2024-01-08,F02,Premium,1400,12369,2474,37.11,0.0,2798.0,0.0054,0.0
2024-01-09,F02,Premium,1454,12242,2448,36.73,0.0,2412.0,0.003,0.0
2024-01-10,F02,Premium,1399,12369,2474,37.11,0.0,2425.0,0.0044,0.0
2024-01-11,F02,Premium,1603,12497,2499,37.49,0.0,2593.0,0.003,0.0
2024-01-12,F02,Premium,1554,13007,2601,39.02,0.0,2511.0,0.0045,0.0
2024-01-13,F02,Premium,1547,13517,2703,40.55,0.0,2676.0,0.0027,0.0
2024-01-14,F02,Premium,1753,13389,2678,40.17,0.0,2606.0,0.0026,0.0
2024-01-15,F02,Premium,1402,12369,2474,37.11,0.0,2491.0,0.003,0.0
2024-01-16,F02,Premium,1437,12242,2448,36.73,0.0,2726.0,0.0043,0.0
2024-01-17,F02,Premium,1388,12369,2474,37.11,0.0,2294.0,0.0026,0.0
2024-01-18,F02,Premium,1447,12497,2499,37.49,0.0,2621.0,0.005,0.0
2024-01-19,F02,Premium,1533,13007,2601,39.02,0.0,3051.0,0.0042,0.0
2024-01-20,F02,Premium,1633,13517,2703,40.55,0.0,2537.0,0.0042,0.0
2024-01-21,F02,Premium,1569,13389,2678,40.17,0.0,2355.0,0.0032,0.0
2024-01-22,F02,Premium,1452,12369,2474,37.11,0.0,2824.0,0.0058,0.0
2024-01-23,F02,Premium,1399,12242,2448,36.73,0.0,2822.0,0.0049,0.0
2024-01-24,F02,Premium,1426,12369,2474,37.11,0.0,2625.0,0.0048,0.0
2024-01-25,F02,Premium,1562,12497,2499,37.49,0.0,2675.0,0.0025,0.0
2024-01-26,F02,Premium,1508,13007,2601,39.02,0.0,2299.0,0.0032,0.0
2024-01-27,F02,Premium,1603,13517,2703,40.55,0.0,2829.0,0.0036,0.0
2024-01-28,F02,Premium,1578,13389,2678,40.17,0.0,2540.0,0.004,0.0
2024-01-29,F02,Premium,1400,12369,2474,37.11,0.0,2638.0,0.0054,0.0
2024-01-30,F02,Premium,1473,12242,2448,36.73,0.0,2536.0,0.0063,0.0
2024-01-31,F02,Premium,1504,12369,2474,37.11,0.0,2436.0,0.0033,0.0
2024-02-01,F02,Premium,1882,16864,3373,50.59,0.0,2603.0,0.0037,0.0
2024-02-02,F02,Premium,2148,17553,3511,52.66,0.0,2491.0,0.0048,0.0
2024-02-03,F02,Premium,2096,18241,3648,54.72,0.0,2678.0,0.0037,0.0
2024-02-04,F02,Premium,2188,18069,3614,54.21,0.0,2715.0,0.0041,0.0
2024-02-05,F02,Premium,1973,16692,3338,50.08,0.0,2643.0,0.0045,0.0
2024-02-06,F02,Premium,2096,16520,3304,49.56,0.0,2697.0,0.0052,0.0
2024-02-07,F02,Premium,1874,16692,3338,50.08,0.0,2878.0,0.005,0.0
2024-02-08,F02,Premium,1977,16864,3373,50.59,0.0,2930.0,0.0047,0.0
2024-02-09,F02,Premium,1876,17553,3511,52.66,0.0,3028.0,0.0034,0.0
2024-02-10,F02,Premium,2004,18241,3648,54.72,0.0,3181.0,0.003,0.0
2024-02-11,F02,Premium,2156,18069,3614,54.21,0.0,2960.0,0.0049,0.0
2024-02-12,F02,Premium,1901,16692,3338,50.08,0.0,3215.0,0.0033,0.0
2024-02-13,F02,Premium,2008,16520,3304,49.56,0.0,3155.0,0.0036,0.0
2024-02-14,F02,Premium,1763,16692,3338,50.08,0.0,2980.0,0.0038,0.0
2024-02-15,F02,Premium,2129,16864,3373,50.59,0.0,2602.0,0.0027,0.0
2024-02-16,F02,Premium,1924,17553,3511,52.66,0.0,2590.0,0.0035,0.0
2024-02-17,F02,Premium,2264,18241,3648,54.72,0.0,2564.0,0.0032,0.0
2024-02-18,F02,Premium,2198,18069,3614,54.21,0.0,2712.0,0.0049,0.0
2024-02-19,F02,Premium,2237,16692,3338,50.08,0.0,2596.0,0.0038,0.0
2024-02-20,F02,Premium,1956,16520,3304,49.56,0.0,2634.0,0.0038,0.0
2024-02-21,F02,Premium,1905,16692,3338,50.08,0.0,2570.0,0.0049,0.0
2024-02-22,F02,Premium,1997,16864,3373,50.59,0.0,2577.0,0.0035,0.0
2024-02-23,F02,Premium,2114,17553,3511,52.66,0.0,2819.0,0.0056,0.0
2024-02-24,F02,Premium,2210,18241,3648,54.72,0.0,2626.0,0.0046,0.0
2024-02-25,F02,Premium,2258,18069,3614,54.21,0.0,2575.0,0.0046,0.0
2024-02-26,F02,Premium,1948,16692,3338,50.08,0.0,2672.0,0.005,0.0
2024-02-27,F02,Premium,1889,16520,3304,49.56,0.0,2724.0,0.0068,0.0
2024-02-28,F02,Premium,1962,16692,3338,50.08,0.0,2673.0,0.0064,0.0
2024-02-29,F02,Premium,2052,16864,3373,50.59,0.0,2325.0,0.0049,0.0
2024-03-01,F02,Premium,2560,20070,4014,60.21,0.0,2717.0,0.0029,0.0
2024-03-02,F02,Premium,2455,20857,4171,62.57,0.0,2752.0,0.0039,0.0
2024-03-03,F02,Premium,2535,20660,4132,61.98,0.0,2710.0,0.0034,0.0
2024-03-04,F02,Premium,2368,17092,3418,51.28,0.0,2489.0,0.0024,0.0
2024-03-05,F02,Premium,2173,16916,3383,50.75,0.0,2774.0,0.0031,0.0
2024-03-06,F02,Premium,2388,17092,3418,51.28,0.0,2498.0,0.0027,0.0
2024-03-07,F02,Premium,2177,17268,3454,51.8,0.0,2571.0,0.0041,0.0
2024-03-08,F02,Premium,2726,17973,3595,53.92,0.0,2426.0,0.005,0.0
2024-03-09,F02,Premium,2642,18678,3736,56.03,0.0,2726.0,0.0031,0.0
2024-03-10,F02,Premium,2650,18501,3700,55.5,0.0,2626.0,0.0057,0.0
2024-03-11,F02,Premium,2455,17092,3418,51.28,0.0,2559.0,0.003,0.0
2024-03-12,F02,Premium,2339,16916,3383,50.75,0.0,2578.0,0.0031,0.0
2024-03-13,F02,Premium,2396,17092,3418,51.28,0.0,2675.0,0.0026,0.0
2024-03-14,F02,Premium,2185,17268,3454,51.8,0.0,2408.0,0.0035,0.0
2024-03-15,F02,Premium,2588,17973,3595,53.92,0.0,2469.0,0.0042,0.0
2024-03-16,F02,Premium,2410,18678,3736,56.03,0.0,2781.0,0.0029,0.0
2024-03-17,F02,Premium,2499,18501,3700,55.5,0.0,2456.0,0.0039,0.0
2024-03-18,F02,Premium,2451,17092,3418,51.28,0.0,2692.0,0.0036,0.0
2024-03-19,F02,Premium,2315,16916,3383,50.75,0.0,2529.0,0.0037,0.0
2024-03-20,F02,Premium,2485,17092,3418,51.28,0.0,2553.0,0.0037,0.0
2024-03-21,F02,Premium,2446,17268,3454,51.8,0.0,2634.0,0.0043,0.0
2024-03-22,F02,Premium,2639,17973,3595,53.92,0.0,2708.0,0.0041,0.0
2024-03-23,F02,Premium,2368,18678,3736,56.03,0.0,2411.0,0.0023,0.0
2024-03-24,F02,Premium,2328,18501,3700,55.5,0.0,2501.0,0.0058,0.0
2024-03-25,F02,Premium,2180,17092,3418,51.28,0.0,2597.0,0.0024,0.0
2024-03-26,F02,Premium,2598,16916,3383,50.75,0.0,2579.0,0.0047,0.0
2024-03-27,F02,Premium,2267,17092,3418,51.28,0.0,2858.0,0.0028,0.0
2024-03-28,F02,Premium,2503,17268,3454,51.8,0.0,2715.0,0.0029,0.0
2024-03-29,F02,Premium,2613,17973,3595,53.92,0.0,2653.0,0.0043,0.0
2024-03-30,F02,Premium,2575,18678,3736,56.03,0.0,2844.0,0.004,0.0
2024-03-31,F02,Premium,2694,18501,3700,55.5,0.0,2652.0,0.0034,0.0
2024-04-01,F02,Premium,2619,20692,4138,62.08,0.0,2508.0,0.0056,0.0
2024-04-02,F02,Premium,3084,20479,4096,61.44,0.0,2442.0,0.0037,0.0
2024-04-03,F02,Premium,2775,20692,4138,62.08,0.0,2634.0,0.0063,0.0
2024-04-04,F02,Premium,2908,20905,4181,62.72,0.0,2776.0,0.0049,0.0
2024-04-05,F02,Premium,2796,21759,4352,65.28,0.0,2543.0,0.004,0.0
2024-04-06,F02,Premium,2885,22612,4522,67.84,0.0,2710.0,0.0042,0.0
2024-04-07,F02,Premium,3191,22399,4480,67.2,0.0,2475.0,0.0045,0.0
2024-04-08,F02,Premium,2687,20692,4138,62.08,0.0,2680.0,0.0047,0.0
2024-04-09,F02,Premium,2768,20479,4096,61.44,0.0,2528.0,0.0055,0.0
2024-04-10,F02,Premium,2814,20692,4138,62.08,0.0,2626.0,0.0035,0.0
2024-04-11,F02,Premium,2663,20905,4181,62.72,0.0,2637.0,0.0023,0.0
2024-04-12,F02,Premium,2829,21759,4352,65.28,0.0,2467.0,0.0037,0.0
2024-04-13,F02,Premium,3133,22612,4522,67.84,0.0,2584.0,0.0035,0.0
2024-04-14,F02,Premium,3028,22399,4480,67.2,0.0,2553.0,0.0032,0.0
2024-04-15,F02,Premium,2842,20692,4138,62.08,0.0,2801.0,0.0047,0.0
2024-04-16,F02,Premium,2647,20479,4096,61.44,0.0,2409.0,0.0019,0.0
2024-04-17,F02,Premium,2696,20692,4138,62.08,0.0,2887.0,0.0037,0.0
2024-04-18,F02,Premium,2736,20905,4181,62.72,0.0,2486.0,0.0035,0.0
2024-04-19,F02,Premium,2966,21759,4352,65.28,0.0,2418.0,0.0043,0.0
2024-04-20,F02,Premium,3067,22612,4522,67.84,0.0,2542.0,0.0043,0.0
2024-04-21,F02,Premium,2901,22399,4480,67.2,0.0,2429.0,0.0038,0.0
2024-04-22,F02,Premium,2972,20692,4138,62.08,0.0,2658.0,0.0041,0.0
2024-04-23,F02,Premium,2659,20479,4096,61.44,0.0,2431.0,0.0059,0.0
2024-04-24,F02,Premium,2847,20692,4138,62.08,0.0,2725.0,0.0035,0.0
2024-04-25,F02,Premium,2675,20905,4181,62.72,0.0,2642.0,0.0052,0.0
2024-04-26,F02,Premium,2737,21759,4352,65.28,0.0,2586.0,0.0037,0.0
2024-04-27,F02,Premium,3142,22612,4522,67.84,0.0,2603.0,0.004,0.0
2024-04-28,F02,Premium,3250,22399,4480,67.2,0.0,2577.0,0.0035,0.0
2024-04-29,F02,Premium,2627,20692,4138,62.08,0.0,2555.0,0.0039,0.0
2024-04-30,F02,Premium,2575,20479,4096,61.44,0.0,2471.0,0.0051,0.0
2024-05-01,F02,Premium,3086,23644,4729,70.93,0.0,2458.0,0.0037,0.0
2024-05-02,F02,Premium,3177,23887,4777,71.66,0.0,2777.0,0.0039,0.0
2024-05-03,F02,Premium,3144,24862,4972,74.59,0.0,2571.0,0.0045,0.0
2024-05-04,F02,Premium,3503,25837,5167,77.51,0.0,2611.0,0.0032,0.0
2024-05-05,F02,Premium,3491,25594,5119,76.78,0.0,2607.0,0.0053,0.0
2024-05-06,F02,Premium,2995,23644,4729,70.93,0.0,2650.0,0.0048,0.0
2024-05-07,F02,Premium,3217,23400,4680,70.2,0.0,2743.0,0.0036,0.0
2024-05-08,F02,Premium,3209,23644,4729,70.93,0.0,2596.0,0.0049,0.0
2024-05-09,F02,Premium,2999,23887,4777,71.66,0.0,2385.0,0.0024,0.0
2024-05-10,F02,Premium,3123,24862,4972,74.59,0.0,2569.0,0.0047,0.0
2024-05-11,F02,Premium,3413,25837,5167,77.51,0.0,2836.0,0.0034,0.0
2024-05-12,F02,Premium,3290,25594,5119,76.78,0.0,2429.0,0.0039,0.0
2024-05-13,F02,Premium,3152,23644,4729,70.93,0.0,2656.0,0.0048,0.0
2024-05-14,F02,Premium,3130,23400,4680,70.2,0.0,2519.0,0.0037,0.0
2024-05-15,F02,Premium,2940,23644,4729,70.93,0.0,2497.0,0.0036,0.0
2024-05-16,F02,Premium,3425,23887,4777,71.66,0.0,2547.0,0.0052,0.0
2024-05-17,F02,Premium,3222,24862,4972,74.59,0.0,2749.0,0.0069,0.0
2024-05-18,F02,Premium,3750,25837,5167,77.51,0.0,2556.0,0.0044,0.0
2024-05-19,F02,Premium,3467,25594,5119,76.78,0.0,2529.0,0.0032,0.0
2024-05-20,F02,Premium,3186,23644,4729,70.93,0.0,2460.0,0.0056,0.0
2024-05-21,F02,Premium,2978,23400,4680,70.2,0.0,2759.0,0.0037,0.0
2024-05-22,F02,Premium,3142,23644,4729,70.93,0.0,2616.0,0.0045,0.0
2024-05-23,F02,Premium,3281,23887,4777,71.66,0.0,2585.0,0.0035,0.0
2024-05-24,F02,Premium,3241,24862,4972,74.59,0.0,2600.0,0.0044,0.0
2024-05-25,F02,Premium,3550,25837,5167,77.51,0.0,2570.0,0.003,0.0
2024-05-26,F02,Premium,3545,25594,5119,76.78,0.0,2293.0,0.0039,0.0
2024-05-27,F02,Premium,3025,23644,4729,70.93,0.0,2732.0,0.0049,0.0
2024-05-28,F02,Premium,3046,23400,4680,70.2,0.0,2950.0,0.0056,0.0
2024-05-29,F02,Premium,2704,23644,4729,70.93,0.0,2629.0,0.0034,0.0
2024-05-30,F02,Premium,3108,23887,4777,71.66,0.0,2550.0,0.0039,0.0
2024-05-31,F02,Premium,3001,24862,4972,74.59,0.0,2336.0,0.0027,0.0
2024-06-01,F02,Premium,3828,29187,5837,87.56,0.0,2486.0,0.0039,0.0
2024-06-02,F02,Premium,3784,28912,5782,86.74,0.0,2554.0,0.0033,0.0
2024-06-03,F02,Premium,3673,23860,4772,71.58,0.0,2797.0,0.0057,0.0
2024-06-04,F02,Premium,3175,23614,4723,70.84,0.0,2558.0,0.0055,0.0
2024-06-05,F02,Premium,3663,23860,4772,71.58,0.0,2466.0,0.0052,0.0
2024-06-06,F02,Premium,3560,24106,4821,72.32,0.0,2468.0,0.0044,0.0
2024-06-07,F02,Premium,3652,25090,5018,75.27,0.0,2552.0,0.0039,0.0
2024-06-08,F02,Premium,3940,26074,5215,78.22,0.0,2432.0,0.0038,0.0
2024-06-09,F02,Premium,3652,25828,5166,77.48,0.0,2788.0,0.0063,0.0
2024-06-10,F02,Premium,3595,23860,4772,71.58,0.0,2745.0,0.0045,0.0
2024-06-11,F02,Premium,3495,23614,4723,70.84,0.0,2422.0,0.0036,0.0
2024-06-12,F02,Premium,3578,23860,4772,71.58,0.0,2745.0,0.0039,0.0
2024-06-13,F02,Premium,3487,24106,4821,72.32,0.0,2557.0,0.0034,0.0
2024-06-14,F02,Premium,3612,25090,5018,75.27,0.0,2693.0,0.006,0.0
2024-06-15,F02,Premium,3747,26074,5215,78.22,0.0,2637.0,0.0041,0.0
2024-06-16,F02,Premium,4177,25828,5166,77.48,0.0,2683.0,0.0059,0.0
2024-06-17,F02,Premium,3827,23860,4772,71.58,0.0,2552.0,0.0028,0.0
2024-06-18,F02,Premium,3696,23614,4723,70.84,0.0,2545.0,0.0045,0.0
2024-06-19,F02,Premium,3662,23860,4772,71.58,0.0,2638.0,0.0037,0.0
2024-06-20,F02,Premium,3503,24106,4821,72.32,0.0,2608.0,0.0039,0.0
2024-06-21,F02,Premium,3894,25090,5018,75.27,0.0,2801.0,0.0042,0.0
2024-06-22,F02,Premium,3895,26074,5215,78.22,0.0,2387.0,0.006,0.0
2024-06-23,F02,Premium,3918,25828,5166,77.48,0.0,2529.0,0.0041,0.0
2024-06-24,F02,Premium,3444,23860,4772,71.58,0.0,2524.0,0.0058,0.0
2024-06-25,F02,Premium,3760,23614,4723,70.84,0.0,2667.0,0.0049,0.0
2024-06-26,F02,Premium,3460,23860,4772,71.58,0.0,2445.0,0.003,0.0
2024-06-27,F02,Premium,3689,24106,4821,72.32,0.0,2692.0,0.0032,0.0
2024-06-28,F02,Premium,3459,25090,5018,75.27,0.0,2545.0,0.0051,0.0
2024-06-29,F02,Premium,3400,26074,5215,78.22,0.0,2843.0,0.0041,0.0
2024-06-30,F02,Premium,4485,25828,5166,77.48,0.0,2438.0,0.0055,0.0
2024-07-01,F02,Premium,4199,26860,5372,80.58,0.0,2983.0,0.0048,0.0
2024-07-02,F02,Premium,4151,26583,5317,79.75,0.0,2791.0,0.0021,0.0
2024-07-03,F02,Premium,4292,26860,5372,80.58,0.0,3021.0,0.0065,0.0
2024-07-04,F02,Premium,3979,27137,5427,81.41,0.0,2856.0,0.0043,0.0
2024-07-05,F02,Premium,4422,28245,5649,84.73,0.0,2683.0,0.0037,0.0
2024-07-06,F02,Premium,4318,29353,5871,88.06,0.0,2824.0,0.0041,0.0
2024-07-07,F02,Premium,4044,29076,5815,87.23,0.0,3103.0,0.0037,0.0
2024-07-08,F02,Premium,3663,26860,5372,80.58,0.0,2690.0,0.0044,0.0
2024-07-09,F02,Premium,3763,26583,5317,79.75,0.0,2910.0,0.0024,0.0
2024-07-10,F02,Premium,4170,26860,5372,80.58,0.0,2761.0,0.0038,0.0
2024-07-11,F02,Premium,4126,27137,5427,81.41,0.0,2632.0,0.0046,0.0
2024-07-12,F02,Premium,4122,28245,5649,84.73,0.0,2561.0,0.0052,0.0
2024-07-13,F02,Premium,4025,29353,5871,88.06,0.0,2725.0,0.0047,0.0
2024-07-14,F02,Premium,4777,29076,5815,87.23,0.0,2461.0,0.0031,0.0
2024-07-15,F02,Premium,3978,26860,5372,80.58,0.0,2483.0,0.0031,0.0
2024-07-16,F02,Premium,3635,26583,5317,79.75,0.0,2595.0,0.0039,0.0
2024-07-17,F02,Premium,3779,26860,5372,80.58,0.0,2757.0,0.0037,0.0
2024-07-18,F02,Premium,3813,27137,5427,81.41,0.0,2686.0,0.004,0.0
2024-07-19,F02,Premium,4085,28245,5649,84.73,0.0,2752.0,0.0053,0.0
2024-07-20,F02,Premium,4598,29353,5871,88.06,0.0,2654.0,0.0039,0.0
2024-07-21,F02,Premium,4456,29076,5815,87.23,0.0,2485.0,0.0055,0.0
2024-07-22,F02,Premium,4186,26860,5372,80.58,0.0,2840.0,0.003,0.0
2024-07-23,F02,Premium,3952,26583,5317,79.75,0.0,2440.0,0.0062,0.0
2024-07-24,F02,Premium,4143,26860,5372,80.58,0.0,2401.0,0.0024,0.0
2024-07-25,F02,Premium,4316,27137,5427,81.41,0.0,2777.0,0.0046,0.0
2024-07-26,F02,Premium,3877,28245,5649,84.73,0.0,2614.0,0.003,0.0
2024-07-27,F02,Premium,4118,29353,5871,88.06,0.0,3063.0,0.0039,0.0
2024-07-28,F02,Premium,4057,29076,5815,87.23,0.0,2540.0,0.0056,0.0
2024-07-29,F02,Premium,4063,26860,5372,80.58,0.0,2449.0,0.0044,0.0
2024-07-30,F02,Premium,4015,26583,5317,79.75,0.0,2834.0,0.0033,0.0
2024-07-31,F02,Premium,4042,26860,5372,80.58,0.0,2666.0,0.0028,0.0
2024-08-01,F02,Premium,4684,30192,6038,90.58,0.0,2519.0,0.0046,0.0
2024-08-02,F02,Premium,4881,31425,6285,94.27,0.0,2789.0,0.0045,0.0
2024-08-03,F02,Premium,4429,32657,6531,97.97,0.0,2624.0,0.0034,0.0
2024-08-04,F02,Premium,4489,32349,6470,97.05,0.0,2476.0,0.0035,0.0
2024-08-05,F02,Premium,4325,29884,5977,89.65,0.0,2697.0,0.0049,0.0
2024-08-06,F02,Premium,4439,29576,5915,88.73,0.0,2597.0,0.0044,0.0
2024-08-07,F02,Premium,4848,29884,5977,89.65,0.0,2702.0,0.0067,0.0
2024-08-08,F02,Premium,4612,30192,6038,90.58,0.0,2325.0,0.0038,0.0
2024-08-09,F02,Premium,4603,31425,6285,94.27,0.0,2500.0,0.0037,0.0
2024-08-10,F02,Premium,4843,32657,6531,97.97,0.0,2686.0,0.0041,0.0
2024-08-11,F02,Premium,5032,32349,6470,97.05,0.0,2689.0,0.0072,0.0
2024-08-12,F02,Premium,4197,29884,5977,89.65,0.0,2614.0,0.0037,0.0
2024-08-13,F02,Premium,4592,29576,5915,88.73,0.0,2391.0,0.0034,0.0
2024-08-14,F02,Premium,4242,29884,5977,89.65,0.0,2816.0,0.0043,0.0
2024-08-15,F02,Premium,5059,30192,6038,90.58,0.0,2429.0,0.0041,0.0
2024-08-16,F02,Premium,4854,31425,6285,94.27,0.0,2537.0,0.0035,0.0
2024-08-17,F02,Premium,5179,32657,6531,97.97,0.0,2589.0,0.0055,0.0
2024-08-18,F02,Premium,5191,32349,6470,97.05,0.0,2341.0,0.0038,0.0
2024-08-19,F02,Premium,4438,29884,5977,89.65,0.0,2651.0,0.003,0.0
2024-08-20,F02,Premium,4562,29576,5915,88.73,0.0,2589.0,0.003,0.0
2024-08-21,F02,Premium,4360,29884,5977,89.65,0.0,2515.0,0.0036,0.0
2024-08-22,F02,Premium,4361,30192,6038,90.58,0.0,2656.0,0.0047,0.0
2024-08-23,F02,Premium,4984,31425,6285,94.27,0.0,2488.0,0.0043,0.0
2024-08-24,F02,Premium,5179,32657,6531,97.97,0.0,2708.0,0.0044,0.0
2024-08-25,F02,Premium,4897,32349,6470,97.05,0.0,2626.0,0.0064,0.0
2024-08-26,F02,Premium,4263,29884,5977,89.65,0.0,2534.0,0.0035,0.0
2024-08-27,F02,Premium,3904,29576,5915,88.73,0.0,2781.0,0.0057,0.0
2024-08-28,F02,Premium,4696,29884,5977,89.65,0.0,2604.0,0.0046,0.0
2024-08-29,F02,Premium,4688,30192,6038,90.58,0.0,2744.0,0.0045,0.0
2024-08-30,F02,Premium,4784,31425,6285,94.27,0.0,2537.0,0.0049,0.0
2024-08-31,F02,Premium,4510,32657,6531,97.97,0.0,2595.0,0.0032,0.0
2024-09-01,F02,Premium,5555,35347,7069,106.04,0.0,2508.0,0.0053,0.0
2024-09-02,F02,Premium,4662,32654,6531,97.96,0.0,2591.0,0.0033,0.0
2024-09-03,F02,Premium,5150,32317,6463,96.95,0.0,2776.0,0.0055,0.0
2024-09-04,F02,Premium,4687,32654,6531,97.96,0.0,2615.0,0.0035,0.0
2024-09-05,F02,Premium,5425,32991,6598,98.97,0.0,2443.0,0.0036,0.0
2024-09-06,F02,Premium,5059,34337,6867,103.01,0.0,2538.0,0.0021,0.0
2024-09-07,F02,Premium,5064,35684,7137,107.05,0.0,2639.0,0.0059,0.0
2024-09-08,F02,Premium,5279,35347,7069,106.04,0.0,2584.0,0.0045,0.0
2024-09-09,F02,Premium,5323,32654,6531,97.96,0.0,2591.0,0.0053,0.0
2024-09-10,F02,Premium,4562,32317,6463,96.95,0.0,2595.0,0.0042,0.0
2024-09-11,F02,Premium,4759,32654,6531,97.96,0.0,2426.0,0.0051,0.0
2024-09-12,F02,Premium,5249,32991,6598,98.97,0.0,2662.0,0.0041,0.0
2024-09-13,F02,Premium,4900,34337,6867,103.01,0.0,2696.0,0.0075,0.0
2024-09-14,F02,Premium,5005,35684,7137,107.05,0.0,2809.0,0.0037,0.0
2024-09-15,F02,Premium,5178,35347,7069,106.04,0.0,2399.0,0.0031,0.0
2024-09-16,F02,Premium,4639,32654,6531,97.96,0.0,2402.0,0.0048,0.0
2024-09-17,F02,Premium,5415,32317,6463,96.95,0.0,2583.0,0.0071,0.0
2024-09-18,F02,Premium,5009,32654,6531,97.96,0.0,2479.0,0.0047,0.0
2024-09-19,F02,Premium,4803,32991,6598,98.97,0.0,2382.0,0.0035,0.0
2024-09-20,F02,Premium,5103,34337,6867,103.01,0.0,2639.0,0.0035,0.0
2024-09-21,F02,Premium,5030,35684,7137,107.05,0.0,2583.0,0.0046,0.0
2024-09-22,F02,Premium,5368,35347,7069,106.04,0.0,2659.0,0.0058,0.0
2024-09-23,F02,Premium,4347,32654,6531,97.96,0.0,2487.0,0.0033,0.0
2024-09-24,F02,Premium,4741,32317,6463,96.95,0.0,2443.0,0.0037,0.0
2024-09-25,F02,Premium,4952,32654,6531,97.96,0.0,2262.0,0.003,0.0
2024-09-26,F02,Premium,4772,32991,6598,98.97,0.0,2460.0,0.0039,0.0
2024-09-27,F02,Premium,4985,34337,6867,103.01,0.0,2616.0,0.0052,0.0
2024-09-28,F02,Premium,5079,35684,7137,107.05,0.0,2818.0,0.0029,0.0
2024-09-29,F02,Premium,5782,35347,7069,106.04,0.0,2613.0,0.0048,0.0
2024-09-30,F02,Premium,4942,32654,6531,97.96,0.0,2670.0,0.0054,0.0
2024-10-01,F02,Premium,5181,36465,7293,109.4,0.0,2754.0,0.0039,0.0
2024-10-02,F02,Premium,5429,36845,7369,110.54,0.0,2478.0,0.0048,0.0
2024-10-03,F02,Premium,5202,37225,7445,111.67,0.0,2721.0,0.0063,0.0
2024-10-04,F02,Premium,5096,38744,7749,116.23,0.0,2759.0,0.0041,0.0
2024-10-05,F02,Premium,6019,40264,8053,120.79,0.0,2470.0,0.0026,0.0
2024-10-06,F02,Premium,5837,39884,7977,119.65,0.0,2462.0,0.0045,0.0
2024-10-07,F02,Premium,5295,36845,7369,110.54,0.0,2542.0,0.0028,0.0
2024-10-08,F02,Premium,5286,36465,7293,109.4,0.0,2525.0,0.003,0.0
2024-10-09,F02,Premium,5289,36845,7369,110.54,0.0,2573.0,0.0042,0.0
2024-10-10,F02,Premium,4994,37225,7445,111.67,0.0,2489.0,0.0056,0.0
2024-10-11,F02,Premium,5593,38744,7749,116.23,0.0,2593.0,0.0037,0.0
2024-10-12,F02,Premium,5971,40264,8053,120.79,0.0,2680.0,0.0042,0.0
2024-10-13,F02,Premium,5709,39884,7977,119.65,0.0,2700.0,0.0049,0.0
2024-10-14,F02,Premium,5121,36845,7369,110.54,0.0,2539.0,0.0023,0.0
2024-10-15,F02,Premium,5013,36465,7293,109.4,0.0,2748.0,0.0037,0.0
2024-10-16,F02,Premium,5768,36845,7369,110.54,0.0,2580.0,0.0032,0.0
2024-10-17,F02,Premium,5435,37225,7445,111.67,0.0,2488.0,0.0033,0.0
2024-10-18,F02,Premium,5786,38744,7749,116.23,0.0,2476.0,0.0056,0.0
2024-10-19,F02,Premium,5673,40264,8053,120.79,0.0,2559.0,0.003,0.0
2024-10-20,F02,Premium,5178,39884,7977,119.65,0.0,2742.0,0.0034,0.0
2024-10-21,F02,Premium,5848,36845,7369,110.54,0.0,2810.0,0.0041,0.0
2024-10-22,F02,Premium,5022,36465,7293,109.4,0.0,2585.0,0.0048,0.0
2024-10-23,F02,Premium,5205,36845,7369,110.54,0.0,2544.0,0.0047,0.0
2024-10-24,F02,Premium,5037,37225,7445,111.67,0.0,2603.0,0.0031,0.0
2024-10-25,F02,Premium,5945,38744,7749,116.23,0.0,2448.0,0.005,0.0
2024-10-26,F02,Premium,5756,40264,8053,120.79,0.0,2478.0,0.0037,0.0
2024-10-27,F02,Premium,6180,39884,7977,119.65,0.0,2816.0,0.0032,0.0
2024-10-28,F02,Premium,5298,36845,7369,110.54,0.0,3084.0,0.0039,0.0
2024-10-29,F02,Premium,5438,36465,7293,109.4,0.0,2911.0,0.0054,0.0
2024-10-30,F02,Premium,5388,36845,7369,110.54,0.0,3213.0,0.0031,0.0
2024-10-31,F02,Premium,5048,37225,7445,111.67,0.0,2989.0,0.0036,0.0
2024-11-01,F02,Premium,6472,50214,10043,150.64,0.0,2825.0,0.0041,0.0
2024-11-02,F02,Premium,6458,52183,10437,156.55,0.0,2718.0,0.0086,0.0
2024-11-03,F02,Premium,6770,51691,10338,155.07,0.0,2696.0,0.0037,0.0
2024-11-04,F02,Premium,6062,47752,9550,143.26,0.0,2760.0,0.0037,0.0
2024-11-05,F02,Premium,6101,47093,9419,141.28,0.0,2462.0,0.005,0.0
2024-11-06,F02,Premium,5965,47415,9483,142.25,0.0,2787.0,0.0034,0.0
2024-11-07,F02,Premium,6193,47735,9547,143.21,0.0,2935.0,0.0044,0.0
2024-11-08,F02,Premium,6429,49510,9902,148.53,0.0,2508.0,0.0038,0.0
2024-11-09,F02,Premium,6402,51271,10254,153.81,0.0,2636.0,0.0023,0.0
2024-11-10,F02,Premium,6957,50611,10122,151.83,0.0,2542.0,0.0028,0.0
2024-11-11,F02,Premium,6228,46593,9319,139.78,0.0,2584.0,0.0032,0.0
2024-11-12,F02,Premium,5010,45953,9191,137.86,0.0,2579.0,0.0038,0.0
2024-11-13,F02,Premium,5998,46272,9254,138.81,0.0,2453.0,0.0032,0.0
2024-11-14,F02,Premium,6034,46588,9318,139.76,0.0,2531.0,0.0037,0.0
2024-11-15,F02,Premium,6000,48324,9665,144.97,0.0,2573.0,0.0031,0.0
2024-11-16,F02,Premium,6182,50048,10010,150.14,0.0,2485.0,0.0026,0.0
2024-11-17,F02,Premium,5598,49407,9881,148.22,0.0,2806.0,0.0029,0.0
2024-11-18,F02,Premium,5712,45488,9098,136.46,0.0,2533.0,0.0038,0.0
2024-11-19,F02,Premium,5288,44867,8973,134.6,0.0,2620.0,0.0065,0.0
2024-11-20,F02,Premium,6018,45182,9036,135.55,0.0,2621.0,0.0027,0.0
2024-11-21,F02,Premium,5774,45495,9099,136.48,0.0,2499.0,0.0038,0.0
2024-11-22,F02,Premium,6652,47193,9439,141.58,0.0,3001.0,0.0038,0.0
2024-11-23,F02,Premium,6835,48881,9776,146.64,0.0,3156.0,0.0069,0.0
2024-11-24,F02,Premium,6476,48259,9652,144.78,0.0,3067.0,0.0038,0.0
2024-11-25,F02,Premium,6014,44435,8887,133.3,0.0,2875.0,0.0027,0.0
2024-11-26,F02,Premium,5940,43831,8766,131.49,0.0,2871.0,0.0052,0.0
2024-11-27,F02,Premium,6045,44142,8828,132.43,0.0,2819.0,0.0048,0.0
2024-11-28,F02,Premium,6272,44451,8890,133.35,0.0,2778.0,0.004,0.0
2024-11-29,F02,Premium,6767,46115,9223,138.34,0.0,3133.0,0.006,0.0
2024-11-30,F02,Premium,6643,47767,9553,143.3,0.0,3112.0,0.0045,0.0
2024-12-01,F02,Premium,6480,51205,10241,153.61,0.0,3014.0,0.004,0.0
2024-12-02,F02,Premium,6576,47150,9430,141.45,0.0,3044.0,0.0038,0.0
2024-12-03,F02,Premium,6638,46514,9303,139.54,0.0,2626.0,0.0054,0.0
2024-12-04,F02,Premium,6080,46847,9369,140.54,0.0,2717.0,0.0043,0.0
2024-12-05,F02,Premium,6852,47179,9436,141.54,0.0,2626.0,0.0047,0.0
2024-12-06,F02,Premium,7351,48948,9790,146.84,0.0,2495.0,0.0039,0.0
2024-12-07,F02,Premium,7563,50705,10141,152.12,0.0,2654.0,0.0035,0.0
2024-12-08,F02,Premium,6845,50068,10014,150.2,0.0,2669.0,0.0042,0.0
2024-12-09,F02,Premium,6223,46107,9221,138.32,0.0,2583.0,0.0063,0.0
2024-12-10,F02,Premium,6107,45488,9098,136.46,0.0,2555.0,0.0025,0.0
2024-12-11,F02,Premium,6602,45817,9163,137.45,0.0,2482.0,0.0033,0.0
2024-12-12,F02,Premium,6675,46144,9229,138.43,0.0,2650.0,0.0046,0.0
2024-12-13,F02,Premium,6304,47878,9576,143.63,0.0,2582.0,0.0038,0.0
2024-12-14,F02,Premium,7085,49600,9920,148.8,0.0,2570.0,0.0046,0.0
2024-12-15,F02,Premium,7313,48980,9796,146.94,0.0,2400.0,0.0045,0.0
2024-12-16,F02,Premium,6399,45108,9022,135.32,0.0,2524.0,0.0042,0.0
2024-12-17,F02,Premium,6469,44506,8901,133.52,0.0,2522.0,0.0029,0.0
2024-12-18,F02,Premium,7685,44831,8966,134.49,0.0,2435.0,0.0046,0.0
2024-12-19,F02,Premium,6079,45154,9031,135.46,0.0,2829.0,0.006,0.0
2024-12-20,F02,Premium,6619,46854,9371,140.56,0.0,2745.0,0.0032,0.0
2024-12-21,F02,Premium,7726,48543,9709,145.63,0.0,2583.0,0.0057,0.0
2024-12-22,F02,Premium,7191,47939,9588,143.82,0.0,2620.0,0.006,0.0
2024-12-23,F02,Premium,6586,44152,8830,132.46,0.0,2515.0,0.0036,0.0
2024-12-24,F02,Premium,6659,43565,8713,130.7,0.0,2538.0,0.0063,0.0
2024-12-25,F02,Premium,6393,43886,8777,131.66,0.0,2541.0,0.0044,0.0
2024-12-26,F02,Premium,6919,44206,8841,132.62,0.0,3292.0,0.0037,0.0
2024-12-27,F02,Premium,6779,45872,9174,137.62,0.0,3065.0,0.0041,0.0
2024-12-28,F02,Premium,6616,47529,9506,142.59,0.0,2590.0,0.0036,0.0
2024-12-29,F02,Premium,7145,46941,9388,140.82,0.0,2965.0,0.0036,0.0
2024-12-30,F02,Premium,6313,43236,8647,129.71,0.0,2771.0,0.0072,0.0
2024-12-31,F02,Premium,6258,42664,8533,127.99,0.0,2861.0,0.0044,0.0
2025-01-01,F02,Premium,6638,44554,8911,133.66,0.0,3068.0,0.0034,0.0
2025-01-02,F02,Premium,6886,44878,8976,134.63,0.0,3015.0,0.0069,0.0
2025-01-03,F02,Premium,7148,46570,9314,139.71,0.0,2825.0,0.0033,0.0
2025-01-04,F02,Premium,7853,48396,9679,145.19,0.0,2977.0,0.0033,0.0
2025-01-05,F02,Premium,7166,47939,9588,143.82,0.0,2854.0,0.0053,0.0
2025-01-06,F02,Premium,6768,44287,8857,132.86,0.0,2741.0,0.0051,0.0
2025-01-07,F02,Premium,7003,43830,8766,131.49,0.0,2493.0,0.0021,0.0
2025-01-08,F02,Premium,6254,44287,8857,132.86,0.0,2444.0,0.0071,0.0
2025-01-09,F02,Premium,7255,44744,8949,134.23,0.0,2559.0,0.0029,0.0
2025-01-10,F02,Premium,7093,46570,9314,139.71,0.0,2479.0,0.0043,0.0
2025-01-11,F02,Premium,7448,48396,9679,145.19,0.0,2629.0,0.0034,0.0
2025-01-12,F02,Premium,7723,47939,9588,143.82,0.0,2436.0,0.0052,0.0
2025-01-13,F02,Premium,6922,44287,8857,132.86,0.0,2560.0,0.004,0.0
2025-01-14,F02,Premium,6751,43830,8766,131.49,0.0,2700.0,0.005,0.0
2025-01-15,F02,Premium,6814,44287,8857,132.86,0.0,2655.0,0.0037,0.0
2025-01-16,F02,Premium,6792,44744,8949,134.23,0.0,2736.0,0.0047,0.0
2025-01-17,F02,Premium,7557,46570,9314,139.71,0.0,2489.0,0.0028,0.0
2025-01-18,F02,Premium,7460,48396,9679,145.19,0.0,2858.0,0.004,0.0
2025-01-19,F02,Premium,7244,47939,9588,143.82,0.0,2479.0,0.003,0.0
2025-01-20,F02,Premium,7280,44287,8857,132.86,0.0,2634.0,0.005,0.0
2025-01-21,F02,Premium,7395,43830,8766,131.49,0.0,2590.0,0.0042,0.0
2025-01-22,F02,Premium,6651,44287,8857,132.86,0.0,2435.0,0.0046,0.0
2025-01-23,F02,Premium,6740,44744,8949,134.23,0.0,2832.0,0.0046,0.0
2025-01-24,F02,Premium,7478,46570,9314,139.71,0.0,2524.0,0.0029,0.0
2025-01-25,F02,Premium,7861,48396,9679,145.19,0.0,2828.0,0.0038,0.0
2025-01-26,F02,Premium,7523,47939,9588,143.82,0.0,2711.0,0.0029,0.0
2025-01-27,F02,Premium,6552,44287,8857,132.86,0.0,2478.0,0.0031,0.0
2025-01-28,F02,Premium,7064,43830,8766,131.49,0.0,2634.0,0.0028,0.0
2025-01-29,F02,Premium,7178,44287,8857,132.86,0.0,2704.0,0.0047,0.0
2025-01-30,F02,Premium,7189,44744,8949,134.23,0.0,2524.0,0.0034,0.0
2025-01-31,F02,Premium,6964,46570,9314,139.71,0.0,2811.0,0.0045,0.0
2025-02-01,F02,Premium,7774,59869,11974,179.61,0.0,2838.0,0.0035,0.0
2025-02-02,F02,Premium,8160,59305,11861,177.91,0.0,2651.0,0.0043,0.0
2025-02-03,F02,Premium,8062,54786,10957,164.36,0.0,2645.0,0.0036,0.0
2025-02-04,F02,Premium,7032,54221,10844,162.66,0.0,2575.0,0.0038,0.0
2025-02-05,F02,Premium,7053,54786,10957,164.36,0.0,2752.0,0.0047,0.0
2025-02-06,F02,Premium,7370,55351,11070,166.05,0.0,2476.0,0.0026,0.0
2025-02-07,F02,Premium,7469,57610,11522,172.83,0.0,2951.0,0.0052,0.0
2025-02-08,F02,Premium,7517,59869,11974,179.61,0.0,2865.0,0.005,0.0
2025-02-09,F02,Premium,7586,59305,11861,177.91,0.0,3101.0,0.0049,0.0
2025-02-10,F02,Premium,7628,54786,10957,164.36,0.0,2877.0,0.0045,0.0
2025-02-11,F02,Premium,7188,54221,10844,162.66,0.0,2945.0,0.0039,0.0
2025-02-12,F02,Premium,7798,54786,10957,164.36,0.0,2903.0,0.0045,0.0
2025-02-13,F02,Premium,8217,55351,11070,166.05,0.0,3105.0,0.0047,0.0
2025-02-14,F02,Premium,7829,57610,11522,172.83,0.0,3154.0,0.0045,0.0
2025-02-15,F02,Premium,8149,59869,11974,179.61,0.0,3149.0,0.004,0.0
2025-02-16,F02,Premium,7951,59305,11861,177.91,0.0,2821.0,0.0062,0.0
2025-02-17,F02,Premium,7868,54786,10957,164.36,0.0,2950.0,0.0033,0.0
2025-02-18,F02,Premium,7583,54221,10844,162.66,0.0,2630.0,0.0036,0.0
2025-02-19,F02,Premium,6723,54786,10957,164.36,0.0,2648.0,0.0039,0.0
2025-02-20,F02,Premium,7854,55351,11070,166.05,0.0,2495.0,0.0033,0.0
2025-02-21,F02,Premium,8001,57610,11522,172.83,0.0,2695.0,0.0062,0.0
2025-02-22,F02,Premium,8539,59869,11974,179.61,0.0,2531.0,0.0042,0.0
2025-02-23,F02,Premium,8417,59305,11861,177.91,0.0,2644.0,0.0046,0.0
2025-02-24,F02,Premium,7030,54786,10957,164.36,0.0,2670.0,0.0042,0.0
2025-02-25,F02,Premium,7069,54221,10844,162.66,0.0,2636.0,0.004,0.0
2025-02-26,F02,Premium,7468,54786,10957,164.36,0.0,2510.0,0.0047,0.0
2025-02-27,F02,Premium,8016,55351,11070,166.05,0.0,2681.0,0.0043,0.0
2025-02-28,F02,Premium,7570,57610,11522,172.83,0.0,2469.0,0.0033,0.0
2025-03-01,F02,Premium,9311,55781,11156,167.34,0.0,2520.0,0.0033,0.0
2025-03-02,F02,Premium,9005,55255,11051,165.76,0.0,2645.0,0.0033,0.0
2025-03-03,F02,Premium,7939,51045,10209,153.13,0.0,2618.0,0.0034,0.0
2025-03-04,F02,Premium,7437,50519,10104,151.56,0.0,2451.0,0.0031,0.0
2025-03-05,F02,Premium,7941,51045,10209,153.13,0.0,2609.0,0.0048,0.0
2025-03-06,F02,Premium,8141,51571,10314,154.71,0.0,2401.0,0.0046,0.0
2025-03-07,F02,Premium,7850,53676,10735,161.03,0.0,2526.0,0.0057,0.0
2025-03-08,F02,Premium,8945,55781,11156,167.34,0.0,2821.0,0.0034,0.0
2025-03-09,F02,Premium,8818,55255,11051,165.76,0.0,2626.0,0.0032,0.0
2025-03-10,F02,Premium,7964,51045,10209,153.13,0.0,2621.0,0.0048,0.0
2025-03-11,F02,Premium,7393,50519,10104,151.56,0.0,2440.0,0.0033,0.0
2025-03-12,F02,Premium,7545,51045,10209,153.13,0.0,2715.0,0.0036,0.0
2025-03-13,F02,Premium,7396,51571,10314,154.71,0.0,2417.0,0.0055,0.0
2025-03-14,F02,Premium,8521,53676,10735,161.03,0.0,2460.0,0.0037,0.0
2025-03-15,F02,Premium,8976,55781,11156,167.34,0.0,2621.0,0.0025,0.0
2025-03-16,F02,Premium,8561,55255,11051,165.76,0.0,2622.0,0.0046,0.0
2025-03-17,F02,Premium,7856,51045,10209,153.13,0.0,2603.0,0.0046,0.0
2025-03-18,F02,Premium,7445,50519,10104,151.56,0.0,2483.0,0.0035,0.0
2025-03-19,F02,Premium,8654,51045,10209,153.13,0.0,2602.0,0.0041,0.0
2025-03-20,F02,Premium,8070,51571,10314,154.71,0.0,2649.0,0.0042,0.0
2025-03-21,F02,Premium,8372,53676,10735,161.03,0.0,2424.0,0.0051,0.0
2025-03-22,F02,Premium,8174,55781,11156,167.34,0.0,2482.0,0.0024,0.0
2025-03-23,F02,Premium,8441,55255,11051,165.76,0.0,2442.0,0.0033,0.0
2025-03-24,F02,Premium,8648,51045,10209,153.13,0.0,2589.0,0.004,0.0
2025-03-25,F02,Premium,7221,50519,10104,151.56,0.0,2968.0,0.004,0.0
2025-03-26,F02,Premium,8085,51045,10209,153.13,0.0,2444.0,0.0037,0.0
2025-03-27,F02,Premium,7972,51571,10314,154.71,0.0,2600.0,0.0028,0.0
2025-03-28,F02,Premium,7657,53676,10735,161.03,0.0,2538.0,0.0037,0.0
2025-03-29,F02,Premium,8538,55781,11156,167.34,0.0,2434.0,0.0025,0.0
2025-03-30,F02,Premium,9183,55255,11051,165.76,0.0,2527.0,0.0025,0.0
2025-03-31,F02,Premium,8007,51045,10209,153.13,0.0,2558.0,0.0038,0.0
2025-04-01,F02,Premium,8772,56854,11371,170.56,0.0,2512.0,0.0045,0.0
2025-04-02,F02,Premium,7694,57446,11489,172.34,0.0,2683.0,0.003,0.0
2025-04-03,F02,Premium,8081,58038,11608,174.11,0.0,2701.0,0.0039,0.0
2025-04-04,F02,Premium,8750,60407,12081,181.22,0.0,2578.0,0.0044,0.0
2025-04-05,F02,Premium,10256,62776,12555,188.33,0.0,2595.0,0.0042,0.0
2025-04-06,F02,Premium,8677,62184,12437,186.55,0.0,2424.0,0.0034,0.0
2025-04-07,F02,Premium,7985,57446,11489,172.34,0.0,2375.0,0.0054,0.0
2025-04-08,F02,Premium,8436,56854,11371,170.56,0.0,2425.0,0.0048,0.0
2025-04-09,F02,Premium,7606,57446,11489,172.34,0.0,2565.0,0.0028,0.0
2025-04-10,F02,Premium,8982,58038,11608,174.11,0.0,2625.0,0.0031,0.0
2025-04-11,F02,Premium,8589,60407,12081,181.22,0.0,2481.0,0.0034,0.0
2025-04-12,F02,Premium,9252,62776,12555,188.33,0.0,2387.0,0.0041,0.0
2025-04-13,F02,Premium,8786,62184,12437,186.55,0.0,2708.0,0.0051,0.0
2025-04-14,F02,Premium,8702,57446,11489,172.34,0.0,2846.0,0.0036,0.0
2025-04-15,F02,Premium,8188,56854,11371,170.56,0.0,2531.0,0.0032,0.0
2025-04-16,F02,Premium,8081,57446,11489,172.34,0.0,2578.0,0.0021,0.0
2025-04-17,F02,Premium,7791,58038,11608,174.11,0.0,2689.0,0.0045,0.0
2025-04-18,F02,Premium,8811,60407,12081,181.22,0.0,3129.0,0.0028,0.0
2025-04-19,F02,Premium,9178,62776,12555,188.33,0.0,3059.0,0.0039,0.0
2025-04-20,F02,Premium,8680,62184,12437,186.55,0.0,3084.0,0.0051,0.0
2025-04-21,F02,Premium,9022,57446,11489,172.34,0.0,2847.0,0.004,0.0
2025-04-22,F02,Premium,8776,56854,11371,170.56,0.0,2772.0,0.0036,0.0
2025-04-23,F02,Premium,7501,57446,11489,172.34,0.0,2584.0,0.0025,0.0
2025-04-24,F02,Premium,8371,58038,11608,174.11,0.0,3176.0,0.0034,0.0
2025-04-25,F02,Premium,8079,60407,12081,181.22,0.0,3074.0,0.0057,0.0
2025-04-26,F02,Premium,9066,62776,12555,188.33,0.0,3180.0,0.0058,0.0
2025-04-27,F02,Premium,9384,62184,12437,186.55,0.0,2817.0,0.0041,0.0
2025-04-28,F02,Premium,8501,57446,11489,172.34,0.0,2603.0,0.0046,0.0
2025-04-29,F02,Premium,8498,56854,11371,170.56,0.0,2404.0,0.0031,0.0
2025-04-30,F02,Premium,7910,57446,11489,172.34,0.0,2554.0,0.0035,0.0
2025-05-01,F02,Premium,8980,60142,12028,180.43,0.0,2721.0,0.0048,0.0
2025-05-02,F02,Premium,9535,62597,12519,187.79,0.0,2559.0,0.005,0.0
2025-05-03,F02,Premium,9680,65052,13010,195.16,0.0,2602.0,0.0043,0.0
2025-05-04,F02,Premium,9754,64438,12888,193.31,0.0,2674.0,0.0034,0.0
2025-05-05,F02,Premium,8289,59529,11906,178.59,0.0,2696.0,0.0047,0.0
2025-05-06,F02,Premium,8540,58915,11783,176.75,0.0,2345.0,0.006,0.0
2025-05-07,F02,Premium,9069,59529,11906,178.59,0.0,2897.0,0.005,0.0
2025-05-08,F02,Premium,8923,60142,12028,180.43,0.0,2610.0,0.0037,0.0
2025-05-09,F02,Premium,8935,62597,12519,187.79,0.0,2625.0,0.0052,0.0
2025-05-10,F02,Premium,9217,65052,13010,195.16,0.0,2409.0,0.0056,0.0
2025-05-11,F02,Premium,9905,64438,12888,193.31,0.0,2479.0,0.0043,0.0
2025-05-12,F02,Premium,8733,59529,11906,178.59,0.0,2461.0,0.0029,0.0
2025-05-13,F02,Premium,9356,58915,11783,176.75,0.0,2428.0,0.0041,0.0
2025-05-14,F02,Premium,7877,59529,11906,178.59,0.0,2787.0,0.0034,0.0
2025-05-15,F02,Premium,8334,60142,12028,180.43,0.0,2672.0,0.0041,0.0
2025-05-16,F02,Premium,9141,62597,12519,187.79,0.0,2661.0,0.0046,0.0
2025-05-17,F02,Premium,8910,65052,13010,195.16,0.0,2567.0,0.0045,0.0
2025-05-18,F02,Premium,9170,64438,12888,193.31,0.0,2816.0,0.0031,0.0
2025-05-19,F02,Premium,8518,59529,11906,178.59,0.0,2477.0,0.0058,0.0
2025-05-20,F02,Premium,9059,58915,11783,176.75,0.0,2605.0,0.0042,0.0
2025-05-21,F02,Premium,9305,59529,11906,178.59,0.0,2795.0,0.0042,0.0
2025-05-22,F02,Premium,8775,60142,12028,180.43,0.0,2606.0,0.0039,0.0
2025-05-23,F02,Premium,9673,62597,12519,187.79,0.0,2573.0,0.0057,0.0
2025-05-24,F02,Premium,9628,65052,13010,195.16,0.0,2564.0,0.0029,0.0
2025-05-25,F02,Premium,9782,64438,12888,193.31,0.0,2867.0,0.0053,0.0
2025-05-26,F02,Premium,8701,59529,11906,178.59,0.0,2536.0,0.0046,0.0
2025-05-27,F02,Premium,8811,58915,11783,176.75,0.0,2714.0,0.0051,0.0
2025-05-28,F02,Premium,8544,59529,11906,178.59,0.0,2905.0,0.0025,0.0
2025-05-29,F02,Premium,8671,60142,12028,180.43,0.0,2700.0,0.0048,0.0
2025-05-30,F02,Premium,9702,62597,12519,187.79,0.0,2465.0,0.0043,0.0
2025-05-31,F02,Premium,10264,65052,13010,195.16,0.0,2677.0,0.0047,0.0
2025-06-01,F02,Premium,10735,71636,14327,214.91,0.0,2396.0,0.0046,0.0
2025-06-02,F02,Premium,11055,66178,13236,158.83,0.0,2753.0,0.0034,0.0
2025-06-03,F02,Premium,9642,65496,13099,157.19,0.0,2230.0,0.004,0.0
2025-06-04,F02,Premium,10095,66178,13236,158.83,0.0,2721.0,0.0044,0.0
2025-06-05,F02,Premium,10240,66861,13372,160.47,0.0,2579.0,0.0034,0.0
2025-06-06,F02,Premium,9969,69590,13918,167.01,0.0,2573.0,0.0045,0.0
2025-06-07,F02,Premium,11712,72319,14464,173.56,0.0,2795.0,0.0031,0.0
2025-06-08,F02,Premium,10305,71636,14327,171.93,0.0,2508.0,0.0032,0.0
2025-06-09,F02,Premium,9712,66178,13236,158.83,0.0,2507.0,0.0041,0.0
2025-06-10,F02,Premium,10037,65496,13099,157.19,0.0,2840.0,0.0051,0.0
2025-06-11,F02,Premium,9168,66178,13236,158.83,0.0,2539.0,0.0037,0.0
2025-06-12,F02,Premium,8987,66861,13372,160.47,0.0,2411.0,0.0047,0.0
2025-06-13,F02,Premium,10543,69590,13918,167.01,0.0,2675.0,0.004,0.0
2025-06-14,F02,Premium,9743,72319,14464,173.56,0.0,2471.0,0.0034,0.0
2025-06-15,F02,Premium,10002,71636,14327,171.93,0.0,2707.0,0.0055,0.0
2025-06-16,F02,Premium,8753,66178,13236,158.83,0.0,2614.0,0.0047,0.0
2025-06-17,F02,Premium,9539,65496,13099,157.19,0.0,2459.0,0.0045,0.0
2025-06-18,F02,Premium,9071,66178,13236,158.83,0.0,2390.0,0.0038,0.0
2025-06-19,F02,Premium,9792,66861,13372,160.47,0.0,2631.0,0.004,0.0
2025-06-20,F02,Premium,10091,69590,13918,167.01,0.0,2733.0,0.0052,0.0
2025-06-21,F02,Premium,9578,72319,14464,173.56,0.0,2513.0,0.0038,0.0
2025-06-22,F02,Premium,10314,71636,14327,171.93,0.0,2407.0,0.0036,0.0
2025-06-23,F02,Premium,9497,66178,13236,158.83,0.0,2224.0,0.0052,0.0
2025-06-24,F02,Premium,8609,65496,13099,157.19,0.0,2663.0,0.004,0.0
2025-06-25,F02,Premium,9599,66178,13236,158.83,0.0,2397.0,0.0031,0.0
2025-06-26,F02,Premium,9453,66861,13372,160.47,0.0,2509.0,0.0057,0.0
2025-06-27,F02,Premium,10147,69590,13918,167.01,0.0,2450.0,0.0041,0.0
2025-06-28,F02,Premium,10336,72319,14464,173.56,0.0,2490.0,0.0042,0.0
2025-06-29,F02,Premium,9812,71636,14327,171.93,0.0,2188.0,0.0035,0.0
2025-06-30,F02,Premium,9531,66178,13236,158.83,0.0,2709.0,0.0043,0.0
2025-07-01,F02,Premium,10666,68735,13747,164.96,0.0,2992.0,0.0067,0.0
2025-07-02,F02,Premium,11301,69451,13890,166.68,0.0,2954.0,0.0028,0.0
2025-07-03,F02,Premium,10011,70167,14033,168.4,0.0,3116.0,0.0024,0.0
2025-07-04,F02,Premium,10481,73031,14606,175.27,0.0,2753.0,0.006,0.0
2025-07-05,F02,Premium,11789,75894,15179,182.15,0.0,2713.0,0.0042,0.0
2025-07-06,F02,Premium,10871,75179,15036,180.43,0.0,2576.0,0.0038,0.0
2025-07-07,F02,Premium,9525,69451,13890,166.68,0.0,2990.0,0.0046,0.0
2025-07-08,F02,Premium,10158,68735,13747,164.96,0.0,3072.0,0.0037,0.0
2025-07-09,F02,Premium,10337,69451,13890,166.68,0.0,2821.0,0.0039,0.0
2025-07-10,F02,Premium,10275,70167,14033,168.4,0.0,2925.0,0.0035,0.0
2025-07-11,F02,Premium,10662,73031,14606,175.27,0.0,2482.0,0.0032,0.0
2025-07-12,F02,Premium,10589,75894,15179,182.15,0.0,2695.0,0.0036,0.0
2025-07-13,F02,Premium,10723,75179,15036,180.43,0.0,2597.0,0.003,0.0
2025-07-14,F02,Premium,11360,69451,13890,166.68,0.0,2493.0,0.0021,0.0
2025-07-15,F02,Premium,11386,68735,13747,164.96,0.0,2305.0,0.0037,0.0
2025-07-16,F02,Premium,12000,69451,13890,166.68,0.0,2471.0,0.0026,0.0
2025-07-17,F02,Premium,11358,70167,14033,168.4,0.0,2448.0,0.0042,0.0
2025-07-18,F02,Premium,12421,73031,14606,175.27,0.0,2706.0,0.0033,0.0
2025-07-19,F02,Premium,11865,75894,15179,182.15,0.0,2489.0,0.0031,0.0
2025-07-20,F02,Premium,12979,75179,15036,180.43,0.0,2531.0,0.0031,0.0
2025-07-21,F02,Premium,11227,69451,13890,166.68,0.0,2428.0,0.0058,0.0
2025-07-22,F02,Premium,10609,68735,13747,164.96,0.0,2392.0,0.0057,0.0
2025-07-23,F02,Premium,10128,69451,13890,166.68,0.0,2523.0,0.0035,0.0
2025-07-24,F02,Premium,11056,70167,14033,168.4,0.0,2467.0,0.0046,0.0
2025-07-25,F02,Premium,11274,73031,14606,175.27,0.0,2409.0,0.0046,0.0
2025-07-26,F02,Premium,12156,75894,15179,182.15,0.0,2381.0,0.003,0.0
2025-07-27,F02,Premium,12103,75179,15036,180.43,0.0,2477.0,0.0036,0.0
2025-07-28,F02,Premium,10768,69451,13890,166.68,0.0,2353.0,0.0036,0.0
2025-07-29,F02,Premium,10557,68735,13747,164.96,0.0,2372.0,0.0039,0.0
2025-07-30,F02,Premium,11245,69451,13890,166.68,0.0,2561.0,0.003,0.0
2025-07-31,F02,Premium,10574,70167,14033,168.4,0.0,2471.0,0.0038,0.0
2025-08-01,F02,Premium,12244,78677,15735,188.82,0.0,2458.0,0.004,0.0
2025-08-02,F02,Premium,12781,81762,16352,196.23,0.0,2579.0,0.0033,0.0
2025-08-03,F02,Premium,12366,80991,16198,194.38,0.0,2505.0,0.0048,0.0
2025-08-04,F02,Premium,11553,74820,14964,179.57,0.0,2329.0,0.0039,0.0
2025-08-05,F02,Premium,11938,74049,14810,177.72,0.0,2520.0,0.0037,0.0
2025-08-06,F02,Premium,12886,74820,14964,179.57,0.0,2165.0,0.0037,0.0
2025-08-07,F02,Premium,11802,75592,15118,181.42,0.0,2614.0,0.0052,0.0
2025-08-08,F02,Premium,12436,78677,15735,188.82,0.0,2346.0,0.0042,0.0
2025-08-09,F02,Premium,13122,81762,16352,196.23,0.0,2252.0,0.004,0.0
2025-08-10,F02,Premium,13764,80991,16198,194.38,0.0,2325.0,0.0045,0.0
2025-08-11,F02,Premium,13194,74820,14964,179.57,0.0,2314.0,0.0045,0.0
2025-08-12,F02,Premium,11631,74049,14810,177.72,0.0,2331.0,0.005,0.0
2025-08-13,F02,Premium,12265,74820,14964,179.57,0.0,2423.0,0.0055,0.0
2025-08-14,F02,Premium,12783,75592,15118,181.42,0.0,2466.0,0.0031,0.0
2025-08-15,F02,Premium,12376,78677,15735,188.82,0.0,2474.0,0.0042,0.0
2025-08-16,F02,Premium,12588,81762,16352,196.23,0.0,2287.0,0.0047,0.0
2025-08-17,F02,Premium,12922,80991,16198,194.38,0.0,2231.0,0.0034,0.0
2025-08-18,F02,Premium,12699,74820,14964,179.57,0.0,2495.0,0.0052,0.0
2025-08-19,F02,Premium,11702,74049,14810,177.72,0.0,2387.0,0.0042,0.0
2025-08-20,F02,Premium,11492,74820,14964,179.57,0.0,2548.0,0.0048,0.0
2025-08-21,F02,Premium,13245,75592,15118,181.42,0.0,2408.0,0.0047,0.0
2025-08-22,F02,Premium,12325,78677,15735,188.82,0.0,2745.0,0.004,0.0
2025-08-23,F02,Premium,13092,81762,16352,196.23,0.0,2977.0,0.0049,0.0
2025-08-24,F02,Premium,13186,80991,16198,194.38,0.0,2930.0,0.0032,0.0
2025-08-25,F02,Premium,12028,74820,14964,179.57,0.0,2709.0,0.003,0.0
2025-08-26,F02,Premium,13009,74049,14810,177.72,0.0,2928.0,0.0036,0.0
2025-08-27,F02,Premium,11987,74820,14964,179.57,0.0,2617.0,0.0042,0.0
2025-08-28,F02,Premium,11921,75592,15118,181.42,0.0,2497.0,0.0024,0.0
2025-08-29,F02,Premium,12735,78677,15735,188.82,0.0,2727.0,0.0047,0.0
2025-08-30,F02,Premium,14236,81762,16352,196.23,0.0,2949.0,0.0043,0.0
2025-08-31,F02,Premium,13345,80991,16198,194.38,0.0,2733.0,0.0031,0.0
2025-09-01,F02,Premium,13262,84696,16939,203.27,0.0,2811.0,0.004,0.0
2025-09-02,F02,Premium,13661,83822,16764,201.17,0.0,2526.0,0.0044,0.0
2025-09-03,F02,Premium,12458,84696,16939,203.27,0.0,2642.0,0.0041,0.0
2025-09-04,F02,Premium,11619,85569,17114,205.36,0.0,2794.0,0.0029,0.0
2025-09-05,F02,Premium,13492,89061,17812,213.75,0.0,2795.0,0.0036,0.0
2025-09-06,F02,Premium,15173,92554,18511,222.13,0.0,2731.0,0.0055,0.0
2025-09-07,F02,Premium,13571,91681,18336,220.03,0.0,2668.0,0.0064,0.0
2025-09-08,F02,Premium,14211,84696,16939,203.27,0.0,2183.0,0.007,0.0
2025-09-09,F02,Premium,12323,83822,16764,201.17,0.0,2227.0,0.0038,0.0
2025-09-10,F02,Premium,12020,84696,16939,203.27,0.0,2283.0,0.0045,0.0
2025-09-11,F02,Premium,12854,85569,17114,205.36,0.0,2307.0,0.0037,0.0
2025-09-12,F02,Premium,13149,89061,17812,213.75,0.0,2336.0,0.0037,0.0
2025-09-13,F02,Premium,13844,92554,18511,222.13,0.0,2362.0,0.0042,0.0
2025-09-14,F02,Premium,12688,91681,18336,220.03,0.0,2239.0,0.0026,0.0
2025-09-15,F02,Premium,13663,84696,16939,203.27,0.0,2240.0,0.004,0.0
2025-09-16,F02,Premium,13355,83822,16764,201.17,0.0,2409.0,0.0067,0.0
2025-09-17,F02,Premium,12978,84696,16939,203.27,0.0,2327.0,0.0027,0.0
2025-09-18,F02,Premium,12610,85569,17114,205.36,0.0,2140.0,0.0041,0.0
2025-09-19,F02,Premium,13555,89061,17812,213.75,0.0,2339.0,0.0068,0.0
2025-09-20,F02,Premium,14124,92554,18511,222.13,0.0,2421.0,0.0039,0.0
2025-09-21,F02,Premium,14921,91681,18336,220.03,0.0,2251.0,0.0043,0.0
2025-09-22,F02,Premium,13278,84696,16939,203.27,0.0,2691.0,0.0027,0.0
2025-09-23,F02,Premium,10742,83822,16764,201.17,0.0,2297.0,0.0039,0.0
2025-09-24,F02,Premium,14355,84696,16939,203.27,0.0,2267.0,0.0039,0.0
2025-09-25,F02,Premium,13686,85569,17114,205.36,0.0,2427.0,0.0034,0.0
2025-09-26,F02,Premium,13185,89061,17812,213.75,0.0,2500.0,0.0043,0.0
2025-09-27,F02,Premium,13861,92554,18511,222.13,0.0,2151.0,0.0035,0.0
2025-09-28,F02,Premium,14529,91681,18336,220.03,0.0,2358.0,0.0038,0.0
2025-09-29,F02,Premium,11835,84696,16939,203.27,0.0,2369.0,0.0051,0.0
2025-09-30,F02,Premium,13031,83822,16764,201.17,0.0,2236.0,0.0058,0.0
2025-10-01,F02,Premium,14582,88183,17637,211.64,0.0,2257.0,0.0034,0.0
2025-10-02,F02,Premium,14536,89092,17818,213.82,0.0,2255.0,0.0025,0.0
2025-10-03,F02,Premium,16104,92728,18546,222.55,0.0,2199.0,0.0058,0.0
2025-10-04,F02,Premium,15530,96365,19273,231.28,0.0,2292.0,0.006,0.0
2025-10-05,F02,Premium,17090,95456,19091,229.09,0.0,2330.0,0.0035,0.0
2025-10-06,F02,Premium,13404,88183,17637,211.64,0.0,2119.0,0.0024,0.0
2025-10-07,F02,Premium,14059,87274,17455,209.46,0.0,2188.0,0.0037,0.0
2025-10-08,F02,Premium,13775,88183,17637,211.64,0.0,2145.0,0.0043,0.0
2025-10-09,F02,Premium,14445,89092,17818,213.82,0.0,2252.0,0.0047,0.0
2025-10-10,F02,Premium,15665,92728,18546,222.55,0.0,2179.0,0.0037,0.0
2025-10-11,F02,Premium,15522,96365,19273,231.28,0.0,2473.0,0.0064,0.0
2025-10-12,F02,Premium,16013,95456,19091,229.09,0.0,2182.0,0.0036,0.0
2025-10-13,F02,Premium,14029,88183,17637,211.64,0.0,2384.0,0.0048,0.0
2025-10-14,F02,Premium,14480,87274,17455,209.46,0.0,2074.0,0.0024,0.0
2025-10-15,F02,Premium,14370,88183,17637,211.64,0.0,2277.0,0.004,0.0
2025-10-16,F02,Premium,13472,89092,17818,213.82,0.0,2428.0,0.0036,0.0
2025-10-17,F02,Premium,14446,92728,18546,222.55,0.0,2299.0,0.0047,0.0
2025-10-18,F02,Premium,15856,96365,19273,231.28,0.0,2539.0,0.0029,0.0
2025-10-19,F02,Premium,15738,95456,19091,229.09,0.0,2266.0,0.0039,0.0
2025-10-20,F02,Premium,14431,88183,17637,211.64,0.0,2336.0,0.005,0.0
2025-10-21,F02,Premium,13981,87274,17455,209.46,0.0,2262.0,0.0024,0.0
2025-10-22,F02,Premium,13758,88183,17637,211.64,0.0,2297.0,0.0034,0.0
2025-10-23,F02,Premium,15011,89092,17818,213.82,0.0,2317.0,0.0053,0.0
2025-10-24,F02,Premium,15502,92728,18546,222.55,0.0,2402.0,0.0037,0.0
2025-10-25,F02,Premium,15114,96365,19273,231.28,0.0,2187.0,0.0046,0.0
2025-10-26,F02,Premium,15957,95456,19091,229.09,0.0,2554.0,0.0027,0.0
2025-10-27,F02,Premium,14024,88183,17637,211.64,0.0,2626.0,0.0058,0.0
2025-10-28,F02,Premium,14758,87274,17455,209.46,0.0,2627.0,0.0045,0.0
2025-10-29,F02,Premium,14242,88183,17637,211.64,0.0,2664.0,0.0053,0.0
2025-10-30,F02,Premium,13346,89092,17818,213.82,0.0,2547.0,0.0028,0.0
2025-10-31,F02,Premium,15371,92728,18546,222.55,0.0,2521.0,0.0064,0.0
2025-11-01,F02,Premium,18014,114037,22807,273.69,0.0,2433.0,0.004,0.0
2025-11-02,F02,Premium,17091,112961,22592,271.11,0.0,2205.0,0.0044,0.0
2025-11-03,F02,Premium,14931,104355,20871,250.45,0.0,2268.0,0.0063,0.0
2025-11-04,F02,Premium,16677,103279,20656,247.87,0.0,2092.0,0.0025,0.0
2025-11-05,F02,Premium,16694,104355,20871,250.45,0.0,2145.0,0.0038,0.0
2025-11-06,F02,Premium,16780,105430,21086,253.03,0.0,1967.0,0.0041,0.0
2025-11-07,F02,Premium,15934,109734,21947,263.36,0.0,2186.0,0.0032,0.0
2025-11-08,F02,Premium,17849,114037,22807,273.69,0.0,2121.0,0.0024,0.0
2025-11-09,F02,Premium,17760,112961,22592,271.11,0.0,2330.0,0.0048,0.0
2025-11-10,F02,Premium,17439,104355,20871,250.45,0.0,2068.0,0.0038,0.0
2025-11-11,F02,Premium,15055,103279,20656,247.87,0.0,2113.0,0.0024,0.0
2025-11-12,F02,Premium,16032,104355,20871,250.45,0.0,2053.0,0.0033,0.0
2025-11-13,F02,Premium,15806,105430,21086,253.03,0.0,2101.0,0.0036,0.0
2025-11-14,F02,Premium,17431,109734,21947,263.36,0.0,2110.0,0.0036,0.0
2025-11-15,F02,Premium,17466,114037,22807,273.69,0.0,2197.0,0.0033,0.0
2025-11-16,F02,Premium,16351,112961,22592,271.11,0.0,2267.0,0.0051,0.0
2025-11-17,F02,Premium,14982,104355,20871,250.45,0.0,2167.0,0.0035,0.0
2025-11-18,F02,Premium,15887,103279,20656,247.87,0.0,2292.0,0.0042,0.0
2025-11-19,F02,Premium,16926,104355,20871,250.45,0.0,2319.0,0.0045,0.0
2025-11-20,F02,Premium,16651,105430,21086,253.03,0.0,2148.0,0.006,0.0
2025-11-21,F02,Premium,16089,109734,21947,263.36,0.0,2576.0,0.003,0.0
2025-11-22,F02,Premium,18375,114037,22807,273.69,0.0,2600.0,0.0043,0.0
2025-11-23,F02,Premium,16287,112961,22592,271.11,0.0,2463.0,0.0039,0.0
2025-11-24,F02,Premium,17391,104355,20871,250.45,0.0,2539.0,0.0048,0.0
2025-11-25,F02,Premium,14717,103279,20656,247.87,0.0,2631.0,0.0054,0.0
2025-11-26,F02,Premium,16495,104355,20871,250.45,0.0,2371.0,0.0036,0.0
2025-11-27,F02,Premium,14686,105430,21086,253.03,0.0,2378.0,0.006,0.0
2025-11-28,F02,Premium,17939,109734,21947,263.36,0.0,2582.0,0.005,0.0
2025-11-29,F02,Premium,18806,114037,22807,273.69,0.0,2470.0,0.0041,0.0
2025-11-30,F02,Premium,16790,112961,22592,271.11,0.0,2311.0,0.004,0.0
2025-12-01,F02,Premium,17061,113085,22617,271.4,0.0,2433.0,0.0032,0.0
2025-12-02,F02,Premium,18300,111919,22384,268.61,0.0,2391.0,0.0045,0.0
2025-12-03,F02,Premium,16372,113085,22617,271.4,0.0,2110.0,0.0046,0.0
2025-12-04,F02,Premium,16968,114251,22850,274.2,0.0,2130.0,0.0059,0.0
2025-12-05,F02,Premium,17819,118914,23783,285.39,0.0,2035.0,0.0047,0.0
2025-12-06,F02,Premium,19071,123577,24715,296.59,0.0,2347.0,0.0027,0.0
2025-12-07,F02,Premium,18402,122412,24482,293.79,0.0,1948.0,0.0032,0.0
2025-12-08,F02,Premium,17474,113085,22617,271.4,0.0,2304.0,0.0031,0.0
2025-12-09,F02,Premium,16763,111919,22384,268.61,0.0,2092.0,0.0033,0.0
2025-12-10,F02,Premium,19070,113085,22617,271.4,0.0,2172.0,0.0041,0.0
2025-12-11,F02,Premium,16730,114251,22850,274.2,0.0,1939.0,0.0041,0.0
2025-12-12,F02,Premium,17612,118914,23783,285.39,0.0,2123.0,0.0037,0.0
2025-12-13,F02,Premium,19901,123577,24715,296.59,0.0,2222.0,0.0043,0.0
2025-12-14,F02,Premium,17313,122412,24482,293.79,0.0,2036.0,0.004,0.0
2025-12-15,F02,Premium,17891,113085,22617,271.4,0.0,2107.0,0.0047,0.0
2025-12-16,F02,Premium,15933,111919,22384,268.61,0.0,1944.0,0.0046,0.0
2025-12-17,F02,Premium,18699,113085,22617,271.4,0.0,2156.0,0.004,0.0
2025-12-18,F02,Premium,17911,114251,22850,274.2,0.0,2064.0,0.0043,0.0
2025-12-19,F02,Premium,17370,118914,23783,285.39,0.0,2096.0,0.0032,0.0
2025-12-20,F02,Premium,19821,123577,24715,296.59,0.0,2214.0,0.005,0.0
2025-12-21,F02,Premium,19408,122412,24482,293.79,0.0,1981.0,0.0041,0.0
2025-12-22,F02,Premium,17949,113085,22617,271.4,0.0,2121.0,0.0054,0.0
2025-12-23,F02,Premium,19327,111919,22384,268.61,0.0,1951.0,0.0043,0.0
2025-12-24,F02,Premium,16433,113085,22617,271.4,0.0,2185.0,0.0056,0.0
2025-12-25,F02,Premium,17237,114251,22850,274.2,0.0,2116.0,0.0022,0.0
2025-12-26,F02,Premium,17377,118914,23783,285.39,0.0,2363.0,0.0047,0.0
2025-12-27,F02,Premium,22132,123577,24715,296.59,0.0,2338.0,0.0062,0.0
2025-12-28,F02,Premium,18904,122412,24482,293.79,0.0,2147.0,0.0053,0.0
2025-12-29,F02,Premium,16254,113085,22617,271.4,0.0,2387.0,0.004,0.0
2025-12-30,F02,Premium,17070,111919,22384,268.61,0.0,2089.0,0.0044,0.0
2025-12-31,F02,Premium,19094,113085,22617,271.4,0.0,2259.0,0.0048,0.0
2026-01-01,F02,Premium,20311,116252,23250,279.01,0.0,2576.0,0.0069,0.0
2026-01-02,F02,Premium,18728,120997,24199,290.39,0.0,2487.0,0.0046,0.0
2026-01-03,F02,Premium,20113,125742,25148,301.78,0.0,2345.0,0.0035,0.0
2026-01-04,F02,Premium,19981,124556,24911,298.93,0.0,2177.0,0.0046,0.0
2026-01-05,F02,Premium,17631,115066,23013,276.16,0.0,2226.0,0.004,0.0
2026-01-06,F02,Premium,18578,113880,22776,273.31,0.0,2228.0,0.0036,0.0
2026-01-07,F02,Premium,18122,115066,23013,276.16,0.0,2123.0,0.0059,0.0
2026-01-08,F02,Premium,19852,116252,23250,279.01,0.0,2065.0,0.004,0.0
2026-01-09,F02,Premium,20844,120997,24199,290.39,0.0,2023.0,0.005,0.0
2026-01-10,F02,Premium,19605,125742,25148,301.78,0.0,2115.0,0.0031,0.0
2026-01-11,F02,Premium,19943,124556,24911,298.93,0.0,2081.0,0.0039,0.0
2026-01-12,F02,Premium,19050,115066,23013,276.16,0.0,1909.0,0.007,0.0
2026-01-13,F02,Premium,19596,113880,22776,273.31,0.0,2140.0,0.0042,0.0
2026-01-14,F02,Premium,19237,115066,23013,276.16,0.0,2212.0,0.0048,0.0
2026-01-15,F02,Premium,19902,116252,23250,279.01,0.0,1785.0,0.0038,0.0
2026-01-16,F02,Premium,18803,120997,24199,290.39,0.0,1897.0,0.0028,0.0
2026-01-17,F02,Premium,19940,125742,25148,301.78,0.0,2023.0,0.0034,0.0
2026-01-18,F02,Premium,21382,124556,24911,298.93,0.0,2080.0,0.0045,0.0
2026-01-19,F02,Premium,19212,115066,23013,276.16,0.0,1888.0,0.0028,0.0
2026-01-20,F02,Premium,18897,113880,22776,273.31,0.0,1955.0,0.0042,0.0
2026-01-21,F02,Premium,18084,115066,23013,276.16,0.0,1973.0,0.0043,0.0
2026-01-22,F02,Premium,20486,116252,23250,279.01,0.0,2019.0,0.0046,0.0
2026-01-23,F02,Premium,21316,120997,24199,290.39,0.0,2069.0,0.0053,0.0
2026-01-24,F02,Premium,20833,125742,25148,301.78,0.0,2054.0,0.0022,0.0
2026-01-25,F02,Premium,19888,124556,24911,298.93,0.0,1882.0,0.0044,0.0
2026-01-26,F02,Premium,17956,115066,23013,276.16,0.0,2049.0,0.0027,0.0
2026-01-27,F02,Premium,18441,113880,22776,273.31,0.0,1960.0,0.0049,0.0
2026-01-28,F02,Premium,19664,115066,23013,276.16,0.0,2093.0,0.0049,0.0
2026-01-29,F02,Premium,16866,116252,23250,279.01,0.0,1975.0,0.0036,0.0
2026-01-30,F02,Premium,19241,120997,24199,290.39,0.0,1874.0,0.0049,0.0
2026-01-31,F02,Premium,21148,125742,25148,301.78,0.0,1940.0,0.0036,0.0
2026-02-01,F02,Premium,21847,155767,31153,373.84,0.0,1951.0,0.0062,0.0
2026-02-02,F02,Premium,20755,143899,28780,273.41,0.0,1926.0,0.0045,0.0
2026-02-03,F02,Premium,19299,142416,28483,270.59,0.0,2044.0,0.0048,0.0
2026-02-04,F02,Premium,19100,143899,28780,273.41,0.0,2058.0,0.0041,0.0
2026-02-05,F02,Premium,22125,145383,29077,276.23,0.0,2079.0,0.0051,0.0
2026-02-06,F02,Premium,19967,151317,30263,287.5,0.0,2259.0,0.0043,0.0
2026-02-07,F02,Premium,23099,157251,31450,298.78,0.0,2074.0,0.0037,0.0
2026-02-08,F02,Premium,21550,155767,31153,295.96,0.0,2262.0,0.0054,0.0
2026-02-09,F02,Premium,20657,143899,28780,273.41,0.0,2347.0,0.0027,0.0
2026-02-10,F02,Premium,18679,142416,28483,270.59,0.0,2329.0,0.0048,0.0
2026-02-11,F02,Premium,18573,143899,28780,273.41,0.0,2200.0,0.0031,0.0
2026-02-12,F02,Premium,19439,145383,29077,276.23,0.0,2201.0,0.0031,0.0
2026-02-13,F02,Premium,21576,151317,30263,287.5,0.0,2192.0,0.0031,0.0
2026-02-14,F02,Premium,21226,157251,31450,298.78,0.0,2337.0,0.0055,0.0
2026-02-15,F02,Premium,22611,155767,31153,295.96,0.0,2294.0,0.0033,0.0
2026-02-16,F02,Premium,21055,143899,28780,273.41,0.0,1880.0,0.004,0.0
2026-02-17,F02,Premium,19938,142416,28483,270.59,0.0,2074.0,0.0026,0.0
2026-02-18,F02,Premium,20852,143899,28780,273.41,0.0,2007.0,0.0039,0.0
2026-02-19,F02,Premium,20680,145383,29077,276.23,0.0,1854.0,0.0041,0.0
2026-02-20,F02,Premium,19996,151317,30263,287.5,0.0,1914.0,0.0047,0.0
2026-02-21,F02,Premium,22128,157251,31450,298.78,0.0,1925.0,0.004,0.0
2026-02-22,F02,Premium,22996,155767,31153,295.96,0.0,1973.0,0.0033,0.0
2026-02-23,F02,Premium,20795,143899,28780,273.41,0.0,1800.0,0.0035,0.0
2026-02-24,F02,Premium,20015,142416,28483,270.59,0.0,1850.0,0.0027,0.0
2026-02-25,F02,Premium,20249,143899,28780,273.41,0.0,2013.0,0.005,0.0
2026-02-26,F02,Premium,21114,145383,29077,276.23,0.0,1988.0,0.0039,0.0
2026-02-27,F02,Premium,20719,151317,30263,287.5,0.0,1796.0,0.0037,0.0
2026-02-28,F02,Premium,23653,157251,31450,298.78,0.0,1921.0,0.0034,0.0
2026-03-01,F02,Premium,24201,155009,31002,294.52,0.0,1874.0,0.006,0.0
2026-03-02,F02,Premium,21489,132757,26551,252.24,0.0,1891.0,0.0057,0.0
2026-03-03,F02,Premium,20318,131389,26278,249.64,0.0,2153.0,0.0037,0.0
2026-03-04,F02,Premium,22781,132757,26551,252.24,0.0,1898.0,0.0026,0.0
2026-03-05,F02,Premium,21187,134126,26825,254.84,0.0,1911.0,0.0047,0.0
2026-03-06,F02,Premium,23448,139600,27920,265.24,0.0,1969.0,0.0025,0.0
2026-03-07,F02,Premium,23943,145075,29015,275.64,0.0,2166.0,0.0035,0.0
2026-03-08,F02,Premium,22077,143706,28741,273.04,0.0,1968.0,0.0038,0.0
2026-03-09,F02,Premium,22613,132757,26551,252.24,0.0,1881.0,0.0049,0.0
2026-03-10,F02,Premium,21096,131389,26278,249.64,0.0,1948.0,0.004,0.0
2026-03-11,F02,Premium,22837,132757,26551,252.24,0.0,1888.0,0.0039,0.0
2026-03-12,F02,Premium,23714,134126,26825,254.84,0.0,2012.0,0.0032,0.0
2026-03-13,F02,Premium,22373,139600,27920,265.24,0.0,1857.0,0.0031,0.0
2026-03-14,F02,Premium,22949,145075,29015,275.64,0.0,1767.0,0.0043,0.0
2026-03-15,F02,Premium,24149,143706,28741,273.04,0.0,1892.0,0.0027,0.0
2026-03-16,F02,Premium,22333,132757,26551,252.24,0.0,1784.0,0.0053,0.0
2026-03-17,F02,Premium,21968,131389,26278,249.64,0.0,1896.0,0.0059,0.0
2026-03-18,F02,Premium,24461,132757,26551,252.24,0.0,1890.0,0.0044,0.0
2026-03-19,F02,Premium,23157,134126,26825,254.84,0.0,1837.0,0.0036,0.0
2026-03-20,F02,Premium,22985,139600,27920,265.24,0.0,1844.0,0.0052,0.0
2026-03-21,F02,Premium,23787,145075,29015,275.64,0.0,1836.0,0.004,0.0
2026-03-22,F02,Premium,22485,143706,28741,273.04,0.0,1919.0,0.0029,0.0
2026-03-23,F02,Premium,20979,132757,26551,252.24,0.0,1944.0,0.0058,0.0
2026-03-24,F02,Premium,21933,131389,26278,249.64,0.0,1864.0,0.0046,0.0
2026-03-25,F02,Premium,19346,132757,26551,252.24,0.0,2013.0,0.004,0.0
2026-03-26,F02,Premium,21902,134126,26825,254.84,0.0,1766.0,0.0043,0.0
2026-03-27,F02,Premium,21854,139600,27920,265.24,0.0,1714.0,0.0043,0.0
2026-03-28,F02,Premium,22188,145075,29015,275.64,0.0,1655.0,0.0038,0.0
2026-03-29,F02,Premium,22330,143706,28741,273.04,0.0,1878.0,0.0028,0.0
2026-03-30,F02,Premium,21262,132757,26551,252.24,0.0,1930.0,0.005,0.0
2026-03-31,F02,Premium,23386,131389,26278,249.64,0.0,1795.0,0.0037,0.0
2026-04-01,F02,Premium,23545,143204,28641,272.09,0.0,1738.0,0.0047,0.0
2026-04-02,F02,Premium,25304,144680,28936,274.89,0.0,1815.0,0.0046,0.0
2026-04-03,F02,Premium,25069,150586,30117,286.11,0.0,1724.0,0.0031,0.0
2026-04-04,F02,Premium,27220,156491,31298,297.33,0.0,1672.0,0.0045,0.0
2026-04-05,F02,Premium,23449,155015,31003,294.53,0.0,1709.0,0.0038,0.0
2026-04-06,F02,Premium,23406,143204,28641,272.09,0.0,1738.0,0.004,0.0
2026-04-07,F02,Premium,24868,141728,28346,269.28,0.0,1776.0,0.0044,0.0
2026-04-08,F02,Premium,24161,143204,28641,272.09,0.0,1752.0,0.0056,0.0
2026-04-09,F02,Premium,22261,144680,28936,274.89,0.0,1858.0,0.0052,0.0
2026-04-10,F02,Premium,25507,150586,30117,286.11,0.0,1767.0,0.0038,0.0
2026-04-11,F02,Premium,24558,156491,31298,297.33,0.0,1888.0,0.0039,0.0
2026-04-12,F02,Premium,25955,155015,31003,294.53,0.0,1938.0,0.0026,0.0
2026-04-13,F02,Premium,24287,143204,28641,272.09,0.0,1640.0,0.0042,0.0
2026-04-14,F02,Premium,22546,141728,28346,269.28,0.0,1768.0,0.004,0.0
2026-04-15,F02,Premium,23327,143204,28641,272.09,0.0,1816.0,0.0031,0.0
2026-04-16,F02,Premium,22892,144680,28936,274.89,0.0,1932.0,0.0051,0.0
2026-04-17,F02,Premium,24836,150586,30117,286.11,0.0,2175.0,0.005,0.0
2026-04-18,F02,Premium,29377,156491,31298,297.33,0.0,2139.0,0.0024,0.0
2026-04-19,F02,Premium,24663,155015,31003,294.53,0.0,2180.0,0.0045,0.0
2026-04-20,F02,Premium,22029,143204,28641,272.09,0.0,2150.0,0.0039,0.0
2026-04-21,F02,Premium,24013,141728,28346,269.28,0.0,2205.0,0.0031,0.0
2026-04-22,F02,Premium,22466,143204,28641,272.09,0.0,2041.0,0.0027,0.0
2026-04-23,F02,Premium,22583,144680,28936,274.89,0.0,2153.0,0.0026,0.0
2026-04-24,F02,Premium,23497,150586,30117,286.11,0.0,2181.0,0.0034,0.0
2026-04-25,F02,Premium,23644,156491,31298,297.33,0.0,2093.0,0.0047,0.0
2026-04-26,F02,Premium,26788,155015,31003,294.53,0.0,2126.0,0.0034,0.0
2026-04-27,F02,Premium,24271,143204,28641,272.09,0.0,1871.0,0.0052,0.0
2026-04-28,F02,Premium,24233,141728,28346,269.28,0.0,1832.0,0.0039,0.0
2026-04-29,F02,Premium,22265,143204,28641,272.09,0.0,1954.0,0.0041,0.0
2026-04-30,F02,Premium,23647,144680,28936,274.89,0.0,1668.0,0.0035,0.0
2026-05-01,F02,Premium,25645,154703,30941,293.94,0.0,1865.0,0.0043,0.0
2026-05-02,F02,Premium,23639,160770,32154,305.46,0.0,1707.0,0.0031,0.0
2026-05-03,F02,Premium,26241,159254,31851,302.58,0.0,1824.0,0.0033,0.0
2026-05-04,F02,Premium,23132,147120,29424,279.53,0.0,1810.0,0.0062,0.0
2026-05-05,F02,Premium,22618,145603,29121,276.65,0.0,1740.0,0.0048,0.0
2026-05-06,F02,Premium,26282,147120,29424,279.53,0.0,1783.0,0.0043,0.0
2026-05-07,F02,Premium,26620,148637,29727,282.41,0.0,1741.0,0.0026,0.0
2026-05-08,F02,Premium,26479,154703,30941,293.94,0.0,1909.0,0.0032,0.0
2026-05-09,F02,Premium,25302,160770,32154,305.46,0.0,1858.0,0.0042,0.0
2026-05-10,F02,Premium,26840,159254,31851,302.58,0.0,1954.0,0.0043,0.0
2026-05-11,F02,Premium,21931,147120,29424,279.53,0.0,1827.0,0.0039,0.0
2026-05-12,F02,Premium,25000,145603,29121,276.65,0.0,1777.0,0.0044,0.0
2026-05-13,F02,Premium,22737,147120,29424,279.53,0.0,1683.0,0.0038,0.0
2026-05-14,F02,Premium,23501,148637,29727,282.41,0.0,1808.0,0.003,0.0
2026-05-15,F02,Premium,26200,154703,30941,293.94,0.0,1931.0,0.0042,0.0
2026-05-16,F02,Premium,28838,160770,32154,305.46,0.0,1791.0,0.0023,0.0
2026-05-17,F02,Premium,28278,159254,31851,302.58,0.0,1708.0,0.0045,0.0
2026-05-18,F02,Premium,25809,147120,29424,279.53,0.0,1809.0,0.0039,0.0
2026-05-19,F02,Premium,23011,145603,29121,276.65,0.0,1738.0,0.0034,0.0
2026-05-20,F02,Premium,23815,147120,29424,279.53,0.0,1899.0,0.0038,0.0
2026-05-21,F02,Premium,24703,148637,29727,282.41,0.0,1800.0,0.0044,0.0
2026-05-22,F02,Premium,24782,154703,30941,293.94,0.0,1969.0,0.0072,0.0
2026-05-23,F02,Premium,26397,160770,32154,305.46,0.0,1814.0,0.0054,0.0
2026-05-24,F02,Premium,28194,159254,31851,302.58,0.0,1929.0,0.0028,0.0
2026-05-25,F02,Premium,24793,147120,29424,279.53,0.0,1888.0,0.0047,0.0
2026-05-26,F02,Premium,22573,145603,29121,276.65,0.0,1798.0,0.0029,0.0
2026-05-27,F02,Premium,24489,147120,29424,279.53,0.0,1982.0,0.0026,0.0
2026-05-28,F02,Premium,22960,148637,29727,282.41,0.0,1865.0,0.0034,0.0
2026-05-29,F02,Premium,24564,154703,30941,293.94,0.0,1746.0,0.004,0.0
2026-05-30,F02,Premium,25943,160770,32154,305.46,0.0,1814.0,0.0041,0.0
2026-05-31,F02,Premium,26072,159254,31851,302.58,0.0,1747.0,0.0051,0.0
2026-06-01,F02,Premium,24646,159551,31910,303.15,0.0,1779.0,0.004,0.0
2026-06-02,F02,Premium,26688,157906,31581,300.02,0.0,1818.0,0.0041,0.0
2026-06-03,F02,Premium,25567,159551,31910,303.15,0.0,1900.0,0.0039,0.0
2026-06-04,F02,Premium,28032,161196,32239,306.27,0.0,1819.0,0.0054,0.0
2026-06-05,F02,Premium,25220,167775,33555,318.77,0.0,1863.0,0.0041,0.0
2026-06-06,F02,Premium,29457,174354,34871,331.27,0.0,1887.0,0.0037,0.0
2026-06-07,F02,Premium,26458,172710,34542,328.15,0.0,1801.0,0.0028,0.0
2026-06-08,F02,Premium,25050,159551,31910,303.15,0.0,1694.0,0.0058,0.0
2026-06-09,F02,Premium,25235,157906,31581,300.02,0.0,1889.0,0.0039,0.0
2026-06-10,F02,Premium,25771,159551,31910,303.15,0.0,1907.0,0.0031,0.0
2026-06-11,F02,Premium,26198,161196,32239,306.27,0.0,1716.0,0.0031,0.0
2026-06-12,F02,Premium,26844,167775,33555,318.77,0.0,1836.0,0.0048,0.0
2026-06-13,F02,Premium,26667,174354,34871,331.27,0.0,1783.0,0.0047,0.0
2026-06-14,F02,Premium,26345,172710,34542,328.15,0.0,1832.0,0.0059,0.0
2026-06-15,F02,Premium,26253,159551,31910,303.15,0.0,1993.0,0.0023,0.0
2026-06-16,F02,Premium,24457,157906,31581,300.02,0.0,1814.0,0.0042,0.0
2026-06-17,F02,Premium,25066,159551,31910,303.15,0.0,1800.0,0.003,0.0
2026-06-18,F02,Premium,24136,161196,32239,306.27,0.0,1745.0,0.0045,0.0
2026-06-19,F02,Premium,26952,167775,33555,318.77,0.0,1804.0,0.006,0.0
2026-06-20,F02,Premium,28544,174354,34871,331.27,0.0,1747.0,0.0036,0.0
2026-06-21,F02,Premium,25431,172710,34542,328.15,0.0,1840.0,0.0032,0.0
2026-06-22,F02,Premium,26975,159551,31910,303.15,0.0,1805.0,0.0054,0.0
2026-06-23,F02,Premium,21748,157906,31581,300.02,0.0,1840.0,0.0052,0.0
2026-06-24,F02,Premium,26969,159551,31910,303.15,0.0,2031.0,0.0038,0.0
2026-06-25,F02,Premium,25089,161196,32239,306.27,0.0,1821.0,0.0061,0.0
2026-06-26,F02,Premium,28514,167775,33555,318.77,0.0,1713.0,0.0031,0.0
2026-06-27,F02,Premium,29049,174354,34871,331.27,0.0,1766.0,0.0035,0.0
2026-06-28,F02,Premium,24362,172710,34542,328.15,0.0,1873.0,0.0047,0.0
2026-06-29,F02,Premium,23090,159551,31910,303.15,0.0,1762.0,0.003,0.0
2026-06-30,F02,Premium,24128,157906,31581,300.02,0.0,1936.0,0.0042,0.0
2026-07-01,F02,Premium,29356,165700,33140,314.83,0.0,1944.0,0.003,0.0
2026-07-02,F02,Premium,27701,167408,33482,318.07,0.0,2342.0,0.0032,0.0
2026-07-03,F02,Premium,27905,174241,34848,331.06,0.0,2212.0,0.0027,0.0
2026-07-04,F02,Premium,25666,181074,36215,344.04,0.0,2034.0,0.0042,0.0
2026-07-05,F02,Premium,28093,179365,35873,340.79,0.0,2018.0,0.0029,0.0
2026-07-06,F02,Premium,27746,165700,33140,314.83,0.0,2118.0,0.0038,0.0
2026-07-07,F02,Premium,27211,163991,32798,311.58,0.0,2146.0,0.0051,0.0
2026-07-08,F02,Premium,28444,165700,33140,314.83,0.0,2011.0,0.0055,0.0
2026-07-09,F02,Premium,26251,167408,33482,318.07,0.0,2253.0,0.0054,0.0
2026-07-10,F02,Premium,29273,174241,34848,331.06,0.0,2065.0,0.0022,0.0
2026-07-11,F02,Premium,27741,181074,36215,344.04,0.0,1662.0,0.0033,0.0
2026-07-12,F02,Premium,28800,179365,35873,340.79,0.0,1939.0,0.0044,0.0
2026-07-13,F02,Premium,26016,165700,33140,314.83,0.0,1856.0,0.0044,0.0
2026-07-14,F02,Premium,28044,163991,32798,311.58,0.0,1866.0,0.0029,0.0
2026-07-15,F02,Premium,25072,165700,33140,314.83,0.0,1855.0,0.0039,0.0
2026-07-16,F02,Premium,25138,167408,33482,318.07,0.0,1933.0,0.0042,0.0
2026-07-17,F02,Premium,28269,174241,34848,331.06,0.0,1892.0,0.0048,0.0
2026-07-18,F02,Premium,30323,181074,36215,344.04,0.0,1833.0,0.0046,0.0
2026-07-19,F02,Premium,27350,179365,35873,340.79,0.0,1806.0,0.0031,0.0
2026-07-20,F02,Premium,28176,165700,33140,314.83,0.0,1888.0,0.0034,0.0
2026-07-21,F02,Premium,23839,163991,32798,311.58,0.0,2023.0,0.0035,0.0
2026-07-22,F02,Premium,29175,165700,33140,314.83,0.0,1843.0,0.0041,0.0
2026-07-23,F02,Premium,26500,167408,33482,318.07,0.0,1770.0,0.0027,0.0
2026-07-24,F02,Premium,29560,174241,34848,331.06,0.0,1722.0,0.004,0.0
2026-07-25,F02,Premium,28668,181074,36215,344.04,0.0,1872.0,0.0047,0.0
2026-07-26,F02,Premium,30127,179365,35873,340.79,0.0,1824.0,0.0048,0.0
2026-07-27,F02,Premium,26479,165700,33140,314.83,0.0,1934.0,0.0019,0.0
2026-07-28,F02,Premium,27169,163991,32798,311.58,0.0,1858.0,0.006,0.0
2026-07-29,F02,Premium,27355,165700,33140,314.83,0.0,1962.0,0.0051,0.0
2026-07-30,F02,Premium,26261,167408,33482,318.07,0.0,1960.0,0.0037,0.0
2026-07-31,F02,Premium,25260,174241,34848,331.06,0.0,1895.0,0.0028,0.0
2026-08-01,F02,Premium,30336,191969,38394,364.74,0.0,1744.0,0.0043,0.0
2026-08-02,F02,Premium,28892,190158,38032,361.3,0.0,1855.0,0.0048,0.0
2026-08-03,F02,Premium,26664,175670,35134,333.77,0.0,1843.0,0.0064,0.0
2026-08-04,F02,Premium,25838,173859,34772,330.33,0.0,1786.0,0.0032,0.0
2026-08-05,F02,Premium,26741,175670,35134,333.77,0.0,1868.0,0.0045,0.0
2026-08-06,F02,Premium,30304,177481,35496,337.21,0.0,1830.0,0.0059,0.0
2026-08-07,F02,Premium,29854,184725,36945,350.98,0.0,1802.0,0.0039,0.0
2026-08-08,F02,Premium,30405,191969,38394,364.74,0.0,1896.0,0.0049,0.0
2026-08-09,F02,Premium,31117,190158,38032,361.3,0.0,1795.0,0.0044,0.0
2026-08-10,F02,Premium,27226,175670,35134,333.77,0.0,1842.0,0.0042,0.0
2026-08-11,F02,Premium,25409,173859,34772,330.33,0.0,1854.0,0.0057,0.0
2026-08-12,F02,Premium,31595,175670,35134,333.77,0.0,1749.0,0.0048,0.0
2026-08-13,F02,Premium,29809,177481,35496,337.21,0.0,1875.0,0.0052,0.0
2026-08-14,F02,Premium,27865,184725,36945,350.98,0.0,1784.0,0.0074,0.0
2026-08-15,F02,Premium,31763,191969,38394,364.74,0.0,1929.0,0.0039,0.0
2026-08-16,F02,Premium,31264,190158,38032,361.3,0.0,1880.0,0.0064,0.0
2026-08-17,F02,Premium,27538,175670,35134,333.77,0.0,1754.0,0.0063,0.0
2026-08-18,F02,Premium,28812,173859,34772,330.33,0.0,1787.0,0.0037,0.0
2026-08-19,F02,Premium,30192,175670,35134,333.77,0.0,1793.0,0.0036,0.0
2026-08-20,F02,Premium,31502,177481,35496,337.21,0.0,2069.0,0.005,0.0
2026-08-21,F02,Premium,32035,184725,36945,350.98,0.0,2049.0,0.0039,0.0
2026-08-22,F02,Premium,31073,191969,38394,364.74,0.0,2235.0,0.0041,0.0
2026-08-23,F02,Premium,31374,190158,38032,361.3,0.0,2000.0,0.0033,0.0
2026-08-24,F02,Premium,28081,175670,35134,333.77,0.0,2149.0,0.0043,0.0
2026-08-25,F02,Premium,30416,173859,34772,330.33,0.0,2296.0,0.0039,0.0
2026-08-26,F02,Premium,26660,175670,35134,333.77,0.0,1973.0,0.0041,0.0
2026-08-27,F02,Premium,27393,177481,35496,337.21,0.0,2095.0,0.0029,0.0
2026-08-28,F02,Premium,29136,184725,36945,350.98,0.0,2230.0,0.0055,0.0
2026-08-29,F02,Premium,30418,191969,38394,364.74,0.0,2016.0,0.0038,0.0
2026-08-30,F02,Premium,32157,190158,38032,361.3,0.0,2213.0,0.0033,0.0
2026-08-31,F02,Premium,28233,175670,35134,333.77,0.0,2236.0,0.0031,0.0
2024-06-03,F03,Premium,629,2545,7635,45.81,0.0,890.0,0.0031,0.0
2024-06-04,F03,Premium,551,2519,7557,45.34,0.0,909.0,0.0057,0.0
2024-06-05,F03,Premium,695,2545,7635,45.81,0.0,906.0,0.0042,0.0
2024-06-06,F03,Premium,604,2571,7714,46.28,0.0,891.0,0.005,0.0
2024-06-07,F03,Premium,657,2676,8029,48.17,0.0,999.0,0.0036,0.0
2024-06-08,F03,Premium,709,2781,8344,50.06,0.0,914.0,0.0035,0.0
2024-06-09,F03,Premium,640,2755,8265,49.59,0.0,858.0,0.0031,0.0
2024-06-10,F03,Premium,643,2545,7635,45.81,0.0,809.0,0.0058,0.0
2024-06-11,F03,Premium,645,2519,7557,45.34,0.0,883.0,0.0049,0.0
2024-06-12,F03,Premium,588,2545,7635,45.81,0.0,942.0,0.0041,0.0
2024-06-13,F03,Premium,610,2571,7714,46.28,0.0,998.0,0.0034,0.0
2024-06-14,F03,Premium,640,2676,8029,48.17,0.0,886.0,0.0042,0.0
2024-06-15,F03,Premium,648,2781,8344,50.06,0.0,826.0,0.0045,0.0
2024-06-16,F03,Premium,644,2755,8265,49.59,0.0,882.0,0.0043,0.0
2024-06-17,F03,Premium,658,2545,7635,45.81,0.0,1013.0,0.0047,0.0
2024-06-18,F03,Premium,654,2519,7557,45.34,0.0,938.0,0.0057,0.0
2024-06-19,F03,Premium,581,2545,7635,45.81,0.0,896.0,0.0041,0.0
2024-06-20,F03,Premium,608,2571,7714,46.28,0.0,868.0,0.0046,0.0
2024-06-21,F03,Premium,618,2676,8029,48.17,0.0,947.0,0.0033,0.0
2024-06-22,F03,Premium,648,2781,8344,50.06,0.0,836.0,0.0032,0.0
2024-06-23,F03,Premium,701,2755,8265,49.59,0.0,830.0,0.0027,0.0
2024-06-24,F03,Premium,578,2545,7635,45.81,0.0,947.0,0.0034,0.0
2024-06-25,F03,Premium,656,2519,7557,45.34,0.0,895.0,0.0027,0.0
2024-06-26,F03,Premium,625,2545,7635,45.81,0.0,966.0,0.0042,0.0
2024-06-27,F03,Premium,629,2571,7714,46.28,0.0,885.0,0.0041,0.0
2024-06-28,F03,Premium,584,2676,8029,48.17,0.0,923.0,0.004,0.0
2024-06-29,F03,Premium,617,2781,8344,50.06,0.0,920.0,0.0033,0.0
2024-06-30,F03,Premium,671,2755,8265,49.59,0.0,921.0,0.0037,0.0
2024-07-01,F03,Premium,702,2865,8595,51.57,0.0,1066.0,0.0064,0.0
2024-07-02,F03,Premium,655,2836,8507,51.04,0.0,964.0,0.0048,0.0
2024-07-03,F03,Premium,696,2865,8595,51.57,0.0,1108.0,0.0022,0.0
2024-07-04,F03,Premium,698,2895,8684,52.1,0.0,1000.0,0.0045,0.0
2024-07-05,F03,Premium,764,3013,9038,54.23,0.0,1095.0,0.0038,0.0
2024-07-06,F03,Premium,738,3131,9393,56.36,0.0,1054.0,0.0046,0.0
2024-07-07,F03,Premium,752,3101,9304,55.83,0.0,1134.0,0.0029,0.0
2024-07-08,F03,Premium,738,2865,8595,51.57,0.0,976.0,0.0034,0.0
2024-07-09,F03,Premium,686,2836,8507,51.04,0.0,1050.0,0.0047,0.0
2024-07-10,F03,Premium,650,2865,8595,51.57,0.0,978.0,0.0053,0.0
2024-07-11,F03,Premium,693,2895,8684,52.1,0.0,865.0,0.0043,0.0
2024-07-12,F03,Premium,748,3013,9038,54.23,0.0,910.0,0.0046,0.0
2024-07-13,F03,Premium,700,3131,9393,56.36,0.0,878.0,0.0055,0.0
2024-07-14,F03,Premium,814,3101,9304,55.83,0.0,873.0,0.0031,0.0
2024-07-15,F03,Premium,657,2865,8595,51.57,0.0,844.0,0.0027,0.0
2024-07-16,F03,Premium,613,2836,8507,51.04,0.0,883.0,0.0033,0.0
2024-07-17,F03,Premium,690,2865,8595,51.57,0.0,901.0,0.0045,0.0
2024-07-18,F03,Premium,731,2895,8684,52.1,0.0,953.0,0.0033,0.0
2024-07-19,F03,Premium,790,3013,9038,54.23,0.0,915.0,0.0039,0.0
2024-07-20,F03,Premium,765,3131,9393,56.36,0.0,936.0,0.0029,0.0
2024-07-21,F03,Premium,737,3101,9304,55.83,0.0,904.0,0.0047,0.0
2024-07-22,F03,Premium,722,2865,8595,51.57,0.0,861.0,0.0021,0.0
2024-07-23,F03,Premium,673,2836,8507,51.04,0.0,923.0,0.0043,0.0
2024-07-24,F03,Premium,692,2865,8595,51.57,0.0,849.0,0.0023,0.0
2024-07-25,F03,Premium,710,2895,8684,52.1,0.0,881.0,0.0045,0.0
2024-07-26,F03,Premium,659,3013,9038,54.23,0.0,858.0,0.0032,0.0
2024-07-27,F03,Premium,813,3131,9393,56.36,0.0,894.0,0.0033,0.0
2024-07-28,F03,Premium,691,3101,9304,55.83,0.0,987.0,0.0037,0.0
2024-07-29,F03,Premium,726,2865,8595,51.57,0.0,951.0,0.004,0.0
2024-07-30,F03,Premium,654,2836,8507,51.04,0.0,842.0,0.0031,0.0
2024-07-31,F03,Premium,650,2865,8595,51.57,0.0,900.0,0.0045,0.0
2024-08-01,F03,Premium,839,3221,9662,57.97,0.0,852.0,0.0054,0.0
2024-08-02,F03,Premium,773,3352,10056,60.34,0.0,922.0,0.0042,0.0
2024-08-03,F03,Premium,838,3483,10450,62.7,0.0,911.0,0.0034,0.0
2024-08-04,F03,Premium,800,3451,10352,62.11,0.0,863.0,0.0047,0.0
2024-08-05,F03,Premium,766,3188,9563,57.38,0.0,897.0,0.0034,0.0
2024-08-06,F03,Premium,744,3155,9464,56.79,0.0,871.0,0.004,0.0
2024-08-07,F03,Premium,775,3188,9563,57.38,0.0,845.0,0.0052,0.0
2024-08-08,F03,Premium,779,3221,9662,57.97,0.0,950.0,0.0028,0.0
2024-08-09,F03,Premium,807,3352,10056,60.34,0.0,888.0,0.0044,0.0
2024-08-10,F03,Premium,896,3483,10450,62.7,0.0,860.0,0.0039,0.0
2024-08-11,F03,Premium,855,3451,10352,62.11,0.0,914.0,0.0047,0.0
2024-08-12,F03,Premium,777,3188,9563,57.38,0.0,896.0,0.0032,0.0
2024-08-13,F03,Premium,783,3155,9464,56.79,0.0,909.0,0.004,0.0
2024-08-14,F03,Premium,684,3188,9563,57.38,0.0,854.0,0.0032,0.0
2024-08-15,F03,Premium,852,3221,9662,57.97,0.0,931.0,0.0038,0.0
2024-08-16,F03,Premium,812,3352,10056,60.34,0.0,881.0,0.0045,0.0
2024-08-17,F03,Premium,789,3483,10450,62.7,0.0,966.0,0.0045,0.0
2024-08-18,F03,Premium,856,3451,10352,62.11,0.0,847.0,0.0039,0.0
2024-08-19,F03,Premium,789,3188,9563,57.38,0.0,903.0,0.0059,0.0
2024-08-20,F03,Premium,748,3155,9464,56.79,0.0,871.0,0.0032,0.0
2024-08-21,F03,Premium,732,3188,9563,57.38,0.0,924.0,0.0062,0.0
2024-08-22,F03,Premium,808,3221,9662,57.97,0.0,832.0,0.0037,0.0
2024-08-23,F03,Premium,813,3352,10056,60.34,0.0,827.0,0.0055,0.0
2024-08-24,F03,Premium,864,3483,10450,62.7,0.0,1085.0,0.0035,0.0
2024-08-25,F03,Premium,830,3451,10352,62.11,0.0,844.0,0.0047,0.0
2024-08-26,F03,Premium,776,3188,9563,57.38,0.0,924.0,0.0043,0.0
2024-08-27,F03,Premium,701,3155,9464,56.79,0.0,942.0,0.004,0.0
2024-08-28,F03,Premium,739,3188,9563,57.38,0.0,869.0,0.004,0.0
2024-08-29,F03,Premium,799,3221,9662,57.97,0.0,919.0,0.0043,0.0
2024-08-30,F03,Premium,772,3352,10056,60.34,0.0,891.0,0.0028,0.0
2024-08-31,F03,Premium,771,3483,10450,62.7,0.0,896.0,0.0038,0.0
2024-09-01,F03,Premium,845,3770,11311,67.87,0.0,851.0,0.0037,0.0
2024-09-02,F03,Premium,956,3483,10449,62.7,0.0,831.0,0.0029,0.0
2024-09-03,F03,Premium,775,3447,10342,62.05,0.0,921.0,0.0045,0.0
2024-09-04,F03,Premium,775,3483,10449,62.7,0.0,921.0,0.0034,0.0
2024-09-05,F03,Premium,894,3519,10557,63.34,0.0,904.0,0.0041,0.0
2024-09-06,F03,Premium,850,3663,10988,65.93,0.0,875.0,0.0034,0.0
2024-09-07,F03,Premium,872,3806,11419,68.51,0.0,929.0,0.0038,0.0
2024-09-08,F03,Premium,908,3770,11311,67.87,0.0,913.0,0.0032,0.0
2024-09-09,F03,Premium,856,3483,10449,62.7,0.0,891.0,0.0037,0.0
2024-09-10,F03,Premium,795,3447,10342,62.05,0.0,895.0,0.0054,0.0
2024-09-11,F03,Premium,776,3483,10449,62.7,0.0,881.0,0.0055,0.0
2024-09-12,F03,Premium,866,3519,10557,63.34,0.0,861.0,0.0043,0.0
2024-09-13,F03,Premium,851,3663,10988,65.93,0.0,829.0,0.0034,0.0
2024-09-14,F03,Premium,893,3806,11419,68.51,0.0,793.0,0.0049,0.0
2024-09-15,F03,Premium,870,3770,11311,67.87,0.0,916.0,0.0037,0.0
2024-09-16,F03,Premium,830,3483,10449,62.7,0.0,895.0,0.0034,0.0
2024-09-17,F03,Premium,878,3447,10342,62.05,0.0,908.0,0.0046,0.0
2024-09-18,F03,Premium,867,3483,10449,62.7,0.0,852.0,0.0039,0.0
2024-09-19,F03,Premium,854,3519,10557,63.34,0.0,917.0,0.0047,0.0
2024-09-20,F03,Premium,956,3663,10988,65.93,0.0,893.0,0.0041,0.0
2024-09-21,F03,Premium,947,3806,11419,68.51,0.0,931.0,0.0028,0.0
2024-09-22,F03,Premium,926,3770,11311,67.87,0.0,891.0,0.0039,0.0
2024-09-23,F03,Premium,786,3483,10449,62.7,0.0,890.0,0.0041,0.0
2024-09-24,F03,Premium,767,3447,10342,62.05,0.0,926.0,0.0031,0.0
2024-09-25,F03,Premium,801,3483,10449,62.7,0.0,829.0,0.0026,0.0
2024-09-26,F03,Premium,783,3519,10557,63.34,0.0,976.0,0.0027,0.0
2024-09-27,F03,Premium,871,3663,10988,65.93,0.0,887.0,0.0048,0.0
2024-09-28,F03,Premium,885,3806,11419,68.51,0.0,967.0,0.0042,0.0
2024-09-29,F03,Premium,923,3770,11311,67.87,0.0,907.0,0.0073,0.0
2024-09-30,F03,Premium,853,3483,10449,62.7,0.0,894.0,0.0063,0.0
2024-10-01,F03,Premium,858,3890,11669,70.01,0.0,901.0,0.005,0.0
2024-10-02,F03,Premium,934,3930,11790,70.74,0.0,927.0,0.0044,0.0
2024-10-03,F03,Premium,978,3971,11912,71.47,0.0,881.0,0.0046,0.0
2024-10-04,F03,Premium,884,4133,12398,74.39,0.0,960.0,0.0032,0.0
2024-10-05,F03,Premium,1038,4295,12884,77.31,0.0,857.0,0.004,0.0
2024-10-06,F03,Premium,936,4254,12763,76.58,0.0,910.0,0.004,0.0
2024-10-07,F03,Premium,959,3930,11790,70.74,0.0,806.0,0.0022,0.0
2024-10-08,F03,Premium,887,3890,11669,70.01,0.0,999.0,0.005,0.0
2024-10-09,F03,Premium,971,3930,11790,70.74,0.0,911.0,0.0029,0.0
2024-10-10,F03,Premium,921,3971,11912,71.47,0.0,939.0,0.0043,0.0
2024-10-11,F03,Premium,911,4133,12398,74.39,0.0,906.0,0.0039,0.0
2024-10-12,F03,Premium,1041,4295,12884,77.31,0.0,911.0,0.0043,0.0
2024-10-13,F03,Premium,975,4254,12763,76.58,0.0,896.0,0.0045,0.0
2024-10-14,F03,Premium,888,3930,11790,70.74,0.0,862.0,0.004,0.0
2024-10-15,F03,Premium,946,3890,11669,70.01,0.0,885.0,0.0032,0.0
2024-10-16,F03,Premium,906,3930,11790,70.74,0.0,902.0,0.0054,0.0
2024-10-17,F03,Premium,970,3971,11912,71.47,0.0,906.0,0.0047,0.0
2024-10-18,F03,Premium,1020,4133,12398,74.39,0.0,910.0,0.0027,0.0
2024-10-19,F03,Premium,988,4295,12884,77.31,0.0,913.0,0.0026,0.0
2024-10-20,F03,Premium,892,4254,12763,76.58,0.0,882.0,0.0039,0.0
2024-10-21,F03,Premium,1001,3930,11790,70.74,0.0,975.0,0.004,0.0
2024-10-22,F03,Premium,869,3890,11669,70.01,0.0,909.0,0.0051,0.0
2024-10-23,F03,Premium,879,3930,11790,70.74,0.0,926.0,0.0041,0.0
2024-10-24,F03,Premium,898,3971,11912,71.47,0.0,869.0,0.0077,0.0
2024-10-25,F03,Premium,1048,4133,12398,74.39,0.0,893.0,0.0052,0.0
2024-10-26,F03,Premium,958,4295,12884,77.31,0.0,873.0,0.0026,0.0
2024-10-27,F03,Premium,966,4254,12763,76.58,0.0,982.0,0.0039,0.0
2024-10-28,F03,Premium,877,3930,11790,70.74,0.0,1014.0,0.0042,0.0
2024-10-29,F03,Premium,956,3890,11669,70.01,0.0,1144.0,0.0053,0.0
2024-10-30,F03,Premium,948,3930,11790,70.74,0.0,985.0,0.0039,0.0
2024-10-31,F03,Premium,897,3971,11912,71.47,0.0,987.0,0.0046,0.0
2024-11-01,F03,Premium,1049,5356,16068,96.41,0.0,1110.0,0.0042,0.0
2024-11-02,F03,Premium,1077,5566,16699,100.19,0.0,933.0,0.0028,0.0
2024-11-03,F03,Premium,1155,5514,16541,99.25,0.0,927.0,0.0046,0.0
2024-11-04,F03,Premium,1009,5094,15281,91.68,0.0,839.0,0.0033,0.0
2024-11-05,F03,Premium,1004,5023,15070,90.42,0.0,927.0,0.0032,0.0
2024-11-06,F03,Premium,954,5058,15173,91.04,0.0,906.0,0.0024,0.0
2024-11-07,F03,Premium,1097,5092,15275,91.65,0.0,889.0,0.003,0.0
2024-11-08,F03,Premium,1187,5281,15843,95.06,0.0,866.0,0.0044,0.0
2024-11-09,F03,Premium,1125,5469,16407,98.44,0.0,846.0,0.0028,0.0
2024-11-10,F03,Premium,1157,5399,16196,97.17,0.0,867.0,0.0045,0.0
2024-11-11,F03,Premium,1023,4970,14910,89.46,0.0,992.0,0.0032,0.0
2024-11-12,F03,Premium,969,4902,14705,88.23,0.0,899.0,0.0032,0.0
2024-11-13,F03,Premium,1066,4936,14807,88.84,0.0,914.0,0.0039,0.0
2024-11-14,F03,Premium,945,4969,14908,89.45,0.0,840.0,0.0057,0.0
2024-11-15,F03,Premium,1025,5155,15464,92.78,0.0,885.0,0.0038,0.0
2024-11-16,F03,Premium,1090,5338,16015,96.09,0.0,829.0,0.0035,0.0
2024-11-17,F03,Premium,1124,5270,15810,94.86,0.0,912.0,0.0048,0.0
2024-11-18,F03,Premium,1008,4852,14556,87.34,0.0,890.0,0.0043,0.0
2024-11-19,F03,Premium,966,4786,14357,86.14,0.0,932.0,0.0036,0.0
2024-11-20,F03,Premium,1028,4819,14458,86.75,0.0,965.0,0.004,0.0
2024-11-21,F03,Premium,1068,4853,14558,87.35,0.0,889.0,0.0048,0.0
2024-11-22,F03,Premium,1133,5034,15102,90.61,0.0,1003.0,0.0046,0.0
2024-11-23,F03,Premium,1260,5214,15642,93.85,0.0,1093.0,0.003,0.0
2024-11-24,F03,Premium,1127,5148,15443,92.66,0.0,1061.0,0.005,0.0
2024-11-25,F03,Premium,985,4740,14219,85.31,0.0,1042.0,0.0039,0.0
2024-11-26,F03,Premium,1035,4675,14026,84.16,0.0,1066.0,0.0035,0.0
2024-11-27,F03,Premium,1061,4709,14126,84.75,0.0,1159.0,0.0035,0.0
2024-11-28,F03,Premium,1054,4741,14224,85.35,0.0,1066.0,0.0048,0.0
2024-11-29,F03,Premium,1100,4919,14757,88.54,0.0,1014.0,0.0033,0.0
2024-11-30,F03,Premium,1115,5095,15285,91.71,0.0,1080.0,0.006,0.0
2024-12-01,F03,Premium,1051,5462,16385,98.31,0.0,992.0,0.0047,0.0
2024-12-02,F03,Premium,1112,5029,15088,90.53,0.0,1067.0,0.0051,0.0
2024-12-03,F03,Premium,1128,4961,14884,89.31,0.0,838.0,0.0041,0.0
2024-12-04,F03,Premium,1102,4997,14991,89.95,0.0,911.0,0.0054,0.0
2024-12-05,F03,Premium,1182,5032,15097,90.58,0.0,880.0,0.0032,0.0
2024-12-06,F03,Premium,1270,5221,15663,93.98,0.0,788.0,0.0027,0.0
2024-12-07,F03,Premium,1256,5409,16226,97.35,0.0,873.0,0.0024,0.0
2024-12-08,F03,Premium,1254,5341,16022,96.13,0.0,987.0,0.0045,0.0
2024-12-09,F03,Premium,1077,4918,14754,88.52,0.0,902.0,0.0052,0.0
2024-12-10,F03,Premium,1049,4852,14556,87.34,0.0,893.0,0.0057,0.0
2024-12-11,F03,Premium,1130,4887,14661,87.97,0.0,868.0,0.0049,0.0
2024-12-12,F03,Premium,1172,4922,14766,88.6,0.0,907.0,0.004,0.0
2024-12-13,F03,Premium,1195,5107,15321,91.93,0.0,843.0,0.0044,0.0
2024-12-14,F03,Premium,1182,5291,15872,95.23,0.0,974.0,0.0051,0.0
2024-12-15,F03,Premium,1244,5225,15674,94.04,0.0,820.0,0.0053,0.0
2024-12-16,F03,Premium,1068,4812,14435,86.61,0.0,921.0,0.0039,0.0
2024-12-17,F03,Premium,1089,4747,14242,85.45,0.0,852.0,0.0035,0.0
2024-12-18,F03,Premium,1271,4782,14346,86.08,0.0,877.0,0.0025,0.0
2024-12-19,F03,Premium,1030,4816,14449,86.7,0.0,867.0,0.0046,0.0
2024-12-20,F03,Premium,1176,4998,14993,89.96,0.0,889.0,0.0038,0.0
2024-12-21,F03,Premium,1182,5178,15534,93.2,0.0,857.0,0.0036,0.0
2024-12-22,F03,Premium,1212,5113,15340,92.04,0.0,917.0,0.0051,0.0
2024-12-23,F03,Premium,1064,4710,14129,84.77,0.0,879.0,0.0045,0.0
2024-12-24,F03,Premium,1098,4647,13941,83.64,0.0,938.0,0.0045,0.0
2024-12-25,F03,Premium,1019,4681,14044,84.26,0.0,990.0,0.0037,0.0
2024-12-26,F03,Premium,1061,4715,14146,84.88,0.0,992.0,0.0048,0.0
2024-12-27,F03,Premium,1167,4893,14679,88.08,0.0,994.0,0.0048,0.0
2024-12-28,F03,Premium,1289,5070,15209,91.26,0.0,1065.0,0.0031,0.0
2024-12-29,F03,Premium,1257,5007,15021,90.13,0.0,998.0,0.0039,0.0
2024-12-30,F03,Premium,1116,4612,13835,83.01,0.0,1028.0,0.0039,0.0
2024-12-31,F03,Premium,1008,4551,13652,81.91,0.0,1045.0,0.0047,0.0
2025-01-01,F03,Premium,1091,4752,14257,85.54,0.0,1017.0,0.005,0.0
2025-01-02,F03,Premium,1254,4787,14361,86.17,0.0,1043.0,0.0044,0.0
2025-01-03,F03,Premium,1417,4967,14902,89.41,0.0,987.0,0.0033,0.0
2025-01-04,F03,Premium,1431,5162,15487,92.92,0.0,1040.0,0.0042,0.0
2025-01-05,F03,Premium,1206,5114,15341,92.04,0.0,1054.0,0.0044,0.0
2025-01-06,F03,Premium,1118,4724,14172,85.03,0.0,1000.0,0.0032,0.0
2025-01-07,F03,Premium,1161,4675,14026,84.15,0.0,888.0,0.003,0.0
2025-01-08,F03,Premium,1157,4724,14172,85.03,0.0,881.0,0.0051,0.0
2025-01-09,F03,Premium,1213,4773,14318,85.91,0.0,815.0,0.0041,0.0
2025-01-10,F03,Premium,1185,4967,14902,89.41,0.0,920.0,0.0044,0.0
2025-01-11,F03,Premium,1270,5162,15487,92.92,0.0,794.0,0.0056,0.0
2025-01-12,F03,Premium,1359,5114,15341,92.04,0.0,899.0,0.0036,0.0
2025-01-13,F03,Premium,1245,4724,14172,85.03,0.0,867.0,0.0031,0.0
2025-01-14,F03,Premium,1172,4675,14026,84.15,0.0,897.0,0.0054,0.0
2025-01-15,F03,Premium,1288,4724,14172,85.03,0.0,884.0,0.0048,0.0
2025-01-16,F03,Premium,1206,4773,14318,85.91,0.0,911.0,0.0037,0.0
2025-01-17,F03,Premium,1246,4967,14902,89.41,0.0,898.0,0.0044,0.0
2025-01-18,F03,Premium,1258,5162,15487,92.92,0.0,969.0,0.0034,0.0
2025-01-19,F03,Premium,1261,5114,15341,92.04,0.0,888.0,0.0037,0.0
2025-01-20,F03,Premium,1253,4724,14172,85.03,0.0,963.0,0.0043,0.0
2025-01-21,F03,Premium,1190,4675,14026,84.15,0.0,888.0,0.0038,0.0
2025-01-22,F03,Premium,1027,4724,14172,85.03,0.0,880.0,0.003,0.0
2025-01-23,F03,Premium,1303,4773,14318,85.91,0.0,945.0,0.0036,0.0
2025-01-24,F03,Premium,1245,4967,14902,89.41,0.0,842.0,0.0026,0.0
2025-01-25,F03,Premium,1348,5162,15487,92.92,0.0,909.0,0.0037,0.0
2025-01-26,F03,Premium,1423,5114,15341,92.04,0.0,794.0,0.0041,0.0
2025-01-27,F03,Premium,1217,4724,14172,85.03,0.0,953.0,0.0027,0.0
2025-01-28,F03,Premium,1195,4675,14026,84.15,0.0,911.0,0.0041,0.0
2025-01-29,F03,Premium,1334,4724,14172,85.03,0.0,956.0,0.0047,0.0
2025-01-30,F03,Premium,1184,4773,14318,85.91,0.0,876.0,0.0032,0.0
2025-01-31,F03,Premium,1323,4967,14902,89.41,0.0,920.0,0.0027,0.0
2025-02-01,F03,Premium,1336,6386,19158,114.95,0.0,894.0,0.0032,0.0
2025-02-02,F03,Premium,1299,6326,18977,113.86,0.0,864.0,0.0027,0.0
2025-02-03,F03,Premium,1287,5844,17532,105.19,0.0,860.0,0.0026,0.0
2025-02-04,F03,Premium,1246,5784,17351,104.11,0.0,926.0,0.0029,0.0
2025-02-05,F03,Premium,1279,5844,17532,105.19,0.0,863.0,0.0037,0.0
2025-02-06,F03,Premium,1307,5904,17712,106.27,0.0,911.0,0.0038,0.0
2025-02-07,F03,Premium,1306,6145,18435,110.61,0.0,1035.0,0.0037,0.0
2025-02-08,F03,Premium,1299,6386,19158,114.95,0.0,1081.0,0.0037,0.0
2025-02-09,F03,Premium,1377,6326,18977,113.86,0.0,1140.0,0.0044,0.0
2025-02-10,F03,Premium,1205,5844,17532,105.19,0.0,1087.0,0.0075,0.0
2025-02-11,F03,Premium,1207,5784,17351,104.11,0.0,1002.0,0.0061,0.0
2025-02-12,F03,Premium,1319,5844,17532,105.19,0.0,1048.0,0.0032,0.0
2025-02-13,F03,Premium,1301,5904,17712,106.27,0.0,1081.0,0.006,0.0
2025-02-14,F03,Premium,1290,6145,18435,110.61,0.0,1006.0,0.0057,0.0
2025-02-15,F03,Premium,1297,6386,19158,114.95,0.0,1055.0,0.004,0.0
2025-02-16,F03,Premium,1355,6326,18977,113.86,0.0,918.0,0.0045,0.0
2025-02-17,F03,Premium,1283,5844,17532,105.19,0.0,909.0,0.0049,0.0
2025-02-18,F03,Premium,1333,5784,17351,104.11,0.0,907.0,0.0033,0.0
2025-02-19,F03,Premium,1176,5844,17532,105.19,0.0,955.0,0.0069,0.0
2025-02-20,F03,Premium,1344,5904,17712,106.27,0.0,866.0,0.0027,0.0
2025-02-21,F03,Premium,1443,6145,18435,110.61,0.0,1012.0,0.0035,0.0
2025-02-22,F03,Premium,1432,6386,19158,114.95,0.0,792.0,0.0036,0.0
2025-02-23,F03,Premium,1343,6326,18977,113.86,0.0,931.0,0.0044,0.0
2025-02-24,F03,Premium,1231,5844,17532,105.19,0.0,932.0,0.0025,0.0
2025-02-25,F03,Premium,1116,5784,17351,104.11,0.0,916.0,0.0029,0.0
2025-02-26,F03,Premium,1354,5844,17532,105.19,0.0,872.0,0.0035,0.0
2025-02-27,F03,Premium,1285,5904,17712,106.27,0.0,875.0,0.005,0.0
2025-02-28,F03,Premium,1308,6145,18435,110.61,0.0,855.0,0.0056,0.0
2025-03-01,F03,Premium,1585,5950,17850,107.1,0.0,1004.0,0.0064,0.0
2025-03-02,F03,Premium,1317,5894,17682,106.09,0.0,920.0,0.0044,0.0
2025-03-03,F03,Premium,1397,5445,16334,98.01,0.0,924.0,0.0031,0.0
2025-03-04,F03,Premium,1296,5389,16166,97.0,0.0,858.0,0.0044,0.0
2025-03-05,F03,Premium,1280,5445,16334,98.01,0.0,843.0,0.0037,0.0
2025-03-06,F03,Premium,1487,5501,16503,99.02,0.0,902.0,0.0046,0.0
2025-03-07,F03,Premium,1487,5725,17176,103.06,0.0,927.0,0.0026,0.0
2025-03-08,F03,Premium,1509,5950,17850,107.1,0.0,978.0,0.0035,0.0
2025-03-09,F03,Premium,1412,5894,17682,106.09,0.0,896.0,0.0063,0.0
2025-03-10,F03,Premium,1409,5445,16334,98.01,0.0,870.0,0.0036,0.0
2025-03-11,F03,Premium,1361,5389,16166,97.0,0.0,962.0,0.0058,0.0
2025-03-12,F03,Premium,1270,5445,16334,98.01,0.0,943.0,0.0036,0.0
2025-03-13,F03,Premium,1322,5501,16503,99.02,0.0,957.0,0.0041,0.0
2025-03-14,F03,Premium,1462,5725,17176,103.06,0.0,803.0,0.004,0.0
2025-03-15,F03,Premium,1530,5950,17850,107.1,0.0,967.0,0.0027,0.0
2025-03-16,F03,Premium,1340,5894,17682,106.09,0.0,843.0,0.0025,0.0
2025-03-17,F03,Premium,1316,5445,16334,98.01,0.0,811.0,0.0039,0.0
2025-03-18,F03,Premium,1210,5389,16166,97.0,0.0,902.0,0.0048,0.0
2025-03-19,F03,Premium,1289,5445,16334,98.01,0.0,942.0,0.0034,0.0
2025-03-20,F03,Premium,1339,5501,16503,99.02,0.0,957.0,0.003,0.0
2025-03-21,F03,Premium,1326,5725,17176,103.06,0.0,887.0,0.0044,0.0
2025-03-22,F03,Premium,1468,5950,17850,107.1,0.0,915.0,0.0035,0.0
2025-03-23,F03,Premium,1364,5894,17682,106.09,0.0,940.0,0.0031,0.0
2025-03-24,F03,Premium,1412,5445,16334,98.01,0.0,852.0,0.0051,0.0
2025-03-25,F03,Premium,1193,5389,16166,97.0,0.0,904.0,0.0058,0.0
2025-03-26,F03,Premium,1305,5445,16334,98.01,0.0,931.0,0.0036,0.0
2025-03-27,F03,Premium,1405,5501,16503,99.02,0.0,935.0,0.0029,0.0
2025-03-28,F03,Premium,1432,5725,17176,103.06,0.0,872.0,0.0045,0.0
2025-03-29,F03,Premium,1423,5950,17850,107.1,0.0,999.0,0.004,0.0
2025-03-30,F03,Premium,1392,5894,17682,106.09,0.0,857.0,0.005,0.0
2025-03-31,F03,Premium,1328,5445,16334,98.01,0.0,887.0,0.0052,0.0
2025-04-01,F03,Premium,1455,6064,18193,109.16,0.0,924.0,0.0052,0.0
2025-04-02,F03,Premium,1350,6128,18383,110.3,0.0,891.0,0.0046,0.0
2025-04-03,F03,Premium,1526,6191,18572,111.43,0.0,968.0,0.0044,0.0
2025-04-04,F03,Premium,1404,6443,19330,115.98,0.0,955.0,0.0034,0.0
2025-04-05,F03,Premium,1647,6696,20088,120.53,0.0,881.0,0.0051,0.0
2025-04-06,F03,Premium,1692,6633,19899,119.39,0.0,910.0,0.005,0.0
2025-04-07,F03,Premium,1322,6128,18383,110.3,0.0,886.0,0.0035,0.0
2025-04-08,F03,Premium,1383,6064,18193,109.16,0.0,936.0,0.0041,0.0
2025-04-09,F03,Premium,1379,6128,18383,110.3,0.0,951.0,0.0034,0.0
2025-04-10,F03,Premium,1472,6191,18572,111.43,0.0,881.0,0.005,0.0
2025-04-11,F03,Premium,1470,6443,19330,115.98,0.0,918.0,0.0043,0.0
2025-04-12,F03,Premium,1497,6696,20088,120.53,0.0,971.0,0.0034,0.0
2025-04-13,F03,Premium,1416,6633,19899,119.39,0.0,830.0,0.0028,0.0
2025-04-14,F03,Premium,1477,6128,18383,110.3,0.0,975.0,0.0041,0.0
2025-04-15,F03,Premium,1386,6064,18193,109.16,0.0,889.0,0.0031,0.0
2025-04-16,F03,Premium,1522,6128,18383,110.3,0.0,893.0,0.0036,0.0
2025-04-17,F03,Premium,1430,6191,18572,111.43,0.0,879.0,0.0048,0.0
2025-04-18,F03,Premium,1538,6443,19330,115.98,0.0,1006.0,0.0043,0.0
2025-04-19,F03,Premium,1582,6696,20088,120.53,0.0,1004.0,0.0041,0.0
2025-04-20,F03,Premium,1551,6633,19899,119.39,0.0,1000.0,0.0056,0.0
2025-04-21,F03,Premium,1459,6128,18383,110.3,0.0,990.0,0.0034,0.0
2025-04-22,F03,Premium,1382,6064,18193,109.16,0.0,1088.0,0.003,0.0
2025-04-23,F03,Premium,1265,6128,18383,110.3,0.0,1082.0,0.0046,0.0
2025-04-24,F03,Premium,1584,6191,18572,111.43,0.0,1033.0,0.0038,0.0
2025-04-25,F03,Premium,1372,6443,19330,115.98,0.0,1072.0,0.0045,0.0
2025-04-26,F03,Premium,1516,6696,20088,120.53,0.0,982.0,0.0044,0.0
2025-04-27,F03,Premium,1653,6633,19899,119.39,0.0,1113.0,0.0024,0.0
2025-04-28,F03,Premium,1402,6128,18383,110.3,0.0,850.0,0.0032,0.0
2025-04-29,F03,Premium,1332,6064,18193,109.16,0.0,878.0,0.0042,0.0
2025-04-30,F03,Premium,1300,6128,18383,110.3,0.0,809.0,0.0041,0.0
2025-05-01,F03,Premium,1604,6415,19246,115.47,0.0,818.0,0.0034,0.0
2025-05-02,F03,Premium,1717,6677,20031,120.19,0.0,865.0,0.0042,0.0
2025-05-03,F03,Premium,1710,6939,20817,124.9,0.0,906.0,0.0048,0.0
2025-05-04,F03,Premium,1766,6873,20620,123.72,0.0,925.0,0.004,0.0
2025-05-05,F03,Premium,1641,6350,19049,114.3,0.0,931.0,0.0046,0.0
2025-05-06,F03,Premium,1587,6284,18853,113.12,0.0,849.0,0.0024,0.0
2025-05-07,F03,Premium,1501,6350,19049,114.3,0.0,907.0,0.0037,0.0
2025-05-08,F03,Premium,1515,6415,19246,115.47,0.0,903.0,0.0052,0.0
2025-05-09,F03,Premium,1606,6677,20031,120.19,0.0,922.0,0.0039,0.0
2025-05-10,F03,Premium,1611,6939,20817,124.9,0.0,905.0,0.0064,0.0
2025-05-11,F03,Premium,1719,6873,20620,123.72,0.0,931.0,0.005,0.0
2025-05-12,F03,Premium,1535,6350,19049,114.3,0.0,835.0,0.0039,0.0
2025-05-13,F03,Premium,1718,6284,18853,113.12,0.0,903.0,0.0045,0.0
2025-05-14,F03,Premium,1476,6350,19049,114.3,0.0,883.0,0.0044,0.0
2025-05-15,F03,Premium,1549,6415,19246,115.47,0.0,869.0,0.0043,0.0
2025-05-16,F03,Premium,1598,6677,20031,120.19,0.0,927.0,0.0042,0.0
2025-05-17,F03,Premium,1582,6939,20817,124.9,0.0,896.0,0.0029,0.0
2025-05-18,F03,Premium,1565,6873,20620,123.72,0.0,849.0,0.0027,0.0
2025-05-19,F03,Premium,1508,6350,19049,114.3,0.0,856.0,0.003,0.0
2025-05-20,F03,Premium,1496,6284,18853,113.12,0.0,860.0,0.0054,0.0
2025-05-21,F03,Premium,1509,6350,19049,114.3,0.0,935.0,0.0037,0.0
2025-05-22,F03,Premium,1578,6415,19246,115.47,0.0,940.0,0.0037,0.0
2025-05-23,F03,Premium,1622,6677,20031,120.19,0.0,915.0,0.0053,0.0
2025-05-24,F03,Premium,1647,6939,20817,124.9,0.0,979.0,0.0033,0.0
2025-05-25,F03,Premium,1627,6873,20620,123.72,0.0,861.0,0.0045,0.0
2025-05-26,F03,Premium,1573,6350,19049,114.3,0.0,851.0,0.0037,0.0
2025-05-27,F03,Premium,1576,6284,18853,113.12,0.0,949.0,0.0035,0.0
2025-05-28,F03,Premium,1530,6350,19049,114.3,0.0,908.0,0.0038,0.0
2025-05-29,F03,Premium,1474,6415,19246,115.47,0.0,884.0,0.0048,0.0
2025-05-30,F03,Premium,1718,6677,20031,120.19,0.0,908.0,0.0046,0.0
2025-05-31,F03,Premium,1621,6939,20817,124.9,0.0,889.0,0.0042,0.0
2025-06-01,F03,Premium,1745,7641,22924,137.54,0.0,917.0,0.0045,0.0
2025-06-02,F03,Premium,1762,7059,21177,105.89,0.0,885.0,0.0057,0.0
2025-06-03,F03,Premium,1638,6986,20959,104.79,0.0,871.0,0.0037,0.0
2025-06-04,F03,Premium,1636,7059,21177,105.89,0.0,923.0,0.0054,0.0
2025-06-05,F03,Premium,1660,7132,21395,106.98,0.0,830.0,0.0039,0.0
2025-06-06,F03,Premium,1755,7423,22269,111.34,0.0,888.0,0.0028,0.0
2025-06-07,F03,Premium,1775,7714,23142,115.71,0.0,876.0,0.0028,0.0
2025-06-08,F03,Premium,1899,7641,22924,114.62,0.0,923.0,0.0039,0.0
2025-06-09,F03,Premium,1906,7059,21177,105.89,0.0,947.0,0.005,0.0
2025-06-10,F03,Premium,1688,6986,20959,104.79,0.0,885.0,0.0029,0.0
2025-06-11,F03,Premium,1650,7059,21177,105.89,0.0,881.0,0.004,0.0
2025-06-12,F03,Premium,1631,7132,21395,106.98,0.0,859.0,0.0033,0.0
2025-06-13,F03,Premium,1672,7423,22269,111.34,0.0,907.0,0.0049,0.0
2025-06-14,F03,Premium,1844,7714,23142,115.71,0.0,820.0,0.0033,0.0
2025-06-15,F03,Premium,1735,7641,22924,114.62,0.0,875.0,0.0053,0.0
2025-06-16,F03,Premium,1612,7059,21177,105.89,0.0,877.0,0.004,0.0
2025-06-17,F03,Premium,1777,6986,20959,104.79,0.0,779.0,0.0056,0.0
2025-06-18,F03,Premium,1665,7059,21177,105.89,0.0,864.0,0.0032,0.0
2025-06-19,F03,Premium,1688,7132,21395,106.98,0.0,848.0,0.0031,0.0
2025-06-20,F03,Premium,1528,7423,22269,111.34,0.0,886.0,0.0041,0.0
2025-06-21,F03,Premium,1767,7714,23142,115.71,0.0,917.0,0.005,0.0
2025-06-22,F03,Premium,1796,7641,22924,114.62,0.0,875.0,0.0046,0.0
2025-06-23,F03,Premium,1526,7059,21177,105.89,0.0,939.0,0.0042,0.0
2025-06-24,F03,Premium,1537,6986,20959,104.79,0.0,878.0,0.0041,0.0
2025-06-25,F03,Premium,1525,7059,21177,105.89,0.0,836.0,0.004,0.0
2025-06-26,F03,Premium,1599,7132,21395,106.98,0.0,923.0,0.0035,0.0
2025-06-27,F03,Premium,1818,7423,22269,111.34,0.0,836.0,0.0042,0.0
2025-06-28,F03,Premium,1837,7714,23142,115.71,0.0,896.0,0.0051,0.0
2025-06-29,F03,Premium,1738,7641,22924,114.62,0.0,802.0,0.0043,0.0
2025-06-30,F03,Premium,1581,7059,21177,105.89,0.0,896.0,0.0041,0.0
2025-07-01,F03,Premium,1711,7332,21995,109.98,0.0,1033.0,0.0035,0.0
2025-07-02,F03,Premium,1949,7408,22224,111.12,0.0,991.0,0.0051,0.0
2025-07-03,F03,Premium,1806,7484,22453,112.27,0.0,975.0,0.0039,0.0
2025-07-04,F03,Premium,1958,7790,23370,116.85,0.0,980.0,0.0034,0.0
2025-07-05,F03,Premium,1966,8095,24286,121.43,0.0,916.0,0.0039,0.0
2025-07-06,F03,Premium,1924,8019,24057,120.29,0.0,1010.0,0.0026,0.0
2025-07-07,F03,Premium,1673,7408,22224,111.12,0.0,1097.0,0.0054,0.0
2025-07-08,F03,Premium,1593,7332,21995,109.98,0.0,928.0,0.0039,0.0
2025-07-09,F03,Premium,1712,7408,22224,111.12,0.0,976.0,0.0036,0.0
2025-07-10,F03,Premium,1927,7484,22453,112.27,0.0,908.0,0.0036,0.0
2025-07-11,F03,Premium,1731,7790,23370,116.85,0.0,829.0,0.0038,0.0
2025-07-12,F03,Premium,1909,8095,24286,121.43,0.0,836.0,0.0047,0.0
2025-07-13,F03,Premium,1776,8019,24057,120.29,0.0,846.0,0.0037,0.0
2025-07-14,F03,Premium,1884,7408,22224,111.12,0.0,859.0,0.0056,0.0
2025-07-15,F03,Premium,2002,7332,21995,109.98,0.0,772.0,0.0032,0.0
2025-07-16,F03,Premium,2060,7408,22224,111.12,0.0,842.0,0.0052,0.0
2025-07-17,F03,Premium,1870,7484,22453,112.27,0.0,837.0,0.0032,0.0
2025-07-18,F03,Premium,2090,7790,23370,116.85,0.0,865.0,0.0037,0.0
2025-07-19,F03,Premium,1926,8095,24286,121.43,0.0,888.0,0.0037,0.0
2025-07-20,F03,Premium,2177,8019,24057,120.29,0.0,936.0,0.0035,0.0
2025-07-21,F03,Premium,1913,7408,22224,111.12,0.0,820.0,0.0052,0.0
2025-07-22,F03,Premium,1900,7332,21995,109.98,0.0,882.0,0.0032,0.0
2025-07-23,F03,Premium,1763,7408,22224,111.12,0.0,845.0,0.0024,0.0
2025-07-24,F03,Premium,1905,7484,22453,112.27,0.0,852.0,0.0034,0.0
2025-07-25,F03,Premium,2039,7790,23370,116.85,0.0,804.0,0.0039,0.0
2025-07-26,F03,Premium,1988,8095,24286,121.43,0.0,895.0,0.0045,0.0
2025-07-27,F03,Premium,1958,8019,24057,120.29,0.0,865.0,0.0034,0.0
2025-07-28,F03,Premium,1853,7408,22224,111.12,0.0,829.0,0.0025,0.0
2025-07-29,F03,Premium,1803,7332,21995,109.98,0.0,881.0,0.0028,0.0
2025-07-30,F03,Premium,1886,7408,22224,111.12,0.0,868.0,0.0033,0.0
2025-07-31,F03,Premium,1883,7484,22453,112.27,0.0,826.0,0.0049,0.0
2025-08-01,F03,Premium,2089,8392,25177,125.88,0.0,888.0,0.0048,0.0
2025-08-02,F03,Premium,2313,8721,26164,130.82,0.0,827.0,0.0027,0.0
2025-08-03,F03,Premium,2096,8639,25917,129.59,0.0,939.0,0.0046,0.0
2025-08-04,F03,Premium,2124,7981,23942,119.71,0.0,837.0,0.0033,0.0
2025-08-05,F03,Premium,2100,7899,23696,118.48,0.0,837.0,0.0042,0.0
2025-08-06,F03,Premium,2061,7981,23942,119.71,0.0,864.0,0.0042,0.0
2025-08-07,F03,Premium,2232,8063,24189,120.95,0.0,872.0,0.0035,0.0
2025-08-08,F03,Premium,2334,8392,25177,125.88,0.0,761.0,0.0026,0.0
2025-08-09,F03,Premium,2268,8721,26164,130.82,0.0,879.0,0.0037,0.0
2025-08-10,F03,Premium,2225,8639,25917,129.59,0.0,844.0,0.0033,0.0
2025-08-11,F03,Premium,2146,7981,23942,119.71,0.0,821.0,0.0039,0.0
2025-08-12,F03,Premium,2071,7899,23696,118.48,0.0,894.0,0.0044,0.0
2025-08-13,F03,Premium,1841,7981,23942,119.71,0.0,924.0,0.0041,0.0
2025-08-14,F03,Premium,2024,8063,24189,120.95,0.0,857.0,0.0036,0.0
2025-08-15,F03,Premium,2142,8392,25177,125.88,0.0,830.0,0.0028,0.0
2025-08-16,F03,Premium,2217,8721,26164,130.82,0.0,819.0,0.0038,0.0
2025-08-17,F03,Premium,2159,8639,25917,129.59,0.0,792.0,0.004,0.0
2025-08-18,F03,Premium,2078,7981,23942,119.71,0.0,779.0,0.0043,0.0
2025-08-19,F03,Premium,2134,7899,23696,118.48,0.0,744.0,0.0039,0.0
2025-08-20,F03,Premium,2041,7981,23942,119.71,0.0,814.0,0.0033,0.0
2025-08-21,F03,Premium,2074,8063,24189,120.95,0.0,793.0,0.0056,0.0
2025-08-22,F03,Premium,2142,8392,25177,125.88,0.0,992.0,0.0047,0.0
2025-08-23,F03,Premium,2304,8721,26164,130.82,0.0,919.0,0.0048,0.0
2025-08-24,F03,Premium,2278,8639,25917,129.59,0.0,964.0,0.0047,0.0
2025-08-25,F03,Premium,2046,7981,23942,119.71,0.0,939.0,0.0062,0.0
2025-08-26,F03,Premium,2171,7899,23696,118.48,0.0,1053.0,0.0051,0.0
2025-08-27,F03,Premium,2112,7981,23942,119.71,0.0,878.0,0.0041,0.0
2025-08-28,F03,Premium,2057,8063,24189,120.95,0.0,986.0,0.0049,0.0
2025-08-29,F03,Premium,2230,8392,25177,125.88,0.0,951.0,0.0036,0.0
2025-08-30,F03,Premium,2184,8721,26164,130.82,0.0,947.0,0.0047,0.0
2025-08-31,F03,Premium,2403,8639,25917,129.59,0.0,958.0,0.0045,0.0
2025-09-01,F03,Premium,2348,9034,27103,135.51,0.0,951.0,0.0032,0.0
2025-09-02,F03,Premium,2336,8941,26823,134.12,0.0,949.0,0.0042,0.0
2025-09-03,F03,Premium,2181,9034,27103,135.51,0.0,838.0,0.0047,0.0
2025-09-04,F03,Premium,2203,9127,27382,136.91,0.0,958.0,0.0027,0.0
2025-09-05,F03,Premium,2370,9500,28500,142.5,0.0,950.0,0.0027,0.0
2025-09-06,F03,Premium,2474,9872,29617,148.09,0.0,950.0,0.0041,0.0
2025-09-07,F03,Premium,2561,9779,29338,146.69,0.0,858.0,0.0023,0.0
2025-09-08,F03,Premium,2363,9034,27103,135.51,0.0,790.0,0.0035,0.0
2025-09-09,F03,Premium,2128,8941,26823,134.12,0.0,865.0,0.0025,0.0
2025-09-10,F03,Premium,2142,9034,27103,135.51,0.0,783.0,0.0033,0.0
2025-09-11,F03,Premium,2289,9127,27382,136.91,0.0,794.0,0.0046,0.0
2025-09-12,F03,Premium,2422,9500,28500,142.5,0.0,786.0,0.0029,0.0
2025-09-13,F03,Premium,2302,9872,29617,148.09,0.0,819.0,0.0025,0.0
2025-09-14,F03,Premium,2103,9779,29338,146.69,0.0,822.0,0.0041,0.0
2025-09-15,F03,Premium,2299,9034,27103,135.51,0.0,813.0,0.0038,0.0
2025-09-16,F03,Premium,2157,8941,26823,134.12,0.0,845.0,0.0053,0.0
2025-09-17,F03,Premium,2479,9034,27103,135.51,0.0,776.0,0.0037,0.0
2025-09-18,F03,Premium,2418,9127,27382,136.91,0.0,759.0,0.0045,0.0
2025-09-19,F03,Premium,2475,9500,28500,142.5,0.0,773.0,0.0061,0.0
2025-09-20,F03,Premium,2466,9872,29617,148.09,0.0,797.0,0.0052,0.0
2025-09-21,F03,Premium,2466,9779,29338,146.69,0.0,888.0,0.0047,0.0
2025-09-22,F03,Premium,2198,9034,27103,135.51,0.0,722.0,0.0048,0.0
2025-09-23,F03,Premium,2114,8941,26823,134.12,0.0,788.0,0.0048,0.0
2025-09-24,F03,Premium,2345,9034,27103,135.51,0.0,840.0,0.0057,0.0
2025-09-25,F03,Premium,2217,9127,27382,136.91,0.0,833.0,0.0029,0.0
2025-09-26,F03,Premium,2310,9500,28500,142.5,0.0,723.0,0.0034,0.0
2025-09-27,F03,Premium,2483,9872,29617,148.09,0.0,778.0,0.005,0.0
2025-09-28,F03,Premium,2434,9779,29338,146.69,0.0,792.0,0.0052,0.0
2025-09-29,F03,Premium,2208,9034,27103,135.51,0.0,827.0,0.0036,0.0
2025-09-30,F03,Premium,2114,8941,26823,134.12,0.0,724.0,0.0047,0.0
2025-10-01,F03,Premium,2387,9406,28218,141.09,0.0,791.0,0.0044,0.0
2025-10-02,F03,Premium,2473,9503,28509,142.55,0.0,778.0,0.0051,0.0
2025-10-03,F03,Premium,2698,9891,29673,148.37,0.0,776.0,0.0025,0.0
2025-10-04,F03,Premium,2546,10279,30837,154.18,0.0,811.0,0.0038,0.0
2025-10-05,F03,Premium,2717,10182,30546,152.73,0.0,773.0,0.0041,0.0
2025-10-06,F03,Premium,2339,9406,28218,141.09,0.0,788.0,0.0024,0.0
2025-10-07,F03,Premium,2426,9309,27928,139.64,0.0,746.0,0.0076,0.0
2025-10-08,F03,Premium,2475,9406,28218,141.09,0.0,775.0,0.0042,0.0
2025-10-09,F03,Premium,2439,9503,28509,142.55,0.0,790.0,0.0033,0.0
2025-10-10,F03,Premium,2702,9891,29673,148.37,0.0,738.0,0.0035,0.0
2025-10-11,F03,Premium,2739,10279,30837,154.18,0.0,817.0,0.0038,0.0
2025-10-12,F03,Premium,2645,10182,30546,152.73,0.0,786.0,0.0042,0.0
2025-10-13,F03,Premium,2455,9406,28218,141.09,0.0,773.0,0.0029,0.0
2025-10-14,F03,Premium,2294,9309,27928,139.64,0.0,767.0,0.0036,0.0
2025-10-15,F03,Premium,2662,9406,28218,141.09,0.0,767.0,0.0029,0.0
2025-10-16,F03,Premium,2337,9503,28509,142.55,0.0,752.0,0.0037,0.0
2025-10-17,F03,Premium,2542,9891,29673,148.37,0.0,795.0,0.0028,0.0
2025-10-18,F03,Premium,2762,10279,30837,154.18,0.0,731.0,0.0044,0.0
2025-10-19,F03,Premium,2647,10182,30546,152.73,0.0,772.0,0.0054,0.0
2025-10-20,F03,Premium,2432,9406,28218,141.09,0.0,790.0,0.0035,0.0
2025-10-21,F03,Premium,2617,9309,27928,139.64,0.0,731.0,0.0063,0.0
2025-10-22,F03,Premium,2287,9406,28218,141.09,0.0,782.0,0.0048,0.0
2025-10-23,F03,Premium,2335,9503,28509,142.55,0.0,742.0,0.0036,0.0
2025-10-24,F03,Premium,2728,9891,29673,148.37,0.0,886.0,0.0042,0.0
2025-10-25,F03,Premium,2497,10279,30837,154.18,0.0,784.0,0.0035,0.0
2025-10-26,F03,Premium,2723,10182,30546,152.73,0.0,750.0,0.0038,0.0
2025-10-27,F03,Premium,2359,9406,28218,141.09,0.0,839.0,0.0053,0.0
2025-10-28,F03,Premium,2374,9309,27928,139.64,0.0,900.0,0.004,0.0
2025-10-29,F03,Premium,2594,9406,28218,141.09,0.0,933.0,0.0027,0.0
2025-10-30,F03,Premium,2481,9503,28509,142.55,0.0,842.0,0.0037,0.0
2025-10-31,F03,Premium,2741,9891,29673,148.37,0.0,934.0,0.0032,0.0
2025-11-01,F03,Premium,3030,12164,36492,182.46,0.0,956.0,0.0061,0.0
2025-11-02,F03,Premium,2933,12049,36148,180.74,0.0,770.0,0.0049,0.0
2025-11-03,F03,Premium,2528,11131,33393,166.97,0.0,816.0,0.0037,0.0
2025-11-04,F03,Premium,2876,11016,33049,165.25,0.0,875.0,0.0044,0.0
2025-11-05,F03,Premium,2634,11131,33393,166.97,0.0,773.0,0.0033,0.0
2025-11-06,F03,Premium,2753,11246,33738,168.69,0.0,748.0,0.0024,0.0
2025-11-07,F03,Premium,2701,11705,35115,175.57,0.0,778.0,0.0043,0.0
2025-11-08,F03,Premium,3086,12164,36492,182.46,0.0,765.0,0.0065,0.0
2025-11-09,F03,Premium,3032,12049,36148,180.74,0.0,725.0,0.0031,0.0
2025-11-10,F03,Premium,2868,11131,33393,166.97,0.0,712.0,0.0033,0.0
2025-11-11,F03,Premium,2832,11016,33049,165.25,0.0,766.0,0.0053,0.0
2025-11-12,F03,Premium,2647,11131,33393,166.97,0.0,741.0,0.0031,0.0
2025-11-13,F03,Premium,2784,11246,33738,168.69,0.0,747.0,0.0039,0.0
2025-11-14,F03,Premium,2810,11705,35115,175.57,0.0,799.0,0.0022,0.0
2025-11-15,F03,Premium,2775,12164,36492,182.46,0.0,775.0,0.0031,0.0
2025-11-16,F03,Premium,2945,12049,36148,180.74,0.0,789.0,0.0042,0.0
2025-11-17,F03,Premium,2529,11131,33393,166.97,0.0,835.0,0.0042,0.0
2025-11-18,F03,Premium,2699,11016,33049,165.25,0.0,734.0,0.0057,0.0
2025-11-19,F03,Premium,2714,11131,33393,166.97,0.0,797.0,0.0038,0.0
2025-11-20,F03,Premium,2867,11246,33738,168.69,0.0,815.0,0.0046,0.0
2025-11-21,F03,Premium,2850,11705,35115,175.57,0.0,894.0,0.0049,0.0
2025-11-22,F03,Premium,2981,12164,36492,182.46,0.0,812.0,0.0035,0.0
2025-11-23,F03,Premium,2830,12049,36148,180.74,0.0,850.0,0.0043,0.0
2025-11-24,F03,Premium,2824,11131,33393,166.97,0.0,836.0,0.0035,0.0
2025-11-25,F03,Premium,2711,11016,33049,165.25,0.0,849.0,0.0033,0.0
2025-11-26,F03,Premium,2879,11131,33393,166.97,0.0,806.0,0.0041,0.0
2025-11-27,F03,Premium,2620,11246,33738,168.69,0.0,828.0,0.0046,0.0
2025-11-28,F03,Premium,2848,11705,35115,175.57,0.0,909.0,0.0056,0.0
2025-11-29,F03,Premium,3132,12164,36492,182.46,0.0,874.0,0.0045,0.0
2025-11-30,F03,Premium,2856,12049,36148,180.74,0.0,874.0,0.0037,0.0
2025-12-01,F03,Premium,3097,12062,36187,180.94,0.0,856.0,0.0026,0.0
2025-12-02,F03,Premium,3076,11938,35814,179.07,0.0,879.0,0.0054,0.0
2025-12-03,F03,Premium,2935,12062,36187,180.94,0.0,718.0,0.0034,0.0
2025-12-04,F03,Premium,2713,12187,36560,182.8,0.0,685.0,0.0045,0.0
2025-12-05,F03,Premium,3086,12684,38053,190.26,0.0,771.0,0.0048,0.0
2025-12-06,F03,Premium,3169,13182,39545,197.72,0.0,666.0,0.0061,0.0
2025-12-07,F03,Premium,3059,13057,39172,195.86,0.0,830.0,0.0039,0.0
2025-12-08,F03,Premium,2673,12062,36187,180.94,0.0,730.0,0.0035,0.0
2025-12-09,F03,Premium,3191,11938,35814,179.07,0.0,731.0,0.0032,0.0
2025-12-10,F03,Premium,3146,12062,36187,180.94,0.0,677.0,0.0036,0.0
2025-12-11,F03,Premium,2930,12187,36560,182.8,0.0,703.0,0.0045,0.0
2025-12-12,F03,Premium,2885,12684,38053,190.26,0.0,726.0,0.0036,0.0
2025-12-13,F03,Premium,3446,13182,39545,197.72,0.0,717.0,0.004,0.0
2025-12-14,F03,Premium,3283,13057,39172,195.86,0.0,724.0,0.0033,0.0
2025-12-15,F03,Premium,3369,12062,36187,180.94,0.0,754.0,0.004,0.0
2025-12-16,F03,Premium,2858,11938,35814,179.07,0.0,630.0,0.0048,0.0
2025-12-17,F03,Premium,2747,12062,36187,180.94,0.0,685.0,0.0052,0.0
2025-12-18,F03,Premium,3074,12187,36560,182.8,0.0,754.0,0.0042,0.0
2025-12-19,F03,Premium,3286,12684,38053,190.26,0.0,755.0,0.0035,0.0
2025-12-20,F03,Premium,3411,13182,39545,197.72,0.0,692.0,0.0054,0.0
2025-12-21,F03,Premium,3129,13057,39172,195.86,0.0,715.0,0.0049,0.0
2025-12-22,F03,Premium,2927,12062,36187,180.94,0.0,688.0,0.0037,0.0
2025-12-23,F03,Premium,3043,11938,35814,179.07,0.0,650.0,0.0039,0.0
2025-12-24,F03,Premium,2813,12062,36187,180.94,0.0,719.0,0.0039,0.0
2025-12-25,F03,Premium,3036,12187,36560,182.8,0.0,721.0,0.0054,0.0
2025-12-26,F03,Premium,3012,12684,38053,190.26,0.0,850.0,0.004,0.0
2025-12-27,F03,Premium,3255,13182,39545,197.72,0.0,839.0,0.0039,0.0
2025-12-28,F03,Premium,3095,13057,39172,195.86,0.0,758.0,0.0055,0.0
2025-12-29,F03,Premium,2641,12062,36187,180.94,0.0,811.0,0.0039,0.0
2025-12-30,F03,Premium,2833,11938,35814,179.07,0.0,796.0,0.0036,0.0
2025-12-31,F03,Premium,3093,12062,36187,180.94,0.0,834.0,0.0044,0.0
2026-01-01,F03,Premium,3256,12400,37201,186.0,0.0,833.0,0.006,0.0
2026-01-02,F03,Premium,3603,12906,38719,193.6,0.0,882.0,0.005,0.0
2026-01-03,F03,Premium,3707,13413,40238,201.19,0.0,820.0,0.004,0.0
2026-01-04,F03,Premium,3520,13286,39858,199.29,0.0,831.0,0.0033,0.0
2026-01-05,F03,Premium,3156,12274,36821,184.11,0.0,860.0,0.0038,0.0
2026-01-06,F03,Premium,3071,12147,36442,182.21,0.0,875.0,0.0038,0.0
2026-01-07,F03,Premium,3006,12274,36821,184.11,0.0,719.0,0.0035,0.0
2026-01-08,F03,Premium,3404,12400,37201,186.0,0.0,669.0,0.0041,0.0
2026-01-09,F03,Premium,3537,12906,38719,193.6,0.0,730.0,0.0028,0.0
2026-01-10,F03,Premium,3725,13413,40238,201.19,0.0,695.0,0.0032,0.0
2026-01-11,F03,Premium,3406,13286,39858,199.29,0.0,712.0,0.005,0.0
2026-01-12,F03,Premium,3173,12274,36821,184.11,0.0,705.0,0.0047,0.0
2026-01-13,F03,Premium,3415,12147,36442,182.21,0.0,716.0,0.0039,0.0
2026-01-14,F03,Premium,3302,12274,36821,184.11,0.0,727.0,0.0051,0.0
2026-01-15,F03,Premium,3320,12400,37201,186.0,0.0,680.0,0.0027,0.0
2026-01-16,F03,Premium,3563,12906,38719,193.6,0.0,658.0,0.0046,0.0
2026-01-17,F03,Premium,3487,13413,40238,201.19,0.0,698.0,0.0031,0.0
2026-01-18,F03,Premium,3564,13286,39858,199.29,0.0,676.0,0.0025,0.0
2026-01-19,F03,Premium,3340,12274,36821,184.11,0.0,707.0,0.0035,0.0
2026-01-20,F03,Premium,3091,12147,36442,182.21,0.0,684.0,0.0048,0.0
2026-01-21,F03,Premium,3297,12274,36821,184.11,0.0,684.0,0.0046,0.0
2026-01-22,F03,Premium,3830,12400,37201,186.0,0.0,699.0,0.0036,0.0
2026-01-23,F03,Premium,3572,12906,38719,193.6,0.0,673.0,0.0037,0.0
2026-01-24,F03,Premium,3716,13413,40238,201.19,0.0,690.0,0.0056,0.0
2026-01-25,F03,Premium,3552,13286,39858,199.29,0.0,702.0,0.0035,0.0
2026-01-26,F03,Premium,3150,12274,36821,184.11,0.0,677.0,0.0042,0.0
2026-01-27,F03,Premium,3298,12147,36442,182.21,0.0,685.0,0.0049,0.0
2026-01-28,F03,Premium,3249,12274,36821,184.11,0.0,667.0,0.0048,0.0
2026-01-29,F03,Premium,3164,12400,37201,186.0,0.0,713.0,0.0045,0.0
2026-01-30,F03,Premium,3390,12906,38719,193.6,0.0,687.0,0.0043,0.0
2026-01-31,F03,Premium,3851,13413,40238,201.19,0.0,709.0,0.0041,0.0
2026-02-01,F03,Premium,3735,16615,49846,249.23,0.0,662.0,0.0035,0.0
2026-02-02,F03,Premium,3721,15349,46048,184.19,0.0,660.0,0.0047,0.0
2026-02-03,F03,Premium,3451,15191,45573,182.29,0.0,639.0,0.0048,0.0
2026-02-04,F03,Premium,3210,15349,46048,184.19,0.0,659.0,0.0028,0.0
2026-02-05,F03,Premium,3614,15508,46523,186.09,0.0,705.0,0.0037,0.0
2026-02-06,F03,Premium,3410,16140,48421,193.69,0.0,764.0,0.0038,0.0
2026-02-07,F03,Premium,3987,16773,50320,201.28,0.0,814.0,0.0044,0.0
2026-02-08,F03,Premium,3480,16615,49846,199.38,0.0,793.0,0.0042,0.0
2026-02-09,F03,Premium,3563,15349,46048,184.19,0.0,798.0,0.0035,0.0
2026-02-10,F03,Premium,3373,15191,45573,182.29,0.0,717.0,0.0036,0.0
2026-02-11,F03,Premium,3310,15349,46048,184.19,0.0,766.0,0.0076,0.0
2026-02-12,F03,Premium,3351,15508,46523,186.09,0.0,678.0,0.0033,0.0
2026-02-13,F03,Premium,3991,16140,48421,193.69,0.0,790.0,0.0055,0.0
2026-02-14,F03,Premium,3622,16773,50320,201.28,0.0,744.0,0.004,0.0
2026-02-15,F03,Premium,4026,16615,49846,199.38,0.0,767.0,0.0031,0.0
2026-02-16,F03,Premium,3498,15349,46048,184.19,0.0,674.0,0.004,0.0
2026-02-17,F03,Premium,3394,15191,45573,182.29,0.0,653.0,0.0051,0.0
2026-02-18,F03,Premium,3330,15349,46048,184.19,0.0,642.0,0.0035,0.0
2026-02-19,F03,Premium,3731,15508,46523,186.09,0.0,688.0,0.003,0.0
2026-02-20,F03,Premium,3615,16140,48421,193.69,0.0,669.0,0.0035,0.0
2026-02-21,F03,Premium,3861,16773,50320,201.28,0.0,617.0,0.0049,0.0
2026-02-22,F03,Premium,3775,16615,49846,199.38,0.0,653.0,0.0023,0.0
2026-02-23,F03,Premium,3642,15349,46048,184.19,0.0,690.0,0.0036,0.0
2026-02-24,F03,Premium,3426,15191,45573,182.29,0.0,633.0,0.0036,0.0
2026-02-25,F03,Premium,3145,15349,46048,184.19,0.0,647.0,0.0039,0.0
2026-02-26,F03,Premium,3770,15508,46523,186.09,0.0,641.0,0.0064,0.0
2026-02-27,F03,Premium,3567,16140,48421,193.69,0.0,625.0,0.0042,0.0
2026-02-28,F03,Premium,4006,16773,50320,201.28,0.0,653.0,0.0049,0.0
2026-03-01,F03,Premium,4349,16534,49603,198.41,0.0,640.0,0.0041,0.0
2026-03-02,F03,Premium,3677,14161,42482,169.93,0.0,646.0,0.0041,0.0
2026-03-03,F03,Premium,3993,14015,42044,168.18,0.0,677.0,0.0054,0.0
2026-03-04,F03,Premium,4332,14161,42482,169.93,0.0,661.0,0.0028,0.0
2026-03-05,F03,Premium,3736,14307,42920,171.68,0.0,725.0,0.0046,0.0
2026-03-06,F03,Premium,3988,14891,44672,178.69,0.0,675.0,0.0041,0.0
2026-03-07,F03,Premium,3957,15475,46424,185.7,0.0,666.0,0.0036,0.0
2026-03-08,F03,Premium,3476,15329,45986,183.94,0.0,604.0,0.0051,0.0
2026-03-09,F03,Premium,3652,14161,42482,169.93,0.0,679.0,0.0029,0.0
2026-03-10,F03,Premium,3679,14015,42044,168.18,0.0,677.0,0.0057,0.0
2026-03-11,F03,Premium,3606,14161,42482,169.93,0.0,711.0,0.0035,0.0
2026-03-12,F03,Premium,3761,14307,42920,171.68,0.0,614.0,0.0041,0.0
2026-03-13,F03,Premium,4065,14891,44672,178.69,0.0,604.0,0.0043,0.0
2026-03-14,F03,Premium,3933,15475,46424,185.7,0.0,632.0,0.0028,0.0
2026-03-15,F03,Premium,3998,15329,45986,183.94,0.0,648.0,0.0036,0.0
2026-03-16,F03,Premium,3807,14161,42482,169.93,0.0,665.0,0.0042,0.0
2026-03-17,F03,Premium,3671,14015,42044,168.18,0.0,638.0,0.0033,0.0
2026-03-18,F03,Premium,3828,14161,42482,169.93,0.0,696.0,0.0042,0.0
2026-03-19,F03,Premium,4043,14307,42920,171.68,0.0,635.0,0.0039,0.0
2026-03-20,F03,Premium,3730,14891,44672,178.69,0.0,603.0,0.0046,0.0
2026-03-21,F03,Premium,4061,15475,46424,185.7,0.0,586.0,0.003,0.0
2026-03-22,F03,Premium,4278,15329,45986,183.94,0.0,605.0,0.0047,0.0
2026-03-23,F03,Premium,3723,14161,42482,169.93,0.0,598.0,0.0031,0.0
2026-03-24,F03,Premium,3729,14015,42044,168.18,0.0,622.0,0.0038,0.0
2026-03-25,F03,Premium,3515,14161,42482,169.93,0.0,650.0,0.0036,0.0
2026-03-26,F03,Premium,3854,14307,42920,171.68,0.0,622.0,0.0032,0.0
2026-03-27,F03,Premium,3949,14891,44672,178.69,0.0,619.0,0.0045,0.0
2026-03-28,F03,Premium,4022,15475,46424,185.7,0.0,702.0,0.0041,0.0
2026-03-29,F03,Premium,3952,15329,45986,183.94,0.0,629.0,0.0035,0.0
2026-03-30,F03,Premium,3634,14161,42482,169.93,0.0,611.0,0.0055,0.0
2026-03-31,F03,Premium,3725,14015,42044,168.18,0.0,648.0,0.0038,0.0
2026-04-01,F03,Premium,3874,15275,45825,183.3,0.0,652.0,0.0042,0.0
2026-04-02,F03,Premium,4066,15433,46298,185.19,0.0,590.0,0.0041,0.0
2026-04-03,F03,Premium,4468,16062,48187,192.75,0.0,581.0,0.0052,0.0
2026-04-04,F03,Premium,3934,16692,50077,200.31,0.0,634.0,0.0031,0.0
2026-04-05,F03,Premium,3904,16535,49605,198.42,0.0,663.0,0.0064,0.0
2026-04-06,F03,Premium,4310,15275,45825,183.3,0.0,644.0,0.0037,0.0
2026-04-07,F03,Premium,4101,15118,45353,181.41,0.0,638.0,0.0054,0.0
2026-04-08,F03,Premium,4173,15275,45825,183.3,0.0,633.0,0.0032,0.0
2026-04-09,F03,Premium,4440,15433,46298,185.19,0.0,603.0,0.0031,0.0
2026-04-10,F03,Premium,4180,16062,48187,192.75,0.0,652.0,0.0028,0.0
2026-04-11,F03,Premium,4331,16692,50077,200.31,0.0,611.0,0.0041,0.0
2026-04-12,F03,Premium,4570,16535,49605,198.42,0.0,641.0,0.0047,0.0
2026-04-13,F03,Premium,4264,15275,45825,183.3,0.0,608.0,0.0033,0.0
2026-04-14,F03,Premium,3723,15118,45353,181.41,0.0,612.0,0.0034,0.0
2026-04-15,F03,Premium,3850,15275,45825,183.3,0.0,650.0,0.0058,0.0
2026-04-16,F03,Premium,3538,15433,46298,185.19,0.0,644.0,0.0043,0.0
2026-04-17,F03,Premium,3888,16062,48187,192.75,0.0,757.0,0.0048,0.0
2026-04-18,F03,Premium,4764,16692,50077,200.31,0.0,712.0,0.0072,0.0
2026-04-19,F03,Premium,4510,16535,49605,198.42,0.0,697.0,0.0025,0.0
2026-04-20,F03,Premium,3720,15275,45825,183.3,0.0,733.0,0.0036,0.0
2026-04-21,F03,Premium,4178,15118,45353,181.41,0.0,712.0,0.0044,0.0
2026-04-22,F03,Premium,3611,15275,45825,183.3,0.0,804.0,0.0058,0.0
2026-04-23,F03,Premium,3720,15433,46298,185.19,0.0,723.0,0.0029,0.0
2026-04-24,F03,Premium,4017,16062,48187,192.75,0.0,761.0,0.0046,0.0
2026-04-25,F03,Premium,4443,16692,50077,200.31,0.0,728.0,0.0036,0.0
2026-04-26,F03,Premium,4370,16535,49605,198.42,0.0,760.0,0.0059,0.0
2026-04-27,F03,Premium,3850,15275,45825,183.3,0.0,670.0,0.0044,0.0
2026-04-28,F03,Premium,3879,15118,45353,181.41,0.0,675.0,0.0043,0.0
2026-04-29,F03,Premium,3962,15275,45825,183.3,0.0,647.0,0.0059,0.0
2026-04-30,F03,Premium,3997,15433,46298,185.19,0.0,612.0,0.0029,0.0
2026-05-01,F03,Premium,4449,16502,49505,198.02,0.0,665.0,0.0071,0.0
2026-05-02,F03,Premium,4116,17149,51446,205.79,0.0,671.0,0.0025,0.0
2026-05-03,F03,Premium,4621,16987,50961,203.84,0.0,605.0,0.0055,0.0
2026-05-04,F03,Premium,4047,15693,47078,188.31,0.0,613.0,0.0048,0.0
2026-05-05,F03,Premium,3709,15531,46593,186.37,0.0,625.0,0.0042,0.0
2026-05-06,F03,Premium,4397,15693,47078,188.31,0.0,667.0,0.0046,0.0
2026-05-07,F03,Premium,4719,15855,47564,190.25,0.0,598.0,0.0045,0.0
2026-05-08,F03,Premium,4280,16502,49505,198.02,0.0,658.0,0.0045,0.0
2026-05-09,F03,Premium,4307,17149,51446,205.79,0.0,641.0,0.0044,0.0
2026-05-10,F03,Premium,4911,16987,50961,203.84,0.0,633.0,0.003,0.0
2026-05-11,F03,Premium,3941,15693,47078,188.31,0.0,667.0,0.0029,0.0
2026-05-12,F03,Premium,3944,15531,46593,186.37,0.0,675.0,0.0036,0.0
2026-05-13,F03,Premium,4150,15693,47078,188.31,0.0,691.0,0.0039,0.0
2026-05-14,F03,Premium,4054,15855,47564,190.25,0.0,578.0,0.0039,0.0
2026-05-15,F03,Premium,4384,16502,49505,198.02,0.0,617.0,0.0022,0.0
2026-05-16,F03,Premium,4561,17149,51446,205.79,0.0,645.0,0.0042,0.0
2026-05-17,F03,Premium,4739,16987,50961,203.84,0.0,605.0,0.0045,0.0
2026-05-18,F03,Premium,4702,15693,47078,188.31,0.0,651.0,0.0036,0.0
2026-05-19,F03,Premium,3948,15531,46593,186.37,0.0,634.0,0.0029,0.0
2026-05-20,F03,Premium,4126,15693,47078,188.31,0.0,607.0,0.0041,0.0
2026-05-21,F03,Premium,4290,15855,47564,190.25,0.0,647.0,0.0045,0.0
2026-05-22,F03,Premium,4079,16502,49505,198.02,0.0,653.0,0.0036,0.0
2026-05-23,F03,Premium,4334,17149,51446,205.79,0.0,609.0,0.0045,0.0
2026-05-24,F03,Premium,4881,16987,50961,203.84,0.0,643.0,0.0034,0.0
2026-05-25,F03,Premium,4353,15693,47078,188.31,0.0,637.0,0.0049,0.0
2026-05-26,F03,Premium,3849,15531,46593,186.37,0.0,623.0,0.0037,0.0
2026-05-27,F03,Premium,4311,15693,47078,188.31,0.0,659.0,0.0069,0.0
2026-05-28,F03,Premium,4376,15855,47564,190.25,0.0,657.0,0.0042,0.0
2026-05-29,F03,Premium,4034,16502,49505,198.02,0.0,594.0,0.0048,0.0
2026-05-30,F03,Premium,4238,17149,51446,205.79,0.0,647.0,0.003,0.0
2026-05-31,F03,Premium,4543,16987,50961,203.84,0.0,702.0,0.0058,0.0
2026-06-01,F03,Premium,4333,17019,51056,204.22,0.0,684.0,0.0042,0.0
2026-06-02,F03,Premium,4148,16843,50530,202.12,0.0,650.0,0.007,0.0
2026-06-03,F03,Premium,4355,17019,51056,204.22,0.0,661.0,0.0054,0.0
2026-06-04,F03,Premium,4299,17194,51583,206.33,0.0,638.0,0.0075,0.0
2026-06-05,F03,Premium,4640,17896,53688,214.75,0.0,631.0,0.0046,0.0
2026-06-06,F03,Premium,4622,18598,55793,223.17,0.0,615.0,0.003,0.0
2026-06-07,F03,Premium,4762,18422,55267,221.07,0.0,587.0,0.0035,0.0
2026-06-08,F03,Premium,4583,17019,51056,204.22,0.0,621.0,0.0048,0.0
2026-06-09,F03,Premium,4393,16843,50530,202.12,0.0,603.0,0.0027,0.0
2026-06-10,F03,Premium,4620,17019,51056,204.22,0.0,670.0,0.0041,0.0
2026-06-11,F03,Premium,4394,17194,51583,206.33,0.0,584.0,0.0034,0.0
2026-06-12,F03,Premium,4999,17896,53688,214.75,0.0,669.0,0.0025,0.0
2026-06-13,F03,Premium,4649,18598,55793,223.17,0.0,649.0,0.0038,0.0
2026-06-14,F03,Premium,4319,18422,55267,221.07,0.0,624.0,0.0032,0.0
2026-06-15,F03,Premium,4316,17019,51056,204.22,0.0,626.0,0.0059,0.0
2026-06-16,F03,Premium,4199,16843,50530,202.12,0.0,628.0,0.0036,0.0
2026-06-17,F03,Premium,4224,17019,51056,204.22,0.0,595.0,0.005,0.0
2026-06-18,F03,Premium,4007,17194,51583,206.33,0.0,656.0,0.0033,0.0
2026-06-19,F03,Premium,4831,17896,53688,214.75,0.0,582.0,0.0035,0.0
2026-06-20,F03,Premium,4599,18598,55793,223.17,0.0,657.0,0.0034,0.0
2026-06-21,F03,Premium,4810,18422,55267,221.07,0.0,634.0,0.0038,0.0
2026-06-22,F03,Premium,4458,17019,51056,204.22,0.0,642.0,0.0055,0.0
2026-06-23,F03,Premium,4482,16843,50530,202.12,0.0,650.0,0.0033,0.0
2026-06-24,F03,Premium,4551,17019,51056,204.22,0.0,639.0,0.0046,0.0
2026-06-25,F03,Premium,4628,17194,51583,206.33,0.0,630.0,0.0028,0.0
2026-06-26,F03,Premium,4775,17896,53688,214.75,0.0,607.0,0.0047,0.0
2026-06-27,F03,Premium,4715,18598,55793,223.17,0.0,661.0,0.0039,0.0
2026-06-28,F03,Premium,4424,18422,55267,221.07,0.0,617.0,0.0061,0.0
2026-06-29,F03,Premium,4222,17019,51056,204.22,0.0,593.0,0.003,0.0
2026-06-30,F03,Premium,4468,16843,50530,202.12,0.0,638.0,0.0032,0.0
2026-07-01,F03,Premium,4651,17675,53024,212.1,0.0,712.0,0.0046,0.0
2026-07-02,F03,Premium,4713,17857,53570,214.28,0.0,705.0,0.0029,0.0
2026-07-03,F03,Premium,4761,18586,55757,223.03,0.0,739.0,0.0048,0.0
2026-07-04,F03,Premium,4892,19315,57944,231.77,0.0,683.0,0.004,0.0
2026-07-05,F03,Premium,4561,19132,57397,229.59,0.0,742.0,0.0029,0.0
2026-07-06,F03,Premium,4862,17675,53024,212.1,0.0,721.0,0.0037,0.0
2026-07-07,F03,Premium,4861,17492,52477,209.91,0.0,739.0,0.0031,0.0
2026-07-08,F03,Premium,4673,17675,53024,212.1,0.0,750.0,0.0048,0.0
2026-07-09,F03,Premium,4255,17857,53570,214.28,0.0,701.0,0.0048,0.0
2026-07-10,F03,Premium,4997,18586,55757,223.03,0.0,774.0,0.0037,0.0
2026-07-11,F03,Premium,5363,19315,57944,231.77,0.0,580.0,0.0036,0.0
2026-07-12,F03,Premium,5061,19132,57397,229.59,0.0,668.0,0.0039,0.0
2026-07-13,F03,Premium,4934,17675,53024,212.1,0.0,590.0,0.004,0.0
2026-07-14,F03,Premium,4716,17492,52477,209.91,0.0,595.0,0.0055,0.0
2026-07-15,F03,Premium,4400,17675,53024,212.1,0.0,660.0,0.0045,0.0
2026-07-16,F03,Premium,4327,17857,53570,214.28,0.0,616.0,0.0047,0.0
2026-07-17,F03,Premium,4777,18586,55757,223.03,0.0,674.0,0.0061,0.0
2026-07-18,F03,Premium,4803,19315,57944,231.77,0.0,639.0,0.0044,0.0
2026-07-19,F03,Premium,4665,19132,57397,229.59,0.0,645.0,0.0051,0.0
2026-07-20,F03,Premium,4634,17675,53024,212.1,0.0,644.0,0.0048,0.0
2026-07-21,F03,Premium,4578,17492,52477,209.91,0.0,592.0,0.0043,0.0
2026-07-22,F03,Premium,4862,17675,53024,212.1,0.0,632.0,0.0064,0.0
2026-07-23,F03,Premium,4568,17857,53570,214.28,0.0,680.0,0.0032,0.0
2026-07-24,F03,Premium,4815,18586,55757,223.03,0.0,677.0,0.0044,0.0
2026-07-25,F03,Premium,4670,19315,57944,231.77,0.0,632.0,0.007,0.0
2026-07-26,F03,Premium,5339,19132,57397,229.59,0.0,645.0,0.0054,0.0
2026-07-27,F03,Premium,4438,17675,53024,212.1,0.0,620.0,0.0048,0.0
2026-07-28,F03,Premium,5081,17492,52477,209.91,0.0,633.0,0.0033,0.0
2026-07-29,F03,Premium,4758,17675,53024,212.1,0.0,637.0,0.0039,0.0
2026-07-30,F03,Premium,4740,17857,53570,214.28,0.0,644.0,0.0025,0.0
2026-07-31,F03,Premium,4591,18586,55757,223.03,0.0,594.0,0.004,0.0
2026-08-01,F03,Premium,5759,20477,61430,245.72,0.0,606.0,0.004,0.0
2026-08-02,F03,Premium,5033,20284,60851,243.4,0.0,619.0,0.003,0.0
2026-08-03,F03,Premium,4837,18738,56214,224.86,0.0,666.0,0.0036,0.0
2026-08-04,F03,Premium,4574,18545,55635,222.54,0.0,612.0,0.0028,0.0
2026-08-05,F03,Premium,5249,18738,56214,224.86,0.0,700.0,0.0037,0.0
2026-08-06,F03,Premium,5295,18931,56794,227.18,0.0,614.0,0.0045,0.0
2026-08-07,F03,Premium,5231,19704,59112,236.45,0.0,667.0,0.0044,0.0
2026-08-08,F03,Premium,5127,20477,61430,245.72,0.0,608.0,0.0034,0.0
2026-08-09,F03,Premium,5424,20284,60851,243.4,0.0,619.0,0.0026,0.0
2026-08-10,F03,Premium,4833,18738,56214,224.86,0.0,680.0,0.0058,0.0
2026-08-11,F03,Premium,4727,18545,55635,222.54,0.0,703.0,0.0034,0.0
2026-08-12,F03,Premium,5663,18738,56214,224.86,0.0,599.0,0.0057,0.0
2026-08-13,F03,Premium,4470,18931,56794,227.18,0.0,626.0,0.0043,0.0
2026-08-14,F03,Premium,5239,19704,59112,236.45,0.0,613.0,0.0025,0.0
2026-08-15,F03,Premium,5646,20477,61430,245.72,0.0,621.0,0.0044,0.0
2026-08-16,F03,Premium,5300,20284,60851,243.4,0.0,597.0,0.0057,0.0
2026-08-17,F03,Premium,4486,18738,56214,224.86,0.0,633.0,0.0042,0.0
2026-08-18,F03,Premium,4628,18545,55635,222.54,0.0,638.0,0.0034,0.0
2026-08-19,F03,Premium,5463,18738,56214,224.86,0.0,628.0,0.004,0.0
2026-08-20,F03,Premium,5164,18931,56794,227.18,0.0,656.0,0.0034,0.0
2026-08-21,F03,Premium,5570,19704,59112,236.45,0.0,739.0,0.0044,0.0
2026-08-22,F03,Premium,5254,20477,61430,245.72,0.0,754.0,0.0029,0.0
2026-08-23,F03,Premium,5481,20284,60851,243.4,0.0,787.0,0.0042,0.0
2026-08-24,F03,Premium,5088,18738,56214,224.86,0.0,724.0,0.0041,0.0
2026-08-25,F03,Premium,5267,18545,55635,222.54,0.0,752.0,0.0035,0.0
2026-08-26,F03,Premium,4893,18738,56214,224.86,0.0,741.0,0.004,0.0
2026-08-27,F03,Premium,4915,18931,56794,227.18,0.0,788.0,0.0033,0.0
2026-08-28,F03,Premium,4915,19704,59112,236.45,0.0,748.0,0.0042,0.0
2026-08-29,F03,Premium,5382,20477,61430,245.72,0.0,732.0,0.0033,0.0
2026-08-30,F03,Premium,5744,20284,60851,243.4,0.0,758.0,0.0036,0.0
2026-08-31,F03,Premium,4982,18738,56214,224.86,0.0,660.0,0.0039,0.0
2024-01-01,F04,Premium,1374,12369,24738,80.4,0.0,10940.0,0.0029,0.0
2024-01-02,F04,Premium,1180,12242,24483,79.57,0.0,10608.0,0.0043,0.0
2024-01-03,F04,Premium,1170,12369,24738,80.4,0.0,9574.0,0.0046,0.0
2024-01-04,F04,Premium,1296,12497,24993,81.23,0.0,10559.0,0.004,0.0
2024-01-05,F04,Premium,1299,13007,26014,84.54,0.0,9900.0,0.0032,0.0
2024-01-06,F04,Premium,1304,13517,27034,87.86,0.0,10195.0,0.0053,0.0
2024-01-07,F04,Premium,1463,13389,26779,87.03,0.0,8782.0,0.0043,0.0
2024-01-08,F04,Premium,1303,12369,24738,80.4,0.0,9393.0,0.0041,0.0
2024-01-09,F04,Premium,1446,12242,24483,79.57,0.0,8878.0,0.0045,0.0
2024-01-10,F04,Premium,1225,12369,24738,80.4,0.0,8442.0,0.0039,0.0
2024-01-11,F04,Premium,1311,12497,24993,81.23,0.0,9715.0,0.0032,0.0
2024-01-12,F04,Premium,1381,13007,26014,84.54,0.0,8907.0,0.0028,0.0
2024-01-13,F04,Premium,1332,13517,27034,87.86,0.0,9806.0,0.0027,0.0
2024-01-14,F04,Premium,1459,13389,26779,87.03,0.0,8827.0,0.0033,0.0
2024-01-15,F04,Premium,1202,12369,24738,80.4,0.0,9321.0,0.0043,0.0
2024-01-16,F04,Premium,1246,12242,24483,79.57,0.0,9381.0,0.0057,0.0
2024-01-17,F04,Premium,1270,12369,24738,80.4,0.0,8430.0,0.0027,0.0
2024-01-18,F04,Premium,1388,12497,24993,81.23,0.0,9544.0,0.0053,0.0
2024-01-19,F04,Premium,1280,13007,26014,84.54,0.0,8766.0,0.0046,0.0
2024-01-20,F04,Premium,1463,13517,27034,87.86,0.0,8509.0,0.0083,0.0
2024-01-21,F04,Premium,1363,13389,26779,87.03,0.0,8915.0,0.0042,0.0
2024-01-22,F04,Premium,1314,12369,24738,80.4,0.0,8673.0,0.003,0.0
2024-01-23,F04,Premium,1178,12242,24483,79.57,0.0,8648.0,0.0037,0.0
2024-01-24,F04,Premium,1241,12369,24738,80.4,0.0,9341.0,0.0033,0.0
2024-01-25,F04,Premium,1257,12497,24993,81.23,0.0,9579.0,0.0028,0.0
2024-01-26,F04,Premium,1320,13007,26014,84.54,0.0,8837.0,0.0041,0.0
2024-01-27,F04,Premium,1395,13517,27034,87.86,0.0,9726.0,0.0046,0.0
2024-01-28,F04,Premium,1310,13389,26779,87.03,0.0,9172.0,0.0059,0.0
2024-01-29,F04,Premium,1092,12369,24738,80.4,0.0,8593.0,0.0044,0.0
2024-01-30,F04,Premium,1308,12242,24483,79.57,0.0,9379.0,0.0038,0.0
2024-01-31,F04,Premium,1224,12369,24738,80.4,0.0,8718.0,0.0035,0.0
2024-02-01,F04,Premium,1680,16864,33729,109.62,0.0,8965.0,0.0052,0.0
2024-02-02,F04,Premium,1652,17553,35106,114.09,0.0,9708.0,0.004,0.0
2024-02-03,F04,Premium,1822,18241,36482,118.57,0.0,9534.0,0.0065,0.0
2024-02-04,F04,Premium,1823,18069,36138,117.45,0.0,8709.0,0.0024,0.0
2024-02-05,F04,Premium,1790,16692,33385,108.5,0.0,9495.0,0.0058,0.0
2024-02-06,F04,Premium,1558,16520,33040,107.38,0.0,8415.0,0.0037,0.0
2024-02-07,F04,Premium,1499,16692,33385,108.5,0.0,9653.0,0.0044,0.0
2024-02-08,F04,Premium,1653,16864,33729,109.62,0.0,10867.0,0.0035,0.0
2024-02-09,F04,Premium,1733,17553,35106,114.09,0.0,10486.0,0.0034,0.0
2024-02-10,F04,Premium,1895,18241,36482,118.57,0.0,10462.0,0.0049,0.0
2024-02-11,F04,Premium,1831,18069,36138,117.45,0.0,11035.0,0.0044,0.0
2024-02-12,F04,Premium,1777,16692,33385,108.5,0.0,10708.0,0.0026,0.0
2024-02-13,F04,Premium,1605,16520,33040,107.38,0.0,10162.0,0.0038,0.0
2024-02-14,F04,Premium,1576,16692,33385,108.5,0.0,9538.0,0.0032,0.0
2024-02-15,F04,Premium,1686,16864,33729,109.62,0.0,9050.0,0.0047,0.0
2024-02-16,F04,Premium,1688,17553,35106,114.09,0.0,9608.0,0.0029,0.0
2024-02-17,F04,Premium,1802,18241,36482,118.57,0.0,8829.0,0.0037,0.0
2024-02-18,F04,Premium,1729,18069,36138,117.45,0.0,8709.0,0.0044,0.0
2024-02-19,F04,Premium,1756,16692,33385,108.5,0.0,8524.0,0.0047,0.0
2024-02-20,F04,Premium,1633,16520,33040,107.38,0.0,9574.0,0.0055,0.0
2024-02-21,F04,Premium,1709,16692,33385,108.5,0.0,9244.0,0.0066,0.0
2024-02-22,F04,Premium,1666,16864,33729,109.62,0.0,8983.0,0.0037,0.0
2024-02-23,F04,Premium,1907,17553,35106,114.09,0.0,9558.0,0.0029,0.0
2024-02-24,F04,Premium,1885,18241,36482,118.57,0.0,9297.0,0.0032,0.0
2024-02-25,F04,Premium,1835,18069,36138,117.45,0.0,9019.0,0.0046,0.0
2024-02-26,F04,Premium,1648,16692,33385,108.5,0.0,8853.0,0.003,0.0
2024-02-27,F04,Premium,1690,16520,33040,107.38,0.0,8993.0,0.0046,0.0
2024-02-28,F04,Premium,1595,16692,33385,108.5,0.0,8750.0,0.0034,0.0
2024-02-29,F04,Premium,1748,16864,33729,109.62,0.0,8900.0,0.0044,0.0
2024-03-01,F04,Premium,2195,20070,40139,130.45,0.0,8194.0,0.004,0.0
2024-03-02,F04,Premium,2123,20857,41713,135.57,0.0,9230.0,0.0053,0.0
2024-03-03,F04,Premium,2301,20660,41320,134.29,0.0,9490.0,0.0038,0.0
2024-03-04,F04,Premium,1967,17092,34184,111.1,0.0,9475.0,0.0031,0.0
2024-03-05,F04,Premium,1795,16916,33831,109.95,0.0,9423.0,0.0049,0.0
2024-03-06,F04,Premium,2107,17092,34184,111.1,0.0,9056.0,0.0034,0.0
2024-03-07,F04,Premium,1953,17268,34536,112.24,0.0,9732.0,0.0047,0.0
2024-03-08,F04,Premium,2194,17973,35946,116.82,0.0,10566.0,0.0035,0.0
2024-03-09,F04,Premium,2457,18678,37355,121.4,0.0,8957.0,0.0034,0.0
2024-03-10,F04,Premium,2160,18501,37003,120.26,0.0,8764.0,0.0032,0.0
2024-03-11,F04,Premium,1992,17092,34184,111.1,0.0,8920.0,0.0039,0.0
2024-03-12,F04,Premium,2031,16916,33831,109.95,0.0,8945.0,0.003,0.0
2024-03-13,F04,Premium,1963,17092,34184,111.1,0.0,9280.0,0.0033,0.0
2024-03-14,F04,Premium,2033,17268,34536,112.24,0.0,8841.0,0.0049,0.0
2024-03-15,F04,Premium,2215,17973,35946,116.82,0.0,8970.0,0.0038,0.0
2024-03-16,F04,Premium,2068,18678,37355,121.4,0.0,8603.0,0.003,0.0
2024-03-17,F04,Premium,2259,18501,37003,120.26,0.0,9264.0,0.0031,0.0
2024-03-18,F04,Premium,2068,17092,34184,111.1,0.0,8826.0,0.0042,0.0
2024-03-19,F04,Premium,2004,16916,33831,109.95,0.0,9590.0,0.0038,0.0
2024-03-20,F04,Premium,2108,17092,34184,111.1,0.0,9190.0,0.0072,0.0
2024-03-21,F04,Premium,2287,17268,34536,112.24,0.0,9730.0,0.0044,0.0
2024-03-22,F04,Premium,2217,17973,35946,116.82,0.0,8905.0,0.0046,0.0
2024-03-23,F04,Premium,2174,18678,37355,121.4,0.0,9109.0,0.0054,0.0
2024-03-24,F04,Premium,2106,18501,37003,120.26,0.0,8630.0,0.005,0.0
2024-03-25,F04,Premium,1858,17092,34184,111.1,0.0,8357.0,0.0038,0.0
2024-03-26,F04,Premium,2121,16916,33831,109.95,0.0,8370.0,0.004,0.0
2024-03-27,F04,Premium,2054,17092,34184,111.1,0.0,8999.0,0.0033,0.0
2024-03-28,F04,Premium,2042,17268,34536,112.24,0.0,9264.0,0.0037,0.0
2024-03-29,F04,Premium,2094,17973,35946,116.82,0.0,9580.0,0.0032,0.0
2024-03-30,F04,Premium,2329,18678,37355,121.4,0.0,9381.0,0.0028,0.0
2024-03-31,F04,Premium,2336,18501,37003,120.26,0.0,8277.0,0.0038,0.0
2024-04-01,F04,Premium,2264,20692,41384,134.5,0.0,9185.0,0.0027,0.0
2024-04-02,F04,Premium,2413,20479,40957,133.11,0.0,8836.0,0.0032,0.0
2024-04-03,F04,Premium,2218,20692,41384,134.5,0.0,8994.0,0.0036,0.0
2024-04-04,F04,Premium,2466,20905,41811,135.88,0.0,9219.0,0.0039,0.0
2024-04-05,F04,Premium,2540,21759,43517,141.43,0.0,8879.0,0.0048,0.0
2024-04-06,F04,Premium,2580,22612,45224,146.98,0.0,8384.0,0.0035,0.0
2024-04-07,F04,Premium,2713,22399,44797,145.59,0.0,9299.0,0.0033,0.0
2024-04-08,F04,Premium,2224,20692,41384,134.5,0.0,9511.0,0.0026,0.0
2024-04-09,F04,Premium,2500,20479,40957,133.11,0.0,8009.0,0.0081,0.0
2024-04-10,F04,Premium,2248,20692,41384,134.5,0.0,8877.0,0.0036,0.0
2024-04-11,F04,Premium,2414,20905,41811,135.88,0.0,8581.0,0.0037,0.0
2024-04-12,F04,Premium,2491,21759,43517,141.43,0.0,8382.0,0.0042,0.0
2024-04-13,F04,Premium,2650,22612,45224,146.98,0.0,9884.0,0.0038,0.0
2024-04-14,F04,Premium,2447,22399,44797,145.59,0.0,8528.0,0.0039,0.0
2024-04-15,F04,Premium,2383,20692,41384,134.5,0.0,8961.0,0.0036,0.0
2024-04-16,F04,Premium,2570,20479,40957,133.11,0.0,8934.0,0.003,0.0
2024-04-17,F04,Premium,2309,20692,41384,134.5,0.0,9003.0,0.004,0.0
2024-04-18,F04,Premium,2452,20905,41811,135.88,0.0,8792.0,0.004,0.0
2024-04-19,F04,Premium,2608,21759,43517,141.43,0.0,9148.0,0.0048,0.0
2024-04-20,F04,Premium,2656,22612,45224,146.98,0.0,8760.0,0.0028,0.0
2024-04-21,F04,Premium,2610,22399,44797,145.59,0.0,8826.0,0.0053,0.0
2024-04-22,F04,Premium,2236,20692,41384,134.5,0.0,8863.0,0.0043,0.0
2024-04-23,F04,Premium,2331,20479,40957,133.11,0.0,9223.0,0.0049,0.0
2024-04-24,F04,Premium,2339,20692,41384,134.5,0.0,9610.0,0.0031,0.0
2024-04-25,F04,Premium,2405,20905,41811,135.88,0.0,9261.0,0.0054,0.0
2024-04-26,F04,Premium,2414,21759,43517,141.43,0.0,8361.0,0.0036,0.0
2024-04-27,F04,Premium,2513,22612,45224,146.98,0.0,8808.0,0.0037,0.0
2024-04-28,F04,Premium,2589,22399,44797,145.59,0.0,8877.0,0.0038,0.0
2024-04-29,F04,Premium,2435,20692,41384,134.5,0.0,8659.0,0.0063,0.0
2024-04-30,F04,Premium,2323,20479,40957,133.11,0.0,8672.0,0.0041,0.0
2024-05-01,F04,Premium,2728,23644,47287,153.68,0.0,8247.0,0.0055,0.0
2024-05-02,F04,Premium,2816,23887,47775,155.27,0.0,8919.0,0.0039,0.0
2024-05-03,F04,Premium,2784,24862,49725,161.61,0.0,8877.0,0.0025,0.0
2024-05-04,F04,Premium,3034,25837,51675,167.94,0.0,9347.0,0.0029,0.0
2024-05-05,F04,Premium,2891,25594,51187,166.36,0.0,9421.0,0.0049,0.0
2024-05-06,F04,Premium,2580,23644,47287,153.68,0.0,8279.0,0.0045,0.0
2024-05-07,F04,Premium,2627,23400,46800,152.1,0.0,9014.0,0.004,0.0
2024-05-08,F04,Premium,2920,23644,47287,153.68,0.0,8163.0,0.0032,0.0
2024-05-09,F04,Premium,2528,23887,47775,155.27,0.0,9565.0,0.0042,0.0
2024-05-10,F04,Premium,3006,24862,49725,161.61,0.0,9455.0,0.0033,0.0
2024-05-11,F04,Premium,2816,25837,51675,167.94,0.0,8138.0,0.0033,0.0
2024-05-12,F04,Premium,2758,25594,51187,166.36,0.0,9367.0,0.0041,0.0
2024-05-13,F04,Premium,2857,23644,47287,153.68,0.0,8708.0,0.005,0.0
2024-05-14,F04,Premium,2735,23400,46800,152.1,0.0,9782.0,0.0049,0.0
2024-05-15,F04,Premium,2786,23644,47287,153.68,0.0,9043.0,0.0022,0.0
2024-05-16,F04,Premium,2814,23887,47775,155.27,0.0,7915.0,0.0033,0.0
2024-05-17,F04,Premium,2873,24862,49725,161.61,0.0,8342.0,0.0061,0.0
2024-05-18,F04,Premium,3084,25837,51675,167.94,0.0,8741.0,0.0041,0.0
2024-05-19,F04,Premium,3002,25594,51187,166.36,0.0,9382.0,0.0034,0.0
2024-05-20,F04,Premium,2659,23644,47287,153.68,0.0,9287.0,0.0038,0.0
2024-05-21,F04,Premium,2566,23400,46800,152.1,0.0,9225.0,0.0037,0.0
2024-05-22,F04,Premium,2619,23644,47287,153.68,0.0,8245.0,0.0035,0.0
2024-05-23,F04,Premium,2961,23887,47775,155.27,0.0,8740.0,0.003,0.0
2024-05-24,F04,Premium,2955,24862,49725,161.61,0.0,9545.0,0.0025,0.0
2024-05-25,F04,Premium,3004,25837,51675,167.94,0.0,9374.0,0.003,0.0
2024-05-26,F04,Premium,2849,25594,51187,166.36,0.0,9472.0,0.005,0.0
2024-05-27,F04,Premium,2512,23644,47287,153.68,0.0,9074.0,0.0053,0.0
2024-05-28,F04,Premium,2766,23400,46800,152.1,0.0,8640.0,0.0028,0.0
2024-05-29,F04,Premium,2351,23644,47287,153.68,0.0,9654.0,0.0036,0.0
2024-05-30,F04,Premium,2899,23887,47775,155.27,0.0,8330.0,0.0042,0.0
2024-05-31,F04,Premium,2611,24862,49725,161.61,0.0,9059.0,0.0048,0.0
2024-06-01,F04,Premium,3213,29187,58375,189.72,0.0,9087.0,0.0036,0.0
2024-06-02,F04,Premium,3186,28912,57824,187.93,0.0,8979.0,0.0038,0.0
2024-06-03,F04,Premium,2978,23860,47720,155.09,0.0,8939.0,0.0041,0.0
2024-06-04,F04,Premium,2709,23614,47228,153.49,0.0,8837.0,0.005,0.0
2024-06-05,F04,Premium,3126,23860,47720,155.09,0.0,8333.0,0.0067,0.0
2024-06-06,F04,Premium,3423,24106,48212,156.69,0.0,8552.0,0.0028,0.0
2024-06-07,F04,Premium,3021,25090,50180,163.09,0.0,9475.0,0.0038,0.0
2024-06-08,F04,Premium,3523,26074,52148,169.48,0.0,9475.0,0.0036,0.0
2024-06-09,F04,Premium,3123,25828,51656,167.88,0.0,9635.0,0.0036,0.0
2024-06-10,F04,Premium,2749,23860,47720,155.09,0.0,8761.0,0.0037,0.0
2024-06-11,F04,Premium,3215,23614,47228,153.49,0.0,9501.0,0.0034,0.0
2024-06-12,F04,Premium,2930,23860,47720,155.09,0.0,8880.0,0.0057,0.0
2024-06-13,F04,Premium,2984,24106,48212,156.69,0.0,8720.0,0.0044,0.0
2024-06-14,F04,Premium,3198,25090,50180,163.09,0.0,9207.0,0.0042,0.0
2024-06-15,F04,Premium,3442,26074,52148,169.48,0.0,8882.0,0.0048,0.0
2024-06-16,F04,Premium,3485,25828,51656,167.88,0.0,9210.0,0.0038,0.0
2024-06-17,F04,Premium,2986,23860,47720,155.09,0.0,9061.0,0.0034,0.0
2024-06-18,F04,Premium,3276,23614,47228,153.49,0.0,9636.0,0.0045,0.0
2024-06-19,F04,Premium,3108,23860,47720,155.09,0.0,8970.0,0.0036,0.0
2024-06-20,F04,Premium,3212,24106,48212,156.69,0.0,8710.0,0.0078,0.0
2024-06-21,F04,Premium,3079,25090,50180,163.09,0.0,8870.0,0.0051,0.0
2024-06-22,F04,Premium,3346,26074,52148,169.48,0.0,8919.0,0.0025,0.0
2024-06-23,F04,Premium,3603,25828,51656,167.88,0.0,9212.0,0.0043,0.0
2024-06-24,F04,Premium,3039,23860,47720,155.09,0.0,8999.0,0.0032,0.0
2024-06-25,F04,Premium,3178,23614,47228,153.49,0.0,9572.0,0.003,0.0
2024-06-26,F04,Premium,2848,23860,47720,155.09,0.0,9036.0,0.0037,0.0
2024-06-27,F04,Premium,3020,24106,48212,156.69,0.0,8923.0,0.0059,0.0
2024-06-28,F04,Premium,2812,25090,50180,163.09,0.0,9088.0,0.0039,0.0
2024-06-29,F04,Premium,3235,26074,52148,169.48,0.0,8615.0,0.0028,0.0
2024-06-30,F04,Premium,3473,25828,51656,167.88,0.0,8382.0,0.0035,0.0
2024-07-01,F04,Premium,3573,26860,53721,174.59,0.0,10869.0,0.0042,0.0
2024-07-02,F04,Premium,3776,26583,53167,172.79,0.0,9780.0,0.0039,0.0
2024-07-03,F04,Premium,3940,26860,53721,174.59,0.0,10309.0,0.0042,0.0
2024-07-04,F04,Premium,3353,27137,54275,176.39,0.0,10299.0,0.0045,0.0
2024-07-05,F04,Premium,3427,28245,56490,183.59,0.0,11255.0,0.0056,0.0
2024-07-06,F04,Premium,3982,29353,58705,190.79,0.0,10045.0,0.0034,0.0
2024-07-07,F04,Premium,3623,29076,58151,188.99,0.0,10655.0,0.0047,0.0
2024-07-08,F04,Premium,3313,26860,53721,174.59,0.0,11123.0,0.0022,0.0
2024-07-09,F04,Premium,3478,26583,53167,172.79,0.0,9333.0,0.0052,0.0
2024-07-10,F04,Premium,3342,26860,53721,174.59,0.0,11162.0,0.0039,0.0
2024-07-11,F04,Premium,3292,27137,54275,176.39,0.0,8102.0,0.0033,0.0
2024-07-12,F04,Premium,3702,28245,56490,183.59,0.0,9273.0,0.0058,0.0
2024-07-13,F04,Premium,3497,29353,58705,190.79,0.0,8985.0,0.0034,0.0
2024-07-14,F04,Premium,3666,29076,58151,188.99,0.0,9073.0,0.006,0.0
2024-07-15,F04,Premium,3318,26860,53721,174.59,0.0,9161.0,0.0032,0.0
2024-07-16,F04,Premium,3150,26583,53167,172.79,0.0,8947.0,0.0026,0.0
2024-07-17,F04,Premium,3044,26860,53721,174.59,0.0,8707.0,0.0047,0.0
2024-07-18,F04,Premium,3306,27137,54275,176.39,0.0,8555.0,0.004,0.0
2024-07-19,F04,Premium,3458,28245,56490,183.59,0.0,8733.0,0.0037,0.0
2024-07-20,F04,Premium,3594,29353,58705,190.79,0.0,8988.0,0.0045,0.0
2024-07-21,F04,Premium,3800,29076,58151,188.99,0.0,8603.0,0.0049,0.0
2024-07-22,F04,Premium,3505,26860,53721,174.59,0.0,9254.0,0.0064,0.0
2024-07-23,F04,Premium,3313,26583,53167,172.79,0.0,8036.0,0.005,0.0
2024-07-24,F04,Premium,3736,26860,53721,174.59,0.0,9698.0,0.0045,0.0
2024-07-25,F04,Premium,3317,27137,54275,176.39,0.0,9041.0,0.0049,0.0
2024-07-26,F04,Premium,3416,28245,56490,183.59,0.0,9090.0,0.0058,0.0
2024-07-27,F04,Premium,3894,29353,58705,190.79,0.0,8869.0,0.0026,0.0
2024-07-28,F04,Premium,3560,29076,58151,188.99,0.0,9211.0,0.0048,0.0
2024-07-29,F04,Premium,3456,26860,53721,174.59,0.0,8765.0,0.0039,0.0
2024-07-30,F04,Premium,3275,26583,53167,172.79,0.0,8882.0,0.004,0.0
2024-07-31,F04,Premium,3471,26860,53721,174.59,0.0,8513.0,0.0033,0.0
2024-08-01,F04,Premium,3809,30192,60385,196.25,0.0,9406.0,0.0036,0.0
2024-08-02,F04,Premium,3846,31425,62850,204.26,0.0,9417.0,0.0041,0.0
2024-08-03,F04,Premium,4198,32657,65314,212.27,0.0,9478.0,0.0038,0.0
2024-08-04,F04,Premium,4433,32349,64698,210.27,0.0,9411.0,0.0036,0.0
2024-08-05,F04,Premium,3872,29884,59769,194.25,0.0,8669.0,0.0046,0.0
2024-08-06,F04,Premium,3806,29576,59153,192.25,0.0,8893.0,0.0074,0.0
2024-08-07,F04,Premium,3853,29884,59769,194.25,0.0,8613.0,0.006,0.0
2024-08-08,F04,Premium,3872,30192,60385,196.25,0.0,8235.0,0.0049,0.0
2024-08-09,F04,Premium,3725,31425,62850,204.26,0.0,9165.0,0.0033,0.0
2024-08-10,F04,Premium,4175,32657,65314,212.27,0.0,8919.0,0.0059,0.0
2024-08-11,F04,Premium,4046,32349,64698,210.27,0.0,9513.0,0.0035,0.0
2024-08-12,F04,Premium,3805,29884,59769,194.25,0.0,8292.0,0.005,0.0
2024-08-13,F04,Premium,3701,29576,59153,192.25,0.0,8964.0,0.0041,0.0
2024-08-14,F04,Premium,3751,29884,59769,194.25,0.0,9720.0,0.0049,0.0
2024-08-15,F04,Premium,4497,30192,60385,196.25,0.0,8952.0,0.0041,0.0
2024-08-16,F04,Premium,4246,31425,62850,204.26,0.0,8852.0,0.0037,0.0
2024-08-17,F04,Premium,3976,32657,65314,212.27,0.0,8551.0,0.0047,0.0
2024-08-18,F04,Premium,3984,32349,64698,210.27,0.0,8756.0,0.0041,0.0
2024-08-19,F04,Premium,3932,29884,59769,194.25,0.0,9389.0,0.0047,0.0
2024-08-20,F04,Premium,3720,29576,59153,192.25,0.0,8970.0,0.0034,0.0
2024-08-21,F04,Premium,3890,29884,59769,194.25,0.0,8954.0,0.0034,0.0
2024-08-22,F04,Premium,3935,30192,60385,196.25,0.0,8273.0,0.0068,0.0
2024-08-23,F04,Premium,4418,31425,62850,204.26,0.0,9356.0,0.0018,0.0
2024-08-24,F04,Premium,4496,32657,65314,212.27,0.0,9868.0,0.0032,0.0
2024-08-25,F04,Premium,4338,32349,64698,210.27,0.0,8882.0,0.0052,0.0
2024-08-26,F04,Premium,3766,29884,59769,194.25,0.0,8821.0,0.0048,0.0
2024-08-27,F04,Premium,3435,29576,59153,192.25,0.0,9765.0,0.0027,0.0
2024-08-28,F04,Premium,4100,29884,59769,194.25,0.0,8939.0,0.004,0.0
2024-08-29,F04,Premium,3770,30192,60385,196.25,0.0,8167.0,0.0038,0.0
2024-08-30,F04,Premium,3743,31425,62850,204.26,0.0,9153.0,0.0037,0.0
2024-08-31,F04,Premium,3806,32657,65314,212.27,0.0,8339.0,0.0056,0.0
2024-09-01,F04,Premium,4145,35347,70694,229.76,0.0,9303.0,0.0038,0.0
2024-09-02,F04,Premium,4370,32654,65308,212.25,0.0,9246.0,0.0027,0.0
2024-09-03,F04,Premium,3937,32317,64635,210.06,0.0,9554.0,0.0028,0.0
2024-09-04,F04,Premium,4060,32654,65308,212.25,0.0,8376.0,0.0055,0.0
2024-09-05,F04,Premium,4473,32991,65981,214.44,0.0,8995.0,0.0024,0.0
2024-09-06,F04,Premium,4278,34337,68674,223.19,0.0,7916.0,0.0058,0.0
2024-09-07,F04,Premium,4306,35684,71368,231.94,0.0,9385.0,0.0033,0.0
2024-09-08,F04,Premium,4901,35347,70694,229.76,0.0,8450.0,0.0047,0.0
2024-09-09,F04,Premium,4318,32654,65308,212.25,0.0,7745.0,0.0034,0.0
2024-09-10,F04,Premium,4338,32317,64635,210.06,0.0,9701.0,0.004,0.0
2024-09-11,F04,Premium,4120,32654,65308,212.25,0.0,9240.0,0.0044,0.0
2024-09-12,F04,Premium,4412,32991,65981,214.44,0.0,8959.0,0.0032,0.0
2024-09-13,F04,Premium,3993,34337,68674,223.19,0.0,8977.0,0.0037,0.0
2024-09-14,F04,Premium,4886,35684,71368,231.94,0.0,8853.0,0.0035,0.0
2024-09-15,F04,Premium,4827,35347,70694,229.76,0.0,9980.0,0.0057,0.0
2024-09-16,F04,Premium,4079,32654,65308,212.25,0.0,8441.0,0.0034,0.0
2024-09-17,F04,Premium,4610,32317,64635,210.06,0.0,9066.0,0.0028,0.0
2024-09-18,F04,Premium,4347,32654,65308,212.25,0.0,9703.0,0.0051,0.0
2024-09-19,F04,Premium,4066,32991,65981,214.44,0.0,9710.0,0.0032,0.0
2024-09-20,F04,Premium,4465,34337,68674,223.19,0.0,8590.0,0.006,0.0
2024-09-21,F04,Premium,4169,35684,71368,231.94,0.0,8212.0,0.005,0.0
2024-09-22,F04,Premium,4571,35347,70694,229.76,0.0,9271.0,0.0038,0.0
2024-09-23,F04,Premium,4225,32654,65308,212.25,0.0,8948.0,0.0034,0.0
2024-09-24,F04,Premium,4066,32317,64635,210.06,0.0,9535.0,0.0034,0.0
2024-09-25,F04,Premium,4062,32654,65308,212.25,0.0,9152.0,0.0044,0.0
2024-09-26,F04,Premium,4195,32991,65981,214.44,0.0,8637.0,0.004,0.0
2024-09-27,F04,Premium,4387,34337,68674,223.19,0.0,8809.0,0.0037,0.0
2024-09-28,F04,Premium,4748,35684,71368,231.94,0.0,9557.0,0.0053,0.0
2024-09-29,F04,Premium,4990,35347,70694,229.76,0.0,8475.0,0.0041,0.0
2024-09-30,F04,Premium,4241,32654,65308,212.25,0.0,9850.0,0.0045,0.0
2024-10-01,F04,Premium,4388,36465,72930,237.02,0.0,9044.0,0.0046,0.0
2024-10-02,F04,Premium,4511,36845,73690,239.49,0.0,9065.0,0.0063,0.0
2024-10-03,F04,Premium,4303,37225,74450,241.96,0.0,9182.0,0.0031,0.0
2024-10-04,F04,Premium,4966,38744,77489,251.84,0.0,9062.0,0.0058,0.0
2024-10-05,F04,Premium,4875,40264,80527,261.71,0.0,8532.0,0.0028,0.0
2024-10-06,F04,Premium,4461,39884,79768,259.24,0.0,9467.0,0.0051,0.0
2024-10-07,F04,Premium,4637,36845,73690,239.49,0.0,8414.0,0.0051,0.0
2024-10-08,F04,Premium,4085,36465,72930,237.02,0.0,9300.0,0.0031,0.0
2024-10-09,F04,Premium,4742,36845,73690,239.49,0.0,9229.0,0.0041,0.0
2024-10-10,F04,Premium,4688,37225,74450,241.96,0.0,9248.0,0.0045,0.0
2024-10-11,F04,Premium,4400,38744,77489,251.84,0.0,8556.0,0.0045,0.0
2024-10-12,F04,Premium,5003,40264,80527,261.71,0.0,10395.0,0.0048,0.0
2024-10-13,F04,Premium,4826,39884,79768,259.24,0.0,8949.0,0.0042,0.0
2024-10-14,F04,Premium,4477,36845,73690,239.49,0.0,9075.0,0.0066,0.0
2024-10-15,F04,Premium,4454,36465,72930,237.02,0.0,8951.0,0.0044,0.0
2024-10-16,F04,Premium,4647,36845,73690,239.49,0.0,8710.0,0.0031,0.0
2024-10-17,F04,Premium,4721,37225,74450,241.96,0.0,8680.0,0.0024,0.0
2024-10-18,F04,Premium,5179,38744,77489,251.84,0.0,8883.0,0.0057,0.0
2024-10-19,F04,Premium,5223,40264,80527,261.71,0.0,9712.0,0.0037,0.0
2024-10-20,F04,Premium,4496,39884,79768,259.24,0.0,8200.0,0.0037,0.0
2024-10-21,F04,Premium,4827,36845,73690,239.49,0.0,8842.0,0.0036,0.0
2024-10-22,F04,Premium,4495,36465,72930,237.02,0.0,8606.0,0.0043,0.0
2024-10-23,F04,Premium,4623,36845,73690,239.49,0.0,8935.0,0.0052,0.0
2024-10-24,F04,Premium,4468,37225,74450,241.96,0.0,9774.0,0.0048,0.0
2024-10-25,F04,Premium,5369,38744,77489,251.84,0.0,9501.0,0.004,0.0
2024-10-26,F04,Premium,5201,40264,80527,261.71,0.0,9006.0,0.0023,0.0
2024-10-27,F04,Premium,4619,39884,79768,259.24,0.0,9638.0,0.0038,0.0
2024-10-28,F04,Premium,4496,36845,73690,239.49,0.0,10120.0,0.0028,0.0
2024-10-29,F04,Premium,4442,36465,72930,237.02,0.0,10463.0,0.0036,0.0
2024-10-30,F04,Premium,4791,36845,73690,239.49,0.0,9976.0,0.0036,0.0
2024-10-31,F04,Premium,4420,37225,74450,241.96,0.0,9506.0,0.004,0.0
2024-11-01,F04,Premium,5294,50214,100428,326.39,0.0,10081.0,0.0032,0.0
2024-11-02,F04,Premium,5165,52183,104366,339.19,0.0,8520.0,0.0039,0.0
2024-11-03,F04,Premium,5855,51691,103381,335.99,0.0,10091.0,0.0051,0.0
2024-11-04,F04,Premium,4849,38202,76404,248.31,0.0,18885.0,0.0182,0.0
2024-11-05,F04,Premium,5317,37674,75348,244.88,0.0,17130.0,0.018,0.0
2024-11-06,F04,Premium,5277,37932,75864,246.56,0.0,18034.0,0.0176,0.0
2024-11-07,F04,Premium,5428,38188,76377,248.22,0.0,16582.0,0.0185,0.0
2024-11-08,F04,Premium,6094,39608,79215,257.45,0.0,17881.0,0.0176,0.0
2024-11-09,F04,Premium,5368,41017,82034,266.61,0.0,16293.0,0.0191,0.0
2024-11-10,F04,Premium,5535,40489,80978,263.18,0.0,16108.0,0.0214,0.0
2024-11-11,F04,Premium,5074,37274,74548,242.28,0.0,16697.0,0.019,0.0
2024-11-12,F04,Premium,4559,36762,73525,238.96,0.0,18130.0,0.0182,0.0
2024-11-13,F04,Premium,5076,37017,74035,240.61,0.0,17836.0,0.0174,0.0
2024-11-14,F04,Premium,4937,37271,74541,242.26,0.0,16526.0,0.0202,0.0
2024-11-15,F04,Premium,4970,38659,77318,251.28,0.0,17005.0,0.0215,0.0
2024-11-16,F04,Premium,5583,40038,80076,260.25,0.0,16906.0,0.0181,0.0
2024-11-17,F04,Premium,5059,39526,79051,256.92,0.0,17233.0,0.018,0.0
2024-11-18,F04,Premium,5214,36390,72781,236.54,0.0,17755.0,0.0196,0.0
2024-11-19,F04,Premium,5163,35894,71787,233.31,0.0,16536.0,0.0196,0.0
2024-11-20,F04,Premium,5299,36146,72291,234.95,0.0,17349.0,0.0187,0.0
2024-11-21,F04,Premium,5060,36396,72792,236.57,0.0,16857.0,0.0193,0.0
2024-11-22,F04,Premium,5121,37755,75509,245.41,0.0,19478.0,0.018,0.0
2024-11-23,F04,Premium,5765,39105,78209,254.18,0.0,20142.0,0.0198,0.0
2024-11-24,F04,Premium,5594,38607,77214,250.95,0.0,20754.0,0.0193,0.0
2024-11-25,F04,Premium,4933,35548,71095,231.06,0.0,20802.0,0.019,0.0
2024-11-26,F04,Premium,5009,35065,70130,227.92,0.0,18252.0,0.0187,0.0
2024-11-27,F04,Premium,4750,35314,70628,229.54,0.0,20298.0,0.0188,0.0
2024-11-28,F04,Premium,5468,35561,71122,231.15,0.0,19750.0,0.0183,0.0
2024-11-29,F04,Premium,5173,36892,73784,239.8,0.0,20231.0,0.0185,0.0
2024-11-30,F04,Premium,5693,38214,76427,248.39,0.0,18903.0,0.0203,0.0
2024-12-01,F04,Premium,5588,40964,81927,266.26,0.0,19966.0,0.0197,0.0
2024-12-02,F04,Premium,5571,37720,75441,245.18,0.0,20064.0,0.0184,0.0
2024-12-03,F04,Premium,5349,37211,74422,241.87,0.0,17625.0,0.0188,0.0
2024-12-04,F04,Premium,5458,37478,74956,243.61,0.0,16833.0,0.0194,0.0
2024-12-05,F04,Premium,5760,37743,75486,245.33,0.0,17600.0,0.018,0.0
2024-12-06,F04,Premium,6526,39158,78316,254.53,0.0,17510.0,0.018,0.0
2024-12-07,F04,Premium,6122,40564,81129,263.67,0.0,17678.0,0.019,0.0
2024-12-08,F04,Premium,6218,40054,80108,260.35,0.0,17940.0,0.0185,0.0
2024-12-09,F04,Premium,6057,36885,73771,239.75,0.0,16842.0,0.0193,0.0
2024-12-10,F04,Premium,5203,36390,72780,236.54,0.0,16781.0,0.0214,0.0
2024-12-11,F04,Premium,5235,36654,73307,238.25,0.0,16449.0,0.0192,0.0
2024-12-12,F04,Premium,5344,36915,73831,239.95,0.0,18201.0,0.02,0.0
2024-12-13,F04,Premium,6060,38302,76604,248.96,0.0,15714.0,0.0185,0.0
2024-12-14,F04,Premium,6293,39680,79361,257.92,0.0,16978.0,0.0185,0.0
2024-12-15,F04,Premium,6375,39184,78368,254.7,0.0,17261.0,0.0181,0.0
2024-12-16,F04,Premium,5818,36087,72173,234.56,0.0,9475.0,0.0049,0.0
2024-12-17,F04,Premium,5560,35604,71209,231.43,0.0,9412.0,0.0046,0.0
2024-12-18,F04,Premium,6526,35865,71729,233.12,0.0,9135.0,0.0058,0.0
2024-12-19,F04,Premium,5200,36123,72247,234.8,0.0,8518.0,0.0036,0.0
2024-12-20,F04,Premium,5666,37483,74966,243.64,0.0,9482.0,0.0038,0.0
2024-12-21,F04,Premium,6206,38834,77668,252.42,0.0,8752.0,0.0035,0.0
2024-12-22,F04,Premium,6224,38351,76702,249.28,0.0,8782.0,0.0043,0.0
2024-12-23,F04,Premium,5239,35322,70643,229.59,0.0,9441.0,0.005,0.0
2024-12-24,F04,Premium,5162,34852,69704,226.54,0.0,9265.0,0.0033,0.0
2024-12-25,F04,Premium,5763,35109,70218,228.21,0.0,9447.0,0.0033,0.0
2024-12-26,F04,Premium,5699,35365,70729,229.87,0.0,10435.0,0.0038,0.0
2024-12-27,F04,Premium,5827,36698,73396,238.54,0.0,10613.0,0.0044,0.0
2024-12-28,F04,Premium,5660,38023,76047,247.15,0.0,9751.0,0.0061,0.0
2024-12-29,F04,Premium,6218,37553,75105,244.09,0.0,9875.0,0.0046,0.0
2024-12-30,F04,Premium,5704,34589,69177,224.83,0.0,11003.0,0.0039,0.0
2024-12-31,F04,Premium,5106,34131,68262,221.85,0.0,10906.0,0.0042,0.0
2025-01-01,F04,Premium,5842,35643,71286,231.68,0.0,10972.0,0.0051,0.0
2025-01-02,F04,Premium,6184,35902,71805,233.37,0.0,9714.0,0.0031,0.0
2025-01-03,F04,Premium,6274,37256,74512,242.16,0.0,9636.0,0.0046,0.0
2025-01-04,F04,Premium,6206,38717,77434,251.66,0.0,10288.0,0.0049,0.0
2025-01-05,F04,Premium,6175,38352,76703,249.29,0.0,10546.0,0.0056,0.0
2025-01-06,F04,Premium,5152,35430,70859,230.29,0.0,9618.0,0.0033,0.0
2025-01-07,F04,Premium,5845,35064,70129,227.92,0.0,8705.0,0.0048,0.0
2025-01-08,F04,Premium,5831,35430,70859,230.29,0.0,9308.0,0.0035,0.0
2025-01-09,F04,Premium,6130,35795,71590,232.67,0.0,8532.0,0.0038,0.0
2025-01-10,F04,Premium,6687,37256,74512,242.16,0.0,9824.0,0.0039,0.0
2025-01-11,F04,Premium,6458,38717,77434,251.66,0.0,8628.0,0.0051,0.0
2025-01-12,F04,Premium,6418,38352,76703,249.29,0.0,9110.0,0.0052,0.0
2025-01-13,F04,Premium,5640,35430,70859,230.29,0.0,9377.0,0.0049,0.0
2025-01-14,F04,Premium,6292,35064,70129,227.92,0.0,9226.0,0.0035,0.0
2025-01-15,F04,Premium,6226,35430,70859,230.29,0.0,8922.0,0.0032,0.0
2025-01-16,F04,Premium,5775,35795,71590,232.67,0.0,9374.0,0.0026,0.0
2025-01-17,F04,Premium,6816,37256,74512,242.16,0.0,9296.0,0.0039,0.0
2025-01-18,F04,Premium,6282,38717,77434,251.66,0.0,9381.0,0.004,0.0
2025-01-19,F04,Premium,6235,38352,76703,249.29,0.0,9608.0,0.003,0.0
2025-01-20,F04,Premium,5492,35430,70859,230.29,0.0,7654.0,0.0046,0.0
2025-01-21,F04,Premium,5691,35064,70129,227.92,0.0,8452.0,0.003,0.0
2025-01-22,F04,Premium,6115,35430,70859,230.29,0.0,9076.0,0.0041,0.0
2025-01-23,F04,Premium,6223,35795,71590,232.67,0.0,9551.0,0.0044,0.0
2025-01-24,F04,Premium,5824,37256,74512,242.16,0.0,8755.0,0.003,0.0
2025-01-25,F04,Premium,6695,38717,77434,251.66,0.0,10059.0,0.0064,0.0
2025-01-26,F04,Premium,6650,38352,76703,249.29,0.0,9011.0,0.005,0.0
2025-01-27,F04,Premium,5683,35430,70859,230.29,0.0,8424.0,0.0047,0.0
2025-01-28,F04,Premium,5428,35064,70129,227.92,0.0,9032.0,0.0035,0.0
2025-01-29,F04,Premium,6025,35430,70859,230.29,0.0,8515.0,0.0067,0.0
2025-01-30,F04,Premium,6599,35795,71590,232.67,0.0,9639.0,0.0036,0.0
2025-01-31,F04,Premium,5842,37256,74512,242.16,0.0,8779.0,0.0039,0.0
2025-02-01,F04,Premium,7006,47896,95791,311.32,0.0,9170.0,0.0028,0.0
2025-02-02,F04,Premium,6385,47444,94887,308.38,0.0,9829.0,0.0042,0.0
2025-02-03,F04,Premium,6090,43829,87658,284.89,0.0,8942.0,0.0044,0.0
2025-02-04,F04,Premium,6638,43377,86754,281.95,0.0,8783.0,0.0036,0.0
2025-02-05,F04,Premium,6289,43829,87658,284.89,0.0,8980.0,0.003,0.0
2025-02-06,F04,Premium,6368,44281,88562,287.83,0.0,8412.0,0.0028,0.0
2025-02-07,F04,Premium,6922,46088,92176,299.57,0.0,10404.0,0.0036,0.0
2025-02-08,F04,Premium,6158,47896,95791,311.32,0.0,11430.0,0.0071,0.0
2025-02-09,F04,Premium,6148,47444,94887,308.38,0.0,10788.0,0.0033,0.0
2025-02-10,F04,Premium,5893,43829,87658,284.89,0.0,10405.0,0.0031,0.0
2025-02-11,F04,Premium,5783,43377,86754,281.95,0.0,10634.0,0.0037,0.0
2025-02-12,F04,Premium,7328,43829,87658,284.89,0.0,10669.0,0.0038,0.0
2025-02-13,F04,Premium,6101,44281,88562,287.83,0.0,10626.0,0.0033,0.0
2025-02-14,F04,Premium,6631,46088,92176,299.57,0.0,10847.0,0.0042,0.0
2025-02-15,F04,Premium,6597,47896,95791,311.32,0.0,10262.0,0.0024,0.0
2025-02-16,F04,Premium,6960,47444,94887,308.38,0.0,9007.0,0.0031,0.0
2025-02-17,F04,Premium,7470,43829,87658,284.89,0.0,9220.0,0.0046,0.0
2025-02-18,F04,Premium,6532,43377,86754,281.95,0.0,8609.0,0.0037,0.0
2025-02-19,F04,Premium,6192,43829,87658,284.89,0.0,9204.0,0.0059,0.0
2025-02-20,F04,Premium,6381,44281,88562,287.83,0.0,8805.0,0.0044,0.0
2025-02-21,F04,Premium,6768,46088,92176,299.57,0.0,8733.0,0.0043,0.0
2025-02-22,F04,Premium,6716,47896,95791,311.32,0.0,8936.0,0.0047,0.0
2025-02-23,F04,Premium,7000,47444,94887,308.38,0.0,8664.0,0.0045,0.0
2025-02-24,F04,Premium,5932,43829,87658,284.89,0.0,8851.0,0.0041,0.0
2025-02-25,F04,Premium,5951,43377,86754,281.95,0.0,8855.0,0.0042,0.0
2025-02-26,F04,Premium,6213,43829,87658,284.89,0.0,8559.0,0.0028,0.0
2025-02-27,F04,Premium,6595,44281,88562,287.83,0.0,8707.0,0.0038,0.0
2025-02-28,F04,Premium,6589,46088,92176,299.57,0.0,8956.0,0.0042,0.0
2025-03-01,F04,Premium,7449,44625,89250,290.06,0.0,9607.0,0.0037,0.0
2025-03-02,F04,Premium,7748,44204,88408,287.33,0.0,8986.0,0.0069,0.0
2025-03-03,F04,Premium,6529,40836,81672,265.43,0.0,9123.0,0.0051,0.0
2025-03-04,F04,Premium,6566,40415,80830,262.7,0.0,9082.0,0.004,0.0
2025-03-05,F04,Premium,6828,40836,81672,265.43,0.0,9370.0,0.0046,0.0
2025-03-06,F04,Premium,6739,41257,82514,268.17,0.0,8951.0,0.0045,0.0
2025-03-07,F04,Premium,6928,42941,85882,279.12,0.0,8743.0,0.0035,0.0
2025-03-08,F04,Premium,7369,44625,89250,290.06,0.0,9118.0,0.0032,0.0
2025-03-09,F04,Premium,7234,44204,88408,287.33,0.0,8446.0,0.0038,0.0
2025-03-10,F04,Premium,6680,40836,81672,265.43,0.0,8317.0,0.0044,0.0
2025-03-11,F04,Premium,6985,40415,80830,262.7,0.0,8590.0,0.0032,0.0
2025-03-12,F04,Premium,6562,40836,81672,265.43,0.0,7953.0,0.0038,0.0
2025-03-13,F04,Premium,7054,41257,82514,268.17,0.0,9252.0,0.0044,0.0
2025-03-14,F04,Premium,7374,42941,85882,279.12,0.0,9155.0,0.0047,0.0
2025-03-15,F04,Premium,7834,44625,89250,290.06,0.0,9229.0,0.0033,0.0
2025-03-16,F04,Premium,7368,44204,88408,287.33,0.0,8934.0,0.0034,0.0
2025-03-17,F04,Premium,7028,40836,81672,265.43,0.0,10145.0,0.0036,0.0
2025-03-18,F04,Premium,6117,40415,80830,262.7,0.0,9297.0,0.004,0.0
2025-03-19,F04,Premium,6755,40836,81672,265.43,0.0,8880.0,0.004,0.0
2025-03-20,F04,Premium,7211,41257,82514,268.17,0.0,8915.0,0.0033,0.0
2025-03-21,F04,Premium,7257,42941,85882,279.12,0.0,9540.0,0.0042,0.0
2025-03-22,F04,Premium,6915,44625,89250,290.06,0.0,8260.0,0.0038,0.0
2025-03-23,F04,Premium,7504,44204,88408,287.33,0.0,8518.0,0.0044,0.0
2025-03-24,F04,Premium,6746,40836,81672,265.43,0.0,9027.0,0.0031,0.0
2025-03-25,F04,Premium,6074,40415,80830,262.7,0.0,8957.0,0.0045,0.0
2025-03-26,F04,Premium,6400,40836,81672,265.43,0.0,9113.0,0.0088,0.0
2025-03-27,F04,Premium,6777,41257,82514,268.17,0.0,8737.0,0.0048,0.0
2025-03-28,F04,Premium,6809,42941,85882,279.12,0.0,8536.0,0.0036,0.0
2025-03-29,F04,Premium,7676,44625,89250,290.06,0.0,9420.0,0.0027,0.0
2025-03-30,F04,Premium,7742,44204,88408,287.33,0.0,8723.0,0.0038,0.0
2025-03-31,F04,Premium,6951,40836,81672,265.43,0.0,9958.0,0.0042,0.0
2025-04-01,F04,Premium,7645,45483,90966,295.64,0.0,9681.0,0.0041,0.0
2025-04-02,F04,Premium,6943,45957,91913,298.72,0.0,8773.0,0.0033,0.0
2025-04-03,F04,Premium,6857,46430,92861,301.8,0.0,8874.0,0.0051,0.0
2025-04-04,F04,Premium,8023,48326,96651,314.12,0.0,9208.0,0.0054,0.0
2025-04-05,F04,Premium,8049,50221,100441,326.43,0.0,9157.0,0.005,0.0
2025-04-06,F04,Premium,8175,49747,99494,323.35,0.0,9786.0,0.0057,0.0
2025-04-07,F04,Premium,7204,45957,91913,298.72,0.0,9365.0,0.004,0.0
2025-04-08,F04,Premium,7189,45483,90966,295.64,0.0,9203.0,0.0047,0.0
2025-04-09,F04,Premium,6814,45957,91913,298.72,0.0,9326.0,0.0041,0.0
2025-04-10,F04,Premium,7168,46430,92861,301.8,0.0,8932.0,0.0025,0.0
2025-04-11,F04,Premium,6921,48326,96651,314.12,0.0,9168.0,0.0053,0.0
2025-04-12,F04,Premium,8083,50221,100441,326.43,0.0,9036.0,0.0043,0.0
2025-04-13,F04,Premium,7864,49747,99494,323.35,0.0,8609.0,0.0039,0.0
2025-04-14,F04,Premium,7406,45957,91913,298.72,0.0,9438.0,0.0041,0.0
2025-04-15,F04,Premium,7063,45483,90966,295.64,0.0,9258.0,0.0038,0.0
2025-04-16,F04,Premium,7626,45957,91913,298.72,0.0,8249.0,0.0041,0.0
2025-04-17,F04,Premium,6872,46430,92861,301.8,0.0,9371.0,0.004,0.0
2025-04-18,F04,Premium,7813,48326,96651,314.12,0.0,9985.0,0.0039,0.0
2025-04-19,F04,Premium,7766,50221,100441,326.43,0.0,10071.0,0.0045,0.0
2025-04-20,F04,Premium,8293,49747,99494,323.35,0.0,9772.0,0.0039,0.0
2025-04-21,F04,Premium,7920,45957,91913,298.72,0.0,9888.0,0.0048,0.0
2025-04-22,F04,Premium,7123,45483,90966,295.64,0.0,10921.0,0.0052,0.0
2025-04-23,F04,Premium,6991,45957,91913,298.72,0.0,9982.0,0.006,0.0
2025-04-24,F04,Premium,7846,46430,92861,301.8,0.0,9644.0,0.004,0.0
2025-04-25,F04,Premium,7707,48326,96651,314.12,0.0,10183.0,0.0038,0.0
2025-04-26,F04,Premium,6954,50221,100441,326.43,0.0,9971.0,0.0037,0.0
2025-04-27,F04,Premium,7338,49747,99494,323.35,0.0,10255.0,0.0058,0.0
2025-04-28,F04,Premium,7072,45957,91913,298.72,0.0,9586.0,0.0047,0.0
2025-04-29,F04,Premium,7648,45483,90966,295.64,0.0,9309.0,0.005,0.0
2025-04-30,F04,Premium,7052,45957,91913,298.72,0.0,8748.0,0.0033,0.0
2025-05-01,F04,Premium,7590,48114,96228,312.74,0.0,9621.0,0.0048,0.0
2025-05-02,F04,Premium,7755,50078,100156,325.51,0.0,8928.0,0.0037,0.0
2025-05-03,F04,Premium,7842,52042,104083,338.27,0.0,8933.0,0.0053,0.0
2025-05-04,F04,Premium,7988,51551,103101,335.08,0.0,9577.0,0.0039,0.0
2025-05-05,F04,Premium,7655,47623,95246,247.64,0.0,8405.0,0.0043,0.0
2025-05-06,F04,Premium,7188,47132,94264,245.09,0.0,9321.0,0.0048,0.0
2025-05-07,F04,Premium,6986,47623,95246,247.64,0.0,8899.0,0.0035,0.0
2025-05-08,F04,Premium,7510,48114,96228,250.19,0.0,9545.0,0.0036,0.0
2025-05-09,F04,Premium,7862,50078,100156,260.4,0.0,9125.0,0.0039,0.0
2025-05-10,F04,Premium,8469,52042,104083,270.62,0.0,9423.0,0.0042,0.0
2025-05-11,F04,Premium,8893,51551,103101,268.06,0.0,9136.0,0.005,0.0
2025-05-12,F04,Premium,7355,47623,95246,247.64,0.0,8914.0,0.0047,0.0
2025-05-13,F04,Premium,8030,47132,94264,245.09,0.0,8832.0,0.0055,0.0
2025-05-14,F04,Premium,7491,47623,95246,247.64,0.0,8877.0,0.0021,0.0
2025-05-15,F04,Premium,7363,48114,96228,250.19,0.0,8348.0,0.0042,0.0
2025-05-16,F04,Premium,8560,50078,100156,260.4,0.0,9415.0,0.0031,0.0
2025-05-17,F04,Premium,7592,52042,104083,270.62,0.0,9254.0,0.0038,0.0
2025-05-18,F04,Premium,7506,51551,103101,268.06,0.0,9391.0,0.0054,0.0
2025-05-19,F04,Premium,7309,47623,95246,247.64,0.0,9418.0,0.0052,0.0
2025-05-20,F04,Premium,7497,47132,94264,245.09,0.0,8566.0,0.0038,0.0
2025-05-21,F04,Premium,7531,47623,95246,247.64,0.0,8943.0,0.0053,0.0
2025-05-22,F04,Premium,8250,48114,96228,250.19,0.0,9241.0,0.0044,0.0
2025-05-23,F04,Premium,7797,50078,100156,260.4,0.0,8626.0,0.0051,0.0
2025-05-24,F04,Premium,8544,52042,104083,270.62,0.0,8693.0,0.0038,0.0
2025-05-25,F04,Premium,8483,51551,103101,268.06,0.0,9547.0,0.0037,0.0
2025-05-26,F04,Premium,8310,47623,95246,247.64,0.0,8986.0,0.0045,0.0
2025-05-27,F04,Premium,7864,47132,94264,245.09,0.0,9260.0,0.0037,0.0
2025-05-28,F04,Premium,7323,47623,95246,247.64,0.0,8611.0,0.0046,0.0
2025-05-29,F04,Premium,7482,48114,96228,250.19,0.0,9351.0,0.0037,0.0
2025-05-30,F04,Premium,8054,50078,100156,260.4,0.0,9231.0,0.0039,0.0
2025-05-31,F04,Premium,8614,52042,104083,270.62,0.0,8616.0,0.0048,0.0
2025-06-01,F04,Premium,8920,57309,114618,298.01,0.0,9592.0,0.005,0.0
2025-06-02,F04,Premium,8167,52943,105885,275.3,0.0,10124.0,0.0068,0.0
2025-06-03,F04,Premium,8654,52397,104794,272.46,0.0,8377.0,0.006,0.0
2025-06-04,F04,Premium,8440,52943,105885,275.3,0.0,9235.0,0.0041,0.0
2025-06-05,F04,Premium,8049,53488,106977,278.14,0.0,9879.0,0.0026,0.0
2025-06-06,F04,Premium,9303,55672,111343,289.49,0.0,9044.0,0.0034,0.0
2025-06-07,F04,Premium,9611,57855,115710,300.85,0.0,7940.0,0.0032,0.0
2025-06-08,F04,Premium,8760,57309,114618,298.01,0.0,9184.0,0.0038,0.0
2025-06-09,F04,Premium,8142,52943,105885,275.3,0.0,9087.0,0.0041,0.0
2025-06-10,F04,Premium,8202,52397,104794,272.46,0.0,9322.0,0.0033,0.0
2025-06-11,F04,Premium,8842,52943,105885,275.3,0.0,8867.0,0.0041,0.0
2025-06-12,F04,Premium,8107,53488,106977,278.14,0.0,8394.0,0.0044,0.0
2025-06-13,F04,Premium,8068,55672,111343,289.49,0.0,8511.0,0.0042,0.0
2025-06-14,F04,Premium,9222,57855,115710,300.85,0.0,8532.0,0.0039,0.0
2025-06-15,F04,Premium,9174,57309,114618,298.01,0.0,9150.0,0.003,0.0
2025-06-16,F04,Premium,8486,52943,105885,275.3,0.0,8599.0,0.0051,0.0
2025-06-17,F04,Premium,8135,52397,104794,272.46,0.0,8804.0,0.0067,0.0
2025-06-18,F04,Premium,8135,52943,105885,275.3,0.0,9320.0,0.0033,0.0
2025-06-19,F04,Premium,8371,53488,106977,278.14,0.0,9226.0,0.0034,0.0
2025-06-20,F04,Premium,9197,55672,111343,289.49,0.0,8800.0,0.0052,0.0
2025-06-21,F04,Premium,8813,57855,115710,300.85,0.0,8429.0,0.0043,0.0
2025-06-22,F04,Premium,8989,57309,114618,298.01,0.0,9177.0,0.0028,0.0
2025-06-23,F04,Premium,8701,52943,105885,275.3,0.0,9260.0,0.0038,0.0
2025-06-24,F04,Premium,8964,52397,104794,272.46,0.0,9170.0,0.005,0.0
2025-06-25,F04,Premium,7649,52943,105885,275.3,0.0,8233.0,0.0056,0.0
2025-06-26,F04,Premium,7938,53488,106977,278.14,0.0,8724.0,0.0057,0.0
2025-06-27,F04,Premium,9048,55672,111343,289.49,0.0,8427.0,0.0037,0.0
2025-06-28,F04,Premium,8858,57855,115710,300.85,0.0,8894.0,0.0032,0.0
2025-06-29,F04,Premium,8841,57309,114618,298.01,0.0,8752.0,0.005,0.0
2025-06-30,F04,Premium,8267,52943,105885,275.3,0.0,8146.0,0.0049,0.0
2025-07-01,F04,Premium,8931,54988,109975,285.94,0.0,9532.0,0.005,0.0
2025-07-02,F04,Premium,9533,55560,111121,288.91,0.0,9827.0,0.0035,0.0
2025-07-03,F04,Premium,9227,56133,112267,291.89,0.0,10210.0,0.0037,0.0
2025-07-04,F04,Premium,9346,58424,116849,303.81,0.0,9414.0,0.0045,0.0
2025-07-05,F04,Premium,10253,60716,121431,315.72,0.0,10238.0,0.0034,0.0
2025-07-06,F04,Premium,9208,60143,120286,312.74,0.0,9578.0,0.0029,0.0
2025-07-07,F04,Premium,8662,55560,111121,288.91,0.0,10332.0,0.0035,0.0
2025-07-08,F04,Premium,7598,54988,109975,285.94,0.0,9141.0,0.0059,0.0
2025-07-09,F04,Premium,8150,55560,111121,288.91,0.0,9719.0,0.0025,0.0
2025-07-10,F04,Premium,8327,56133,112267,291.89,0.0,10731.0,0.0065,0.0
2025-07-11,F04,Premium,8895,58424,116849,303.81,0.0,8826.0,0.0041,0.0
2025-07-12,F04,Premium,9766,60716,121431,315.72,0.0,8404.0,0.0026,0.0
2025-07-13,F04,Premium,9501,60143,120286,312.74,0.0,7898.0,0.0032,0.0
2025-07-14,F04,Premium,9467,55560,111121,288.91,0.0,8430.0,0.0044,0.0
2025-07-15,F04,Premium,10087,54988,109975,285.94,0.0,9028.0,0.0043,0.0
2025-07-16,F04,Premium,9669,55560,111121,288.91,0.0,8883.0,0.004,0.0
2025-07-17,F04,Premium,9461,56133,112267,291.89,0.0,8433.0,0.0038,0.0
2025-07-18,F04,Premium,10902,58424,116849,303.81,0.0,8445.0,0.0056,0.0
2025-07-19,F04,Premium,10916,60716,121431,315.72,0.0,9155.0,0.0031,0.0
2025-07-20,F04,Premium,9804,60143,120286,312.74,0.0,8541.0,0.0038,0.0
2025-07-21,F04,Premium,10091,55560,111121,288.91,0.0,9053.0,0.0037,0.0
2025-07-22,F04,Premium,9383,54988,109975,285.94,0.0,8193.0,0.004,0.0
2025-07-23,F04,Premium,8928,55560,111121,288.91,0.0,7891.0,0.0034,0.0
2025-07-24,F04,Premium,9419,56133,112267,291.89,0.0,8789.0,0.0036,0.0
2025-07-25,F04,Premium,9570,58424,116849,303.81,0.0,8393.0,0.0039,0.0
2025-07-26,F04,Premium,10462,60716,121431,315.72,0.0,8186.0,0.0051,0.0
2025-07-27,F04,Premium,8924,60143,120286,312.74,0.0,9087.0,0.0025,0.0
2025-07-28,F04,Premium,9571,55560,111121,288.91,0.0,8558.0,0.0061,0.0
2025-07-29,F04,Premium,9013,54988,109975,285.94,0.0,8372.0,0.004,0.0
2025-07-30,F04,Premium,9500,55560,111121,288.91,0.0,8148.0,0.0046,0.0
2025-07-31,F04,Premium,9378,56133,112267,291.89,0.0,8041.0,0.0043,0.0
2025-08-01,F04,Premium,10561,62942,125883,327.3,0.0,8544.0,0.0039,0.0
2025-08-02,F04,Premium,10966,65410,130820,340.13,0.0,8398.0,0.004,0.0
2025-08-03,F04,Premium,10500,64793,129586,336.92,0.0,7654.0,0.003,0.0
2025-08-04,F04,Premium,10822,59856,119712,311.25,0.0,8360.0,0.0037,0.0
2025-08-05,F04,Premium,10252,59239,118478,308.04,0.0,8690.0,0.0057,0.0
2025-08-06,F04,Premium,10852,59856,119712,311.25,0.0,8698.0,0.0051,0.0
2025-08-07,F04,Premium,10105,60473,120946,314.46,0.0,8288.0,0.0029,0.0
2025-08-08,F04,Premium,10864,62942,125883,327.3,0.0,8099.0,0.0055,0.0
2025-08-09,F04,Premium,11137,65410,130820,340.13,0.0,9066.0,0.0065,0.0
2025-08-10,F04,Premium,11294,64793,129586,336.92,0.0,7650.0,0.0039,0.0
2025-08-11,F04,Premium,10579,59856,119712,311.25,0.0,9176.0,0.004,0.0
2025-08-12,F04,Premium,10687,59239,118478,308.04,0.0,8402.0,0.004,0.0
2025-08-13,F04,Premium,10756,59856,119712,311.25,0.0,8647.0,0.0036,0.0
2025-08-14,F04,Premium,10261,60473,120946,314.46,0.0,8535.0,0.0041,0.0
2025-08-15,F04,Premium,10974,62942,125883,327.3,0.0,8824.0,0.0039,0.0
2025-08-16,F04,Premium,11093,65410,130820,340.13,0.0,8243.0,0.0027,0.0
2025-08-17,F04,Premium,10640,64793,129586,336.92,0.0,8257.0,0.0041,0.0
2025-08-18,F04,Premium,10681,59856,119712,311.25,0.0,8017.0,0.004,0.0
2025-08-19,F04,Premium,9967,59239,118478,308.04,0.0,8274.0,0.0048,0.0
2025-08-20,F04,Premium,10129,59856,119712,311.25,0.0,7622.0,0.0039,0.0
2025-08-21,F04,Premium,10016,60473,120946,314.46,0.0,8207.0,0.0061,0.0
2025-08-22,F04,Premium,11351,62942,125883,327.3,0.0,9766.0,0.0023,0.0
2025-08-23,F04,Premium,11335,65410,130820,340.13,0.0,10004.0,0.0035,0.0
2025-08-24,F04,Premium,12236,64793,129586,336.92,0.0,9596.0,0.005,0.0
2025-08-25,F04,Premium,9755,59856,119712,311.25,0.0,8943.0,0.0036,0.0
2025-08-26,F04,Premium,10277,59239,118478,308.04,0.0,8449.0,0.0024,0.0
2025-08-27,F04,Premium,10228,59856,119712,311.25,0.0,9922.0,0.0034,0.0
2025-08-28,F04,Premium,9921,60473,120946,314.46,0.0,9281.0,0.0027,0.0
2025-08-29,F04,Premium,11875,62942,125883,327.3,0.0,9441.0,0.0077,0.0
2025-08-30,F04,Premium,12266,65410,130820,340.13,0.0,8982.0,0.0043,0.0
2025-08-31,F04,Premium,11429,64793,129586,336.92,0.0,8746.0,0.0034,0.0
2025-09-01,F04,Premium,11266,67756,135513,352.33,0.0,9098.0,0.0042,0.0
2025-09-02,F04,Premium,10679,67058,134116,348.7,0.0,9319.0,0.0041,0.0
2025-09-03,F04,Premium,11107,67756,135513,352.33,0.0,10128.0,0.005,0.0
2025-09-04,F04,Premium,10844,68455,136910,355.97,0.0,9468.0,0.0028,0.0
2025-09-05,F04,Premium,12517,71249,142498,370.49,0.0,9194.0,0.0037,0.0
2025-09-06,F04,Premium,12280,74043,148086,385.02,0.0,8672.0,0.0065,0.0
2025-09-07,F04,Premium,11533,73345,146689,381.39,0.0,9805.0,0.0027,0.0
2025-09-08,F04,Premium,11768,67756,135513,352.33,0.0,7995.0,0.005,0.0
2025-09-09,F04,Premium,11083,67058,134116,348.7,0.0,7938.0,0.0041,0.0
2025-09-10,F04,Premium,10199,67756,135513,352.33,0.0,7907.0,0.0046,0.0
2025-09-11,F04,Premium,11815,68455,136910,355.97,0.0,8343.0,0.0041,0.0
2025-09-12,F04,Premium,12791,71249,142498,370.49,0.0,8354.0,0.0037,0.0
2025-09-13,F04,Premium,11967,74043,148086,385.02,0.0,7526.0,0.0047,0.0
2025-09-14,F04,Premium,11326,73345,146689,381.39,0.0,9132.0,0.0031,0.0
2025-09-15,F04,Premium,10331,67756,135513,352.33,0.0,8101.0,0.005,0.0
2025-09-16,F04,Premium,11674,67058,134116,348.7,0.0,7869.0,0.0035,0.0
2025-09-17,F04,Premium,11648,67756,135513,352.33,0.0,8741.0,0.0071,0.0
2025-09-18,F04,Premium,11941,68455,136910,355.97,0.0,7484.0,0.0042,0.0
2025-09-19,F04,Premium,11701,71249,142498,370.49,0.0,9011.0,0.0049,0.0
2025-09-20,F04,Premium,12517,74043,148086,385.02,0.0,7874.0,0.0048,0.0
2025-09-21,F04,Premium,12580,73345,146689,381.39,0.0,8099.0,0.0044,0.0
2025-09-22,F04,Premium,11503,67756,135513,352.33,0.0,7947.0,0.0052,0.0
2025-09-23,F04,Premium,10591,67058,134116,348.7,0.0,8148.0,0.0044,0.0
2025-09-24,F04,Premium,12283,67756,135513,352.33,0.0,8862.0,0.0032,0.0
2025-09-25,F04,Premium,11257,68455,136910,355.97,0.0,7563.0,0.0039,0.0
2025-09-26,F04,Premium,11451,71249,142498,370.49,0.0,7814.0,0.0045,0.0
2025-09-27,F04,Premium,12722,74043,148086,385.02,0.0,7592.0,0.008,0.0
2025-09-28,F04,Premium,11401,73345,146689,381.39,0.0,8302.0,0.0048,0.0
2025-09-29,F04,Premium,11328,67756,135513,352.33,0.0,7389.0,0.0054,0.0
2025-09-30,F04,Premium,12012,67058,134116,348.7,0.0,7927.0,0.0039,0.0
2025-10-01,F04,Premium,12020,70546,141092,366.84,0.0,7679.0,0.0065,0.0
2025-10-02,F04,Premium,11868,71273,142547,370.62,0.0,7759.0,0.0052,0.0
2025-10-03,F04,Premium,12722,74183,148365,385.75,0.0,7964.0,0.0048,0.0
2025-10-04,F04,Premium,13307,77092,154183,400.88,0.0,7899.0,0.0038,0.0
2025-10-05,F04,Premium,13166,76364,152729,397.1,0.0,7590.0,0.0044,0.0
2025-10-06,F04,Premium,11935,70546,141092,366.84,0.0,7984.0,0.004,0.0
2025-10-07,F04,Premium,12043,69819,139638,363.06,0.0,7307.0,0.0064,0.0
2025-10-08,F04,Premium,12065,70546,141092,366.84,0.0,7507.0,0.0044,0.0
2025-10-09,F04,Premium,12413,71273,142547,370.62,0.0,7963.0,0.0038,0.0
2025-10-10,F04,Premium,13456,74183,148365,385.75,0.0,7750.0,0.0035,0.0
2025-10-11,F04,Premium,13879,77092,154183,400.88,0.0,7588.0,0.0049,0.0
2025-10-12,F04,Premium,12621,76364,152729,397.1,0.0,7561.0,0.0043,0.0
2025-10-13,F04,Premium,12106,70546,141092,366.84,0.0,7656.0,0.003,0.0
2025-10-14,F04,Premium,11475,69819,139638,363.06,0.0,8046.0,0.003,0.0
2025-10-15,F04,Premium,13070,70546,141092,366.84,0.0,7618.0,0.0036,0.0
2025-10-16,F04,Premium,12126,71273,142547,370.62,0.0,7145.0,0.0027,0.0
2025-10-17,F04,Premium,12263,74183,148365,385.75,0.0,7806.0,0.0045,0.0
2025-10-18,F04,Premium,13537,77092,154183,400.88,0.0,7858.0,0.0034,0.0
2025-10-19,F04,Premium,12588,76364,152729,397.1,0.0,7905.0,0.0049,0.0
2025-10-20,F04,Premium,12434,70546,141092,366.84,0.0,8089.0,0.0047,0.0
2025-10-21,F04,Premium,13060,69819,139638,363.06,0.0,7995.0,0.0028,0.0
2025-10-22,F04,Premium,11611,70546,141092,366.84,0.0,7799.0,0.0058,0.0
2025-10-23,F04,Premium,12293,71273,142547,370.62,0.0,8673.0,0.0068,0.0
2025-10-24,F04,Premium,12982,74183,148365,385.75,0.0,8016.0,0.0073,0.0
2025-10-25,F04,Premium,13732,77092,154183,400.88,0.0,6806.0,0.0039,0.0
2025-10-26,F04,Premium,14040,76364,152729,397.1,0.0,7765.0,0.0037,0.0
2025-10-27,F04,Premium,11404,70546,141092,366.84,0.0,9294.0,0.0053,0.0
2025-10-28,F04,Premium,12375,69819,139638,363.06,0.0,8110.0,0.0025,0.0
2025-10-29,F04,Premium,12297,70546,141092,366.84,0.0,8952.0,0.0047,0.0
2025-10-30,F04,Premium,12687,71273,142547,370.62,0.0,8909.0,0.0036,0.0
2025-10-31,F04,Premium,12667,74183,148365,385.75,0.0,9021.0,0.0039,0.0
2025-11-01,F04,Premium,15306,91230,182459,474.39,0.0,9078.0,0.0034,0.0
2025-11-02,F04,Premium,15353,90369,180738,469.92,0.0,7402.0,0.0049,0.0
2025-11-03,F04,Premium,13442,83484,166967,434.12,0.0,7471.0,0.0038,0.0
2025-11-04,F04,Premium,13919,82623,165246,429.64,0.0,7213.0,0.0039,0.0
2025-11-05,F04,Premium,12405,83484,166967,434.12,0.0,7703.0,0.005,0.0
2025-11-06,F04,Premium,13722,84344,168689,438.59,0.0,7660.0,0.0037,0.0
2025-11-07,F04,Premium,14266,87787,175574,456.49,0.0,7729.0,0.0027,0.0
2025-11-08,F04,Premium,15154,91230,182459,474.39,0.0,7225.0,0.0027,0.0
2025-11-09,F04,Premium,14675,90369,180738,469.92,0.0,7695.0,0.0028,0.0
2025-11-10,F04,Premium,15144,83484,166967,434.12,0.0,7626.0,0.0038,0.0
2025-11-11,F04,Premium,14118,82623,165246,429.64,0.0,7442.0,0.0051,0.0
2025-11-12,F04,Premium,14939,83484,166967,434.12,0.0,7491.0,0.0046,0.0
2025-11-13,F04,Premium,13933,84344,168689,438.59,0.0,7563.0,0.0036,0.0
2025-11-14,F04,Premium,13379,87787,175574,456.49,0.0,7079.0,0.0049,0.0
2025-11-15,F04,Premium,15769,91230,182459,474.39,0.0,7146.0,0.0055,0.0
2025-11-16,F04,Premium,14204,90369,180738,469.92,0.0,7924.0,0.004,0.0
2025-11-17,F04,Premium,13747,83484,166967,434.12,0.0,7497.0,0.0054,0.0
2025-11-18,F04,Premium,13272,82623,165246,429.64,0.0,7205.0,0.0047,0.0
2025-11-19,F04,Premium,14082,83484,166967,434.12,0.0,7409.0,0.0047,0.0
2025-11-20,F04,Premium,14280,84344,168689,438.59,0.0,7622.0,0.0032,0.0
2025-11-21,F04,Premium,14601,87787,175574,456.49,0.0,8562.0,0.0042,0.0
2025-11-22,F04,Premium,16460,91230,182459,474.39,0.0,8488.0,0.0034,0.0
2025-11-23,F04,Premium,14432,90369,180738,469.92,0.0,8159.0,0.0028,0.0
2025-11-24,F04,Premium,12404,83484,166967,434.12,0.0,8160.0,0.0042,0.0
2025-11-25,F04,Premium,13996,82623,165246,429.64,0.0,8830.0,0.0048,0.0
2025-11-26,F04,Premium,13367,83484,166967,434.12,0.0,9160.0,0.0041,0.0
2025-11-27,F04,Premium,14369,84344,168689,438.59,0.0,8154.0,0.0043,0.0
2025-11-28,F04,Premium,14232,87787,175574,456.49,0.0,8402.0,0.0042,0.0
2025-11-29,F04,Premium,15985,91230,182459,474.39,0.0,9108.0,0.0036,0.0
2025-11-30,F04,Premium,13932,90369,180738,469.92,0.0,8683.0,0.005,0.0
2025-12-01,F04,Premium,15256,90468,180936,470.43,0.0,7939.0,0.0045,0.0
2025-12-02,F04,Premium,15003,89535,179071,465.58,0.0,8685.0,0.0039,0.0
2025-12-03,F04,Premium,13627,90468,180936,470.43,0.0,6746.0,0.0035,0.0
2025-12-04,F04,Premium,14858,91401,182801,475.28,0.0,7419.0,0.0037,0.0
2025-12-05,F04,Premium,14458,95131,190263,494.68,0.0,7517.0,0.007,0.0
2025-12-06,F04,Premium,15691,98862,197724,514.08,0.0,7611.0,0.0038,0.0
2025-12-07,F04,Premium,15911,97929,195859,509.23,0.0,7391.0,0.0037,0.0
2025-12-08,F04,Premium,14216,90468,180936,470.43,0.0,7258.0,0.0029,0.0
2025-12-09,F04,Premium,14486,89535,179071,465.58,0.0,7001.0,0.0047,0.0
2025-12-10,F04,Premium,16487,90468,180936,470.43,0.0,7855.0,0.0041,0.0
2025-12-11,F04,Premium,14220,91401,182801,475.28,0.0,6726.0,0.0042,0.0
2025-12-12,F04,Premium,16110,95131,190263,494.68,0.0,7060.0,0.004,0.0
2025-12-13,F04,Premium,18545,98862,197724,514.08,0.0,6696.0,0.0029,0.0
2025-12-14,F04,Premium,14837,97929,195859,509.23,0.0,7634.0,0.0036,0.0
2025-12-15,F04,Premium,15289,90468,180936,470.43,0.0,6695.0,0.0036,0.0
2025-12-16,F04,Premium,15323,89535,179071,465.58,0.0,7369.0,0.0041,0.0
2025-12-17,F04,Premium,15447,90468,180936,470.43,0.0,7007.0,0.0042,0.0
2025-12-18,F04,Premium,15655,91401,182801,475.28,0.0,7717.0,0.0033,0.0
2025-12-19,F04,Premium,16077,95131,190263,494.68,0.0,6965.0,0.0057,0.0
2025-12-20,F04,Premium,16599,98862,197724,514.08,0.0,6768.0,0.003,0.0
2025-12-21,F04,Premium,17506,97929,195859,509.23,0.0,7356.0,0.0026,0.0
2025-12-22,F04,Premium,14648,90468,180936,470.43,0.0,7522.0,0.0047,0.0
2025-12-23,F04,Premium,16005,89535,179071,465.58,0.0,6869.0,0.0057,0.0
2025-12-24,F04,Premium,15450,90468,180936,470.43,0.0,6759.0,0.0044,0.0
2025-12-25,F04,Premium,14217,91401,182801,475.28,0.0,7906.0,0.0051,0.0
2025-12-26,F04,Premium,14944,95131,190263,494.68,0.0,7991.0,0.0028,0.0
2025-12-27,F04,Premium,17338,98862,197724,514.08,0.0,9263.0,0.0044,0.0
2025-12-28,F04,Premium,15801,97929,195859,509.23,0.0,8758.0,0.0037,0.0
2025-12-29,F04,Premium,14485,90468,180936,470.43,0.0,8025.0,0.0036,0.0
2025-12-30,F04,Premium,15554,89535,179071,465.58,0.0,8719.0,0.0062,0.0
2025-12-31,F04,Premium,16095,90468,180936,470.43,0.0,7945.0,0.0038,0.0
2026-01-01,F04,Premium,17722,93002,186004,483.61,0.0,7478.0,0.003,0.0
2026-01-02,F04,Premium,15493,96798,193596,503.35,0.0,7959.0,0.0052,0.0
2026-01-03,F04,Premium,19057,100594,201188,523.09,0.0,8142.0,0.0027,0.0
2026-01-04,F04,Premium,16497,99645,199290,518.15,0.0,7873.0,0.0044,0.0
2026-01-05,F04,Premium,16026,92053,184106,478.67,0.0,7196.0,0.0036,0.0
2026-01-06,F04,Premium,16276,91104,182208,473.74,0.0,7567.0,0.0072,0.0
2026-01-07,F04,Premium,14601,92053,184106,478.67,0.0,6642.0,0.0053,0.0
2026-01-08,F04,Premium,16725,93002,186004,483.61,0.0,6824.0,0.0029,0.0
2026-01-09,F04,Premium,17371,96798,193596,503.35,0.0,7452.0,0.0055,0.0
2026-01-10,F04,Premium,17541,100594,201188,523.09,0.0,7124.0,0.0051,0.0
2026-01-11,F04,Premium,18511,99645,199290,518.15,0.0,7247.0,0.0052,0.0
2026-01-12,F04,Premium,16255,92053,184106,478.67,0.0,6829.0,0.0033,0.0
2026-01-13,F04,Premium,16937,91104,182208,473.74,0.0,6753.0,0.0059,0.0
2026-01-14,F04,Premium,17526,92053,184106,478.67,0.0,6933.0,0.0038,0.0
2026-01-15,F04,Premium,17288,93002,186004,483.61,0.0,7213.0,0.0093,0.0
2026-01-16,F04,Premium,16470,96798,193596,503.35,0.0,7794.0,0.0053,0.0
2026-01-17,F04,Premium,18033,100594,201188,523.09,0.0,7158.0,0.0035,0.0
2026-01-18,F04,Premium,17009,99645,199290,518.15,0.0,6897.0,0.0032,0.0
2026-01-19,F04,Premium,15887,92053,184106,478.67,0.0,7388.0,0.004,0.0
2026-01-20,F04,Premium,14632,91104,182208,473.74,0.0,6813.0,0.0021,0.0
2026-01-21,F04,Premium,16556,92053,184106,478.67,0.0,7049.0,0.0055,0.0
2026-01-22,F04,Premium,18181,93002,186004,483.61,0.0,7039.0,0.0033,0.0
2026-01-23,F04,Premium,19171,96798,193596,503.35,0.0,6780.0,0.0045,0.0
2026-01-24,F04,Premium,16813,100594,201188,523.09,0.0,6428.0,0.0032,0.0
2026-01-25,F04,Premium,18415,99645,199290,518.15,0.0,6490.0,0.005,0.0
2026-01-26,F04,Premium,16814,92053,184106,478.67,0.0,6584.0,0.0041,0.0
2026-01-27,F04,Premium,15778,91104,182208,473.74,0.0,6934.0,0.0039,0.0
2026-01-28,F04,Premium,17603,92053,184106,478.67,0.0,7082.0,0.0031,0.0
2026-01-29,F04,Premium,14998,93002,186004,483.61,0.0,7066.0,0.0031,0.0
2026-01-30,F04,Premium,16330,96798,193596,503.35,0.0,6923.0,0.0035,0.0
2026-01-31,F04,Premium,17226,100594,201188,523.09,0.0,6202.0,0.0026,0.0
2026-02-01,F04,Premium,17313,124614,249228,647.99,0.0,6963.0,0.005,0.0
2026-02-02,F04,Premium,18001,115120,230239,483.5,0.0,6805.0,0.007,0.0
2026-02-03,F04,Premium,16198,113933,227866,478.52,0.0,6889.0,0.0062,0.0
2026-02-04,F04,Premium,15782,115120,230239,483.5,0.0,7026.0,0.0029,0.0
2026-02-05,F04,Premium,17660,116306,232613,488.49,0.0,6204.0,0.0045,0.0
2026-02-06,F04,Premium,16966,121054,242107,508.42,0.0,7137.0,0.0039,0.0
2026-02-07,F04,Premium,19557,125801,251602,528.36,0.0,7871.0,0.0038,0.0
2026-02-08,F04,Premium,17418,124614,249228,523.38,0.0,7190.0,0.0034,0.0
2026-02-09,F04,Premium,18781,115120,230239,483.5,0.0,7663.0,0.0045,0.0
2026-02-10,F04,Premium,16998,113933,227866,478.52,0.0,8016.0,0.0038,0.0
2026-02-11,F04,Premium,18175,115120,230239,483.5,0.0,7403.0,0.0037,0.0
2026-02-12,F04,Premium,17208,116306,232613,488.49,0.0,7364.0,0.0041,0.0
2026-02-13,F04,Premium,18393,121054,242107,508.42,0.0,8367.0,0.0063,0.0
2026-02-14,F04,Premium,18281,125801,251602,528.36,0.0,7645.0,0.0046,0.0
2026-02-15,F04,Premium,19391,124614,249228,523.38,0.0,7842.0,0.0051,0.0
2026-02-16,F04,Premium,17595,115120,230239,483.5,0.0,6049.0,0.0046,0.0
2026-02-17,F04,Premium,17988,113933,227866,478.52,0.0,6912.0,0.003,0.0
2026-02-18,F04,Premium,17686,115120,230239,483.5,0.0,6752.0,0.0042,0.0
2026-02-19,F04,Premium,18361,116306,232613,488.49,0.0,6471.0,0.0032,0.0
2026-02-20,F04,Premium,18773,121054,242107,508.42,0.0,6722.0,0.0052,0.0
2026-02-21,F04,Premium,18820,125801,251602,528.36,0.0,6256.0,0.0044,0.0
2026-02-22,F04,Premium,19479,124614,249228,523.38,0.0,5824.0,0.0043,0.0
2026-02-23,F04,Premium,19185,115120,230239,483.5,0.0,6628.0,0.0045,0.0
2026-02-24,F04,Premium,17911,113933,227866,478.52,0.0,7830.0,0.0033,0.0
2026-02-25,F04,Premium,15492,115120,230239,483.5,0.0,6422.0,0.0056,0.0
2026-02-26,F04,Premium,18016,116306,232613,488.49,0.0,6073.0,0.0035,0.0
2026-02-27,F04,Premium,18522,121054,242107,508.42,0.0,7312.0,0.0052,0.0
2026-02-28,F04,Premium,19226,125801,251602,528.36,0.0,6471.0,0.0045,0.0
2026-03-01,F04,Premium,19955,124007,248014,520.83,0.0,6578.0,0.0046,0.0
2026-03-02,F04,Premium,17013,106206,212412,446.06,0.0,6656.0,0.0051,0.0
2026-03-03,F04,Premium,18859,105111,210222,441.47,0.0,6368.0,0.0039,0.0
2026-03-04,F04,Premium,19580,106206,212412,446.06,0.0,6374.0,0.0044,0.0
2026-03-05,F04,Premium,18035,107301,214601,450.66,0.0,6558.0,0.0051,0.0
2026-03-06,F04,Premium,19473,111680,223361,469.06,0.0,6341.0,0.0027,0.0
2026-03-07,F04,Premium,19110,116060,232120,487.45,0.0,6756.0,0.0038,0.0
2026-03-08,F04,Premium,19039,114965,229930,482.85,0.0,6839.0,0.0049,0.0
2026-03-09,F04,Premium,18592,106206,212412,446.06,0.0,6599.0,0.0036,0.0
2026-03-10,F04,Premium,19264,105111,210222,441.47,0.0,6455.0,0.0042,0.0
2026-03-11,F04,Premium,19763,106206,212412,446.06,0.0,6573.0,0.0045,0.0
2026-03-12,F04,Premium,18388,107301,214601,450.66,0.0,6416.0,0.0042,0.0
2026-03-13,F04,Premium,20251,111680,223361,469.06,0.0,6205.0,0.0038,0.0
2026-03-14,F04,Premium,20210,116060,232120,487.45,0.0,6612.0,0.0046,0.0
2026-03-15,F04,Premium,21314,114965,229930,482.85,0.0,6626.0,0.0033,0.0
2026-03-16,F04,Premium,19939,106206,212412,446.06,0.0,6815.0,0.0043,0.0
2026-03-17,F04,Premium,17085,105111,210222,441.47,0.0,6072.0,0.0038,0.0
2026-03-18,F04,Premium,18982,106206,212412,446.06,0.0,6868.0,0.0054,0.0
2026-03-19,F04,Premium,21397,107301,214601,450.66,0.0,6118.0,0.0044,0.0
2026-03-20,F04,Premium,19884,111680,223361,469.06,0.0,6593.0,0.0044,0.0
2026-03-21,F04,Premium,20497,116060,232120,487.45,0.0,6075.0,0.0033,0.0
2026-03-22,F04,Premium,19775,114965,229930,482.85,0.0,6426.0,0.0051,0.0
2026-03-23,F04,Premium,19461,106206,212412,446.06,0.0,5926.0,0.0034,0.0
2026-03-24,F04,Premium,20163,105111,210222,441.47,0.0,5898.0,0.004,0.0
2026-03-25,F04,Premium,15849,106206,212412,446.06,0.0,6386.0,0.0028,0.0
2026-03-26,F04,Premium,19834,107301,214601,450.66,0.0,6450.0,0.0032,0.0
2026-03-27,F04,Premium,19272,111680,223361,469.06,0.0,5949.0,0.0032,0.0
2026-03-28,F04,Premium,19263,116060,232120,487.45,0.0,6412.0,0.0041,0.0
2026-03-29,F04,Premium,19426,114965,229930,482.85,0.0,6250.0,0.0049,0.0
2026-03-30,F04,Premium,18389,106206,212412,446.06,0.0,6522.0,0.0036,0.0
2026-03-31,F04,Premium,18719,105111,210222,441.47,0.0,6011.0,0.0019,0.0
2026-04-01,F04,Premium,19537,114563,229126,481.17,0.0,6545.0,0.0027,0.0
2026-04-02,F04,Premium,20869,115744,231488,486.13,0.0,6271.0,0.0056,0.0
2026-04-03,F04,Premium,21759,120469,240937,505.97,0.0,6134.0,0.0024,0.0
2026-04-04,F04,Premium,22053,125193,250386,525.81,0.0,6397.0,0.0037,0.0
2026-04-05,F04,Premium,22384,124012,248023,520.85,0.0,6157.0,0.0035,0.0
2026-04-06,F04,Premium,19442,114563,229126,481.17,0.0,6232.0,0.0055,0.0
2026-04-07,F04,Premium,21827,113382,226764,476.2,0.0,6708.0,0.005,0.0
2026-04-08,F04,Premium,21251,114563,229126,481.17,0.0,6718.0,0.0063,0.0
2026-04-09,F04,Premium,19119,115744,231488,486.13,0.0,6192.0,0.0043,0.0
2026-04-10,F04,Premium,21450,120469,240937,505.97,0.0,6185.0,0.0034,0.0
2026-04-11,F04,Premium,20387,125193,250386,525.81,0.0,6663.0,0.0038,0.0
2026-04-12,F04,Premium,21529,124012,248023,520.85,0.0,6867.0,0.0034,0.0
2026-04-13,F04,Premium,19175,114563,229126,481.17,0.0,6315.0,0.0035,0.0
2026-04-14,F04,Premium,20179,113382,226764,476.2,0.0,6438.0,0.0067,0.0
2026-04-15,F04,Premium,19034,114563,229126,481.17,0.0,5833.0,0.0062,0.0
2026-04-16,F04,Premium,18606,115744,231488,486.13,0.0,6400.0,0.0041,0.0
2026-04-17,F04,Premium,21722,120469,240937,505.97,0.0,7675.0,0.0039,0.0
2026-04-18,F04,Premium,24634,125193,250386,525.81,0.0,6954.0,0.0028,0.0
2026-04-19,F04,Premium,21752,124012,248023,520.85,0.0,7255.0,0.0042,0.0
2026-04-20,F04,Premium,18979,114563,229126,481.17,0.0,6804.0,0.0076,0.0
2026-04-21,F04,Premium,19265,113382,226764,476.2,0.0,8215.0,0.0052,0.0
2026-04-22,F04,Premium,19328,114563,229126,481.17,0.0,7064.0,0.0022,0.0
2026-04-23,F04,Premium,19269,115744,231488,486.13,0.0,7667.0,0.0029,0.0
2026-04-24,F04,Premium,19353,120469,240937,505.97,0.0,7002.0,0.0033,0.0
2026-04-25,F04,Premium,22625,125193,250386,525.81,0.0,7708.0,0.0031,0.0
2026-04-26,F04,Premium,22526,124012,248023,520.85,0.0,6921.0,0.0024,0.0
2026-04-27,F04,Premium,17701,114563,229126,481.17,0.0,6212.0,0.0046,0.0
2026-04-28,F04,Premium,20924,113382,226764,476.2,0.0,6300.0,0.0037,0.0
2026-04-29,F04,Premium,17715,114563,229126,481.17,0.0,6463.0,0.0066,0.0
2026-04-30,F04,Premium,20352,115744,231488,486.13,0.0,6649.0,0.003,0.0
2026-05-01,F04,Premium,23534,123763,247526,519.8,0.0,6710.0,0.0056,0.0
2026-05-02,F04,Premium,21323,128616,257232,540.19,0.0,6860.0,0.0036,0.0
2026-05-03,F04,Premium,23098,127403,254806,535.09,0.0,6405.0,0.0043,0.0
2026-05-04,F04,Premium,20871,117696,235392,494.32,0.0,6725.0,0.0033,0.0
2026-05-05,F04,Premium,19765,116483,232965,489.23,0.0,6004.0,0.0036,0.0
2026-05-06,F04,Premium,21083,117696,235392,494.32,0.0,6439.0,0.0039,0.0
2026-05-07,F04,Premium,22733,118909,237819,499.42,0.0,6622.0,0.0044,0.0
2026-05-08,F04,Premium,21143,123763,247526,519.8,0.0,5891.0,0.0032,0.0
2026-05-09,F04,Premium,22502,128616,257232,540.19,0.0,6608.0,0.0068,0.0
2026-05-10,F04,Premium,22790,127403,254806,535.09,0.0,6238.0,0.0036,0.0
2026-05-11,F04,Premium,18100,117696,235392,494.32,0.0,5696.0,0.0031,0.0
2026-05-12,F04,Premium,20925,116483,232965,489.23,0.0,6558.0,0.0054,0.0
2026-05-13,F04,Premium,19324,117696,235392,494.32,0.0,5805.0,0.0044,0.0
2026-05-14,F04,Premium,19581,118909,237819,499.42,0.0,6230.0,0.0058,0.0
2026-05-15,F04,Premium,21578,123763,247526,519.8,0.0,6194.0,0.0038,0.0
2026-05-16,F04,Premium,22221,128616,257232,540.19,0.0,6701.0,0.0043,0.0
2026-05-17,F04,Premium,22335,127403,254806,535.09,0.0,6548.0,0.0033,0.0
2026-05-18,F04,Premium,21700,117696,235392,494.32,0.0,6014.0,0.0046,0.0
2026-05-19,F04,Premium,21070,116483,232965,489.23,0.0,5907.0,0.0049,0.0
2026-05-20,F04,Premium,20976,117696,235392,494.32,0.0,6695.0,0.0048,0.0
2026-05-21,F04,Premium,20883,118909,237819,499.42,0.0,6098.0,0.004,0.0
2026-05-22,F04,Premium,20856,123763,247526,519.8,0.0,6339.0,0.0039,0.0
2026-05-23,F04,Premium,23782,128616,257232,540.19,0.0,6274.0,0.0031,0.0
2026-05-24,F04,Premium,23271,127403,254806,535.09,0.0,6401.0,0.0037,0.0
2026-05-25,F04,Premium,23495,117696,235392,494.32,0.0,5972.0,0.0057,0.0
2026-05-26,F04,Premium,20439,116483,232965,489.23,0.0,5647.0,0.0061,0.0
2026-05-27,F04,Premium,22273,117696,235392,494.32,0.0,6630.0,0.0027,0.0
2026-05-28,F04,Premium,20445,118909,237819,499.42,0.0,5930.0,0.0063,0.0
2026-05-29,F04,Premium,23613,123763,247526,519.8,0.0,6702.0,0.0042,0.0
2026-05-30,F04,Premium,21693,128616,257232,540.19,0.0,6296.0,0.0047,0.0
2026-05-31,F04,Premium,20482,127403,254806,535.09,0.0,6032.0,0.0044,0.0
2026-06-01,F04,Premium,20623,127641,255281,536.09,0.0,6753.0,0.0027,0.0
2026-06-02,F04,Premium,20486,126325,252649,530.56,0.0,6032.0,0.0035,0.0
2026-06-03,F04,Premium,21435,127641,255281,536.09,0.0,6125.0,0.004,0.0
2026-06-04,F04,Premium,21890,128956,257913,541.62,0.0,6148.0,0.0033,0.0
2026-06-05,F04,Premium,22273,134220,268440,563.72,0.0,6186.0,0.0042,0.0
2026-06-06,F04,Premium,23725,139484,278967,585.83,0.0,6221.0,0.0034,0.0
2026-06-07,F04,Premium,23990,138168,276335,580.3,0.0,6150.0,0.0031,0.0
2026-06-08,F04,Premium,20211,127641,255281,536.09,0.0,6450.0,0.0044,0.0
2026-06-09,F04,Premium,21196,126325,252649,530.56,0.0,5927.0,0.0046,0.0
2026-06-10,F04,Premium,20506,127641,255281,536.09,0.0,6034.0,0.0037,0.0
2026-06-11,F04,Premium,22666,128956,257913,541.62,0.0,6231.0,0.0039,0.0
2026-06-12,F04,Premium,23157,134220,268440,563.72,0.0,5794.0,0.006,0.0
2026-06-13,F04,Premium,25282,139484,278967,585.83,0.0,6512.0,0.0042,0.0
2026-06-14,F04,Premium,22950,138168,276335,580.3,0.0,6861.0,0.0053,0.0
2026-06-15,F04,Premium,20780,127641,255281,536.09,0.0,6568.0,0.0038,0.0
2026-06-16,F04,Premium,19733,126325,252649,530.56,0.0,6798.0,0.0046,0.0
2026-06-17,F04,Premium,19969,127641,255281,536.09,0.0,6552.0,0.0056,0.0
2026-06-18,F04,Premium,21867,128956,257913,541.62,0.0,6382.0,0.004,0.0
2026-06-19,F04,Premium,22829,134220,268440,563.72,0.0,6678.0,0.0052,0.0
2026-06-20,F04,Premium,24883,139484,278967,585.83,0.0,6533.0,0.003,0.0
2026-06-21,F04,Premium,22191,138168,276335,580.3,0.0,5947.0,0.0034,0.0
2026-06-22,F04,Premium,22626,127641,255281,536.09,0.0,6743.0,0.0033,0.0
2026-06-23,F04,Premium,20690,126325,252649,530.56,0.0,6096.0,0.0048,0.0
2026-06-24,F04,Premium,22781,127641,255281,536.09,0.0,5730.0,0.0043,0.0
2026-06-25,F04,Premium,21531,128956,257913,541.62,0.0,7357.0,0.0018,0.0
2026-06-26,F04,Premium,23576,134220,268440,563.72,0.0,6131.0,0.0048,0.0
2026-06-27,F04,Premium,24142,139484,278967,585.83,0.0,5853.0,0.0043,0.0
2026-06-28,F04,Premium,25065,138168,276335,580.3,0.0,5976.0,0.0036,0.0
2026-06-29,F04,Premium,22513,127641,255281,536.09,0.0,6160.0,0.0024,0.0
2026-06-30,F04,Premium,21401,126325,252649,530.56,0.0,5757.0,0.0047,0.0
2026-07-01,F04,Premium,23370,132560,265119,556.75,0.0,7068.0,0.0034,0.0
2026-07-02,F04,Premium,22264,133926,267852,562.49,0.0,7221.0,0.0039,0.0
2026-07-03,F04,Premium,25582,139393,278785,585.45,0.0,6579.0,0.0038,0.0
2026-07-04,F04,Premium,24817,144859,289718,608.41,0.0,7237.0,0.0063,0.0
2026-07-05,F04,Premium,21521,143492,286985,602.67,0.0,7717.0,0.0063,0.0
2026-07-06,F04,Premium,24539,132560,265119,556.75,0.0,6927.0,0.0041,0.0
2026-07-07,F04,Premium,23610,131193,262386,551.01,0.0,8418.0,0.0039,0.0
2026-07-08,F04,Premium,23385,132560,265119,556.75,0.0,7438.0,0.0044,0.0
2026-07-09,F04,Premium,21730,133926,267852,562.49,0.0,7107.0,0.0057,0.0
2026-07-10,F04,Premium,23483,139393,278785,585.45,0.0,7105.0,0.0056,0.0
2026-07-11,F04,Premium,24947,144859,289718,608.41,0.0,5946.0,0.0042,0.0
2026-07-12,F04,Premium,23559,143492,286985,602.67,0.0,6724.0,0.0041,0.0
2026-07-13,F04,Premium,22510,132560,265119,556.75,0.0,6790.0,0.0034,0.0
2026-07-14,F04,Premium,23302,131193,262386,551.01,0.0,6094.0,0.0031,0.0
2026-07-15,F04,Premium,20739,132560,265119,556.75,0.0,6627.0,0.0056,0.0
2026-07-16,F04,Premium,21761,133926,267852,562.49,0.0,6513.0,0.0036,0.0
2026-07-17,F04,Premium,23179,139393,278785,585.45,0.0,6152.0,0.0039,0.0
2026-07-18,F04,Premium,26781,144859,289718,608.41,0.0,6131.0,0.0029,0.0
2026-07-19,F04,Premium,24824,143492,286985,602.67,0.0,6068.0,0.005,0.0
2026-07-20,F04,Premium,24439,132560,265119,556.75,0.0,6396.0,0.0028,0.0
2026-07-21,F04,Premium,22531,131193,262386,551.01,0.0,6068.0,0.004,0.0
2026-07-22,F04,Premium,24055,132560,265119,556.75,0.0,6463.0,0.004,0.0
2026-07-23,F04,Premium,24870,133926,267852,562.49,0.0,6429.0,0.0033,0.0
2026-07-24,F04,Premium,25362,139393,278785,585.45,0.0,5971.0,0.0039,0.0
2026-07-25,F04,Premium,22939,144859,289718,608.41,0.0,5889.0,0.0045,0.0
2026-07-26,F04,Premium,26578,143492,286985,602.67,0.0,6427.0,0.0039,0.0
2026-07-27,F04,Premium,21207,132560,265119,556.75,0.0,6252.0,0.0039,0.0
2026-07-28,F04,Premium,25602,131193,262386,551.01,0.0,6399.0,0.004,0.0
2026-07-29,F04,Premium,22854,132560,265119,556.75,0.0,6517.0,0.0059,0.0
2026-07-30,F04,Premium,23571,133926,267852,562.49,0.0,5754.0,0.0041,0.0
2026-07-31,F04,Premium,21904,139393,278785,585.45,0.0,6275.0,0.0044,0.0
2026-08-01,F04,Premium,25658,153575,307151,645.02,0.0,5836.0,0.0036,0.0
2026-08-02,F04,Premium,24939,152127,304253,638.93,0.0,6920.0,0.0053,0.0
2026-08-03,F04,Premium,24008,140536,281072,590.25,0.0,6231.0,0.0044,0.0
2026-08-04,F04,Premium,23281,139087,278174,584.17,0.0,6230.0,0.0033,0.0
2026-08-05,F04,Premium,26245,140536,281072,590.25,0.0,6046.0,0.0044,0.0
2026-08-06,F04,Premium,24229,141985,283970,596.34,0.0,6417.0,0.005,0.0
2026-08-07,F04,Premium,24445,147780,295560,620.68,0.0,6027.0,0.0042,0.0
2026-08-08,F04,Premium,26503,153575,307151,645.02,0.0,6257.0,0.0033,0.0
2026-08-09,F04,Premium,27583,152127,304253,638.93,0.0,6262.0,0.0043,0.0
2026-08-10,F04,Premium,24327,140536,281072,590.25,0.0,6164.0,0.0049,0.0
2026-08-11,F04,Premium,20391,139087,278174,584.17,0.0,6129.0,0.0055,0.0
2026-08-12,F04,Premium,25705,140536,281072,590.25,0.0,6157.0,0.0037,0.0
2026-08-13,F04,Premium,24560,141985,283970,596.34,0.0,6057.0,0.004,0.0
2026-08-14,F04,Premium,26946,147780,295560,620.68,0.0,5950.0,0.0025,0.0
2026-08-15,F04,Premium,26078,153575,307151,645.02,0.0,6298.0,0.0046,0.0
2026-08-16,F04,Premium,25323,152127,304253,638.93,0.0,6120.0,0.0038,0.0
2026-08-17,F04,Premium,23887,140536,281072,590.25,0.0,6338.0,0.0055,0.0
2026-08-18,F04,Premium,24448,139087,278174,584.17,0.0,6806.0,0.0049,0.0
2026-08-19,F04,Premium,26107,140536,281072,590.25,0.0,6328.0,0.0037,0.0
2026-08-20,F04,Premium,24232,141985,283970,596.34,0.0,6735.0,0.0033,0.0
2026-08-21,F04,Premium,29407,147780,295560,620.68,0.0,7184.0,0.0047,0.0
2026-08-22,F04,Premium,27470,153575,307151,645.02,0.0,7786.0,0.0043,0.0
2026-08-23,F04,Premium,26626,152127,304253,638.93,0.0,7079.0,0.0024,0.0
2026-08-24,F04,Premium,24466,140536,281072,590.25,0.0,7576.0,0.0048,0.0
2026-08-25,F04,Premium,25503,139087,278174,584.17,0.0,7376.0,0.0061,0.0
2026-08-26,F04,Premium,25525,140536,281072,590.25,0.0,6319.0,0.0028,0.0
2026-08-27,F04,Premium,24138,141985,283970,596.34,0.0,6853.0,0.0046,0.0
2026-08-28,F04,Premium,26134,147780,295560,620.68,0.0,7300.0,0.004,0.0
2026-08-29,F04,Premium,27727,153575,307151,645.02,0.0,7008.0,0.0037,0.0
2026-08-30,F04,Premium,27574,152127,304253,638.93,0.0,6952.0,0.0052,0.0
2026-08-31,F04,Premium,24517,140536,281072,590.25,0.0,7678.0,0.0025,0.0
2024-11-04,F05,Premium,2094,1910,19101,420.22,0.0,180841.0,0.0535,0.0
2024-11-05,F05,Premium,2338,1934,19339,425.47,0.0,164781.0,0.0542,0.0
2024-11-06,F05,Premium,2382,1998,19978,439.51,0.0,184312.0,0.0532,0.0
2024-11-07,F05,Premium,2326,2062,20622,453.68,0.0,180505.0,0.0525,0.0
2024-11-08,F05,Premium,2477,2192,21916,482.16,0.0,182969.0,0.0558,0.0
2024-11-09,F05,Premium,2402,2324,23243,511.35,0.0,177285.0,0.0535,0.0
2024-11-10,F05,Premium,2521,2348,23483,516.64,0.0,179866.0,0.0548,0.0
2024-11-11,F05,Premium,2213,2212,22116,486.55,0.0,185762.0,0.0541,0.0
2024-11-12,F05,Premium,2258,2230,22302,490.65,0.0,180638.0,0.0549,0.0
2024-11-13,F05,Premium,2124,2295,22951,504.92,0.0,178193.0,0.054,0.0
2024-11-14,F05,Premium,2074,2360,23605,519.3,0.0,201246.0,0.0529,0.0
2024-11-15,F05,Premium,2149,2500,25000,549.99,0.0,182712.0,0.0553,0.0
2024-11-16,F05,Premium,2352,2643,26425,581.35,0.0,182257.0,0.0526,0.0
2024-11-17,F05,Premium,2335,2661,26614,585.51,0.0,196041.0,0.0546,0.0
2024-11-18,F05,Premium,2223,2499,24988,549.74,0.0,184112.0,0.056,0.0
2024-11-19,F05,Premium,2039,2513,25126,552.76,0.0,176829.0,0.0562,0.0
2024-11-20,F05,Premium,2392,2578,25784,567.24,0.0,187081.0,0.0537,0.0
2024-11-21,F05,Premium,2242,2645,26448,581.85,0.0,173000.0,0.0535,0.0
2024-11-22,F05,Premium,2118,2794,27938,614.65,0.0,207238.0,0.0546,0.0
2024-11-23,F05,Premium,2466,2946,29459,648.09,0.0,217760.0,0.0533,0.0
2024-11-24,F05,Premium,2317,2960,29599,651.17,0.0,197902.0,0.0547,0.0
2024-11-25,F05,Premium,2219,2773,27727,610.0,0.0,192527.0,0.0541,0.0
2024-11-26,F05,Premium,2259,2782,27818,612.0,0.0,203276.0,0.0557,0.0
2024-11-27,F05,Premium,2209,2849,28487,626.71,0.0,209831.0,0.0542,0.0
2024-11-28,F05,Premium,2392,2916,29160,641.52,0.0,192932.0,0.0541,0.0
2024-11-29,F05,Premium,2282,3074,30743,676.35,0.0,206842.0,0.056,0.0
2024-11-30,F05,Premium,2341,3235,32354,711.79,0.0,209708.0,0.0536,0.0
2024-12-01,F05,Premium,2604,3523,35229,775.03,0.0,205631.0,0.0541,0.0
2024-12-02,F05,Premium,2412,3294,32942,724.73,0.0,208284.0,0.0536,0.0
2024-12-03,F05,Premium,2283,3299,32994,725.86,0.0,183401.0,0.0538,0.0
2024-12-04,F05,Premium,2416,3373,33730,742.06,0.0,189278.0,0.0526,0.0
2024-12-05,F05,Premium,2533,3447,34472,758.38,0.0,188594.0,0.0532,0.0
2024-12-06,F05,Premium,2592,3629,36287,798.3,0.0,181876.0,0.0543,0.0
2024-12-07,F05,Premium,2764,3813,38130,838.87,0.0,179962.0,0.0541,0.0
2024-12-08,F05,Premium,2716,3818,38185,840.07,0.0,175591.0,0.0545,0.0
2024-12-09,F05,Premium,2340,3566,35656,784.43,0.0,173850.0,0.0541,0.0
2024-12-10,F05,Premium,2153,3566,35662,784.57,0.0,189101.0,0.0534,0.0
2024-12-11,F05,Premium,2428,3641,36409,801.0,0.0,182380.0,0.0544,0.0
2024-12-12,F05,Premium,2319,3716,37162,817.55,0.0,187101.0,0.0551,0.0
2024-12-13,F05,Premium,2593,3907,39068,859.5,0.0,180905.0,0.0526,0.0
2024-12-14,F05,Premium,2600,4100,41003,902.07,0.0,183773.0,0.0532,0.0
2024-12-15,F05,Premium,2691,4101,41013,902.28,0.0,189447.0,0.0589,0.0
2024-12-16,F05,Premium,2434,3825,38252,841.54,0.0,91911.0,0.0029,0.0
2024-12-17,F05,Premium,2397,3822,38215,840.74,0.0,102048.0,0.0036,0.0
2024-12-18,F05,Premium,2658,3897,38973,857.41,0.0,95081.0,0.0056,0.0
2024-12-19,F05,Premium,2265,3974,39736,874.19,0.0,93131.0,0.0038,0.0
2024-12-20,F05,Premium,2543,4173,41731,918.08,0.0,97473.0,0.0046,0.0
2024-12-21,F05,Premium,2921,4375,43753,962.57,0.0,98898.0,0.0033,0.0
2024-12-22,F05,Premium,2690,4372,43720,961.84,0.0,91633.0,0.0044,0.0
2024-12-23,F05,Premium,2465,4074,40738,896.23,0.0,95429.0,0.0044,0.0
2024-12-24,F05,Premium,2582,4066,40661,894.54,0.0,93835.0,0.0034,0.0
2024-12-25,F05,Premium,2121,4143,41429,911.43,0.0,103104.0,0.0028,0.0
2024-12-26,F05,Premium,2451,4220,42202,928.44,0.0,104130.0,0.0028,0.0
2024-12-27,F05,Premium,2512,4428,44282,974.21,0.0,100830.0,0.0055,0.0
2024-12-28,F05,Premium,2591,4639,46388,1020.55,0.0,110859.0,0.0025,0.0
2024-12-29,F05,Premium,2809,4631,46315,1018.93,0.0,112316.0,0.0032,0.0
2024-12-30,F05,Premium,2384,4312,43120,948.65,0.0,108038.0,0.0059,0.0
2024-12-31,F05,Premium,2282,4300,43005,946.11,0.0,106677.0,0.0036,0.0
2025-01-01,F05,Premium,2588,4539,45386,998.48,0.0,104797.0,0.003,0.0
2025-01-02,F05,Premium,2655,4619,46194,1016.28,0.0,113720.0,0.0044,0.0
2025-01-03,F05,Premium,2753,4843,48433,1065.52,0.0,104679.0,0.004,0.0
2025-01-04,F05,Premium,2769,5033,50332,1107.3,0.0,112576.0,0.004,0.0
2025-01-05,F05,Premium,2834,4986,49857,1096.86,0.0,113715.0,0.004,0.0
2025-01-06,F05,Premium,2337,4606,46058,1013.29,0.0,100393.0,0.0061,0.0
2025-01-07,F05,Premium,2678,4558,45584,1002.84,0.0,93497.0,0.0041,0.0
2025-01-08,F05,Premium,2441,4606,46058,1013.29,0.0,97815.0,0.004,0.0
2025-01-09,F05,Premium,2599,4653,46533,1023.73,0.0,100209.0,0.0034,0.0
2025-01-10,F05,Premium,2734,4843,48433,1065.52,0.0,90090.0,0.0046,0.0
2025-01-11,F05,Premium,2760,5033,50332,1107.3,0.0,97375.0,0.0026,0.0
2025-01-12,F05,Premium,2899,4986,49857,1096.86,0.0,95243.0,0.004,0.0
2025-01-13,F05,Premium,2437,4606,46058,1013.29,0.0,101209.0,0.0032,0.0
2025-01-14,F05,Premium,2522,4558,45584,1002.84,0.0,99554.0,0.0029,0.0
2025-01-15,F05,Premium,2795,4606,46058,1013.29,0.0,96858.0,0.0037,0.0
2025-01-16,F05,Premium,2582,4653,46533,1023.73,0.0,86629.0,0.0032,0.0
2025-01-17,F05,Premium,2745,4843,48433,1065.52,0.0,98066.0,0.0049,0.0
2025-01-18,F05,Premium,2875,5033,50332,1107.3,0.0,100443.0,0.0039,0.0
2025-01-19,F05,Premium,2906,4986,49857,1096.86,0.0,93223.0,0.0049,0.0
2025-01-20,F05,Premium,2588,4606,46058,1013.29,0.0,89241.0,0.0032,0.0
2025-01-21,F05,Premium,2476,4558,45584,1002.84,0.0,104902.0,0.0047,0.0
2025-01-22,F05,Premium,2636,4606,46058,1013.29,0.0,97327.0,0.0039,0.0
2025-01-23,F05,Premium,2684,4653,46533,1023.73,0.0,88146.0,0.0035,0.0
2025-01-24,F05,Premium,2865,4843,48433,1065.52,0.0,95281.0,0.0052,0.0
2025-01-25,F05,Premium,2825,5033,50332,1107.3,0.0,99400.0,0.0051,0.0
2025-01-26,F05,Premium,2640,4986,49857,1096.86,0.0,94963.0,0.0052,0.0
2025-01-27,F05,Premium,2519,4606,46058,1013.29,0.0,95338.0,0.0067,0.0
2025-01-28,F05,Premium,2578,4558,45584,1002.84,0.0,94811.0,0.0031,0.0
2025-01-29,F05,Premium,2722,4606,46058,1013.29,0.0,93444.0,0.004,0.0
2025-01-30,F05,Premium,2663,4653,46533,1023.73,0.0,90380.0,0.0029,0.0
2025-01-31,F05,Premium,2678,4843,48433,1065.52,0.0,107798.0,0.0047,0.0
2025-02-01,F05,Premium,3057,6226,62264,1369.81,0.0,99927.0,0.0031,0.0
2025-02-02,F05,Premium,2867,6168,61677,1356.89,0.0,91190.0,0.0027,0.0
2025-02-03,F05,Premium,2809,5698,56978,1253.51,0.0,98073.0,0.0047,0.0
2025-02-04,F05,Premium,2581,5639,56390,1240.59,0.0,100200.0,0.0059,0.0
2025-02-05,F05,Premium,2938,5698,56978,1253.51,0.0,100743.0,0.0075,0.0
2025-02-06,F05,Premium,2878,5757,57565,1266.43,0.0,100465.0,0.0044,0.0
2025-02-07,F05,Premium,3136,5991,59915,1318.12,0.0,115501.0,0.0036,0.0
2025-02-08,F05,Premium,3140,6226,62264,1369.81,0.0,121237.0,0.003,0.0
2025-02-09,F05,Premium,2820,6168,61677,1356.89,0.0,120450.0,0.005,0.0
2025-02-10,F05,Premium,2687,5698,56978,1253.51,0.0,115858.0,0.0057,0.0
2025-02-11,F05,Premium,2569,5639,56390,1240.59,0.0,102573.0,0.0055,0.0
2025-02-12,F05,Premium,2815,5698,56978,1253.51,0.0,117146.0,0.0039,0.0
2025-02-13,F05,Premium,2749,5757,57565,1266.43,0.0,111440.0,0.0031,0.0
2025-02-14,F05,Premium,2713,5991,59915,1318.12,0.0,102365.0,0.0067,0.0
2025-02-15,F05,Premium,2941,6226,62264,1369.81,0.0,107751.0,0.0026,0.0
2025-02-16,F05,Premium,2825,6168,61677,1356.89,0.0,97105.0,0.0035,0.0
2025-02-17,F05,Premium,2788,5698,56978,1253.51,0.0,88855.0,0.0041,0.0
2025-02-18,F05,Premium,2818,5639,56390,1240.59,0.0,95237.0,0.0041,0.0
2025-02-19,F05,Premium,2603,5698,56978,1253.51,0.0,84308.0,0.0047,0.0
2025-02-20,F05,Premium,2770,5757,57565,1266.43,0.0,89801.0,0.0048,0.0
2025-02-21,F05,Premium,2876,5991,59915,1318.12,0.0,102293.0,0.0034,0.0
2025-02-22,F05,Premium,2784,6226,62264,1369.81,0.0,100053.0,0.0051,0.0
2025-02-23,F05,Premium,2989,6168,61677,1356.89,0.0,97695.0,0.0047,0.0
2025-02-24,F05,Premium,2577,5698,56978,1253.51,0.0,105861.0,0.0035,0.0
2025-02-25,F05,Premium,2601,5639,56390,1240.59,0.0,97224.0,0.0043,0.0
2025-02-26,F05,Premium,2795,5698,56978,1253.51,0.0,93096.0,0.0037,0.0
2025-02-27,F05,Premium,2921,5757,57565,1266.43,0.0,87902.0,0.0039,0.0
2025-02-28,F05,Premium,2889,5991,59915,1318.12,0.0,93670.0,0.0029,0.0
2025-03-01,F05,Premium,3393,5801,58012,1276.27,0.0,94433.0,0.0032,0.0
2025-03-02,F05,Premium,3170,5747,57465,1264.23,0.0,88136.0,0.0032,0.0
2025-03-03,F05,Premium,3025,5309,53087,1167.91,0.0,98537.0,0.0059,0.0
2025-03-04,F05,Premium,3110,5254,52539,1155.87,0.0,102716.0,0.0032,0.0
2025-03-05,F05,Premium,3056,5309,53087,1167.91,0.0,88997.0,0.0044,0.0
2025-03-06,F05,Premium,3024,5363,53634,1179.95,0.0,87251.0,0.0043,0.0
2025-03-07,F05,Premium,3306,5582,55823,1228.11,0.0,93490.0,0.0047,0.0
2025-03-08,F05,Premium,3498,5801,58012,1276.27,0.0,91213.0,0.005,0.0
2025-03-09,F05,Premium,3094,5747,57465,1264.23,0.0,90854.0,0.0043,0.0
2025-03-10,F05,Premium,3096,5309,53087,1167.91,0.0,100208.0,0.0035,0.0
2025-03-11,F05,Premium,3089,5254,52539,1155.87,0.0,98404.0,0.0031,0.0
2025-03-12,F05,Premium,2720,5309,53087,1167.91,0.0,93884.0,0.0026,0.0
2025-03-13,F05,Premium,2878,5363,53634,1179.95,0.0,103212.0,0.0031,0.0
2025-03-14,F05,Premium,3041,5582,55823,1228.11,0.0,94608.0,0.0042,0.0
2025-03-15,F05,Premium,3399,5801,58012,1276.27,0.0,97343.0,0.0074,0.0
2025-03-16,F05,Premium,3128,5747,57465,1264.23,0.0,100266.0,0.0036,0.0
2025-03-17,F05,Premium,2790,5309,53087,1167.91,0.0,94785.0,0.0048,0.0
2025-03-18,F05,Premium,2792,5254,52539,1155.87,0.0,95903.0,0.0077,0.0
2025-03-19,F05,Premium,2978,5309,53087,1167.91,0.0,96178.0,0.0047,0.0
2025-03-20,F05,Premium,2825,5363,53634,1179.95,0.0,96892.0,0.0059,0.0
2025-03-21,F05,Premium,3202,5582,55823,1228.11,0.0,94890.0,0.0039,0.0
2025-03-22,F05,Premium,3104,5801,58012,1276.27,0.0,91392.0,0.003,0.0
2025-03-23,F05,Premium,3163,5747,57465,1264.23,0.0,93597.0,0.0039,0.0
2025-03-24,F05,Premium,3017,5309,53087,1167.91,0.0,91796.0,0.0022,0.0
2025-03-25,F05,Premium,2727,5254,52539,1155.87,0.0,94934.0,0.0037,0.0
2025-03-26,F05,Premium,3025,5309,53087,1167.91,0.0,96312.0,0.0058,0.0
2025-03-27,F05,Premium,2978,5363,53634,1179.95,0.0,95642.0,0.0036,0.0
2025-03-28,F05,Premium,2893,5582,55823,1228.11,0.0,91834.0,0.0054,0.0
2025-03-29,F05,Premium,3302,5801,58012,1276.27,0.0,94967.0,0.0034,0.0
2025-03-30,F05,Premium,3318,5747,57465,1264.23,0.0,88045.0,0.0043,0.0
2025-03-31,F05,Premium,3077,5309,53087,1167.91,0.0,95521.0,0.0042,0.0
2025-04-01,F05,Premium,3308,5913,59128,1300.81,0.0,106281.0,0.0034,0.0
2025-04-02,F05,Premium,3142,5974,59744,1314.36,0.0,99926.0,0.0029,0.0
2025-04-03,F05,Premium,2975,6036,60360,1327.91,0.0,97143.0,0.0023,0.0
2025-04-04,F05,Premium,3559,6282,62823,1382.11,0.0,89987.0,0.0056,0.0
2025-04-05,F05,Premium,3744,6529,65287,1436.31,0.0,100317.0,0.0045,0.0
2025-04-06,F05,Premium,3365,6467,64671,1422.76,0.0,96743.0,0.004,0.0
2025-04-07,F05,Premium,3330,5974,59744,955.9,0.0,93965.0,0.0035,0.0
2025-04-08,F05,Premium,3061,5913,59128,946.04,0.0,91210.0,0.0029,0.0
2025-04-09,F05,Premium,2941,5974,59744,955.9,0.0,100175.0,0.0083,0.0
2025-04-10,F05,Premium,3252,6036,60360,965.75,0.0,97032.0,0.0043,0.0
2025-04-11,F05,Premium,3544,6282,62823,1005.17,0.0,92638.0,0.0059,0.0
2025-04-12,F05,Premium,3354,6529,65287,1044.59,0.0,93666.0,0.0039,0.0
2025-04-13,F05,Premium,3433,6467,64671,1034.74,0.0,96699.0,0.0043,0.0
2025-04-14,F05,Premium,3201,5974,59744,955.9,0.0,96489.0,0.0024,0.0
2025-04-15,F05,Premium,3235,5913,59128,946.04,0.0,96925.0,0.0032,0.0
2025-04-16,F05,Premium,3234,5974,59744,955.9,0.0,89327.0,0.0039,0.0
2025-04-17,F05,Premium,2828,6036,60360,965.75,0.0,104616.0,0.0072,0.0
2025-04-18,F05,Premium,3382,6282,62823,1005.17,0.0,120457.0,0.0021,0.0
2025-04-19,F05,Premium,3502,6529,65287,1044.59,0.0,114000.0,0.0052,0.0
2025-04-20,F05,Premium,3445,6467,64671,1034.74,0.0,93434.0,0.0027,0.0
2025-04-21,F05,Premium,3090,5974,59744,955.9,0.0,113472.0,0.0043,0.0
2025-04-22,F05,Premium,3074,5913,59128,946.04,0.0,108780.0,0.0036,0.0
2025-04-23,F05,Premium,2747,5974,59744,955.9,0.0,111082.0,0.004,0.0
2025-04-24,F05,Premium,3167,6036,60360,965.75,0.0,112438.0,0.0035,0.0
2025-04-25,F05,Premium,3207,6282,62823,1005.17,0.0,99306.0,0.0047,0.0
2025-04-26,F05,Premium,3370,6529,65287,1044.59,0.0,108006.0,0.0059,0.0
2025-04-27,F05,Premium,3045,6467,64671,1034.74,0.0,99355.0,0.0028,0.0
2025-04-28,F05,Premium,3033,5974,59744,955.9,0.0,91487.0,0.0036,0.0
2025-04-29,F05,Premium,2955,5913,59128,946.04,0.0,93448.0,0.0037,0.0
2025-04-30,F05,Premium,3039,5974,59744,955.9,0.0,93010.0,0.0036,0.0
2025-05-01,F05,Premium,3366,6255,62548,1000.77,0.0,88242.0,0.0033,0.0
2025-05-02,F05,Premium,3673,6510,65101,1041.62,0.0,88508.0,0.0038,0.0
2025-05-03,F05,Premium,3582,6765,67654,1082.46,0.0,89578.0,0.0036,0.0
2025-05-04,F05,Premium,3646,6702,67016,1072.25,0.0,92152.0,0.0046,0.0
2025-05-05,F05,Premium,3464,6191,61910,990.56,0.0,87530.0,0.0032,0.0
2025-05-06,F05,Premium,3173,6127,61272,980.35,0.0,90818.0,0.0042,0.0
2025-05-07,F05,Premium,3143,6191,61910,990.56,0.0,99688.0,0.0048,0.0
2025-05-08,F05,Premium,3068,6255,62548,1000.77,0.0,98516.0,0.0047,0.0
2025-05-09,F05,Premium,3317,6510,65101,1041.62,0.0,91438.0,0.0062,0.0
2025-05-10,F05,Premium,3316,6765,67654,1082.46,0.0,89789.0,0.0048,0.0
2025-05-11,F05,Premium,3849,6702,67016,1072.25,0.0,97313.0,0.0044,0.0
2025-05-12,F05,Premium,3370,6191,61910,990.56,0.0,81454.0,0.004,0.0
2025-05-13,F05,Premium,3374,6127,61272,980.35,0.0,101139.0,0.0042,0.0
2025-05-14,F05,Premium,3409,6191,61910,990.56,0.0,91742.0,0.004,0.0
2025-05-15,F05,Premium,3514,6255,62548,1000.77,0.0,86941.0,0.0042,0.0
2025-05-16,F05,Premium,3771,6510,65101,1041.62,0.0,101177.0,0.0031,0.0
2025-05-17,F05,Premium,3738,6765,67654,1082.46,0.0,90538.0,0.0057,0.0
2025-05-18,F05,Premium,3360,6702,67016,1072.25,0.0,104269.0,0.0025,0.0
2025-05-19,F05,Premium,3053,6191,61910,990.56,0.0,99271.0,0.0034,0.0
2025-05-20,F05,Premium,3399,6127,61272,980.35,0.0,93323.0,0.0022,0.0
2025-05-21,F05,Premium,3002,6191,61910,990.56,0.0,93403.0,0.0049,0.0
2025-05-22,F05,Premium,3253,6255,62548,1000.77,0.0,95815.0,0.0035,0.0
2025-05-23,F05,Premium,3501,6510,65101,1041.62,0.0,95767.0,0.0047,0.0
2025-05-24,F05,Premium,3575,6765,67654,1082.46,0.0,96427.0,0.0022,0.0
2025-05-25,F05,Premium,3668,6702,67016,1072.25,0.0,105747.0,0.0061,0.0
2025-05-26,F05,Premium,3433,6191,61910,990.56,0.0,86388.0,0.0055,0.0
2025-05-27,F05,Premium,3466,6127,61272,980.35,0.0,98202.0,0.004,0.0
2025-05-28,F05,Premium,3399,6191,61910,990.56,0.0,89511.0,0.005,0.0
2025-05-29,F05,Premium,3257,6255,62548,1000.77,0.0,96586.0,0.0046,0.0
2025-05-30,F05,Premium,3574,6510,65101,1041.62,0.0,86035.0,0.0056,0.0
2025-05-31,F05,Premium,3505,6765,67654,1082.46,0.0,97489.0,0.0029,0.0
2025-06-01,F05,Premium,3830,7450,74502,1192.03,0.0,89674.0,0.0036,0.0
2025-06-02,F05,Premium,3617,6883,68825,1101.21,0.0,93354.0,0.0038,0.0
2025-06-03,F05,Premium,3523,6812,68116,1089.85,0.0,92456.0,0.0032,0.0
2025-06-04,F05,Premium,3587,6883,68825,1101.21,0.0,96331.0,0.0039,0.0
2025-06-05,F05,Premium,3766,6953,69535,1112.56,0.0,93151.0,0.0047,0.0
2025-06-06,F05,Premium,3929,7237,72373,1157.97,0.0,100065.0,0.0034,0.0
2025-06-07,F05,Premium,3684,7521,75211,1203.38,0.0,97805.0,0.003,0.0
2025-06-08,F05,Premium,3894,7450,74502,1192.03,0.0,94479.0,0.0034,0.0
2025-06-09,F05,Premium,3631,6883,68825,1101.21,0.0,97715.0,0.0048,0.0
2025-06-10,F05,Premium,3589,6812,68116,1089.85,0.0,93668.0,0.0039,0.0
2025-06-11,F05,Premium,3669,6883,68825,1101.21,0.0,82918.0,0.0043,0.0
2025-06-12,F05,Premium,3385,6953,69535,1112.56,0.0,91642.0,0.0056,0.0
2025-06-13,F05,Premium,3694,7237,72373,1157.97,0.0,109096.0,0.004,0.0
2025-06-14,F05,Premium,3641,7521,75211,1203.38,0.0,96295.0,0.0037,0.0
2025-06-15,F05,Premium,3865,7450,74502,1192.03,0.0,87943.0,0.0068,0.0
2025-06-16,F05,Premium,3483,6883,68825,1101.21,0.0,102760.0,0.003,0.0
2025-06-17,F05,Premium,3486,6812,68116,1089.85,0.0,93357.0,0.0057,0.0
2025-06-18,F05,Premium,3550,6883,68825,1101.21,0.0,92323.0,0.0051,0.0
2025-06-19,F05,Premium,3618,6953,69535,1112.56,0.0,90671.0,0.0076,0.0
2025-06-20,F05,Premium,3640,7237,72373,1157.97,0.0,94519.0,0.0042,0.0
2025-06-21,F05,Premium,3647,7521,75211,1203.38,0.0,89073.0,0.0057,0.0
2025-06-22,F05,Premium,3958,7450,74502,1192.03,0.0,100733.0,0.0049,0.0
2025-06-23,F05,Premium,3576,6883,68825,1101.21,0.0,103229.0,0.006,0.0
2025-06-24,F05,Premium,3282,6812,68116,1089.85,0.0,100331.0,0.0045,0.0
2025-06-25,F05,Premium,3347,6883,68825,1101.21,0.0,91659.0,0.0053,0.0
2025-06-26,F05,Premium,3528,6953,69535,1112.56,0.0,89023.0,0.0038,0.0
2025-06-27,F05,Premium,3795,7237,72373,1157.97,0.0,91428.0,0.0038,0.0
2025-06-28,F05,Premium,4157,7521,75211,1203.38,0.0,90844.0,0.0037,0.0
2025-06-29,F05,Premium,3839,7450,74502,1192.03,0.0,91025.0,0.0045,0.0
2025-06-30,F05,Premium,3543,6883,68825,1101.21,0.0,96545.0,0.0049,0.0
2025-07-01,F05,Premium,3894,7148,71484,1143.74,0.0,119003.0,0.0037,0.0
2025-07-02,F05,Premium,4007,7223,72229,1155.66,0.0,108411.0,0.0032,0.0
2025-07-03,F05,Premium,3890,7297,72973,1167.57,0.0,110563.0,0.0068,0.0
2025-07-04,F05,Premium,4020,7595,75952,1215.23,0.0,110714.0,0.0028,0.0
2025-07-05,F05,Premium,4447,7893,78930,1262.88,0.0,101395.0,0.0036,0.0
2025-07-06,F05,Premium,3771,7819,78186,1250.97,0.0,104939.0,0.0037,0.0
2025-07-07,F05,Premium,3624,7223,72229,1155.66,0.0,104766.0,0.0037,0.0
2025-07-08,F05,Premium,3535,7148,71484,1143.74,0.0,102711.0,0.0048,0.0
2025-07-09,F05,Premium,3973,7223,72229,1155.66,0.0,103256.0,0.004,0.0
2025-07-10,F05,Premium,3619,7297,72973,1167.57,0.0,100908.0,0.0019,0.0
2025-07-11,F05,Premium,3959,7595,75952,1215.23,0.0,96718.0,0.0066,0.0
2025-07-12,F05,Premium,4000,7893,78930,1262.88,0.0,94201.0,0.0043,0.0
2025-07-13,F05,Premium,4076,7819,78186,1250.97,0.0,86827.0,0.0045,0.0
2025-07-14,F05,Premium,4324,7223,72229,1155.66,0.0,95309.0,0.0034,0.0
2025-07-15,F05,Premium,4552,7148,71484,1143.74,0.0,90776.0,0.0037,0.0
2025-07-16,F05,Premium,4356,7223,72229,1155.66,0.0,89340.0,0.0035,0.0
2025-07-17,F05,Premium,4609,7297,72973,1167.57,0.0,84662.0,0.0046,0.0
2025-07-18,F05,Premium,4317,7595,75952,1215.23,0.0,94986.0,0.004,0.0
2025-07-19,F05,Premium,5153,7893,78930,1262.88,0.0,91391.0,0.0042,0.0
2025-07-20,F05,Premium,4820,7819,78186,1250.97,0.0,80305.0,0.0042,0.0
2025-07-21,F05,Premium,4230,7223,72229,1155.66,0.0,88466.0,0.0034,0.0
2025-07-22,F05,Premium,4216,7148,71484,1143.74,0.0,87633.0,0.0035,0.0
2025-07-23,F05,Premium,3987,7223,72229,1155.66,0.0,83206.0,0.0024,0.0
2025-07-24,F05,Premium,3702,7297,72973,1167.57,0.0,100155.0,0.0032,0.0
2025-07-25,F05,Premium,4579,7595,75952,1215.23,0.0,84968.0,0.0033,0.0
2025-07-26,F05,Premium,4532,7893,78930,1262.88,0.0,99708.0,0.0064,0.0
2025-07-27,F05,Premium,3840,7819,78186,1250.97,0.0,84815.0,0.0041,0.0
2025-07-28,F05,Premium,3973,7223,72229,1155.66,0.0,90333.0,0.0031,0.0
2025-07-29,F05,Premium,3764,7148,71484,1143.74,0.0,97963.0,0.0045,0.0
2025-07-30,F05,Premium,4093,7223,72229,1155.66,0.0,86810.0,0.0052,0.0
2025-07-31,F05,Premium,4241,7297,72973,1167.57,0.0,91794.0,0.0028,0.0
2025-08-01,F05,Premium,4587,8182,81824,1309.18,0.0,90232.0,0.0043,0.0
2025-08-02,F05,Premium,4620,8503,85033,1360.52,0.0,81723.0,0.0035,0.0
2025-08-03,F05,Premium,4874,8423,84231,1347.69,0.0,89443.0,0.0045,0.0
2025-08-04,F05,Premium,4381,7781,77813,1245.01,0.0,83107.0,0.0037,0.0
2025-08-05,F05,Premium,4307,7701,77011,1232.17,0.0,90070.0,0.0042,0.0
2025-08-06,F05,Premium,4748,7781,77813,1245.01,0.0,87890.0,0.0033,0.0
2025-08-07,F05,Premium,4238,7862,78615,1257.84,0.0,86619.0,0.0047,0.0
2025-08-08,F05,Premium,4745,8182,81824,1309.18,0.0,84413.0,0.0028,0.0
2025-08-09,F05,Premium,5042,8503,85033,1360.52,0.0,85835.0,0.0027,0.0
2025-08-10,F05,Premium,4974,8423,84231,1347.69,0.0,91146.0,0.0044,0.0
2025-08-11,F05,Premium,4743,7781,77813,1245.01,0.0,86251.0,0.0046,0.0
2025-08-12,F05,Premium,4520,7701,77011,1232.17,0.0,90733.0,0.0027,0.0
2025-08-13,F05,Premium,4549,7781,77813,1245.01,0.0,88660.0,0.0048,0.0
2025-08-14,F05,Premium,4431,7862,78615,1257.84,0.0,91344.0,0.0046,0.0
2025-08-15,F05,Premium,4700,8182,81824,1309.18,0.0,81812.0,0.0036,0.0
2025-08-16,F05,Premium,4819,8503,85033,1360.52,0.0,88513.0,0.0039,0.0
2025-08-17,F05,Premium,4818,8423,84231,1347.69,0.0,82874.0,0.0037,0.0
2025-08-18,F05,Premium,4520,7781,77813,1245.01,0.0,88249.0,0.0037,0.0
2025-08-19,F05,Premium,4549,7701,77011,1232.17,0.0,87697.0,0.0039,0.0
2025-08-20,F05,Premium,4585,7781,77813,1245.01,0.0,82240.0,0.0056,0.0
2025-08-21,F05,Premium,4782,7862,78615,1257.84,0.0,87345.0,0.0039,0.0
2025-08-22,F05,Premium,4256,8182,81824,1309.18,0.0,95944.0,0.0065,0.0
2025-08-23,F05,Premium,5202,8503,85033,1360.52,0.0,96709.0,0.0027,0.0
2025-08-24,F05,Premium,5444,8423,84231,1347.69,0.0,103327.0,0.0049,0.0
2025-08-25,F05,Premium,4040,7781,77813,1245.01,0.0,101638.0,0.0036,0.0
2025-08-26,F05,Premium,4605,7701,77011,1232.17,0.0,101347.0,0.0036,0.0
2025-08-27,F05,Premium,4960,7781,77813,1245.01,0.0,103036.0,0.0032,0.0
2025-08-28,F05,Premium,4408,7862,78615,1257.84,0.0,98111.0,0.004,0.0
2025-08-29,F05,Premium,4593,8182,81824,1309.18,0.0,107411.0,0.0031,0.0
2025-08-30,F05,Premium,5012,8503,85033,1360.52,0.0,100707.0,0.0038,0.0
2025-08-31,F05,Premium,5229,8423,84231,1347.69,0.0,103320.0,0.0038,0.0
2025-09-01,F05,Premium,5280,8808,88083,1409.33,0.0,92614.0,0.0038,0.0
2025-09-02,F05,Premium,4588,8718,87175,1394.8,0.0,95204.0,0.0038,0.0
2025-09-03,F05,Premium,4734,8808,88083,1409.33,0.0,104122.0,0.0032,0.0
2025-09-04,F05,Premium,4613,8899,88991,1423.86,0.0,103700.0,0.0043,0.0
2025-09-05,F05,Premium,5168,9262,92624,1481.98,0.0,91169.0,0.0048,0.0
2025-09-06,F05,Premium,5380,9626,96256,1540.1,0.0,102510.0,0.0022,0.0
2025-09-07,F05,Premium,5186,9535,95348,1525.57,0.0,95379.0,0.0045,0.0
2025-09-08,F05,Premium,5228,8808,88083,1409.33,0.0,83488.0,0.0046,0.0
2025-09-09,F05,Premium,4692,8718,87175,1394.8,0.0,87047.0,0.004,0.0
2025-09-10,F05,Premium,4571,8808,88083,1409.33,0.0,86110.0,0.0041,0.0
2025-09-11,F05,Premium,4788,8899,88991,1423.86,0.0,85537.0,0.0035,0.0
2025-09-12,F05,Premium,5087,9262,92624,1481.98,0.0,79476.0,0.006,0.0
2025-09-13,F05,Premium,5180,9626,96256,1540.1,0.0,88802.0,0.0041,0.0
2025-09-14,F05,Premium,4907,9535,95348,1525.57,0.0,81472.0,0.006,0.0
2025-09-15,F05,Premium,5018,8808,88083,1409.33,0.0,82092.0,0.0047,0.0
2025-09-16,F05,Premium,4977,8718,87175,1394.8,0.0,90437.0,0.0048,0.0
2025-09-17,F05,Premium,5031,8808,88083,1409.33,0.0,87304.0,0.0041,0.0
2025-09-18,F05,Premium,4978,8899,88991,1423.86,0.0,83401.0,0.0031,0.0
2025-09-19,F05,Premium,5300,9262,92624,1481.98,0.0,88631.0,0.0039,0.0
2025-09-20,F05,Premium,5121,9626,96256,1540.1,0.0,84157.0,0.0048,0.0
2025-09-21,F05,Premium,5467,9535,95348,1525.57,0.0,85388.0,0.0033,0.0
2025-09-22,F05,Premium,4719,8808,88083,1409.33,0.0,85773.0,0.004,0.0
2025-09-23,F05,Premium,4515,8718,87175,1394.8,0.0,83007.0,0.0031,0.0
2025-09-24,F05,Premium,4999,8808,88083,1409.33,0.0,79721.0,0.0033,0.0
2025-09-25,F05,Premium,4816,8899,88991,1423.86,0.0,86137.0,0.006,0.0
2025-09-26,F05,Premium,5120,9262,92624,1481.98,0.0,87397.0,0.0042,0.0
2025-09-27,F05,Premium,5180,9626,96256,1540.1,0.0,88644.0,0.0051,0.0
2025-09-28,F05,Premium,5599,9535,95348,1525.57,0.0,84442.0,0.0036,0.0
2025-09-29,F05,Premium,5082,8808,88083,1409.33,0.0,77187.0,0.0047,0.0
2025-09-30,F05,Premium,5095,8718,87175,1394.8,0.0,86388.0,0.0031,0.0
2025-10-01,F05,Premium,5255,9171,91710,1467.36,0.0,82876.0,0.0035,0.0
2025-10-02,F05,Premium,4783,9266,92656,1482.49,0.0,85951.0,0.0043,0.0
2025-10-03,F05,Premium,5360,9644,96437,1543.0,0.0,80700.0,0.0027,0.0
2025-10-04,F05,Premium,5536,10022,100219,1603.51,0.0,82096.0,0.003,0.0
2025-10-05,F05,Premium,5546,9927,99274,1588.38,0.0,85665.0,0.0033,0.0
2025-10-06,F05,Premium,5123,9171,91710,1467.36,0.0,80496.0,0.0038,0.0
2025-10-07,F05,Premium,5379,9076,90765,1452.23,0.0,78771.0,0.0055,0.0
2025-10-08,F05,Premium,5575,9171,91710,1467.36,0.0,79220.0,0.0035,0.0
2025-10-09,F05,Premium,5282,9266,92656,1482.49,0.0,84104.0,0.0029,0.0
2025-10-10,F05,Premium,5693,9644,96437,1543.0,0.0,87395.0,0.0048,0.0
2025-10-11,F05,Premium,6036,10022,100219,1603.51,0.0,81210.0,0.0031,0.0
2025-10-12,F05,Premium,5679,9927,99274,1588.38,0.0,82592.0,0.0042,0.0
2025-10-13,F05,Premium,5537,9171,91710,1467.36,0.0,81813.0,0.0033,0.0
2025-10-14,F05,Premium,5218,9076,90765,1452.23,0.0,84277.0,0.0045,0.0
2025-10-15,F05,Premium,6029,9171,91710,1467.36,0.0,85521.0,0.0049,0.0
2025-10-16,F05,Premium,4644,9266,92656,1482.49,0.0,82717.0,0.0046,0.0
2025-10-17,F05,Premium,4953,9644,96437,1543.0,0.0,85894.0,0.0037,0.0
2025-10-18,F05,Premium,6229,10022,100219,1603.51,0.0,81583.0,0.0052,0.0
2025-10-19,F05,Premium,5354,9927,99274,1588.38,0.0,84719.0,0.0051,0.0
2025-10-20,F05,Premium,5289,9171,91710,1467.36,0.0,73914.0,0.0056,0.0
2025-10-21,F05,Premium,5332,9076,90765,1452.23,0.0,75021.0,0.0044,0.0
2025-10-22,F05,Premium,5094,9171,91710,1467.36,0.0,86015.0,0.0042,0.0
2025-10-23,F05,Premium,5604,9266,92656,1482.49,0.0,75603.0,0.0033,0.0
2025-10-24,F05,Premium,5848,9644,96437,1543.0,0.0,81199.0,0.0027,0.0
2025-10-25,F05,Premium,5391,10022,100219,1603.51,0.0,74759.0,0.0075,0.0
2025-10-26,F05,Premium,6036,9927,99274,1588.38,0.0,76450.0,0.0036,0.0
2025-10-27,F05,Premium,5380,9171,91710,1467.36,0.0,92044.0,0.0057,0.0
2025-10-28,F05,Premium,5328,9076,90765,1452.23,0.0,95046.0,0.0045,0.0
2025-10-29,F05,Premium,5253,9171,91710,1467.36,0.0,93728.0,0.0055,0.0
2025-10-30,F05,Premium,5262,9266,92656,1482.49,0.0,96553.0,0.0019,0.0
2025-10-31,F05,Premium,5789,9644,96437,1543.0,0.0,95267.0,0.0032,0.0
2025-11-01,F05,Premium,6501,11860,118598,1897.58,0.0,88495.0,0.0046,0.0
2025-11-02,F05,Premium,6492,11748,117480,1879.67,0.0,78712.0,0.0064,0.0
2025-11-03,F05,Premium,6267,10853,108529,1736.46,0.0,75515.0,0.0044,0.0
2025-11-04,F05,Premium,6262,10741,107410,1718.56,0.0,72447.0,0.0035,0.0
2025-11-05,F05,Premium,6019,10853,108529,1736.46,0.0,76983.0,0.0034,0.0
2025-11-06,F05,Premium,6250,10965,109648,1754.36,0.0,85702.0,0.0043,0.0
2025-11-07,F05,Premium,5666,11412,114123,1825.97,0.0,82243.0,0.0046,0.0
2025-11-08,F05,Premium,6975,11860,118598,1897.58,0.0,81855.0,0.0044,0.0
2025-11-09,F05,Premium,6305,11748,117480,1879.67,0.0,78351.0,0.0027,0.0
2025-11-10,F05,Premium,6124,10853,108529,1736.46,0.0,76244.0,0.0029,0.0
2025-11-11,F05,Premium,5558,10741,107410,1718.56,0.0,78397.0,0.0039,0.0
2025-11-12,F05,Premium,5782,10853,108529,1736.46,0.0,77020.0,0.0032,0.0
2025-11-13,F05,Premium,6466,10965,109648,1754.36,0.0,74705.0,0.0033,0.0
2025-11-14,F05,Premium,6532,11412,114123,1825.97,0.0,83491.0,0.0045,0.0
2025-11-15,F05,Premium,6912,11860,118598,1897.58,0.0,80671.0,0.003,0.0
2025-11-16,F05,Premium,6285,11748,117480,1879.67,0.0,77328.0,0.0032,0.0
2025-11-17,F05,Premium,5379,10853,108529,1193.82,0.0,78825.0,0.0035,0.0
2025-11-18,F05,Premium,5749,10741,107410,1181.51,0.0,80502.0,0.0038,0.0
2025-11-19,F05,Premium,5932,10853,108529,1193.82,0.0,77723.0,0.0038,0.0
2025-11-20,F05,Premium,6304,10965,109648,1206.12,0.0,88907.0,0.0042,0.0
2025-11-21,F05,Premium,6406,11412,114123,1255.35,0.0,92972.0,0.0039,0.0
2025-11-22,F05,Premium,6093,11860,118598,1304.58,0.0,84199.0,0.0053,0.0
2025-11-23,F05,Premium,5823,11748,117480,1292.28,0.0,92564.0,0.0034,0.0
2025-11-24,F05,Premium,5690,10853,108529,1193.82,0.0,87069.0,0.0047,0.0
2025-11-25,F05,Premium,5363,10741,107410,1181.51,0.0,85611.0,0.0045,0.0
2025-11-26,F05,Premium,5593,10853,108529,1193.82,0.0,93282.0,0.0027,0.0
2025-11-27,F05,Premium,6013,10965,109648,1206.12,0.0,95927.0,0.0055,0.0
2025-11-28,F05,Premium,6734,11412,114123,1255.35,0.0,89141.0,0.0047,0.0
2025-11-29,F05,Premium,6790,11860,118598,1304.58,0.0,91509.0,0.0036,0.0
2025-11-30,F05,Premium,6389,11748,117480,1292.28,0.0,88806.0,0.0044,0.0
2025-12-01,F05,Premium,6221,11761,117608,1293.69,0.0,93217.0,0.0062,0.0
2025-12-02,F05,Premium,6673,11640,116396,1280.36,0.0,93231.0,0.0037,0.0
2025-12-03,F05,Premium,5945,11761,117608,1293.69,0.0,87950.0,0.0038,0.0
2025-12-04,F05,Premium,6197,11882,118821,1307.03,0.0,74615.0,0.0048,0.0
2025-12-05,F05,Premium,6606,12367,123671,1360.38,0.0,75681.0,0.0043,0.0
2025-12-06,F05,Premium,6635,12852,128521,1413.73,0.0,82277.0,0.004,0.0
2025-12-07,F05,Premium,6528,12731,127308,1400.39,0.0,75868.0,0.0039,0.0
2025-12-08,F05,Premium,5950,11761,117608,1293.69,0.0,77221.0,0.0039,0.0
2025-12-09,F05,Premium,6527,11640,116396,1280.36,0.0,79815.0,0.0045,0.0
2025-12-10,F05,Premium,7032,11761,117608,1293.69,0.0,76288.0,0.004,0.0
2025-12-11,F05,Premium,6607,11882,118821,1307.03,0.0,79860.0,0.0038,0.0
2025-12-12,F05,Premium,6539,12367,123671,1360.38,0.0,78932.0,0.0032,0.0
2025-12-13,F05,Premium,7243,12852,128521,1413.73,0.0,72666.0,0.0046,0.0
2025-12-14,F05,Premium,6818,12731,127308,1400.39,0.0,73609.0,0.0042,0.0
2025-12-15,F05,Premium,6904,11761,117608,1293.69,0.0,81151.0,0.0043,0.0
2025-12-16,F05,Premium,6243,11640,116396,1280.36,0.0,78301.0,0.0036,0.0
2025-12-17,F05,Premium,6266,11761,117608,1293.69,0.0,78008.0,0.005,0.0
2025-12-18,F05,Premium,6144,11882,118821,1307.03,0.0,79693.0,0.0045,0.0
2025-12-19,F05,Premium,6818,12367,123671,1360.38,0.0,74123.0,0.0042,0.0
2025-12-20,F05,Premium,7009,12852,128521,1413.73,0.0,73402.0,0.0058,0.0
2025-12-21,F05,Premium,7400,12731,127308,1400.39,0.0,71737.0,0.0048,0.0
2025-12-22,F05,Premium,6516,11761,117608,1293.69,0.0,76424.0,0.0042,0.0
2025-12-23,F05,Premium,6939,11640,116396,1280.36,0.0,72363.0,0.0043,0.0
2025-12-24,F05,Premium,6691,11761,117608,1293.69,0.0,77161.0,0.0044,0.0
2025-12-25,F05,Premium,6399,11882,118821,1307.03,0.0,76307.0,0.0028,0.0
2025-12-26,F05,Premium,6612,12367,123671,1360.38,0.0,89712.0,0.0023,0.0
2025-12-27,F05,Premium,7208,12852,128521,1413.73,0.0,80059.0,0.0042,0.0
2025-12-28,F05,Premium,7207,12731,127308,1400.39,0.0,87353.0,0.0032,0.0
2025-12-29,F05,Premium,5786,11761,117608,1293.69,0.0,83840.0,0.004,0.0
2025-12-30,F05,Premium,6276,11640,116396,1280.36,0.0,87253.0,0.0027,0.0
2025-12-31,F05,Premium,6295,11761,117608,1293.69,0.0,84440.0,0.0058,0.0
2026-01-01,F05,Premium,7190,12090,120902,1329.93,0.0,81766.0,0.0051,0.0
2026-01-02,F05,Premium,6846,12584,125837,1384.21,0.0,83326.0,0.0031,0.0
2026-01-03,F05,Premium,8157,13077,130772,1438.49,0.0,87608.0,0.0028,0.0
2026-01-04,F05,Premium,7512,12954,129538,1424.92,0.0,83936.0,0.005,0.0
2026-01-05,F05,Premium,6626,11967,119669,1316.36,0.0,82818.0,0.0029,0.0
2026-01-06,F05,Premium,7264,11844,118435,1302.79,0.0,84570.0,0.0039,0.0
2026-01-07,F05,Premium,7115,11967,119669,1316.36,0.0,78633.0,0.0051,0.0
2026-01-08,F05,Premium,7069,12090,120902,1329.93,0.0,74957.0,0.0032,0.0
2026-01-09,F05,Premium,7261,12584,125837,1384.21,0.0,76779.0,0.0044,0.0
2026-01-10,F05,Premium,7617,13077,130772,1438.49,0.0,73817.0,0.0021,0.0
2026-01-11,F05,Premium,8038,12954,129538,1424.92,0.0,68679.0,0.0043,0.0
2026-01-12,F05,Premium,6667,11967,119669,1316.36,0.0,74699.0,0.0035,0.0
2026-01-13,F05,Premium,6933,11844,118435,1302.79,0.0,72058.0,0.0053,0.0
2026-01-14,F05,Premium,7067,11967,119669,1316.36,0.0,75472.0,0.0035,0.0
2026-01-15,F05,Premium,7374,12090,120902,1329.93,0.0,77055.0,0.0055,0.0
2026-01-16,F05,Premium,7574,12584,125837,1384.21,0.0,72461.0,0.0051,0.0
2026-01-17,F05,Premium,8015,13077,130772,1438.49,0.0,76126.0,0.0028,0.0
2026-01-18,F05,Premium,8030,12954,129538,1424.92,0.0,75615.0,0.0048,0.0
2026-01-19,F05,Premium,7143,11967,119669,1316.36,0.0,71522.0,0.0064,0.0
2026-01-20,F05,Premium,6676,11844,118435,1302.79,0.0,71902.0,0.0045,0.0
2026-01-21,F05,Premium,6495,11967,119669,1316.36,0.0,72316.0,0.0044,0.0
2026-01-22,F05,Premium,8149,12090,120902,1329.93,0.0,67957.0,0.003,0.0
2026-01-23,F05,Premium,7871,12584,125837,1384.21,0.0,74110.0,0.005,0.0
2026-01-24,F05,Premium,7774,13077,130772,1438.49,0.0,73157.0,0.004,0.0
2026-01-25,F05,Premium,7603,12954,129538,1424.92,0.0,69224.0,0.0037,0.0
2026-01-26,F05,Premium,6992,11967,119669,1316.36,0.0,77959.0,0.0038,0.0
2026-01-27,F05,Premium,7112,11844,118435,1302.79,0.0,69717.0,0.005,0.0
2026-01-28,F05,Premium,7177,11967,119669,1316.36,0.0,66607.0,0.0035,0.0
2026-01-29,F05,Premium,6823,12090,120902,1329.93,0.0,71180.0,0.0042,0.0
2026-01-30,F05,Premium,6892,12584,125837,1384.21,0.0,73644.0,0.0042,0.0
2026-01-31,F05,Premium,8212,13077,130772,1438.49,0.0,73442.0,0.0041,0.0
2026-02-01,F05,Premium,8063,16200,161998,1781.98,0.0,68953.0,0.0031,0.0
2026-02-02,F05,Premium,7797,14966,149655,1421.73,0.0,71140.0,0.0057,0.0
2026-02-03,F05,Premium,7308,14811,148113,1407.07,0.0,65147.0,0.0043,0.0
2026-02-04,F05,Premium,7351,14966,149655,1421.73,0.0,68357.0,0.0027,0.0
2026-02-05,F05,Premium,8007,15120,151198,1436.38,0.0,72249.0,0.0044,0.0
2026-02-06,F05,Premium,7387,15737,157370,1495.01,0.0,83153.0,0.0049,0.0
2026-02-07,F05,Premium,7562,16354,163541,1553.64,0.0,79483.0,0.007,0.0
2026-02-08,F05,Premium,7285,16200,161998,1538.98,0.0,75908.0,0.0043,0.0
2026-02-09,F05,Premium,7749,14966,149655,1421.73,0.0,80673.0,0.0022,0.0
2026-02-10,F05,Premium,7805,14811,148113,1407.07,0.0,86091.0,0.0052,0.0
2026-02-11,F05,Premium,7132,14966,149655,1421.73,0.0,82275.0,0.003,0.0
2026-02-12,F05,Premium,7628,15120,151198,1436.38,0.0,80152.0,0.0049,0.0
2026-02-13,F05,Premium,8638,15737,157370,1495.01,0.0,85149.0,0.0054,0.0
2026-02-14,F05,Premium,8236,16354,163541,1553.64,0.0,78171.0,0.0039,0.0
2026-02-15,F05,Premium,8066,16200,161998,1538.98,0.0,85799.0,0.0043,0.0
2026-02-16,F05,Premium,7637,14966,149655,1421.73,0.0,72904.0,0.0061,0.0
2026-02-17,F05,Premium,7595,14811,148113,1407.07,0.0,75499.0,0.0034,0.0
2026-02-18,F05,Premium,7726,14966,149655,1421.73,0.0,67758.0,0.0041,0.0
2026-02-19,F05,Premium,7169,15120,151198,1436.38,0.0,73224.0,0.0085,0.0
2026-02-20,F05,Premium,7837,15737,157370,1495.01,0.0,69253.0,0.0039,0.0
2026-02-21,F05,Premium,8808,16354,163541,1553.64,0.0,71615.0,0.0047,0.0
2026-02-22,F05,Premium,8611,16200,161998,1538.98,0.0,67675.0,0.0039,0.0
2026-02-23,F05,Premium,8149,14966,149655,1421.73,0.0,69519.0,0.0047,0.0
2026-02-24,F05,Premium,7577,14811,148113,1407.07,0.0,69296.0,0.0039,0.0
2026-02-25,F05,Premium,8217,14966,149655,1421.73,0.0,73726.0,0.0039,0.0
2026-02-26,F05,Premium,7560,15120,151198,1436.38,0.0,69340.0,0.0041,0.0
2026-02-27,F05,Premium,7615,15737,157370,1495.01,0.0,71455.0,0.0049,0.0
2026-02-28,F05,Premium,9184,16354,163541,1553.64,0.0,71573.0,0.003,0.0
2026-03-01,F05,Premium,8465,16121,161209,1531.49,0.0,70069.0,0.0056,0.0
2026-03-02,F05,Premium,7870,13807,138068,1311.64,0.0,69362.0,0.0035,0.0
2026-03-03,F05,Premium,8938,13664,136644,1298.12,0.0,75153.0,0.0042,0.0
2026-03-04,F05,Premium,7958,13807,138068,1311.64,0.0,66085.0,0.0076,0.0
2026-03-05,F05,Premium,7908,13949,139491,1325.16,0.0,70176.0,0.0029,0.0
2026-03-06,F05,Premium,8157,14518,145184,1379.25,0.0,71635.0,0.0034,0.0
2026-03-07,F05,Premium,8695,15088,150878,1433.34,0.0,67444.0,0.0035,0.0
2026-03-08,F05,Premium,8331,14945,149455,1419.82,0.0,68282.0,0.004,0.0
2026-03-09,F05,Premium,8175,13807,138068,1311.64,0.0,64278.0,0.003,0.0
2026-03-10,F05,Premium,8134,13664,136644,1298.12,0.0,64571.0,0.0037,0.0
2026-03-11,F05,Premium,8541,13807,138068,1311.64,0.0,66024.0,0.004,0.0
2026-03-12,F05,Premium,8592,13949,139491,1325.16,0.0,70574.0,0.0046,0.0
2026-03-13,F05,Premium,8759,14518,145184,1379.25,0.0,75575.0,0.004,0.0
2026-03-14,F05,Premium,8580,15088,150878,1433.34,0.0,67460.0,0.0046,0.0
2026-03-15,F05,Premium,8491,14945,149455,1419.82,0.0,64913.0,0.0033,0.0
2026-03-16,F05,Premium,7849,13807,138068,1311.64,0.0,71948.0,0.0025,0.0
2026-03-17,F05,Premium,7973,13664,136644,1298.12,0.0,69879.0,0.0042,0.0
2026-03-18,F05,Premium,8919,13807,138068,1311.64,0.0,67026.0,0.0035,0.0
2026-03-19,F05,Premium,8810,13949,139491,1325.16,0.0,70180.0,0.0043,0.0
2026-03-20,F05,Premium,8830,14518,145184,1379.25,0.0,71214.0,0.003,0.0
2026-03-21,F05,Premium,8543,15088,150878,1433.34,0.0,66690.0,0.0037,0.0
2026-03-22,F05,Premium,8672,14945,149455,1419.82,0.0,62607.0,0.0041,0.0
2026-03-23,F05,Premium,8528,13807,138068,1311.64,0.0,62063.0,0.004,0.0
2026-03-24,F05,Premium,8019,13664,136644,1298.12,0.0,66428.0,0.0055,0.0
2026-03-25,F05,Premium,7656,13807,138068,1311.64,0.0,65418.0,0.0034,0.0
2026-03-26,F05,Premium,8361,13949,139491,1325.16,0.0,67856.0,0.0053,0.0
2026-03-27,F05,Premium,8512,14518,145184,1379.25,0.0,65035.0,0.0051,0.0
2026-03-28,F05,Premium,8563,15088,150878,1433.34,0.0,69914.0,0.0032,0.0
2026-03-29,F05,Premium,8364,14945,149455,1419.82,0.0,65445.0,0.0055,0.0
2026-03-30,F05,Premium,7721,13807,138068,1311.64,0.0,72170.0,0.006,0.0
2026-03-31,F05,Premium,8349,13664,136644,1298.12,0.0,62512.0,0.0048,0.0
2026-04-01,F05,Premium,7983,14893,148932,1414.86,0.0,68273.0,0.0035,0.0
2026-04-02,F05,Premium,9442,15047,150468,1429.44,0.0,66142.0,0.0071,0.0
2026-04-03,F05,Premium,9820,15661,156609,1487.79,0.0,68987.0,0.0045,0.0
2026-04-04,F05,Premium,9376,16275,162751,1546.13,0.0,68084.0,0.0032,0.0
2026-04-05,F05,Premium,8168,16122,161215,1531.54,0.0,67392.0,0.0044,0.0
2026-04-06,F05,Premium,8860,14893,148932,1414.86,0.0,66130.0,0.0037,0.0
2026-04-07,F05,Premium,8583,14740,147397,1400.27,0.0,69065.0,0.0026,0.0
2026-04-08,F05,Premium,9168,14893,148932,1414.86,0.0,61357.0,0.0033,0.0
2026-04-09,F05,Premium,8470,15047,150468,1429.44,0.0,62446.0,0.0048,0.0
2026-04-10,F05,Premium,8685,15661,156609,1487.79,0.0,68657.0,0.0039,0.0
2026-04-11,F05,Premium,9421,16275,162751,1546.13,0.0,68545.0,0.0022,0.0
2026-04-12,F05,Premium,9689,16122,161215,1531.54,0.0,71560.0,0.0045,0.0
2026-04-13,F05,Premium,8504,14893,148932,1414.86,0.0,67845.0,0.004,0.0
2026-04-14,F05,Premium,8574,14740,147397,1400.27,0.0,67258.0,0.0037,0.0
2026-04-15,F05,Premium,7937,14893,148932,1414.86,0.0,72642.0,0.0032,0.0
2026-04-16,F05,Premium,8487,15047,150468,1429.44,0.0,69135.0,0.003,0.0
2026-04-17,F05,Premium,8721,15661,156609,1487.79,0.0,77768.0,0.0025,0.0
2026-04-18,F05,Premium,10932,16275,162751,1546.13,0.0,67586.0,0.0051,0.0
2026-04-19,F05,Premium,9737,16122,161215,1531.54,0.0,79397.0,0.0032,0.0
2026-04-20,F05,Premium,8734,14893,148932,1414.86,0.0,77009.0,0.0041,0.0
2026-04-21,F05,Premium,8319,14740,147397,1400.27,0.0,68924.0,0.0045,0.0
2026-04-22,F05,Premium,8296,14893,148932,1414.86,0.0,78521.0,0.0037,0.0
2026-04-23,F05,Premium,8691,15047,150468,1429.44,0.0,78860.0,0.0056,0.0
2026-04-24,F05,Premium,8746,15661,156609,1487.79,0.0,73847.0,0.0034,0.0
2026-04-25,F05,Premium,8392,16275,162751,1546.13,0.0,78221.0,0.0043,0.0
2026-04-26,F05,Premium,10467,16122,161215,1531.54,0.0,73391.0,0.0029,0.0
2026-04-27,F05,Premium,8357,14893,148932,1414.86,0.0,69085.0,0.0047,0.0
2026-04-28,F05,Premium,8342,14740,147397,1400.27,0.0,65723.0,0.0039,0.0
2026-04-29,F05,Premium,8136,14893,148932,1414.86,0.0,65568.0,0.0044,0.0
2026-04-30,F05,Premium,8397,15047,150468,1429.44,0.0,62019.0,0.005,0.0
2026-05-01,F05,Premium,9398,16089,160892,1528.47,0.0,61274.0,0.0076,0.0
2026-05-02,F05,Premium,8690,16720,167201,1588.41,0.0,72389.0,0.0052,0.0
2026-05-03,F05,Premium,9470,16562,165624,1573.43,0.0,64218.0,0.0043,0.0
2026-05-04,F05,Premium,8627,15300,153005,1453.55,0.0,70411.0,0.0064,0.0
2026-05-05,F05,Premium,8581,15143,151427,1438.56,0.0,69636.0,0.0047,0.0
2026-05-06,F05,Premium,9521,15300,153005,1453.55,0.0,66115.0,0.0044,0.0
2026-05-07,F05,Premium,9367,15458,154582,1468.53,0.0,70155.0,0.0049,0.0
2026-05-08,F05,Premium,10068,16089,160892,1528.47,0.0,60658.0,0.0042,0.0
2026-05-09,F05,Premium,8752,16720,167201,1588.41,0.0,64334.0,0.004,0.0
2026-05-10,F05,Premium,10331,16562,165624,1573.43,0.0,64465.0,0.0027,0.0
2026-05-11,F05,Premium,8214,15300,153005,1453.55,0.0,63422.0,0.0056,0.0
2026-05-12,F05,Premium,9268,15143,151427,1438.56,0.0,70464.0,0.0049,0.0
2026-05-13,F05,Premium,8977,15300,153005,1453.55,0.0,66030.0,0.0034,0.0
2026-05-14,F05,Premium,8932,15458,154582,1468.53,0.0,68917.0,0.0039,0.0
2026-05-15,F05,Premium,9520,16089,160892,1528.47,0.0,75402.0,0.0054,0.0
2026-05-16,F05,Premium,10598,16720,167201,1588.41,0.0,68844.0,0.004,0.0
2026-05-17,F05,Premium,9960,16562,165624,1573.43,0.0,61466.0,0.0052,0.0
2026-05-18,F05,Premium,9301,15300,153005,1453.55,0.0,64282.0,0.0042,0.0
2026-05-19,F05,Premium,9245,15143,151427,1438.56,0.0,62856.0,0.0062,0.0
2026-05-20,F05,Premium,9339,15300,153005,1453.55,0.0,66474.0,0.0035,0.0
2026-05-21,F05,Premium,8905,15458,154582,1468.53,0.0,68728.0,0.0032,0.0
2026-05-22,F05,Premium,9117,16089,160892,1528.47,0.0,67903.0,0.0051,0.0
2026-05-23,F05,Premium,9753,16720,167201,1588.41,0.0,72412.0,0.0037,0.0
2026-05-24,F05,Premium,10456,16562,165624,1573.43,0.0,65654.0,0.0035,0.0
2026-05-25,F05,Premium,9294,15300,153005,1453.55,0.0,64485.0,0.0046,0.0
2026-05-26,F05,Premium,9039,15143,151427,1438.56,0.0,62004.0,0.0034,0.0
2026-05-27,F05,Premium,9427,15300,153005,1453.55,0.0,64033.0,0.0068,0.0
2026-05-28,F05,Premium,8292,15458,154582,1468.53,0.0,70042.0,0.0053,0.0
2026-05-29,F05,Premium,9084,16089,160892,1528.47,0.0,70040.0,0.0038,0.0
2026-05-30,F05,Premium,9421,16720,167201,1588.41,0.0,66438.0,0.0044,0.0
2026-05-31,F05,Premium,9564,16562,165624,1573.43,0.0,68562.0,0.0044,0.0
2026-06-01,F05,Premium,9182,16593,165933,1576.36,0.0,66094.0,0.0068,0.0
2026-06-02,F05,Premium,9275,16422,164222,1560.11,0.0,70409.0,0.0046,0.0
2026-06-03,F05,Premium,9896,16593,165933,1576.36,0.0,68978.0,0.0046,0.0
2026-06-04,F05,Premium,10500,16764,167643,1592.61,0.0,64899.0,0.0041,0.0
2026-06-05,F05,Premium,9916,17449,174486,1657.62,0.0,66501.0,0.002,0.0
2026-06-06,F05,Premium,10191,18133,181329,1722.62,0.0,66688.0,0.0044,0.0
2026-06-07,F05,Premium,11039,17962,179618,1706.37,0.0,69599.0,0.0057,0.0
2026-06-08,F05,Premium,9399,16593,165933,1576.36,0.0,62871.0,0.0049,0.0
2026-06-09,F05,Premium,9126,16422,164222,1560.11,0.0,67860.0,0.0038,0.0
2026-06-10,F05,Premium,8977,16593,165933,1576.36,0.0,67016.0,0.0048,0.0
2026-06-11,F05,Premium,9919,16764,167643,1592.61,0.0,69892.0,0.0041,0.0
2026-06-12,F05,Premium,10195,17449,174486,1657.62,0.0,57636.0,0.0041,0.0
2026-06-13,F05,Premium,9318,18133,181329,1722.62,0.0,66090.0,0.0048,0.0
2026-06-14,F05,Premium,10209,17962,179618,1706.37,0.0,72658.0,0.0034,0.0
2026-06-15,F05,Premium,9017,16593,165933,1576.36,0.0,67574.0,0.0041,0.0
2026-06-16,F05,Premium,9174,16422,164222,1560.11,0.0,65663.0,0.0031,0.0
2026-06-17,F05,Premium,8524,16593,165933,1576.36,0.0,68191.0,0.0028,0.0
2026-06-18,F05,Premium,9723,16764,167643,1592.61,0.0,68102.0,0.0049,0.0
2026-06-19,F05,Premium,9376,17449,174486,1657.62,0.0,68401.0,0.0038,0.0
2026-06-20,F05,Premium,10667,18133,181329,1722.62,0.0,62802.0,0.0026,0.0
2026-06-21,F05,Premium,9974,17962,179618,1706.37,0.0,64467.0,0.0054,0.0
2026-06-22,F05,Premium,9465,16593,165933,1576.36,0.0,64324.0,0.0042,0.0
2026-06-23,F05,Premium,9159,16422,164222,1560.11,0.0,69369.0,0.0044,0.0
2026-06-24,F05,Premium,10509,16593,165933,1576.36,0.0,70345.0,0.0037,0.0
2026-06-25,F05,Premium,9600,16764,167643,1592.61,0.0,66631.0,0.0054,0.0
2026-06-26,F05,Premium,10057,17449,174486,1657.62,0.0,60299.0,0.0058,0.0
2026-06-27,F05,Premium,10056,18133,181329,1722.62,0.0,70073.0,0.0037,0.0
2026-06-28,F05,Premium,10555,17962,179618,1706.37,0.0,64700.0,0.0049,0.0
2026-06-29,F05,Premium,9360,16593,165933,1576.36,0.0,64365.0,0.0033,0.0
2026-06-30,F05,Premium,9019,16422,164222,1560.11,0.0,62545.0,0.0036,0.0
2026-07-01,F05,Premium,9854,17233,172328,1637.11,0.0,80451.0,0.0035,0.0
2026-07-02,F05,Premium,9831,17410,174104,1653.99,0.0,73085.0,0.0018,0.0
2026-07-03,F05,Premium,10462,18121,181210,1721.5,0.0,76864.0,0.0041,0.0
2026-07-04,F05,Premium,11725,18832,188317,1789.01,0.0,74802.0,0.0025,0.0
2026-07-05,F05,Premium,10296,18654,186540,1772.13,0.0,78098.0,0.0058,0.0
2026-07-06,F05,Premium,9923,17233,172328,1637.11,0.0,76398.0,0.0041,0.0
2026-07-07,F05,Premium,9791,17055,170551,1620.23,0.0,75860.0,0.0045,0.0
2026-07-08,F05,Premium,10095,17233,172328,1637.11,0.0,74950.0,0.003,0.0
2026-07-09,F05,Premium,9871,17410,174104,1653.99,0.0,76557.0,0.0034,0.0
2026-07-10,F05,Premium,10058,18121,181210,1721.5,0.0,78190.0,0.0036,0.0
2026-07-11,F05,Premium,10748,18832,188317,1789.01,0.0,64780.0,0.0037,0.0
2026-07-12,F05,Premium,10492,18654,186540,1772.13,0.0,68036.0,0.0035,0.0
2026-07-13,F05,Premium,9917,17233,172328,1637.11,0.0,72213.0,0.0035,0.0
2026-07-14,F05,Premium,10561,17055,170551,1620.23,0.0,68365.0,0.0024,0.0
2026-07-15,F05,Premium,9587,17233,172328,1637.11,0.0,73533.0,0.0052,0.0
2026-07-16,F05,Premium,9607,17410,174104,1653.99,0.0,66725.0,0.0045,0.0
2026-07-17,F05,Premium,10551,18121,181210,1721.5,0.0,65435.0,0.0049,0.0
2026-07-18,F05,Premium,11234,18832,188317,1789.01,0.0,69042.0,0.0034,0.0
2026-07-19,F05,Premium,10407,18654,186540,1772.13,0.0,65223.0,0.003,0.0
2026-07-20,F05,Premium,10646,17233,172328,1637.11,0.0,63434.0,0.003,0.0
2026-07-21,F05,Premium,9687,17055,170551,1620.23,0.0,67336.0,0.0052,0.0
2026-07-22,F05,Premium,10489,17233,172328,1637.11,0.0,64592.0,0.0052,0.0
2026-07-23,F05,Premium,10239,17410,174104,1653.99,0.0,66089.0,0.0032,0.0
2026-07-24,F05,Premium,10696,18121,181210,1721.5,0.0,60216.0,0.0047,0.0
2026-07-25,F05,Premium,9874,18832,188317,1789.01,0.0,67595.0,0.0052,0.0
2026-07-26,F05,Premium,11258,18654,186540,1772.13,0.0,66747.0,0.004,0.0
2026-07-27,F05,Premium,9385,17233,172328,1637.11,0.0,64889.0,0.006,0.0
2026-07-28,F05,Premium,9987,17055,170551,1620.23,0.0,69211.0,0.0045,0.0
2026-07-29,F05,Premium,9052,17233,172328,1637.11,0.0,64861.0,0.0027,0.0
2026-07-30,F05,Premium,9790,17410,174104,1653.99,0.0,69041.0,0.0035,0.0
2026-07-31,F05,Premium,9552,18121,181210,1721.5,0.0,72469.0,0.0037,0.0
2026-08-01,F05,Premium,11860,19965,199648,1896.66,0.0,69017.0,0.0047,0.0
2026-08-02,F05,Premium,10601,19776,197764,1878.76,0.0,61023.0,0.0038,0.0
2026-08-03,F05,Premium,10257,18270,182697,1735.62,0.0,64828.0,0.0054,0.0
2026-08-04,F05,Premium,9801,18081,180813,1717.73,0.0,69650.0,0.0036,0.0
2026-08-05,F05,Premium,11053,18270,182697,1735.62,0.0,64897.0,0.0041,0.0
2026-08-06,F05,Premium,11479,18458,184580,1753.51,0.0,63402.0,0.0047,0.0
2026-08-07,F05,Premium,12241,19211,192114,1825.08,0.0,65863.0,0.0037,0.0
2026-08-08,F05,Premium,11169,19965,199648,1896.66,0.0,66097.0,0.0034,0.0
2026-08-09,F05,Premium,12338,19776,197764,1878.76,0.0,69050.0,0.0035,0.0
2026-08-10,F05,Premium,11083,18270,182697,1735.62,0.0,65686.0,0.0044,0.0
2026-08-11,F05,Premium,9820,18081,180813,1717.73,0.0,68094.0,0.0038,0.0
2026-08-12,F05,Premium,11236,18270,182697,1735.62,0.0,63995.0,0.0045,0.0
2026-08-13,F05,Premium,11029,18458,184580,1753.51,0.0,66692.0,0.0023,0.0
2026-08-14,F05,Premium,11985,19211,192114,1825.08,0.0,71855.0,0.0033,0.0
2026-08-15,F05,Premium,11481,19965,199648,1896.66,0.0,70196.0,0.0046,0.0
2026-08-16,F05,Premium,11115,19776,197764,1878.76,0.0,69380.0,0.0032,0.0
2026-08-17,F05,Premium,10227,18270,182697,1735.62,0.0,64856.0,0.0048,0.0
2026-08-18,F05,Premium,10327,18081,180813,1717.73,0.0,64703.0,0.0045,0.0
2026-08-19,F05,Premium,11885,18270,182697,1735.62,0.0,68104.0,0.0045,0.0
2026-08-20,F05,Premium,10110,18458,184580,1753.51,0.0,77328.0,0.0042,0.0
2026-08-21,F05,Premium,12024,19211,192114,1825.08,0.0,73795.0,0.0031,0.0
2026-08-22,F05,Premium,11086,19965,199648,1896.66,0.0,78606.0,0.0039,0.0
2026-08-23,F05,Premium,12281,19776,197764,1878.76,0.0,79617.0,0.0045,0.0
2026-08-24,F05,Premium,10407,18270,182697,1735.62,0.0,72455.0,0.0045,0.0
2026-08-25,F05,Premium,10809,18081,180813,1717.73,0.0,79171.0,0.0072,0.0
2026-08-26,F05,Premium,11591,18270,182697,1735.62,0.0,66699.0,0.0048,0.0
2026-08-27,F05,Premium,10930,18458,184580,1753.51,0.0,76510.0,0.004,0.0
2026-08-28,F05,Premium,11093,19211,192114,1825.08,0.0,69756.0,0.0029,0.0
2026-08-29,F05,Premium,12127,19965,199648,1896.66,0.0,75591.0,0.0036,0.0
2026-08-30,F05,Premium,12808,19776,197764,1878.76,0.0,75360.0,0.0041,0.0
2026-08-31,F05,Premium,10204,18270,182697,1735.62,0.0,80995.0,0.0026,0.0
2024-01-01,F06,Premium,88,1237,2474,14.84,0.0,16502.0,0.0049,0.0
2024-01-02,F06,Premium,80,1224,2448,14.69,0.0,15893.0,0.0033,0.0
2024-01-03,F06,Premium,83,1237,2474,14.84,0.0,15307.0,0.0053,0.0
2024-01-04,F06,Premium,86,1250,2499,15.0,0.0,15555.0,0.0043,0.0
2024-01-05,F06,Premium,98,1301,2601,15.61,0.0,17702.0,0.0036,0.0
2024-01-06,F06,Premium,91,1352,2703,16.22,0.0,16221.0,0.0049,0.0
2024-01-07,F06,Premium,89,1339,2678,16.07,0.0,14038.0,0.0032,0.0
2024-01-08,F06,Premium,89,1237,2474,14.84,0.0,14010.0,0.0056,0.0
2024-01-09,F06,Premium,83,1224,2448,14.69,0.0,14289.0,0.0044,0.0
2024-01-10,F06,Premium,78,1237,2474,14.84,0.0,12565.0,0.005,0.0
2024-01-11,F06,Premium,91,1250,2499,15.0,0.0,12847.0,0.0043,0.0
2024-01-12,F06,Premium,87,1301,2601,15.61,0.0,12992.0,0.0059,0.0
2024-01-13,F06,Premium,89,1352,2703,16.22,0.0,13407.0,0.004,0.0
2024-01-14,F06,Premium,100,1339,2678,16.07,0.0,13368.0,0.0025,0.0
2024-01-15,F06,Premium,75,1237,2474,14.84,0.0,14233.0,0.0041,0.0
2024-01-16,F06,Premium,79,1224,2448,14.69,0.0,14691.0,0.004,0.0
2024-01-17,F06,Premium,79,1237,2474,14.84,0.0,13053.0,0.0038,0.0
2024-01-18,F06,Premium,92,1250,2499,15.0,0.0,13966.0,0.004,0.0
2024-01-19,F06,Premium,89,1301,2601,15.61,0.0,15204.0,0.0057,0.0
2024-01-20,F06,Premium,92,1352,2703,16.22,0.0,13639.0,0.0043,0.0
2024-01-21,F06,Premium,91,1339,2678,16.07,0.0,13462.0,0.0036,0.0
2024-01-22,F06,Premium,80,1237,2474,14.84,0.0,13654.0,0.0051,0.0
2024-01-23,F06,Premium,79,1224,2448,14.69,0.0,14099.0,0.0049,0.0
2024-01-24,F06,Premium,85,1237,2474,14.84,0.0,12322.0,0.005,0.0
2024-01-25,F06,Premium,87,1250,2499,15.0,0.0,13671.0,0.0035,0.0
2024-01-26,F06,Premium,82,1301,2601,15.61,0.0,14199.0,0.004,0.0
2024-01-27,F06,Premium,89,1352,2703,16.22,0.0,13887.0,0.0036,0.0
2024-01-28,F06,Premium,86,1339,2678,16.07,0.0,14595.0,0.0052,0.0
2024-01-29,F06,Premium,77,1237,2474,14.84,0.0,13235.0,0.0038,0.0
2024-01-30,F06,Premium,85,1224,2448,14.69,0.0,13464.0,0.0023,0.0
2024-01-31,F06,Premium,73,1237,2474,14.84,0.0,14625.0,0.0057,0.0
2024-02-01,F06,Premium,105,1686,3373,20.24,0.0,14589.0,0.0047,0.0
2024-02-02,F06,Premium,122,1755,3511,21.06,0.0,14660.0,0.0045,0.0
2024-02-03,F06,Premium,123,1824,3648,21.89,0.0,15524.0,0.0035,0.0
2024-02-04,F06,Premium,117,1807,3614,21.68,0.0,13759.0,0.0025,0.0
2024-02-05,F06,Premium,110,1669,3338,20.03,0.0,14102.0,0.004,0.0
2024-02-06,F06,Premium,103,1652,3304,19.82,0.0,14073.0,0.004,0.0
2024-02-07,F06,Premium,111,1669,3338,20.03,0.0,16381.0,0.0029,0.0
2024-02-08,F06,Premium,108,1686,3373,20.24,0.0,16733.0,0.0034,0.0
2024-02-09,F06,Premium,110,1755,3511,21.06,0.0,16878.0,0.0062,0.0
2024-02-10,F06,Premium,120,1824,3648,21.89,0.0,15821.0,0.0037,0.0
2024-02-11,F06,Premium,125,1807,3614,21.68,0.0,17292.0,0.0046,0.0
2024-02-12,F06,Premium,118,1669,3338,20.03,0.0,16296.0,0.0043,0.0
2024-02-13,F06,Premium,105,1652,3304,19.82,0.0,15161.0,0.0041,0.0
2024-02-14,F06,Premium,108,1669,3338,20.03,0.0,14601.0,0.004,0.0
2024-02-15,F06,Premium,112,1686,3373,20.24,0.0,15576.0,0.003,0.0
2024-02-16,F06,Premium,112,1755,3511,21.06,0.0,13598.0,0.0047,0.0
2024-02-17,F06,Premium,118,1824,3648,21.89,0.0,14099.0,0.0036,0.0
2024-02-18,F06,Premium,131,1807,3614,21.68,0.0,16115.0,0.006,0.0
2024-02-19,F06,Premium,120,1669,3338,20.03,0.0,13926.0,0.0033,0.0
2024-02-20,F06,Premium,108,1652,3304,19.82,0.0,13596.0,0.0034,0.0
2024-02-21,F06,Premium,107,1669,3338,20.03,0.0,15375.0,0.004,0.0
2024-02-22,F06,Premium,108,1686,3373,20.24,0.0,14138.0,0.0032,0.0
2024-02-23,F06,Premium,123,1755,3511,21.06,0.0,14332.0,0.0045,0.0
2024-02-24,F06,Premium,132,1824,3648,21.89,0.0,13321.0,0.0039,0.0
2024-02-25,F06,Premium,126,1807,3614,21.68,0.0,13200.0,0.0038,0.0
2024-02-26,F06,Premium,112,1669,3338,20.03,0.0,13746.0,0.004,0.0
2024-02-27,F06,Premium,105,1652,3304,19.82,0.0,13848.0,0.0039,0.0
2024-02-28,F06,Premium,113,1669,3338,20.03,0.0,13771.0,0.0051,0.0
2024-02-29,F06,Premium,115,1686,3373,20.24,0.0,13395.0,0.004,0.0
2024-03-01,F06,Premium,131,2007,4014,24.08,0.0,14157.0,0.0037,0.0
2024-03-02,F06,Premium,150,2086,4171,25.03,0.0,15179.0,0.0038,0.0
2024-03-03,F06,Premium,137,2066,4132,24.79,0.0,13717.0,0.0036,0.0
2024-03-04,F06,Premium,131,1709,3418,20.51,0.0,13734.0,0.0038,0.0
2024-03-05,F06,Premium,123,1692,3383,20.3,0.0,13852.0,0.0044,0.0
2024-03-06,F06,Premium,138,1709,3418,20.51,0.0,14301.0,0.0031,0.0
2024-03-07,F06,Premium,129,1727,3454,20.72,0.0,14107.0,0.0022,0.0
2024-03-08,F06,Premium,147,1797,3595,21.57,0.0,14062.0,0.0074,0.0
2024-03-09,F06,Premium,148,1868,3736,22.41,0.0,14658.0,0.0022,0.0
2024-03-10,F06,Premium,156,1850,3700,22.2,0.0,13882.0,0.0031,0.0
2024-03-11,F06,Premium,130,1709,3418,20.51,0.0,14014.0,0.0058,0.0
2024-03-12,F06,Premium,135,1692,3383,20.3,0.0,13737.0,0.0032,0.0
2024-03-13,F06,Premium,135,1709,3418,20.51,0.0,13650.0,0.0028,0.0
2024-03-14,F06,Premium,128,1727,3454,20.72,0.0,13629.0,0.0041,0.0
2024-03-15,F06,Premium,149,1797,3595,21.57,0.0,13588.0,0.0031,0.0
2024-03-16,F06,Premium,139,1868,3736,22.41,0.0,13247.0,0.0047,0.0
2024-03-17,F06,Premium,139,1850,3700,22.2,0.0,14466.0,0.0036,0.0
2024-03-18,F06,Premium,150,1709,3418,20.51,0.0,13390.0,0.0042,0.0
2024-03-19,F06,Premium,144,1692,3383,20.3,0.0,13347.0,0.004,0.0
2024-03-20,F06,Premium,130,1709,3418,20.51,0.0,14163.0,0.0035,0.0
2024-03-21,F06,Premium,150,1727,3454,20.72,0.0,14015.0,0.0038,0.0
2024-03-22,F06,Premium,150,1797,3595,21.57,0.0,12926.0,0.005,0.0
2024-03-23,F06,Premium,141,1868,3736,22.41,0.0,12339.0,0.0051,0.0
2024-03-24,F06,Premium,138,1850,3700,22.2,0.0,12330.0,0.0028,0.0
2024-03-25,F06,Premium,120,1709,3418,20.51,0.0,14037.0,0.0041,0.0
2024-03-26,F06,Premium,132,1692,3383,20.3,0.0,13705.0,0.0047,0.0
2024-03-27,F06,Premium,144,1709,3418,20.51,0.0,15887.0,0.0042,0.0
2024-03-28,F06,Premium,137,1727,3454,20.72,0.0,13024.0,0.0062,0.0
2024-03-29,F06,Premium,145,1797,3595,21.57,0.0,13432.0,0.0046,0.0
2024-03-30,F06,Premium,148,1868,3736,22.41,0.0,13413.0,0.0044,0.0
2024-03-31,F06,Premium,155,1850,3700,22.2,0.0,14097.0,0.0041,0.0
2024-04-01,F06,Premium,169,2069,4138,24.83,0.0,14724.0,0.0039,0.0
2024-04-02,F06,Premium,167,2048,4096,24.57,0.0,14155.0,0.004,0.0
2024-04-03,F06,Premium,160,2069,4138,24.83,0.0,14248.0,0.0049,0.0
2024-04-04,F06,Premium,166,2091,4181,25.09,0.0,12992.0,0.0029,0.0
2024-04-05,F06,Premium,163,2176,4352,26.11,0.0,13672.0,0.0035,0.0
2024-04-06,F06,Premium,180,2261,4522,27.13,0.0,14672.0,0.0034,0.0
2024-04-07,F06,Premium,171,2240,4480,26.88,0.0,14336.0,0.0029,0.0
2024-04-08,F06,Premium,157,2069,4138,24.83,0.0,14132.0,0.0045,0.0
2024-04-09,F06,Premium,157,2048,4096,24.57,0.0,14010.0,0.0075,0.0
2024-04-10,F06,Premium,158,2069,4138,24.83,0.0,14088.0,0.0033,0.0
2024-04-11,F06,Premium,166,2091,4181,25.09,0.0,13975.0,0.0038,0.0
2024-04-12,F06,Premium,156,2176,4352,26.11,0.0,15341.0,0.0031,0.0
2024-04-13,F06,Premium,159,2261,4522,27.13,0.0,13888.0,0.0029,0.0
2024-04-14,F06,Premium,166,2240,4480,26.88,0.0,12983.0,0.004,0.0
2024-04-15,F06,Premium,144,2069,4138,24.83,0.0,14551.0,0.0043,0.0
2024-04-16,F06,Premium,155,2048,4096,24.57,0.0,13070.0,0.0063,0.0
2024-04-17,F06,Premium,159,2069,4138,24.83,0.0,14631.0,0.0031,0.0
2024-04-18,F06,Premium,171,2091,4181,25.09,0.0,13490.0,0.0036,0.0
2024-04-19,F06,Premium,175,2176,4352,26.11,0.0,14036.0,0.0041,0.0
2024-04-20,F06,Premium,175,2261,4522,27.13,0.0,14459.0,0.0035,0.0
2024-04-21,F06,Premium,161,2240,4480,26.88,0.0,15039.0,0.0072,0.0
2024-04-22,F06,Premium,168,2069,4138,24.83,0.0,13787.0,0.0038,0.0
2024-04-23,F06,Premium,142,2048,4096,24.57,0.0,14317.0,0.0052,0.0
2024-04-24,F06,Premium,157,2069,4138,24.83,0.0,12496.0,0.0058,0.0
2024-04-25,F06,Premium,154,2091,4181,25.09,0.0,13934.0,0.0037,0.0
2024-04-26,F06,Premium,150,2176,4352,26.11,0.0,12626.0,0.0061,0.0
2024-04-27,F06,Premium,162,2261,4522,27.13,0.0,13507.0,0.0043,0.0
2024-04-28,F06,Premium,168,2240,4480,26.88,0.0,13887.0,0.0027,0.0
2024-04-29,F06,Premium,158,2069,4138,24.83,0.0,14738.0,0.0034,0.0
2024-04-30,F06,Premium,151,2048,4096,24.57,0.0,16135.0,0.0037,0.0
2024-05-01,F06,Premium,184,2364,4729,28.37,0.0,14018.0,0.0036,0.0
2024-05-02,F06,Premium,174,2389,4777,28.66,0.0,12841.0,0.0039,0.0
2024-05-03,F06,Premium,184,2486,4972,29.83,0.0,13731.0,0.0021,0.0
2024-05-04,F06,Premium,212,2584,5167,31.0,0.0,12890.0,0.0055,0.0
2024-05-05,F06,Premium,196,2559,5119,30.71,0.0,15931.0,0.0043,0.0
2024-05-06,F06,Premium,171,2364,4729,28.37,0.0,14857.0,0.0039,0.0
2024-05-07,F06,Premium,172,2340,4680,28.08,0.0,14528.0,0.0029,0.0
2024-05-08,F06,Premium,199,2364,4729,28.37,0.0,13741.0,0.0038,0.0
2024-05-09,F06,Premium,175,2389,4777,28.66,0.0,14306.0,0.005,0.0
2024-05-10,F06,Premium,200,2486,4972,29.83,0.0,14346.0,0.0031,0.0
2024-05-11,F06,Premium,187,2584,5167,31.0,0.0,14463.0,0.0042,0.0
2024-05-12,F06,Premium,198,2559,5119,30.71,0.0,14985.0,0.0038,0.0
2024-05-13,F06,Premium,183,2364,4729,28.37,0.0,15070.0,0.0042,0.0
2024-05-14,F06,Premium,175,2340,4680,28.08,0.0,13182.0,0.0046,0.0
2024-05-15,F06,Premium,176,2364,4729,28.37,0.0,12691.0,0.0033,0.0
2024-05-16,F06,Premium,174,2389,4777,28.66,0.0,13626.0,0.0042,0.0
2024-05-17,F06,Premium,194,2486,4972,29.83,0.0,13375.0,0.0047,0.0
2024-05-18,F06,Premium,202,2584,5167,31.0,0.0,13229.0,0.0032,0.0
2024-05-19,F06,Premium,192,2559,5119,30.71,0.0,13849.0,0.0027,0.0
2024-05-20,F06,Premium,187,2364,4729,28.37,0.0,15524.0,0.0054,0.0
2024-05-21,F06,Premium,170,2340,4680,28.08,0.0,14770.0,0.0048,0.0
2024-05-22,F06,Premium,178,2364,4729,28.37,0.0,13524.0,0.0079,0.0
2024-05-23,F06,Premium,180,2389,4777,28.66,0.0,13514.0,0.0031,0.0
2024-05-24,F06,Premium,181,2486,4972,29.83,0.0,13219.0,0.004,0.0
2024-05-25,F06,Premium,204,2584,5167,31.0,0.0,14355.0,0.0046,0.0
2024-05-26,F06,Premium,206,2559,5119,30.71,0.0,14146.0,0.0043,0.0
2024-05-27,F06,Premium,178,2364,4729,28.37,0.0,14534.0,0.0031,0.0
2024-05-28,F06,Premium,177,2340,4680,28.08,0.0,15368.0,0.0049,0.0
2024-05-29,F06,Premium,159,2364,4729,28.37,0.0,13909.0,0.0051,0.0
2024-05-30,F06,Premium,185,2389,4777,28.66,0.0,12690.0,0.0035,0.0
2024-05-31,F06,Premium,176,2486,4972,29.83,0.0,13605.0,0.0049,0.0
2024-06-01,F06,Premium,228,2919,5837,35.02,0.0,13967.0,0.0069,0.0
2024-06-02,F06,Premium,223,2891,5782,34.69,0.0,14249.0,0.0054,0.0
2024-06-03,F06,Premium,189,2386,4772,28.63,0.0,13495.0,0.0038,0.0
2024-06-04,F06,Premium,195,2361,4723,28.34,0.0,13791.0,0.0035,0.0
2024-06-05,F06,Premium,203,2386,4772,28.63,0.0,14758.0,0.0037,0.0
2024-06-06,F06,Premium,220,2411,4821,28.93,0.0,13255.0,0.005,0.0
2024-06-07,F06,Premium,210,2509,5018,30.11,0.0,14400.0,0.0039,0.0
2024-06-08,F06,Premium,232,2607,5215,31.29,0.0,13341.0,0.005,0.0
2024-06-09,F06,Premium,231,2583,5166,30.99,0.0,14242.0,0.0031,0.0
2024-06-10,F06,Premium,194,2386,4772,28.63,0.0,13852.0,0.0036,0.0
2024-06-11,F06,Premium,208,2361,4723,28.34,0.0,14052.0,0.0029,0.0
2024-06-12,F06,Premium,202,2386,4772,28.63,0.0,14116.0,0.0046,0.0
2024-06-13,F06,Premium,216,2411,4821,28.93,0.0,14306.0,0.0047,0.0
2024-06-14,F06,Premium,209,2509,5018,30.11,0.0,12481.0,0.0073,0.0
2024-06-15,F06,Premium,221,2607,5215,31.29,0.0,14338.0,0.0053,0.0
2024-06-16,F06,Premium,231,2583,5166,30.99,0.0,13933.0,0.0041,0.0
2024-06-17,F06,Premium,234,2386,4772,28.63,0.0,14001.0,0.0032,0.0
2024-06-18,F06,Premium,218,2361,4723,28.34,0.0,13614.0,0.0027,0.0
2024-06-19,F06,Premium,212,2386,4772,28.63,0.0,13665.0,0.0034,0.0
2024-06-20,F06,Premium,208,2411,4821,28.93,0.0,14703.0,0.0034,0.0
2024-06-21,F06,Premium,203,2509,5018,30.11,0.0,13980.0,0.004,0.0
2024-06-22,F06,Premium,220,2607,5215,31.29,0.0,13933.0,0.0045,0.0
2024-06-23,F06,Premium,235,2583,5166,30.99,0.0,13929.0,0.0042,0.0
2024-06-24,F06,Premium,199,2386,4772,28.63,0.0,14451.0,0.0044,0.0
2024-06-25,F06,Premium,201,2361,4723,28.34,0.0,13988.0,0.0035,0.0
2024-06-26,F06,Premium,211,2386,4772,28.63,0.0,14202.0,0.002,0.0
2024-06-27,F06,Premium,212,2411,4821,28.93,0.0,14732.0,0.0042,0.0
2024-06-28,F06,Premium,208,2509,5018,30.11,0.0,14001.0,0.0033,0.0
2024-06-29,F06,Premium,204,2607,5215,31.29,0.0,13083.0,0.0044,0.0
2024-06-30,F06,Premium,238,2583,5166,30.99,0.0,15927.0,0.0055,0.0
2024-07-01,F06,Premium,237,2686,5372,32.23,0.0,14026.0,0.0036,0.0
2024-07-02,F06,Premium,216,2658,5317,31.9,0.0,16094.0,0.0041,0.0
2024-07-03,F06,Premium,234,2686,5372,32.23,0.0,16504.0,0.0056,0.0
2024-07-04,F06,Premium,231,2714,5427,32.56,0.0,15014.0,0.0076,0.0
2024-07-05,F06,Premium,234,2824,5649,33.89,0.0,16735.0,0.0031,0.0
2024-07-06,F06,Premium,260,2935,5871,35.22,0.0,16655.0,0.0041,0.0
2024-07-07,F06,Premium,244,2908,5815,34.89,0.0,14399.0,0.0046,0.0
2024-07-08,F06,Premium,225,2686,5372,32.23,0.0,14953.0,0.0038,0.0
2024-07-09,F06,Premium,224,2658,5317,31.9,0.0,16292.0,0.0049,0.0
2024-07-10,F06,Premium,239,2686,5372,32.23,0.0,18563.0,0.0039,0.0
2024-07-11,F06,Premium,217,2714,5427,32.56,0.0,13112.0,0.0057,0.0
2024-07-12,F06,Premium,235,2824,5649,33.89,0.0,13062.0,0.0063,0.0
2024-07-13,F06,Premium,251,2935,5871,35.22,0.0,14444.0,0.0043,0.0
2024-07-14,F06,Premium,251,2908,5815,34.89,0.0,13188.0,0.004,0.0
2024-07-15,F06,Premium,242,2686,5372,32.23,0.0,14589.0,0.005,0.0
2024-07-16,F06,Premium,233,2658,5317,31.9,0.0,13357.0,0.0033,0.0
2024-07-17,F06,Premium,234,2686,5372,32.23,0.0,14106.0,0.0033,0.0
2024-07-18,F06,Premium,241,2714,5427,32.56,0.0,14074.0,0.0033,0.0
2024-07-19,F06,Premium,244,2824,5649,33.89,0.0,13356.0,0.0062,0.0
2024-07-20,F06,Premium,237,2935,5871,35.22,0.0,14200.0,0.0026,0.0
2024-07-21,F06,Premium,245,2908,5815,34.89,0.0,14654.0,0.0061,0.0
2024-07-22,F06,Premium,245,2686,5372,32.23,0.0,14333.0,0.0041,0.0
2024-07-23,F06,Premium,208,2658,5317,31.9,0.0,14481.0,0.0043,0.0
2024-07-24,F06,Premium,239,2686,5372,32.23,0.0,14271.0,0.0049,0.0
2024-07-25,F06,Premium,238,2714,5427,32.56,0.0,14076.0,0.0031,0.0
2024-07-26,F06,Premium,215,2824,5649,33.89,0.0,13065.0,0.0057,0.0
2024-07-27,F06,Premium,249,2935,5871,35.22,0.0,14814.0,0.0032,0.0
2024-07-28,F06,Premium,236,2908,5815,34.89,0.0,15117.0,0.0035,0.0
2024-07-29,F06,Premium,232,2686,5372,32.23,0.0,13647.0,0.0046,0.0
2024-07-30,F06,Premium,223,2658,5317,31.9,0.0,14769.0,0.0044,0.0
2024-07-31,F06,Premium,236,2686,5372,32.23,0.0,13696.0,0.0042,0.0
2024-08-01,F06,Premium,246,3019,6038,36.23,0.0,14349.0,0.0041,0.0
2024-08-02,F06,Premium,260,3142,6285,37.71,0.0,14613.0,0.0038,0.0
2024-08-03,F06,Premium,267,3266,6531,39.19,0.0,15189.0,0.0038,0.0
2024-08-04,F06,Premium,274,3235,6470,38.82,0.0,13677.0,0.0045,0.0
2024-08-05,F06,Premium,250,2988,5977,35.86,0.0,14046.0,0.0039,0.0
2024-08-06,F06,Premium,241,2958,5915,35.49,0.0,13775.0,0.0033,0.0
2024-08-07,F06,Premium,274,2988,5977,35.86,0.0,13900.0,0.003,0.0
2024-08-08,F06,Premium,253,3019,6038,36.23,0.0,14190.0,0.0075,0.0
2024-08-09,F06,Premium,275,3142,6285,37.71,0.0,14813.0,0.0033,0.0
2024-08-10,F06,Premium,283,3266,6531,39.19,0.0,14586.0,0.0044,0.0
2024-08-11,F06,Premium,283,3235,6470,38.82,0.0,14281.0,0.0029,0.0
2024-08-12,F06,Premium,280,2988,5977,35.86,0.0,12934.0,0.0044,0.0
2024-08-13,F06,Premium,258,2958,5915,35.49,0.0,13052.0,0.0032,0.0
2024-08-14,F06,Premium,250,2988,5977,35.86,0.0,14549.0,0.0037,0.0
2024-08-15,F06,Premium,279,3019,6038,36.23,0.0,13773.0,0.004,0.0
2024-08-16,F06,Premium,272,3142,6285,37.71,0.0,14944.0,0.005,0.0
2024-08-17,F06,Premium,288,3266,6531,39.19,0.0,13513.0,0.0033,0.0
2024-08-18,F06,Premium,287,3235,6470,38.82,0.0,13539.0,0.004,0.0
2024-08-19,F06,Premium,261,2988,5977,35.86,0.0,13637.0,0.0068,0.0
2024-08-20,F06,Premium,252,2958,5915,35.49,0.0,14503.0,0.0029,0.0
2024-08-21,F06,Premium,246,2988,5977,35.86,0.0,13278.0,0.0039,0.0
2024-08-22,F06,Premium,247,3019,6038,36.23,0.0,13466.0,0.0051,0.0
2024-08-23,F06,Premium,272,3142,6285,37.71,0.0,15309.0,0.0043,0.0
2024-08-24,F06,Premium,305,3266,6531,39.19,0.0,14300.0,0.0037,0.0
2024-08-25,F06,Premium,268,3235,6470,38.82,0.0,14094.0,0.0045,0.0
2024-08-26,F06,Premium,238,2988,5977,35.86,0.0,13874.0,0.0057,0.0
2024-08-27,F06,Premium,248,2958,5915,35.49,0.0,13634.0,0.0036,0.0
2024-08-28,F06,Premium,242,2988,5977,35.86,0.0,14597.0,0.0047,0.0
2024-08-29,F06,Premium,257,3019,6038,36.23,0.0,12675.0,0.0029,0.0
2024-08-30,F06,Premium,274,3142,6285,37.71,0.0,13412.0,0.005,0.0
2024-08-31,F06,Premium,276,3266,6531,39.19,0.0,13324.0,0.0041,0.0
2024-09-01,F06,Premium,286,3535,7069,42.42,0.0,14727.0,0.0041,0.0
2024-09-02,F06,Premium,271,3265,6531,39.18,0.0,14352.0,0.0042,0.0
2024-09-03,F06,Premium,267,3232,6463,38.78,0.0,13657.0,0.0034,0.0
2024-09-04,F06,Premium,269,3265,6531,39.18,0.0,13737.0,0.0042,0.0
2024-09-05,F06,Premium,283,3299,6598,39.59,0.0,14180.0,0.0033,0.0
2024-09-06,F06,Premium,287,3434,6867,41.2,0.0,13173.0,0.0031,0.0
2024-09-07,F06,Premium,294,3568,7137,42.82,0.0,15209.0,0.0031,0.0
2024-09-08,F06,Premium,315,3535,7069,42.42,0.0,14743.0,0.0054,0.0
2024-09-09,F06,Premium,322,3265,6531,39.18,0.0,14624.0,0.0041,0.0
2024-09-10,F06,Premium,297,3232,6463,38.78,0.0,13411.0,0.0047,0.0
2024-09-11,F06,Premium,243,3265,6531,39.18,0.0,13490.0,0.0048,0.0
2024-09-12,F06,Premium,285,3299,6598,39.59,0.0,14013.0,0.0024,0.0
2024-09-13,F06,Premium,294,3434,6867,41.2,0.0,14708.0,0.0048,0.0
2024-09-14,F06,Premium,292,3568,7137,42.82,0.0,14193.0,0.0033,0.0
2024-09-15,F06,Premium,292,3535,7069,42.42,0.0,14717.0,0.005,0.0
2024-09-16,F06,Premium,282,3265,6531,39.18,0.0,15058.0,0.0069,0.0
2024-09-17,F06,Premium,291,3232,6463,38.78,0.0,14034.0,0.0043,0.0
2024-09-18,F06,Premium,260,3265,6531,39.18,0.0,13956.0,0.0045,0.0
2024-09-19,F06,Premium,271,3299,6598,39.59,0.0,13959.0,0.0035,0.0
2024-09-20,F06,Premium,311,3434,6867,41.2,0.0,14028.0,0.0026,0.0
2024-09-21,F06,Premium,311,3568,7137,42.82,0.0,14550.0,0.0054,0.0
2024-09-22,F06,Premium,291,3535,7069,42.42,0.0,14550.0,0.0032,0.0
2024-09-23,F06,Premium,271,3265,6531,39.18,0.0,14736.0,0.0029,0.0
2024-09-24,F06,Premium,252,3232,6463,38.78,0.0,14007.0,0.005,0.0
2024-09-25,F06,Premium,271,3265,6531,39.18,0.0,14584.0,0.0035,0.0
2024-09-26,F06,Premium,262,3299,6598,39.59,0.0,13243.0,0.005,0.0
2024-09-27,F06,Premium,262,3434,6867,41.2,0.0,13753.0,0.0055,0.0
2024-09-28,F06,Premium,293,3568,7137,42.82,0.0,13825.0,0.003,0.0
2024-09-29,F06,Premium,316,3535,7069,42.42,0.0,13894.0,0.0044,0.0
2024-09-30,F06,Premium,307,3265,6531,39.18,0.0,13509.0,0.0033,0.0
2024-10-01,F06,Premium,291,3647,7293,43.76,0.0,14217.0,0.0043,0.0
2024-10-02,F06,Premium,294,3685,7369,44.21,0.0,13662.0,0.0071,0.0
2024-10-03,F06,Premium,286,3722,7445,44.67,0.0,13006.0,0.0029,0.0
2024-10-04,F06,Premium,297,3874,7749,46.49,0.0,12889.0,0.0052,0.0
2024-10-05,F06,Premium,347,4026,8053,48.32,0.0,13610.0,0.003,0.0
2024-10-06,F06,Premium,310,3988,7977,47.86,0.0,13694.0,0.0029,0.0
2024-10-07,F06,Premium,329,3685,7369,44.21,0.0,13826.0,0.0058,0.0
2024-10-08,F06,Premium,291,3647,7293,43.76,0.0,13987.0,0.0059,0.0
2024-10-09,F06,Premium,329,3685,7369,44.21,0.0,13279.0,0.0052,0.0
2024-10-10,F06,Premium,295,3722,7445,44.67,0.0,14375.0,0.0028,0.0
2024-10-11,F06,Premium,318,3874,7749,46.49,0.0,13792.0,0.0055,0.0
2024-10-12,F06,Premium,325,4026,8053,48.32,0.0,14916.0,0.0043,0.0
2024-10-13,F06,Premium,309,3988,7977,47.86,0.0,13924.0,0.003,0.0
2024-10-14,F06,Premium,282,3685,7369,44.21,0.0,14158.0,0.0052,0.0
2024-10-15,F06,Premium,283,3647,7293,43.76,0.0,13744.0,0.0037,0.0
2024-10-16,F06,Premium,314,3685,7369,44.21,0.0,14069.0,0.0055,0.0
2024-10-17,F06,Premium,335,3722,7445,44.67,0.0,15467.0,0.0027,0.0
2024-10-18,F06,Premium,329,3874,7749,46.49,0.0,13108.0,0.0048,0.0
2024-10-19,F06,Premium,328,4026,8053,48.32,0.0,14471.0,0.0034,0.0
2024-10-20,F06,Premium,317,3988,7977,47.86,0.0,12649.0,0.0033,0.0
2024-10-21,F06,Premium,310,3685,7369,44.21,0.0,13013.0,0.0067,0.0
2024-10-22,F06,Premium,299,3647,7293,43.76,0.0,13753.0,0.004,0.0
2024-10-23,F06,Premium,317,3685,7369,44.21,0.0,14975.0,0.0037,0.0
2024-10-24,F06,Premium,286,3722,7445,44.67,0.0,15214.0,0.0043,0.0
2024-10-25,F06,Premium,332,3874,7749,46.49,0.0,12905.0,0.0046,0.0
2024-10-26,F06,Premium,316,4026,8053,48.32,0.0,13549.0,0.0045,0.0
2024-10-27,F06,Premium,316,3988,7977,47.86,0.0,16614.0,0.0027,0.0
2024-10-28,F06,Premium,291,3685,7369,44.21,0.0,16044.0,0.0046,0.0
2024-10-29,F06,Premium,318,3647,7293,43.76,0.0,16211.0,0.0037,0.0
2024-10-30,F06,Premium,292,3685,7369,44.21,0.0,14907.0,0.0028,0.0
2024-10-31,F06,Premium,328,3722,7445,44.67,0.0,15622.0,0.0029,0.0
2024-11-01,F06,Premium,376,5021,10043,60.26,0.0,16198.0,0.0032,0.0
2024-11-02,F06,Premium,373,5218,10437,62.62,0.0,14073.0,0.0035,0.0
2024-11-03,F06,Premium,409,5169,10338,62.03,0.0,13970.0,0.0038,0.0
2024-11-04,F06,Premium,331,4775,9550,57.3,0.0,14569.0,0.0047,0.0
2024-11-05,F06,Premium,352,4709,9419,56.51,0.0,13817.0,0.0035,0.0
2024-11-06,F06,Premium,355,4742,9483,56.9,0.0,13725.0,0.0046,0.0
2024-11-07,F06,Premium,335,4774,9547,57.28,0.0,14441.0,0.0046,0.0
2024-11-08,F06,Premium,369,4951,9902,59.41,0.0,13728.0,0.0038,0.0
2024-11-09,F06,Premium,364,5127,10254,61.53,0.0,13231.0,0.0023,0.0
2024-11-10,F06,Premium,358,5061,10122,60.73,0.0,14552.0,0.0032,0.0
2024-11-11,F06,Premium,357,4659,9319,55.91,0.0,12972.0,0.0047,0.0
2024-11-12,F06,Premium,330,4595,9191,55.14,0.0,13899.0,0.0043,0.0
2024-11-13,F06,Premium,350,4627,9254,55.53,0.0,14462.0,0.0047,0.0
2024-11-14,F06,Premium,311,4659,9318,55.91,0.0,13725.0,0.0041,0.0
2024-11-15,F06,Premium,354,4832,9665,57.99,0.0,14369.0,0.0023,0.0
2024-11-16,F06,Premium,341,5005,10010,60.06,0.0,13365.0,0.0066,0.0
2024-11-17,F06,Premium,349,4941,9881,59.29,0.0,13977.0,0.0052,0.0
2024-11-18,F06,Premium,335,4549,9098,54.59,0.0,14916.0,0.0039,0.0
2024-11-19,F06,Premium,322,4487,8973,53.84,0.0,14063.0,0.0036,0.0
2024-11-20,F06,Premium,361,4518,9036,54.22,0.0,15434.0,0.0036,0.0
2024-11-21,F06,Premium,340,4549,9099,54.59,0.0,14279.0,0.0033,0.0
2024-11-22,F06,Premium,352,4719,9439,56.63,0.0,15892.0,0.0023,0.0
2024-11-23,F06,Premium,396,4888,9776,58.66,0.0,15201.0,0.0064,0.0
2024-11-24,F06,Premium,379,4826,9652,57.91,0.0,17373.0,0.0046,0.0
2024-11-25,F06,Premium,327,4443,8887,53.32,0.0,16463.0,0.0035,0.0
2024-11-26,F06,Premium,377,4383,8766,52.6,0.0,16765.0,0.0038,0.0
2024-11-27,F06,Premium,322,4414,8828,52.97,0.0,16315.0,0.0038,0.0
2024-11-28,F06,Premium,337,4445,8890,53.34,0.0,16054.0,0.0052,0.0
2024-11-29,F06,Premium,351,4611,9223,55.34,0.0,17010.0,0.0039,0.0
2024-11-30,F06,Premium,387,4777,9553,57.32,0.0,16394.0,0.0029,0.0
2024-12-01,F06,Premium,376,5120,10241,61.45,0.0,17093.0,0.0023,0.0
2024-12-02,F06,Premium,373,4715,9430,56.58,0.0,15926.0,0.0038,0.0
2024-12-03,F06,Premium,375,4651,9303,55.82,0.0,15554.0,0.0042,0.0
2024-12-04,F06,Premium,357,4685,9369,56.22,0.0,13779.0,0.0036,0.0
2024-12-05,F06,Premium,378,4718,9436,56.61,0.0,13541.0,0.0026,0.0
2024-12-06,F06,Premium,408,4895,9790,58.74,0.0,13829.0,0.0046,0.0
2024-12-07,F06,Premium,421,5071,10141,60.85,0.0,13184.0,0.0035,0.0
2024-12-08,F06,Premium,420,5007,10014,60.08,0.0,13428.0,0.0036,0.0
2024-12-09,F06,Premium,371,4611,9221,55.33,0.0,14483.0,0.0049,0.0
2024-12-10,F06,Premium,353,4549,9098,54.59,0.0,13724.0,0.0031,0.0
2024-12-11,F06,Premium,343,4582,9163,54.98,0.0,12739.0,0.0034,0.0
2024-12-12,F06,Premium,402,4614,9229,55.37,0.0,14855.0,0.0063,0.0
2024-12-13,F06,Premium,388,4788,9576,57.45,0.0,14628.0,0.0042,0.0
2024-12-14,F06,Premium,380,4960,9920,59.52,0.0,14879.0,0.0028,0.0
2024-12-15,F06,Premium,391,4898,9796,58.78,0.0,13107.0,0.0029,0.0
2024-12-16,F06,Premium,349,4511,9022,54.13,0.0,13542.0,0.0035,0.0
2024-12-17,F06,Premium,355,4451,8901,53.41,0.0,13184.0,0.0033,0.0
2024-12-18,F06,Premium,373,4483,8966,53.8,0.0,14623.0,0.003,0.0
2024-12-19,F06,Premium,372,4515,9031,54.19,0.0,13377.0,0.0049,0.0
2024-12-20,F06,Premium,407,4685,9371,56.22,0.0,12986.0,0.0044,0.0
2024-12-21,F06,Premium,459,4854,9709,58.25,0.0,12734.0,0.0028,0.0
2024-12-22,F06,Premium,407,4794,9588,57.53,0.0,15085.0,0.0039,0.0
2024-12-23,F06,Premium,393,4415,8830,52.98,0.0,14446.0,0.0045,0.0
2024-12-24,F06,Premium,377,4357,8713,52.28,0.0,14010.0,0.0042,0.0
2024-12-25,F06,Premium,346,4389,8777,52.66,0.0,13461.0,0.0059,0.0
2024-12-26,F06,Premium,387,4421,8841,53.05,0.0,15247.0,0.0048,0.0
2024-12-27,F06,Premium,369,4587,9174,55.05,0.0,15896.0,0.0046,0.0
2024-12-28,F06,Premium,395,4753,9506,57.03,0.0,16216.0,0.0048,0.0
2024-12-29,F06,Premium,423,4694,9388,56.33,0.0,16865.0,0.0044,0.0
2024-12-30,F06,Premium,360,4324,8647,51.88,0.0,17681.0,0.003,0.0
2024-12-31,F06,Premium,350,4266,8533,51.2,0.0,16543.0,0.0058,0.0
2025-01-01,F06,Premium,361,2673,5346,32.08,0.0,15174.0,0.0044,0.0
2025-01-02,F06,Premium,415,2693,5385,32.31,0.0,15661.0,0.0035,0.0
2025-01-03,F06,Premium,427,2794,5588,33.53,0.0,16109.0,0.0043,0.0
2025-01-04,F06,Premium,396,2904,5808,34.85,0.0,16640.0,0.0046,0.0
2025-01-05,F06,Premium,423,2876,5753,34.52,0.0,14991.0,0.0035,0.0
2025-01-06,F06,Premium,373,2657,5314,31.89,0.0,14740.0,0.0035,0.0
2025-01-07,F06,Premium,393,2630,5260,31.56,0.0,14453.0,0.0063,0.0
2025-01-08,F06,Premium,398,2657,5314,31.89,0.0,14392.0,0.0046,0.0
2025-01-09,F06,Premium,438,2685,5369,32.22,0.0,13344.0,0.003,0.0
2025-01-10,F06,Premium,429,2794,5588,33.53,0.0,13990.0,0.004,0.0
2025-01-11,F06,Premium,438,2904,5808,34.85,0.0,13421.0,0.0069,0.0
2025-01-12,F06,Premium,438,2876,5753,34.52,0.0,13653.0,0.0048,0.0
2025-01-13,F06,Premium,428,2657,5314,31.89,0.0,13787.0,0.0038,0.0
2025-01-14,F06,Premium,387,2630,5260,31.56,0.0,13686.0,0.0031,0.0
2025-01-15,F06,Premium,426,2657,5314,31.89,0.0,14946.0,0.0043,0.0
2025-01-16,F06,Premium,404,2685,5369,32.22,0.0,14207.0,0.0044,0.0
2025-01-17,F06,Premium,423,2794,5588,33.53,0.0,15360.0,0.005,0.0
2025-01-18,F06,Premium,424,2904,5808,34.85,0.0,13638.0,0.0033,0.0
2025-01-19,F06,Premium,429,2876,5753,34.52,0.0,14446.0,0.0044,0.0
2025-01-20,F06,Premium,428,2657,5314,31.89,0.0,12541.0,0.0042,0.0
2025-01-21,F06,Premium,390,2630,5260,31.56,0.0,16054.0,0.0036,0.0
2025-01-22,F06,Premium,358,2657,5314,31.89,0.0,13689.0,0.003,0.0
2025-01-23,F06,Premium,407,2685,5369,32.22,0.0,13941.0,0.0043,0.0
2025-01-24,F06,Premium,432,2794,5588,33.53,0.0,14078.0,0.0059,0.0
2025-01-25,F06,Premium,444,2904,5808,34.85,0.0,14039.0,0.0035,0.0
2025-01-26,F06,Premium,429,2876,5753,34.52,0.0,15078.0,0.0038,0.0
2025-01-27,F06,Premium,405,2657,5314,31.89,0.0,13808.0,0.0028,0.0
2025-01-28,F06,Premium,370,2630,5260,31.56,0.0,13803.0,0.0035,0.0
2025-01-29,F06,Premium,393,2657,5314,31.89,0.0,13117.0,0.004,0.0
2025-01-30,F06,Premium,375,2685,5369,32.22,0.0,16393.0,0.0042,0.0
2025-01-31,F06,Premium,431,2794,5588,33.53,0.0,14420.0,0.0058,0.0
2025-02-01,F06,Premium,446,3592,7184,43.11,0.0,13558.0,0.0048,0.0
2025-02-02,F06,Premium,478,3558,7117,42.7,0.0,14389.0,0.0031,0.0
2025-02-03,F06,Premium,398,3287,6574,39.45,0.0,12499.0,0.0041,0.0
2025-02-04,F06,Premium,441,3253,6507,39.04,0.0,13758.0,0.0037,0.0
2025-02-05,F06,Premium,377,3287,6574,39.45,0.0,13680.0,0.0038,0.0
2025-02-06,F06,Premium,435,3321,6642,39.85,0.0,14008.0,0.0032,0.0
2025-02-07,F06,Premium,446,3457,6913,41.48,0.0,16834.0,0.0032,0.0
2025-02-08,F06,Premium,419,3592,7184,43.11,0.0,15976.0,0.0057,0.0
2025-02-09,F06,Premium,435,3558,7117,42.7,0.0,16935.0,0.0054,0.0
2025-02-10,F06,Premium,414,3287,6574,39.45,0.0,14985.0,0.0035,0.0
2025-02-11,F06,Premium,431,3253,6507,39.04,0.0,15811.0,0.006,0.0
2025-02-12,F06,Premium,435,3287,6574,39.45,0.0,15368.0,0.0031,0.0
2025-02-13,F06,Premium,422,3321,6642,39.85,0.0,16764.0,0.0043,0.0
2025-02-14,F06,Premium,414,3457,6913,41.48,0.0,16686.0,0.0041,0.0
2025-02-15,F06,Premium,433,3592,7184,43.11,0.0,15510.0,0.0026,0.0
2025-02-16,F06,Premium,431,3558,7117,42.7,0.0,16020.0,0.0051,0.0
2025-02-17,F06,Premium,446,3287,6574,39.45,0.0,14707.0,0.0044,0.0
2025-02-18,F06,Premium,424,3253,6507,39.04,0.0,14564.0,0.0034,0.0
2025-02-19,F06,Premium,402,3287,6574,39.45,0.0,13534.0,0.0046,0.0
2025-02-20,F06,Premium,455,3321,6642,39.85,0.0,14626.0,0.0044,0.0
2025-02-21,F06,Premium,442,3457,6913,41.48,0.0,14694.0,0.0036,0.0
2025-02-22,F06,Premium,459,3592,7184,43.11,0.0,14778.0,0.0043,0.0
2025-02-23,F06,Premium,496,3558,7117,42.7,0.0,13663.0,0.004,0.0
2025-02-24,F06,Premium,377,3287,6574,39.45,0.0,14198.0,0.0042,0.0
2025-02-25,F06,Premium,400,3253,6507,39.04,0.0,13714.0,0.0036,0.0
2025-02-26,F06,Premium,427,3287,6574,39.45,0.0,14382.0,0.0036,0.0
2025-02-27,F06,Premium,443,3321,6642,39.85,0.0,14281.0,0.0052,0.0
2025-02-28,F06,Premium,433,3457,6913,41.48,0.0,13216.0,0.0046,0.0
2025-03-01,F06,Premium,500,3347,6694,40.16,0.0,13415.0,0.0046,0.0
2025-03-02,F06,Premium,509,3315,6631,39.78,0.0,14497.0,0.0039,0.0
2025-03-03,F06,Premium,456,3063,6125,36.75,0.0,13665.0,0.0037,0.0
2025-03-04,F06,Premium,419,3031,6062,36.37,0.0,13960.0,0.0024,0.0
2025-03-05,F06,Premium,457,3063,6125,36.75,0.0,13835.0,0.0033,0.0
2025-03-06,F06,Premium,508,3094,6189,37.13,0.0,13264.0,0.004,0.0
2025-03-07,F06,Premium,445,3221,6441,38.65,0.0,13489.0,0.0039,0.0
2025-03-08,F06,Premium,546,3347,6694,40.16,0.0,14074.0,0.0056,0.0
2025-03-09,F06,Premium,486,3315,6631,39.78,0.0,14466.0,0.0047,0.0
2025-03-10,F06,Premium,430,3063,6125,36.75,0.0,14134.0,0.0043,0.0
2025-03-11,F06,Premium,436,3031,6062,36.37,0.0,13659.0,0.003,0.0
2025-03-12,F06,Premium,417,3063,6125,36.75,0.0,13607.0,0.0042,0.0
2025-03-13,F06,Premium,428,3094,6189,37.13,0.0,14133.0,0.0022,0.0
2025-03-14,F06,Premium,520,3221,6441,38.65,0.0,14603.0,0.0044,0.0
2025-03-15,F06,Premium,519,3347,6694,40.16,0.0,13948.0,0.0039,0.0
2025-03-16,F06,Premium,484,3315,6631,39.78,0.0,14162.0,0.0033,0.0
2025-03-17,F06,Premium,474,3063,6125,36.75,0.0,12399.0,0.0052,0.0
2025-03-18,F06,Premium,419,3031,6062,36.37,0.0,14155.0,0.0036,0.0
2025-03-19,F06,Premium,458,3063,6125,36.75,0.0,14771.0,0.005,0.0
2025-03-20,F06,Premium,473,3094,6189,37.13,0.0,14455.0,0.0031,0.0
2025-03-21,F06,Premium,445,3221,6441,38.65,0.0,13288.0,0.0038,0.0
2025-03-22,F06,Premium,485,3347,6694,40.16,0.0,15061.0,0.0037,0.0
2025-03-23,F06,Premium,435,3315,6631,39.78,0.0,12060.0,0.0037,0.0
2025-03-24,F06,Premium,476,3063,6125,36.75,0.0,13089.0,0.007,0.0
2025-03-25,F06,Premium,415,3031,6062,36.37,0.0,13094.0,0.0039,0.0
2025-03-26,F06,Premium,452,3063,6125,36.75,0.0,14138.0,0.0051,0.0
2025-03-27,F06,Premium,427,3094,6189,37.13,0.0,14341.0,0.0024,0.0
2025-03-28,F06,Premium,461,3221,6441,38.65,0.0,14579.0,0.0047,0.0
2025-03-29,F06,Premium,518,3347,6694,40.16,0.0,13593.0,0.0044,0.0
2025-03-30,F06,Premium,504,3315,6631,39.78,0.0,13184.0,0.0052,0.0
2025-03-31,F06,Premium,412,3063,6125,36.75,0.0,16413.0,0.0043,0.0
2025-04-01,F06,Premium,490,3411,6822,40.93,0.0,15137.0,0.0047,0.0
2025-04-02,F06,Premium,449,3447,6893,41.36,0.0,15606.0,0.0043,0.0
2025-04-03,F06,Premium,468,3482,6965,41.79,0.0,13146.0,0.004,0.0
2025-04-04,F06,Premium,521,3624,7249,43.49,0.0,12377.0,0.0032,0.0
2025-04-05,F06,Premium,549,3767,7533,45.2,0.0,13652.0,0.0033,0.0
2025-04-06,F06,Premium,525,3731,7462,44.77,0.0,13608.0,0.0027,0.0
2025-04-07,F06,Premium,465,3447,6893,41.36,0.0,14389.0,0.0032,0.0
2025-04-08,F06,Premium,461,3411,6822,40.93,0.0,13679.0,0.0045,0.0
2025-04-09,F06,Premium,469,3447,6893,41.36,0.0,15061.0,0.0051,0.0
2025-04-10,F06,Premium,499,3482,6965,41.79,0.0,14454.0,0.0039,0.0
2025-04-11,F06,Premium,510,3624,7249,43.49,0.0,13524.0,0.0056,0.0
2025-04-12,F06,Premium,550,3767,7533,45.2,0.0,13341.0,0.0034,0.0
2025-04-13,F06,Premium,477,3731,7462,44.77,0.0,13149.0,0.0031,0.0
2025-04-14,F06,Premium,485,3447,6893,41.36,0.0,13815.0,0.003,0.0
2025-04-15,F06,Premium,450,3411,6822,40.93,0.0,14490.0,0.0045,0.0
2025-04-16,F06,Premium,495,3447,6893,41.36,0.0,14072.0,0.0039,0.0
2025-04-17,F06,Premium,446,3482,6965,41.79,0.0,12732.0,0.0039,0.0
2025-04-18,F06,Premium,535,3624,7249,43.49,0.0,16626.0,0.0035,0.0
2025-04-19,F06,Premium,541,3767,7533,45.2,0.0,14593.0,0.004,0.0
2025-04-20,F06,Premium,575,3731,7462,44.77,0.0,16490.0,0.0046,0.0
2025-04-21,F06,Premium,478,3447,6893,41.36,0.0,15814.0,0.0032,0.0
2025-04-22,F06,Premium,510,3411,6822,40.93,0.0,14877.0,0.0056,0.0
2025-04-23,F06,Premium,420,3447,6893,41.36,0.0,14701.0,0.0042,0.0
2025-04-24,F06,Premium,494,3482,6965,41.79,0.0,17173.0,0.0032,0.0
2025-04-25,F06,Premium,485,3624,7249,43.49,0.0,16140.0,0.0031,0.0
2025-04-26,F06,Premium,523,3767,7533,45.2,0.0,16437.0,0.0034,0.0
2025-04-27,F06,Premium,550,3731,7462,44.77,0.0,16000.0,0.0039,0.0
2025-04-28,F06,Premium,482,3447,6893,41.36,0.0,13426.0,0.0038,0.0
2025-04-29,F06,Premium,491,3411,6822,40.93,0.0,13685.0,0.004,0.0
2025-04-30,F06,Premium,415,3447,6893,41.36,0.0,14099.0,0.004,0.0
2025-05-01,F06,Premium,514,3609,7217,43.3,0.0,14744.0,0.0034,0.0
2025-05-02,F06,Premium,561,3756,7512,45.07,0.0,14531.0,0.0046,0.0
2025-05-03,F06,Premium,509,3903,7806,46.84,0.0,14846.0,0.0065,0.0
2025-05-04,F06,Premium,532,3866,7733,46.4,0.0,13241.0,0.004,0.0
2025-05-05,F06,Premium,528,3572,7143,42.86,0.0,14593.0,0.0048,0.0
2025-05-06,F06,Premium,514,3535,7070,42.42,0.0,13486.0,0.0054,0.0
2025-05-07,F06,Premium,523,3572,7143,42.86,0.0,12935.0,0.0037,0.0
2025-05-08,F06,Premium,473,3609,7217,43.3,0.0,15314.0,0.0055,0.0
2025-05-09,F06,Premium,513,3756,7512,45.07,0.0,14159.0,0.0047,0.0
2025-05-10,F06,Premium,567,3903,7806,46.84,0.0,13954.0,0.0037,0.0
2025-05-11,F06,Premium,578,3866,7733,46.4,0.0,13726.0,0.0031,0.0
2025-05-12,F06,Premium,520,3572,7143,42.86,0.0,14332.0,0.0061,0.0
2025-05-13,F06,Premium,514,3535,7070,42.42,0.0,13531.0,0.0051,0.0
2025-05-14,F06,Premium,483,3572,7143,42.86,0.0,14299.0,0.0047,0.0
2025-05-15,F06,Premium,476,3609,7217,43.3,0.0,12767.0,0.0046,0.0
2025-05-16,F06,Premium,503,3756,7512,45.07,0.0,13610.0,0.0024,0.0
2025-05-17,F06,Premium,527,3903,7806,46.84,0.0,11826.0,0.0068,0.0
2025-05-18,F06,Premium,504,3866,7733,46.4,0.0,13639.0,0.0034,0.0
2025-05-19,F06,Premium,487,3572,7143,42.86,0.0,13339.0,0.003,0.0
2025-05-20,F06,Premium,491,3535,7070,42.42,0.0,14216.0,0.0052,0.0
2025-05-21,F06,Premium,537,3572,7143,42.86,0.0,15025.0,0.0046,0.0
2025-05-22,F06,Premium,480,3609,7217,43.3,0.0,15077.0,0.0036,0.0
2025-05-23,F06,Premium,494,3756,7512,45.07,0.0,14682.0,0.0031,0.0
2025-05-24,F06,Premium,585,3903,7806,46.84,0.0,14399.0,0.0073,0.0
2025-05-25,F06,Premium,556,3866,7733,46.4,0.0,13942.0,0.0051,0.0
2025-05-26,F06,Premium,543,3572,7143,42.86,0.0,13190.0,0.0046,0.0
2025-05-27,F06,Premium,534,3535,7070,42.42,0.0,14205.0,0.0034,0.0
2025-05-28,F06,Premium,529,3572,7143,42.86,0.0,13939.0,0.0018,0.0
2025-05-29,F06,Premium,489,3609,7217,43.3,0.0,13284.0,0.0028,0.0
2025-05-30,F06,Premium,581,3756,7512,45.07,0.0,13684.0,0.0043,0.0
2025-05-31,F06,Premium,560,3903,7806,46.84,0.0,14243.0,0.0019,0.0
2025-06-01,F06,Premium,615,4298,8596,51.58,0.0,15190.0,0.0053,0.0
2025-06-02,F06,Premium,535,3971,7941,47.65,0.0,14147.0,0.0027,0.0
2025-06-03,F06,Premium,530,3930,7860,47.16,0.0,13428.0,0.0029,0.0
2025-06-04,F06,Premium,535,3971,7941,47.65,0.0,14043.0,0.0039,0.0
2025-06-05,F06,Premium,540,4012,8023,48.14,0.0,14004.0,0.0063,0.0
2025-06-06,F06,Premium,586,4175,8351,50.1,0.0,12903.0,0.0044,0.0
2025-06-07,F06,Premium,639,4339,8678,52.07,0.0,16033.0,0.004,0.0
2025-06-08,F06,Premium,598,4298,8596,51.58,0.0,15032.0,0.005,0.0
2025-06-09,F06,Premium,563,3971,7941,47.65,0.0,12927.0,0.0042,0.0
2025-06-10,F06,Premium,562,3930,7860,47.16,0.0,13995.0,0.0054,0.0
2025-06-11,F06,Premium,563,3971,7941,47.65,0.0,15334.0,0.0031,0.0
2025-06-12,F06,Premium,534,4012,8023,48.14,0.0,13911.0,0.0029,0.0
2025-06-13,F06,Premium,530,4175,8351,50.1,0.0,13614.0,0.0038,0.0
2025-06-14,F06,Premium,614,4339,8678,52.07,0.0,14152.0,0.0035,0.0
2025-06-15,F06,Premium,601,4298,8596,51.58,0.0,13601.0,0.0054,0.0
2025-06-16,F06,Premium,522,3971,7941,47.65,0.0,14091.0,0.005,0.0
2025-06-17,F06,Premium,496,3930,7860,47.16,0.0,13641.0,0.006,0.0
2025-06-18,F06,Premium,572,3971,7941,47.65,0.0,14182.0,0.0054,0.0
2025-06-19,F06,Premium,526,4012,8023,48.14,0.0,14480.0,0.0061,0.0
2025-06-20,F06,Premium,617,4175,8351,50.1,0.0,15080.0,0.0038,0.0
2025-06-21,F06,Premium,539,4339,8678,52.07,0.0,13297.0,0.0038,0.0
2025-06-22,F06,Premium,591,4298,8596,51.58,0.0,12738.0,0.0039,0.0
2025-06-23,F06,Premium,525,3971,7941,47.65,0.0,13826.0,0.0032,0.0
2025-06-24,F06,Premium,510,3930,7860,47.16,0.0,14981.0,0.0037,0.0
2025-06-25,F06,Premium,541,3971,7941,47.65,0.0,12970.0,0.0039,0.0
2025-06-26,F06,Premium,519,4012,8023,48.14,0.0,14902.0,0.0045,0.0
2025-06-27,F06,Premium,579,4175,8351,50.1,0.0,14343.0,0.0033,0.0
2025-06-28,F06,Premium,568,4339,8678,52.07,0.0,13360.0,0.0032,0.0
2025-06-29,F06,Premium,578,4298,8596,51.58,0.0,13476.0,0.0041,0.0
2025-06-30,F06,Premium,523,3971,7941,47.65,0.0,13675.0,0.0043,0.0
2025-07-01,F06,Premium,618,4124,8248,49.49,0.0,16808.0,0.0031,0.0
2025-07-02,F06,Premium,607,4167,8334,50.0,0.0,16404.0,0.0045,0.0
2025-07-03,F06,Premium,570,4210,8420,50.52,0.0,15188.0,0.0064,0.0
2025-07-04,F06,Premium,583,4382,8764,52.58,0.0,14957.0,0.0048,0.0
2025-07-05,F06,Premium,649,4554,9107,54.64,0.0,16743.0,0.0042,0.0
2025-07-06,F06,Premium,625,4511,9021,54.13,0.0,16523.0,0.0024,0.0
2025-07-07,F06,Premium,567,4167,8334,50.0,0.0,16071.0,0.0029,0.0
2025-07-08,F06,Premium,544,4124,8248,49.49,0.0,16646.0,0.0049,0.0
2025-07-09,F06,Premium,582,4167,8334,50.0,0.0,15452.0,0.0037,0.0
2025-07-10,F06,Premium,614,4210,8420,50.52,0.0,15326.0,0.0029,0.0
2025-07-11,F06,Premium,639,4382,8764,52.58,0.0,13076.0,0.0031,0.0
2025-07-12,F06,Premium,648,4554,9107,54.64,0.0,13514.0,0.0031,0.0
2025-07-13,F06,Premium,597,4511,9021,54.13,0.0,14242.0,0.0038,0.0
2025-07-14,F06,Premium,580,4167,8334,50.0,0.0,13629.0,0.0052,0.0
2025-07-15,F06,Premium,631,4124,8248,49.49,0.0,13621.0,0.0042,0.0
2025-07-16,F06,Premium,690,4167,8334,50.0,0.0,13864.0,0.0049,0.0
2025-07-17,F06,Premium,630,4210,8420,50.52,0.0,13797.0,0.0049,0.0
2025-07-18,F06,Premium,688,4382,8764,52.58,0.0,14286.0,0.003,0.0
2025-07-19,F06,Premium,758,4554,9107,54.64,0.0,13532.0,0.0039,0.0
2025-07-20,F06,Premium,676,4511,9021,54.13,0.0,13801.0,0.004,0.0
2025-07-21,F06,Premium,675,4167,8334,50.0,0.0,13543.0,0.0026,0.0
2025-07-22,F06,Premium,624,4124,8248,49.49,0.0,13460.0,0.0046,0.0
2025-07-23,F06,Premium,597,4167,8334,50.0,0.0,14317.0,0.0066,0.0
2025-07-24,F06,Premium,644,4210,8420,50.52,0.0,12271.0,0.0045,0.0
2025-07-25,F06,Premium,681,4382,8764,52.58,0.0,12712.0,0.0033,0.0
2025-07-26,F06,Premium,637,4554,9107,54.64,0.0,14457.0,0.0052,0.0
2025-07-27,F06,Premium,673,4511,9021,54.13,0.0,13183.0,0.0051,0.0
2025-07-28,F06,Premium,638,4167,8334,50.0,0.0,13100.0,0.005,0.0
2025-07-29,F06,Premium,585,4124,8248,49.49,0.0,13360.0,0.0031,0.0
2025-07-30,F06,Premium,686,4167,8334,50.0,0.0,13272.0,0.004,0.0
2025-07-31,F06,Premium,622,4210,8420,50.52,0.0,12564.0,0.0035,0.0
2025-08-01,F06,Premium,690,4721,9441,56.65,0.0,13806.0,0.0045,0.0
2025-08-02,F06,Premium,725,4906,9811,58.87,0.0,13931.0,0.0036,0.0
2025-08-03,F06,Premium,753,4859,9719,58.31,0.0,12807.0,0.0035,0.0
2025-08-04,F06,Premium,706,4489,8978,53.87,0.0,12439.0,0.0057,0.0
2025-08-05,F06,Premium,697,4443,8886,53.32,0.0,13794.0,0.0026,0.0
2025-08-06,F06,Premium,729,4489,8978,53.87,0.0,12099.0,0.0052,0.0
2025-08-07,F06,Premium,592,4535,9071,54.43,0.0,14519.0,0.004,0.0
2025-08-08,F06,Premium,729,4721,9441,56.65,0.0,12827.0,0.0023,0.0
2025-08-09,F06,Premium,787,4906,9811,58.87,0.0,12601.0,0.0045,0.0
2025-08-10,F06,Premium,795,4859,9719,58.31,0.0,13590.0,0.0035,0.0
2025-08-11,F06,Premium,699,4489,8978,53.87,0.0,13011.0,0.0057,0.0
2025-08-12,F06,Premium,670,4443,8886,53.32,0.0,13413.0,0.0091,0.0
2025-08-13,F06,Premium,694,4489,8978,53.87,0.0,13460.0,0.0028,0.0
2025-08-14,F06,Premium,723,4535,9071,54.43,0.0,12880.0,0.0036,0.0
2025-08-15,F06,Premium,706,4721,9441,56.65,0.0,12832.0,0.0043,0.0
2025-08-16,F06,Premium,735,4906,9811,58.87,0.0,13969.0,0.0039,0.0
2025-08-17,F06,Premium,817,4859,9719,58.31,0.0,12715.0,0.0044,0.0
2025-08-18,F06,Premium,677,4489,8978,53.87,0.0,13019.0,0.0046,0.0
2025-08-19,F06,Premium,726,4443,8886,53.32,0.0,11881.0,0.0027,0.0
2025-08-20,F06,Premium,647,4489,8978,53.87,0.0,13179.0,0.0031,0.0
2025-08-21,F06,Premium,738,4535,9071,54.43,0.0,12867.0,0.0045,0.0
2025-08-22,F06,Premium,721,4721,9441,56.65,0.0,14810.0,0.0049,0.0
2025-08-23,F06,Premium,743,4906,9811,58.87,0.0,15715.0,0.004,0.0
2025-08-24,F06,Premium,734,4859,9719,58.31,0.0,14467.0,0.0054,0.0
2025-08-25,F06,Premium,669,4489,8978,53.87,0.0,14091.0,0.0061,0.0
2025-08-26,F06,Premium,764,4443,8886,53.32,0.0,16758.0,0.0042,0.0
2025-08-27,F06,Premium,681,4489,8978,53.87,0.0,15337.0,0.003,0.0
2025-08-28,F06,Premium,667,4535,9071,54.43,0.0,14209.0,0.0031,0.0
2025-08-29,F06,Premium,739,4721,9441,56.65,0.0,14561.0,0.0059,0.0
2025-08-30,F06,Premium,821,4906,9811,58.87,0.0,15724.0,0.0046,0.0
2025-08-31,F06,Premium,779,4859,9719,58.31,0.0,13988.0,0.0036,0.0
2025-09-01,F06,Premium,783,5082,10163,60.98,0.0,14759.0,0.0039,0.0
2025-09-02,F06,Premium,752,5029,10059,60.35,0.0,14019.0,0.0036,0.0
2025-09-03,F06,Premium,726,5082,10163,60.98,0.0,14093.0,0.0054,0.0
2025-09-04,F06,Premium,728,5134,10268,61.61,0.0,14062.0,0.0026,0.0
2025-09-05,F06,Premium,739,5344,10687,64.12,0.0,15902.0,0.0041,0.0
2025-09-06,F06,Premium,832,5553,11106,66.64,0.0,14384.0,0.0041,0.0
2025-09-07,F06,Premium,831,5501,11002,66.01,0.0,14039.0,0.0027,0.0
2025-09-08,F06,Premium,766,5082,10163,60.98,0.0,11916.0,0.0059,0.0
2025-09-09,F06,Premium,685,5029,10059,60.35,0.0,12533.0,0.0039,0.0
2025-09-10,F06,Premium,682,5082,10163,60.98,0.0,12635.0,0.0037,0.0
2025-09-11,F06,Premium,757,5134,10268,61.61,0.0,13544.0,0.0044,0.0
2025-09-12,F06,Premium,849,5344,10687,64.12,0.0,12533.0,0.0036,0.0
2025-09-13,F06,Premium,789,5553,11106,66.64,0.0,13045.0,0.0055,0.0
2025-09-14,F06,Premium,756,5501,11002,66.01,0.0,13811.0,0.0038,0.0
2025-09-15,F06,Premium,758,5082,10163,60.98,0.0,12102.0,0.0039,0.0
2025-09-16,F06,Premium,831,5029,10059,60.35,0.0,11863.0,0.0046,0.0
2025-09-17,F06,Premium,697,5082,10163,60.98,0.0,13430.0,0.0027,0.0
2025-09-18,F06,Premium,816,5134,10268,61.61,0.0,11860.0,0.0043,0.0
2025-09-19,F06,Premium,804,5344,10687,64.12,0.0,12420.0,0.0031,0.0
2025-09-20,F06,Premium,811,5553,11106,66.64,0.0,12896.0,0.0028,0.0
2025-09-21,F06,Premium,823,5501,11002,66.01,0.0,12625.0,0.0058,0.0
2025-09-22,F06,Premium,749,5082,10163,60.98,0.0,12056.0,0.0037,0.0
2025-09-23,F06,Premium,702,5029,10059,60.35,0.0,11779.0,0.0055,0.0
2025-09-24,F06,Premium,805,5082,10163,60.98,0.0,12729.0,0.0037,0.0
2025-09-25,F06,Premium,730,5134,10268,61.61,0.0,12860.0,0.005,0.0
2025-09-26,F06,Premium,768,5344,10687,64.12,0.0,12464.0,0.0039,0.0
2025-09-27,F06,Premium,788,5553,11106,66.64,0.0,12488.0,0.0035,0.0
2025-09-28,F06,Premium,800,5501,11002,66.01,0.0,11911.0,0.0041,0.0
2025-09-29,F06,Premium,761,5082,10163,60.98,0.0,11961.0,0.0025,0.0
2025-09-30,F06,Premium,739,5029,10059,60.35,0.0,12790.0,0.0038,0.0
2025-10-01,F06,Premium,867,5291,10582,63.49,0.0,11644.0,0.0038,0.0
2025-10-02,F06,Premium,799,5346,10691,64.15,0.0,11862.0,0.0053,0.0
2025-10-03,F06,Premium,858,5564,11127,66.76,0.0,12166.0,0.0032,0.0
2025-10-04,F06,Premium,878,5782,11564,69.38,0.0,12408.0,0.0037,0.0
2025-10-05,F06,Premium,921,5727,11455,68.73,0.0,11622.0,0.0041,0.0
2025-10-06,F06,Premium,777,5291,10582,63.49,0.0,12232.0,0.0037,0.0
2025-10-07,F06,Premium,841,5236,10473,62.84,0.0,12644.0,0.0045,0.0
2025-10-08,F06,Premium,876,5291,10582,63.49,0.0,11777.0,0.0041,0.0
2025-10-09,F06,Premium,810,5346,10691,64.15,0.0,12854.0,0.0052,0.0
2025-10-10,F06,Premium,859,5564,11127,66.76,0.0,11268.0,0.0061,0.0
2025-10-11,F06,Premium,884,5782,11564,69.38,0.0,11924.0,0.0032,0.0
2025-10-12,F06,Premium,883,5727,11455,68.73,0.0,11261.0,0.0038,0.0
2025-10-13,F06,Premium,777,5291,10582,63.49,0.0,12017.0,0.0035,0.0
2025-10-14,F06,Premium,806,5236,10473,62.84,0.0,12489.0,0.0058,0.0
2025-10-15,F06,Premium,887,5291,10582,63.49,0.0,12547.0,0.0039,0.0
2025-10-16,F06,Premium,786,5346,10691,64.15,0.0,11747.0,0.0038,0.0
2025-10-17,F06,Premium,855,5564,11127,66.76,0.0,12299.0,0.0037,0.0
2025-10-18,F06,Premium,931,5782,11564,69.38,0.0,11018.0,0.0051,0.0
2025-10-19,F06,Premium,902,5727,11455,68.73,0.0,12127.0,0.0031,0.0
2025-10-20,F06,Premium,814,5291,10582,63.49,0.0,12528.0,0.0042,0.0
2025-10-21,F06,Premium,753,5236,10473,62.84,0.0,12109.0,0.0039,0.0
2025-10-22,F06,Premium,795,5291,10582,63.49,0.0,11945.0,0.0039,0.0
2025-10-23,F06,Premium,849,5346,10691,64.15,0.0,12295.0,0.0029,0.0
2025-10-24,F06,Premium,911,5564,11127,66.76,0.0,11710.0,0.0024,0.0
2025-10-25,F06,Premium,890,5782,11564,69.38,0.0,11745.0,0.0034,0.0
2025-10-26,F06,Premium,923,5727,11455,68.73,0.0,11674.0,0.0053,0.0
2025-10-27,F06,Premium,858,5291,10582,63.49,0.0,13607.0,0.0056,0.0
2025-10-28,F06,Premium,868,5236,10473,62.84,0.0,14531.0,0.004,0.0
2025-10-29,F06,Premium,816,5291,10582,63.49,0.0,13097.0,0.0032,0.0
2025-10-30,F06,Premium,857,5346,10691,64.15,0.0,13851.0,0.0069,0.0
2025-10-31,F06,Premium,904,5564,11127,66.76,0.0,12922.0,0.0032,0.0
2025-11-01,F06,Premium,1045,6842,13684,82.11,0.0,14070.0,0.0056,0.0
2025-11-02,F06,Premium,1048,6778,13555,81.33,0.0,10735.0,0.0034,0.0
2025-11-03,F06,Premium,959,6261,12523,75.14,0.0,12880.0,0.005,0.0
2025-11-04,F06,Premium,896,6197,12393,74.36,0.0,11041.0,0.0034,0.0
2025-11-05,F06,Premium,932,6261,12523,75.14,0.0,12382.0,0.0034,0.0
2025-11-06,F06,Premium,929,6326,12652,75.91,0.0,11698.0,0.0054,0.0
2025-11-07,F06,Premium,818,6584,13168,79.01,0.0,12349.0,0.0022,0.0
2025-11-08,F06,Premium,1130,6842,13684,82.11,0.0,12394.0,0.0039,0.0
2025-11-09,F06,Premium,1014,6778,13555,81.33,0.0,13323.0,0.0037,0.0
2025-11-10,F06,Premium,1021,6261,12523,75.14,0.0,11882.0,0.0035,0.0
2025-11-11,F06,Premium,932,6197,12393,74.36,0.0,12274.0,0.0056,0.0
2025-11-12,F06,Premium,930,6261,12523,75.14,0.0,11663.0,0.0055,0.0
2025-11-13,F06,Premium,900,6326,12652,75.91,0.0,11291.0,0.0041,0.0
2025-11-14,F06,Premium,928,6584,13168,79.01,0.0,10585.0,0.0054,0.0
2025-11-15,F06,Premium,1013,6842,13684,82.11,0.0,11710.0,0.003,0.0
2025-11-16,F06,Premium,936,6778,13555,81.33,0.0,11135.0,0.0042,0.0
2025-11-17,F06,Premium,889,6261,12523,75.14,0.0,11753.0,0.0035,0.0
2025-11-18,F06,Premium,938,6197,12393,74.36,0.0,11734.0,0.0046,0.0
2025-11-19,F06,Premium,864,6261,12523,75.14,0.0,12093.0,0.0052,0.0
2025-11-20,F06,Premium,1007,6326,12652,75.91,0.0,10955.0,0.0043,0.0
2025-11-21,F06,Premium,909,6584,13168,79.01,0.0,12398.0,0.0034,0.0
2025-11-22,F06,Premium,1018,6842,13684,82.11,0.0,14327.0,0.0033,0.0
2025-11-23,F06,Premium,928,6778,13555,81.33,0.0,12946.0,0.0041,0.0
2025-11-24,F06,Premium,874,6261,12523,75.14,0.0,13545.0,0.0041,0.0
2025-11-25,F06,Premium,840,6197,12393,74.36,0.0,13735.0,0.0043,0.0
2025-11-26,F06,Premium,925,6261,12523,75.14,0.0,12335.0,0.005,0.0
2025-11-27,F06,Premium,903,6326,12652,75.91,0.0,13191.0,0.0037,0.0
2025-11-28,F06,Premium,929,6584,13168,79.01,0.0,12990.0,0.0033,0.0
2025-11-29,F06,Premium,962,6842,13684,82.11,0.0,13569.0,0.0048,0.0
2025-11-30,F06,Premium,1032,6778,13555,81.33,0.0,12790.0,0.0027,0.0
2025-12-01,F06,Premium,1036,6785,13570,81.42,0.0,12533.0,0.0031,0.0
2025-12-02,F06,Premium,994,6715,13430,80.58,0.0,13139.0,0.0028,0.0
2025-12-03,F06,Premium,925,6785,13570,81.42,0.0,11697.0,0.0036,0.0
2025-12-04,F06,Premium,939,6855,13710,82.26,0.0,11703.0,0.0039,0.0
2025-12-05,F06,Premium,1048,7135,14270,85.62,0.0,10937.0,0.0047,0.0
2025-12-06,F06,Premium,1036,7415,14829,88.98,0.0,11292.0,0.0073,0.0
2025-12-07,F06,Premium,1068,7345,14689,88.14,0.0,11691.0,0.0042,0.0
2025-12-08,F06,Premium,969,6785,13570,81.42,0.0,11660.0,0.0043,0.0
2025-12-09,F06,Premium,1046,6715,13430,80.58,0.0,12978.0,0.0045,0.0
2025-12-10,F06,Premium,1035,6785,13570,81.42,0.0,10728.0,0.003,0.0
2025-12-11,F06,Premium,980,6855,13710,82.26,0.0,10188.0,0.0024,0.0
2025-12-12,F06,Premium,982,7135,14270,85.62,0.0,10808.0,0.0049,0.0
2025-12-13,F06,Premium,1132,7415,14829,88.98,0.0,11578.0,0.0042,0.0
2025-12-14,F06,Premium,1002,7345,14689,88.14,0.0,11754.0,0.0045,0.0
2025-12-15,F06,Premium,1101,6785,13570,81.42,0.0,10557.0,0.0039,0.0
2025-12-16,F06,Premium,980,6715,13430,80.58,0.0,11699.0,0.0057,0.0
2025-12-17,F06,Premium,1048,6785,13570,81.42,0.0,10209.0,0.0058,0.0
2025-12-18,F06,Premium,1041,6855,13710,82.26,0.0,11213.0,0.0035,0.0
2025-12-19,F06,Premium,1074,7135,14270,85.62,0.0,10872.0,0.0046,0.0
2025-12-20,F06,Premium,1044,7415,14829,88.98,0.0,10421.0,0.0032,0.0
2025-12-21,F06,Premium,1062,7345,14689,88.14,0.0,11511.0,0.0035,0.0
2025-12-22,F06,Premium,958,6785,13570,81.42,0.0,10578.0,0.0035,0.0
2025-12-23,F06,Premium,1089,6715,13430,80.58,0.0,10984.0,0.004,0.0
2025-12-24,F06,Premium,980,6785,13570,81.42,0.0,10864.0,0.0028,0.0
2025-12-25,F06,Premium,872,6855,13710,82.26,0.0,10432.0,0.0031,0.0
2025-12-26,F06,Premium,1044,7135,14270,85.62,0.0,13487.0,0.0038,0.0
2025-12-27,F06,Premium,1078,7415,14829,88.98,0.0,11933.0,0.0035,0.0
2025-12-28,F06,Premium,1067,7345,14689,88.14,0.0,12257.0,0.0044,0.0
2025-12-29,F06,Premium,920,6785,13570,81.42,0.0,14245.0,0.0032,0.0
2025-12-30,F06,Premium,946,6715,13430,80.58,0.0,12709.0,0.0056,0.0
2025-12-31,F06,Premium,1024,6785,13570,81.42,0.0,12644.0,0.0034,0.0
2026-01-01,F06,Premium,1117,6975,13950,83.7,0.0,11980.0,0.0028,0.0
2026-01-02,F06,Premium,1080,7260,14520,87.12,0.0,12388.0,0.0031,0.0
2026-01-03,F06,Premium,1229,7545,15089,90.53,0.0,12591.0,0.0019,0.0
2026-01-04,F06,Premium,1195,7473,14947,89.68,0.0,13227.0,0.0034,0.0
2026-01-05,F06,Premium,1069,6904,13808,82.85,0.0,12074.0,0.0033,0.0
2026-01-06,F06,Premium,1168,6833,13666,81.99,0.0,12259.0,0.0037,0.0
2026-01-07,F06,Premium,1056,6904,13808,82.85,0.0,10296.0,0.003,0.0
2026-01-08,F06,Premium,1223,6975,13950,83.7,0.0,11408.0,0.0038,0.0
2026-01-09,F06,Premium,1261,7260,14520,87.12,0.0,11326.0,0.0032,0.0
2026-01-10,F06,Premium,1177,7545,15089,90.53,0.0,10365.0,0.0051,0.0
2026-01-11,F06,Premium,1196,7473,14947,89.68,0.0,11179.0,0.0036,0.0
2026-01-12,F06,Premium,1109,6904,13808,82.85,0.0,10999.0,0.0042,0.0
2026-01-13,F06,Premium,1016,6833,13666,81.99,0.0,9999.0,0.0074,0.0
2026-01-14,F06,Premium,991,6904,13808,82.85,0.0,10157.0,0.0032,0.0
2026-01-15,F06,Premium,1149,6975,13950,83.7,0.0,11652.0,0.006,0.0
2026-01-16,F06,Premium,1158,7260,14520,87.12,0.0,10529.0,0.0033,0.0
2026-01-17,F06,Premium,1212,7545,15089,90.53,0.0,11462.0,0.0032,0.0
2026-01-18,F06,Premium,1220,7473,14947,89.68,0.0,10993.0,0.0054,0.0
2026-01-19,F06,Premium,1123,6904,13808,82.85,0.0,11194.0,0.0039,0.0
2026-01-20,F06,Premium,998,6833,13666,81.99,0.0,10345.0,0.0031,0.0
2026-01-21,F06,Premium,976,6904,13808,82.85,0.0,10488.0,0.0047,0.0
2026-01-22,F06,Premium,1204,6975,13950,83.7,0.0,11150.0,0.0033,0.0
2026-01-23,F06,Premium,1198,7260,14520,87.12,0.0,10687.0,0.0031,0.0
2026-01-24,F06,Premium,1171,7545,15089,90.53,0.0,10955.0,0.0058,0.0
2026-01-25,F06,Premium,1122,7473,14947,89.68,0.0,9874.0,0.0038,0.0
2026-01-26,F06,Premium,1065,6904,13808,82.85,0.0,10096.0,0.0044,0.0
2026-01-27,F06,Premium,1071,6833,13666,81.99,0.0,10182.0,0.004,0.0
2026-01-28,F06,Premium,1170,6904,13808,82.85,0.0,10811.0,0.004,0.0
2026-01-29,F06,Premium,1019,6975,13950,83.7,0.0,11480.0,0.0032,0.0
2026-01-30,F06,Premium,1107,7260,14520,87.12,0.0,10156.0,0.0047,0.0
2026-01-31,F06,Premium,1193,7545,15089,90.53,0.0,10323.0,0.0039,0.0
2026-02-01,F06,Premium,1237,9346,18692,112.15,0.0,10642.0,0.0035,0.0
2026-02-02,F06,Premium,1165,8634,17268,86.34,0.0,11156.0,0.0037,0.0
2026-02-03,F06,Premium,1076,8545,17090,85.45,0.0,9984.0,0.0041,0.0
2026-02-04,F06,Premium,1126,8634,17268,86.34,0.0,10298.0,0.0029,0.0
2026-02-05,F06,Premium,1212,8723,17446,87.23,0.0,11145.0,0.003,0.0
2026-02-06,F06,Premium,1220,9079,18158,90.79,0.0,12231.0,0.0047,0.0
2026-02-07,F06,Premium,1213,9435,18870,94.35,0.0,12915.0,0.0048,0.0
2026-02-08,F06,Premium,1260,9346,18692,93.46,0.0,11694.0,0.0042,0.0
2026-02-09,F06,Premium,1171,8634,17268,86.34,0.0,13071.0,0.0026,0.0
2026-02-10,F06,Premium,1051,8545,17090,85.45,0.0,12201.0,0.0046,0.0
2026-02-11,F06,Premium,1078,8634,17268,86.34,0.0,11638.0,0.0044,0.0
2026-02-12,F06,Premium,1145,8723,17446,87.23,0.0,12250.0,0.0075,0.0
2026-02-13,F06,Premium,1285,9079,18158,90.79,0.0,12530.0,0.0039,0.0
2026-02-14,F06,Premium,1170,9435,18870,94.35,0.0,11575.0,0.0043,0.0
2026-02-15,F06,Premium,1205,9346,18692,93.46,0.0,11786.0,0.0053,0.0
2026-02-16,F06,Premium,1200,8634,17268,86.34,0.0,10864.0,0.0047,0.0
2026-02-17,F06,Premium,1169,8545,17090,85.45,0.0,10543.0,0.0036,0.0
2026-02-18,F06,Premium,1177,8634,17268,86.34,0.0,10353.0,0.0031,0.0
2026-02-19,F06,Premium,1190,8723,17446,87.23,0.0,10653.0,0.0038,0.0
2026-02-20,F06,Premium,1237,9079,18158,90.79,0.0,10908.0,0.0047,0.0
2026-02-21,F06,Premium,1205,9435,18870,94.35,0.0,9978.0,0.0048,0.0
2026-02-22,F06,Premium,1220,9346,18692,93.46,0.0,10222.0,0.0037,0.0
2026-02-23,F06,Premium,1288,8634,17268,86.34,0.0,9771.0,0.0046,0.0
2026-02-24,F06,Premium,1105,8545,17090,85.45,0.0,11100.0,0.0026,0.0
2026-02-25,F06,Premium,1112,8634,17268,86.34,0.0,10132.0,0.0049,0.0
2026-02-26,F06,Premium,1157,8723,17446,87.23,0.0,10365.0,0.004,0.0
2026-02-27,F06,Premium,1223,9079,18158,90.79,0.0,10139.0,0.0036,0.0
2026-02-28,F06,Premium,1229,9435,18870,94.35,0.0,10989.0,0.006,0.0
2026-03-01,F06,Premium,1369,9301,18601,93.01,0.0,11438.0,0.0024,0.0
2026-03-02,F06,Premium,1168,7965,15931,79.65,0.0,10072.0,0.0064,0.0
2026-03-03,F06,Premium,1314,7883,15767,78.83,0.0,9706.0,0.0038,0.0
2026-03-04,F06,Premium,1369,7965,15931,79.65,0.0,9792.0,0.0044,0.0
2026-03-05,F06,Premium,1198,8048,16095,80.48,0.0,10914.0,0.0036,0.0
2026-03-06,F06,Premium,1320,8376,16752,83.76,0.0,10157.0,0.0043,0.0
2026-03-07,F06,Premium,1287,8704,17409,87.04,0.0,9903.0,0.0037,0.0
2026-03-08,F06,Premium,1332,8622,17245,86.22,0.0,9648.0,0.0032,0.0
2026-03-09,F06,Premium,1225,7965,15931,79.65,0.0,9708.0,0.0047,0.0
2026-03-10,F06,Premium,1267,7883,15767,78.83,0.0,9208.0,0.0031,0.0
2026-03-11,F06,Premium,1237,7965,15931,79.65,0.0,9302.0,0.0034,0.0
2026-03-12,F06,Premium,1246,8048,16095,80.48,0.0,10213.0,0.0034,0.0
2026-03-13,F06,Premium,1326,8376,16752,83.76,0.0,9258.0,0.0052,0.0
2026-03-14,F06,Premium,1405,8704,17409,87.04,0.0,9432.0,0.0032,0.0
2026-03-15,F06,Premium,1258,8622,17245,86.22,0.0,10062.0,0.0028,0.0
2026-03-16,F06,Premium,1369,7965,15931,79.65,0.0,10227.0,0.0049,0.0
2026-03-17,F06,Premium,1196,7883,15767,78.83,0.0,10510.0,0.0038,0.0
2026-03-18,F06,Premium,1297,7965,15931,79.65,0.0,10642.0,0.0035,0.0
2026-03-19,F06,Premium,1227,8048,16095,80.48,0.0,10887.0,0.0033,0.0
2026-03-20,F06,Premium,1296,8376,16752,83.76,0.0,8924.0,0.0044,0.0
2026-03-21,F06,Premium,1406,8704,17409,87.04,0.0,10785.0,0.0045,0.0
2026-03-22,F06,Premium,1225,8622,17245,86.22,0.0,10064.0,0.0039,0.0
2026-03-23,F06,Premium,1176,7965,15931,79.65,0.0,9827.0,0.0052,0.0
2026-03-24,F06,Premium,1241,7883,15767,78.83,0.0,10226.0,0.0042,0.0
2026-03-25,F06,Premium,1188,7965,15931,79.65,0.0,9871.0,0.0032,0.0
2026-03-26,F06,Premium,1325,8048,16095,80.48,0.0,9138.0,0.0043,0.0
2026-03-27,F06,Premium,1323,8376,16752,83.76,0.0,10211.0,0.0061,0.0
2026-03-28,F06,Premium,1515,8704,17409,87.04,0.0,10475.0,0.0077,0.0
2026-03-29,F06,Premium,1232,8622,17245,86.22,0.0,9943.0,0.0062,0.0
2026-03-30,F06,Premium,1249,7965,15931,79.65,0.0,10048.0,0.0043,0.0
2026-03-31,F06,Premium,1263,7883,15767,78.83,0.0,10163.0,0.0041,0.0
2026-04-01,F06,Premium,1363,8592,17184,85.92,0.0,9453.0,0.0035,0.0
2026-04-02,F06,Premium,1407,8681,17362,86.81,0.0,9882.0,0.0053,0.0
2026-04-03,F06,Premium,1336,9035,18070,90.35,0.0,10222.0,0.006,0.0
2026-04-04,F06,Premium,1386,9389,18779,93.89,0.0,9544.0,0.004,0.0
2026-04-05,F06,Premium,1459,9301,18602,93.01,0.0,10500.0,0.0063,0.0
2026-04-06,F06,Premium,1388,8592,17184,85.92,0.0,9556.0,0.0038,0.0
2026-04-07,F06,Premium,1295,8504,17007,85.04,0.0,10351.0,0.004,0.0
2026-04-08,F06,Premium,1484,8592,17184,85.92,0.0,9938.0,0.0077,0.0
2026-04-09,F06,Premium,1273,8681,17362,86.81,0.0,10521.0,0.005,0.0
2026-04-10,F06,Premium,1375,9035,18070,90.35,0.0,9560.0,0.003,0.0
2026-04-11,F06,Premium,1457,9389,18779,93.89,0.0,9404.0,0.0053,0.0
2026-04-12,F06,Premium,1392,9301,18602,93.01,0.0,10180.0,0.0045,0.0
2026-04-13,F06,Premium,1349,8592,17184,85.92,0.0,10257.0,0.0048,0.0
2026-04-14,F06,Premium,1234,8504,17007,85.04,0.0,8753.0,0.0026,0.0
2026-04-15,F06,Premium,1241,8592,17184,85.92,0.0,9552.0,0.0033,0.0
2026-04-16,F06,Premium,1278,8681,17362,86.81,0.0,8886.0,0.0034,0.0
2026-04-17,F06,Premium,1361,9035,18070,90.35,0.0,11967.0,0.004,0.0
2026-04-18,F06,Premium,1620,9389,18779,93.89,0.0,11691.0,0.0048,0.0
2026-04-19,F06,Premium,1454,9301,18602,93.01,0.0,10531.0,0.0033,0.0
2026-04-20,F06,Premium,1368,8592,17184,85.92,0.0,11032.0,0.0048,0.0
2026-04-21,F06,Premium,1300,8504,17007,85.04,0.0,10839.0,0.0053,0.0
2026-04-22,F06,Premium,1237,8592,17184,85.92,0.0,11255.0,0.004,0.0
2026-04-23,F06,Premium,1349,8681,17362,86.81,0.0,12253.0,0.0067,0.0
2026-04-24,F06,Premium,1456,9035,18070,90.35,0.0,12032.0,0.004,0.0
2026-04-25,F06,Premium,1366,9389,18779,93.89,0.0,11636.0,0.0042,0.0
2026-04-26,F06,Premium,1435,9301,18602,93.01,0.0,10298.0,0.0035,0.0
2026-04-27,F06,Premium,1318,8592,17184,85.92,0.0,10606.0,0.0027,0.0
2026-04-28,F06,Premium,1314,8504,17007,85.04,0.0,9729.0,0.0038,0.0
2026-04-29,F06,Premium,1327,8592,17184,85.92,0.0,9881.0,0.0039,0.0
2026-04-30,F06,Premium,1292,8681,17362,86.81,0.0,10589.0,0.0031,0.0
2026-05-01,F06,Premium,1547,9282,18564,92.82,0.0,9124.0,0.0038,0.0
2026-05-02,F06,Premium,1360,9646,19292,96.46,0.0,10078.0,0.0027,0.0
2026-05-03,F06,Premium,1535,9555,19110,95.55,0.0,9931.0,0.0042,0.0
2026-05-04,F06,Premium,1365,8827,17654,88.27,0.0,9572.0,0.0048,0.0
2026-05-05,F06,Premium,1317,8736,17472,87.36,0.0,9216.0,0.0041,0.0
2026-05-06,F06,Premium,1531,8827,17654,88.27,0.0,9794.0,0.0045,0.0
2026-05-07,F06,Premium,1556,8918,17836,89.18,0.0,9237.0,0.0044,0.0
2026-05-08,F06,Premium,1508,9282,18564,92.82,0.0,10485.0,0.0028,0.0
2026-05-09,F06,Premium,1504,9646,19292,96.46,0.0,10407.0,0.0029,0.0
2026-05-10,F06,Premium,1504,9555,19110,95.55,0.0,9967.0,0.0049,0.0
2026-05-11,F06,Premium,1272,8827,17654,88.27,0.0,9737.0,0.004,0.0
2026-05-12,F06,Premium,1377,8736,17472,87.36,0.0,9359.0,0.0038,0.0
2026-05-13,F06,Premium,1426,8827,17654,88.27,0.0,10463.0,0.0039,0.0
2026-05-14,F06,Premium,1305,8918,17836,89.18,0.0,9634.0,0.0031,0.0
2026-05-15,F06,Premium,1494,9282,18564,92.82,0.0,9452.0,0.0046,0.0
2026-05-16,F06,Premium,1540,9646,19292,96.46,0.0,10339.0,0.0036,0.0
2026-05-17,F06,Premium,1545,9555,19110,95.55,0.0,9653.0,0.0033,0.0
2026-05-18,F06,Premium,1446,8827,17654,88.27,0.0,10123.0,0.0036,0.0
2026-05-19,F06,Premium,1348,8736,17472,87.36,0.0,9632.0,0.0033,0.0
2026-05-20,F06,Premium,1394,8827,17654,88.27,0.0,9648.0,0.0056,0.0
2026-05-21,F06,Premium,1452,8918,17836,89.18,0.0,9565.0,0.0029,0.0
2026-05-22,F06,Premium,1447,9282,18564,92.82,0.0,10557.0,0.0049,0.0
2026-05-23,F06,Premium,1476,9646,19292,96.46,0.0,10607.0,0.0035,0.0
2026-05-24,F06,Premium,1462,9555,19110,95.55,0.0,10248.0,0.0065,0.0
2026-05-25,F06,Premium,1472,8827,17654,88.27,0.0,9436.0,0.0046,0.0
2026-05-26,F06,Premium,1321,8736,17472,87.36,0.0,9185.0,0.0052,0.0
2026-05-27,F06,Premium,1493,8827,17654,88.27,0.0,9176.0,0.0039,0.0
2026-05-28,F06,Premium,1297,8918,17836,89.18,0.0,9709.0,0.0036,0.0
2026-05-29,F06,Premium,1395,9282,18564,92.82,0.0,10213.0,0.0037,0.0
2026-05-30,F06,Premium,1510,9646,19292,96.46,0.0,10337.0,0.0078,0.0
2026-05-31,F06,Premium,1491,9555,19110,95.55,0.0,9826.0,0.0035,0.0
2026-06-01,F06,Premium,1318,9573,19146,95.73,0.0,8781.0,0.0068,0.0
2026-06-02,F06,Premium,1508,9474,18949,94.74,0.0,10388.0,0.0041,0.0
2026-06-03,F06,Premium,1523,9573,19146,95.73,0.0,9724.0,0.0051,0.0
2026-06-04,F06,Premium,1540,9672,19343,96.72,0.0,10750.0,0.0032,0.0
2026-06-05,F06,Premium,1552,10066,20133,100.66,0.0,9075.0,0.0039,0.0
2026-06-06,F06,Premium,1582,10461,20923,104.61,0.0,9351.0,0.0036,0.0
2026-06-07,F06,Premium,1680,10363,20725,103.63,0.0,9628.0,0.0049,0.0
2026-06-08,F06,Premium,1406,9573,19146,95.73,0.0,9918.0,0.0043,0.0
2026-06-09,F06,Premium,1408,9474,18949,94.74,0.0,9425.0,0.0032,0.0
2026-06-10,F06,Premium,1522,9573,19146,95.73,0.0,10031.0,0.0047,0.0
2026-06-11,F06,Premium,1498,9672,19343,96.72,0.0,9614.0,0.0041,0.0
2026-06-12,F06,Premium,1519,10066,20133,100.66,0.0,9866.0,0.0043,0.0
2026-06-13,F06,Premium,1609,10461,20923,104.61,0.0,9657.0,0.0044,0.0
2026-06-14,F06,Premium,1655,10363,20725,103.63,0.0,10412.0,0.0039,0.0
2026-06-15,F06,Premium,1361,9573,19146,95.73,0.0,9847.0,0.0048,0.0
2026-06-16,F06,Premium,1302,9474,18949,94.74,0.0,10062.0,0.0053,0.0
2026-06-17,F06,Premium,1498,9573,19146,95.73,0.0,10517.0,0.0039,0.0
2026-06-18,F06,Premium,1471,9672,19343,96.72,0.0,9189.0,0.005,0.0
2026-06-19,F06,Premium,1566,10066,20133,100.66,0.0,10284.0,0.0027,0.0
2026-06-20,F06,Premium,1665,10461,20923,104.61,0.0,10462.0,0.0049,0.0
2026-06-21,F06,Premium,1617,10363,20725,103.63,0.0,10078.0,0.005,0.0
2026-06-22,F06,Premium,1536,9573,19146,95.73,0.0,10244.0,0.004,0.0
2026-06-23,F06,Premium,1513,9474,18949,94.74,0.0,10048.0,0.0023,0.0
2026-06-24,F06,Premium,1434,9573,19146,95.73,0.0,10508.0,0.0043,0.0
2026-06-25,F06,Premium,1489,9672,19343,96.72,0.0,9493.0,0.0054,0.0
2026-06-26,F06,Premium,1478,10066,20133,100.66,0.0,10050.0,0.0035,0.0
2026-06-27,F06,Premium,1594,10461,20923,104.61,0.0,9895.0,0.0047,0.0
2026-06-28,F06,Premium,1535,10363,20725,103.63,0.0,10609.0,0.0032,0.0
2026-06-29,F06,Premium,1418,9573,19146,95.73,0.0,9986.0,0.0046,0.0
2026-06-30,F06,Premium,1406,9474,18949,94.74,0.0,9303.0,0.0019,0.0
2026-07-01,F06,Premium,1502,9942,19884,99.42,0.0,10942.0,0.0032,0.0
2026-07-02,F06,Premium,1478,10044,20089,100.44,0.0,11106.0,0.0048,0.0
2026-07-03,F06,Premium,1619,10454,20909,104.54,0.0,11267.0,0.0042,0.0
2026-07-04,F06,Premium,1477,10864,21729,108.64,0.0,10341.0,0.0047,0.0
2026-07-05,F06,Premium,1612,10762,21524,107.62,0.0,11739.0,0.0031,0.0
2026-07-06,F06,Premium,1476,9942,19884,99.42,0.0,12206.0,0.0028,0.0
2026-07-07,F06,Premium,1541,9839,19679,98.39,0.0,10982.0,0.0038,0.0
2026-07-08,F06,Premium,1585,9942,19884,99.42,0.0,11778.0,0.0041,0.0
2026-07-09,F06,Premium,1436,10044,20089,100.44,0.0,11308.0,0.0051,0.0
2026-07-10,F06,Premium,1545,10454,20909,104.54,0.0,10289.0,0.0038,0.0
2026-07-11,F06,Premium,1727,10864,21729,108.64,0.0,10155.0,0.0038,0.0
2026-07-12,F06,Premium,1611,10762,21524,107.62,0.0,9871.0,0.006,0.0
2026-07-13,F06,Premium,1463,9942,19884,99.42,0.0,9100.0,0.0029,0.0
2026-07-14,F06,Premium,1587,9839,19679,98.39,0.0,9296.0,0.0028,0.0
2026-07-15,F06,Premium,1411,9942,19884,99.42,0.0,9476.0,0.0032,0.0
2026-07-16,F06,Premium,1508,10044,20089,100.44,0.0,9302.0,0.0042,0.0
2026-07-17,F06,Premium,1599,10454,20909,104.54,0.0,9941.0,0.0044,0.0
2026-07-18,F06,Premium,1607,10864,21729,108.64,0.0,9467.0,0.0043,0.0
2026-07-19,F06,Premium,1660,10762,21524,107.62,0.0,10121.0,0.0036,0.0
2026-07-20,F06,Premium,1530,9942,19884,99.42,0.0,10344.0,0.0062,0.0
2026-07-21,F06,Premium,1492,9839,19679,98.39,0.0,10525.0,0.0024,0.0
2026-07-22,F06,Premium,1591,9942,19884,99.42,0.0,9073.0,0.0045,0.0
2026-07-23,F06,Premium,1503,10044,20089,100.44,0.0,9031.0,0.0036,0.0
2026-07-24,F06,Premium,1559,10454,20909,104.54,0.0,9028.0,0.0031,0.0
2026-07-25,F06,Premium,1564,10864,21729,108.64,0.0,10391.0,0.004,0.0
2026-07-26,F06,Premium,1877,10762,21524,107.62,0.0,9856.0,0.003,0.0
2026-07-27,F06,Premium,1405,9942,19884,99.42,0.0,9932.0,0.0027,0.0
2026-07-28,F06,Premium,1629,9839,19679,98.39,0.0,9442.0,0.0047,0.0
2026-07-29,F06,Premium,1565,9942,19884,99.42,0.0,9906.0,0.0037,0.0
2026-07-30,F06,Premium,1526,10044,20089,100.44,0.0,9442.0,0.0035,0.0
2026-07-31,F06,Premium,1469,10454,20909,104.54,0.0,9467.0,0.0054,0.0
2026-08-01,F06,Premium,1769,11518,23036,115.18,0.0,10195.0,0.0034,0.0
2026-08-02,F06,Premium,1600,11409,22819,114.09,0.0,9955.0,0.0031,0.0
2026-08-03,F06,Premium,1666,10540,21080,105.4,0.0,9300.0,0.0041,0.0
2026-08-04,F06,Premium,1551,10432,20863,104.32,0.0,9415.0,0.0056,0.0
2026-08-05,F06,Premium,1755,10540,21080,105.4,0.0,9489.0,0.0037,0.0
2026-08-06,F06,Premium,1682,10649,21298,106.49,0.0,9879.0,0.0031,0.0
2026-08-07,F06,Premium,1796,11084,22167,110.84,0.0,8731.0,0.0043,0.0
2026-08-08,F06,Premium,1898,11518,23036,115.18,0.0,9033.0,0.0033,0.0
2026-08-09,F06,Premium,1778,11409,22819,114.09,0.0,9323.0,0.0056,0.0
2026-08-10,F06,Premium,1668,10540,21080,105.4,0.0,10013.0,0.0033,0.0
2026-08-11,F06,Premium,1392,10432,20863,104.32,0.0,9813.0,0.0035,0.0
2026-08-12,F06,Premium,1704,10540,21080,105.4,0.0,9462.0,0.0038,0.0
2026-08-13,F06,Premium,1532,10649,21298,106.49,0.0,10422.0,0.0038,0.0
2026-08-14,F06,Premium,1661,11084,22167,110.84,0.0,10341.0,0.0038,0.0
2026-08-15,F06,Premium,1855,11518,23036,115.18,0.0,10161.0,0.004,0.0
2026-08-16,F06,Premium,1741,11409,22819,114.09,0.0,9968.0,0.0049,0.0
2026-08-17,F06,Premium,1580,10540,21080,105.4,0.0,10012.0,0.0032,0.0
2026-08-18,F06,Premium,1692,10432,20863,104.32,0.0,9246.0,0.0041,0.0
2026-08-19,F06,Premium,1682,10540,21080,105.4,0.0,10678.0,0.0042,0.0
2026-08-20,F06,Premium,1607,10649,21298,106.49,0.0,12114.0,0.0048,0.0
2026-08-21,F06,Premium,1740,11084,22167,110.84,0.0,11749.0,0.0045,0.0
2026-08-22,F06,Premium,1745,11518,23036,115.18,0.0,10408.0,0.0035,0.0
2026-08-23,F06,Premium,1640,11409,22819,114.09,0.0,10102.0,0.0033,0.0
2026-08-24,F06,Premium,1703,10540,21080,105.4,0.0,10240.0,0.003,0.0
2026-08-25,F06,Premium,1616,10432,20863,104.32,0.0,11859.0,0.0058,0.0
2026-08-26,F06,Premium,1610,10540,21080,105.4,0.0,11009.0,0.0048,0.0
2026-08-27,F06,Premium,1710,10649,21298,106.49,0.0,10968.0,0.0052,0.0
2026-08-28,F06,Premium,1728,11084,22167,110.84,0.0,11252.0,0.0044,0.0
2026-08-29,F06,Premium,1910,11518,23036,115.18,0.0,11071.0,0.0032,0.0
2026-08-30,F06,Premium,1868,11409,22819,114.09,0.0,12052.0,0.0043,0.0
2026-08-31,F06,Premium,1561,10540,21080,105.4,0.0,10172.0,0.0021,0.0
2024-03-04,F07,Premium,206,160,4786,0.0,31.9,434.0,0.005,0.0
2024-03-05,F07,Premium,192,158,4736,0.0,31.58,423.0,0.0045,0.0
2024-03-06,F07,Premium,209,160,4786,0.0,31.9,417.0,0.0059,0.0
2024-03-07,F07,Premium,195,161,4835,0.0,32.23,431.0,0.0032,0.0
2024-03-08,F07,Premium,227,168,5032,0.0,33.55,449.0,0.0048,0.0
2024-03-09,F07,Premium,232,174,5230,0.0,34.86,373.0,0.0043,0.0
2024-03-10,F07,Premium,222,173,5180,0.0,34.54,436.0,0.0049,0.0
2024-03-11,F07,Premium,201,160,4786,0.0,31.9,434.0,0.0038,0.0
2024-03-12,F07,Premium,211,158,4736,0.0,31.58,413.0,0.0035,0.0
2024-03-13,F07,Premium,208,160,4786,0.0,31.9,407.0,0.0042,0.0
2024-03-14,F07,Premium,199,161,4835,0.0,32.23,369.0,0.0049,0.0
2024-03-15,F07,Premium,214,168,5032,0.0,33.55,461.0,0.0043,0.0
2024-03-16,F07,Premium,191,174,5230,0.0,34.86,399.0,0.0038,0.0
2024-03-17,F07,Premium,214,173,5180,0.0,34.54,402.0,0.0038,0.0
2024-03-18,F07,Premium,204,160,4786,0.0,31.9,412.0,0.0039,0.0
2024-03-19,F07,Premium,193,158,4736,0.0,31.58,401.0,0.005,0.0
2024-03-20,F07,Premium,205,160,4786,0.0,31.9,392.0,0.0059,0.0
2024-03-21,F07,Premium,221,161,4835,0.0,32.23,404.0,0.0039,0.0
2024-03-22,F07,Premium,218,168,5032,0.0,33.55,413.0,0.0034,0.0
2024-03-23,F07,Premium,219,174,5230,0.0,34.86,372.0,0.0047,0.0
2024-03-24,F07,Premium,232,173,5180,0.0,34.54,414.0,0.0034,0.0
2024-03-25,F07,Premium,200,160,4786,0.0,31.9,386.0,0.0047,0.0
2024-03-26,F07,Premium,209,158,4736,0.0,31.58,362.0,0.0033,0.0
2024-03-27,F07,Premium,195,160,4786,0.0,31.9,369.0,0.004,0.0
2024-03-28,F07,Premium,201,161,4835,0.0,32.23,382.0,0.0044,0.0
2024-03-29,F07,Premium,207,168,5032,0.0,33.55,401.0,0.0044,0.0
2024-03-30,F07,Premium,231,174,5230,0.0,34.86,384.0,0.0045,0.0
2024-03-31,F07,Premium,214,173,5180,0.0,34.54,383.0,0.0037,0.0
2024-04-01,F07,Premium,238,193,5794,0.0,38.63,380.0,0.0036,0.0
2024-04-02,F07,Premium,249,191,5734,0.0,38.23,416.0,0.0035,0.0
2024-04-03,F07,Premium,253,193,5794,0.0,38.63,432.0,0.005,0.0
2024-04-04,F07,Premium,265,195,5853,0.0,39.02,379.0,0.004,0.0
2024-04-05,F07,Premium,228,203,6092,0.0,40.62,386.0,0.0039,0.0
2024-04-06,F07,Premium,267,211,6331,0.0,42.21,396.0,0.0046,0.0
2024-04-07,F07,Premium,270,209,6272,0.0,41.81,411.0,0.0053,0.0
2024-04-08,F07,Premium,229,193,5794,0.0,38.63,355.0,0.0045,0.0
2024-04-09,F07,Premium,234,191,5734,0.0,38.23,434.0,0.003,0.0
2024-04-10,F07,Premium,246,193,5794,0.0,38.63,414.0,0.003,0.0
2024-04-11,F07,Premium,239,195,5853,0.0,39.02,398.0,0.0051,0.0
2024-04-12,F07,Premium,238,203,6092,0.0,40.62,419.0,0.0037,0.0
2024-04-13,F07,Premium,259,211,6331,0.0,42.21,419.0,0.0054,0.0
2024-04-14,F07,Premium,242,209,6272,0.0,41.81,424.0,0.0048,0.0
2024-04-15,F07,Premium,254,193,5794,0.0,38.63,400.0,0.0051,0.0
2024-04-16,F07,Premium,244,191,5734,0.0,38.23,420.0,0.0033,0.0
2024-04-17,F07,Premium,243,193,5794,0.0,38.63,418.0,0.0042,0.0
2024-04-18,F07,Premium,235,195,5853,0.0,39.02,380.0,0.0054,0.0
2024-04-19,F07,Premium,244,203,6092,0.0,40.62,375.0,0.0044,0.0
2024-04-20,F07,Premium,243,211,6331,0.0,42.21,434.0,0.0038,0.0
2024-04-21,F07,Premium,239,209,6272,0.0,41.81,458.0,0.0028,0.0
2024-04-22,F07,Premium,244,193,5794,0.0,38.63,431.0,0.0045,0.0
2024-04-23,F07,Premium,240,191,5734,0.0,38.23,392.0,0.0051,0.0
2024-04-24,F07,Premium,236,193,5794,0.0,38.63,378.0,0.0057,0.0
2024-04-25,F07,Premium,237,195,5853,0.0,39.02,375.0,0.0037,0.0
2024-04-26,F07,Premium,233,203,6092,0.0,40.62,374.0,0.0039,0.0
2024-04-27,F07,Premium,258,211,6331,0.0,42.21,400.0,0.0044,0.0
2024-04-28,F07,Premium,257,209,6272,0.0,41.81,411.0,0.0055,0.0
2024-04-29,F07,Premium,233,193,5794,0.0,38.63,403.0,0.0035,0.0
2024-04-30,F07,Premium,231,191,5734,0.0,38.23,416.0,0.0042,0.0
2024-05-01,F07,Premium,265,221,6620,0.0,44.13,398.0,0.0033,0.0
2024-05-02,F07,Premium,253,223,6688,0.0,44.59,414.0,0.0037,0.0
2024-05-03,F07,Premium,273,232,6961,0.0,46.41,407.0,0.0048,0.0
2024-05-04,F07,Premium,300,241,7234,0.0,48.23,415.0,0.0034,0.0
2024-05-05,F07,Premium,279,239,7166,0.0,47.77,391.0,0.0047,0.0
2024-05-06,F07,Premium,250,221,6620,0.0,44.13,426.0,0.0047,0.0
2024-05-07,F07,Premium,265,218,6552,0.0,43.68,433.0,0.0031,0.0
2024-05-08,F07,Premium,285,221,6620,0.0,44.13,386.0,0.0037,0.0
2024-05-09,F07,Premium,279,223,6688,0.0,44.59,392.0,0.0034,0.0
2024-05-10,F07,Premium,285,232,6961,0.0,46.41,413.0,0.0039,0.0
2024-05-11,F07,Premium,280,241,7234,0.0,48.23,400.0,0.0037,0.0
2024-05-12,F07,Premium,289,239,7166,0.0,47.77,400.0,0.0043,0.0
2024-05-13,F07,Premium,281,221,6620,0.0,44.13,425.0,0.0047,0.0
2024-05-14,F07,Premium,267,218,6552,0.0,43.68,429.0,0.0038,0.0
2024-05-15,F07,Premium,262,221,6620,0.0,44.13,387.0,0.0037,0.0
2024-05-16,F07,Premium,276,223,6688,0.0,44.59,436.0,0.0036,0.0
2024-05-17,F07,Premium,290,232,6961,0.0,46.41,404.0,0.003,0.0
2024-05-18,F07,Premium,291,241,7234,0.0,48.23,400.0,0.0035,0.0
2024-05-19,F07,Premium,296,239,7166,0.0,47.77,380.0,0.0057,0.0
2024-05-20,F07,Premium,271,221,6620,0.0,44.13,425.0,0.004,0.0
2024-05-21,F07,Premium,256,218,6552,0.0,43.68,364.0,0.0034,0.0
2024-05-22,F07,Premium,296,221,6620,0.0,44.13,369.0,0.0042,0.0
2024-05-23,F07,Premium,268,223,6688,0.0,44.59,400.0,0.0064,0.0
2024-05-24,F07,Premium,284,232,6961,0.0,46.41,408.0,0.0045,0.0
2024-05-25,F07,Premium,285,241,7234,0.0,48.23,405.0,0.0037,0.0
2024-05-26,F07,Premium,293,239,7166,0.0,47.77,419.0,0.0048,0.0
2024-05-27,F07,Premium,282,221,6620,0.0,44.13,407.0,0.0045,0.0
2024-05-28,F07,Premium,258,218,6552,0.0,43.68,384.0,0.0037,0.0
2024-05-29,F07,Premium,266,221,6620,0.0,44.13,393.0,0.0048,0.0
2024-05-30,F07,Premium,272,223,6688,0.0,44.59,422.0,0.004,0.0
2024-05-31,F07,Premium,258,232,6961,0.0,46.41,373.0,0.0027,0.0
2024-06-01,F07,Premium,330,272,8172,0.0,54.48,422.0,0.0066,0.0
2024-06-02,F07,Premium,315,270,8095,0.0,53.97,365.0,0.0039,0.0
2024-06-03,F07,Premium,304,223,6681,0.0,44.54,401.0,0.0037,0.0
2024-06-04,F07,Premium,294,220,6612,0.0,44.08,410.0,0.0047,0.0
2024-06-05,F07,Premium,325,223,6681,0.0,44.54,418.0,0.005,0.0
2024-06-06,F07,Premium,329,225,6750,0.0,45.0,417.0,0.0037,0.0
2024-06-07,F07,Premium,299,234,7025,0.0,46.83,402.0,0.0032,0.0
2024-06-08,F07,Premium,380,243,7301,0.0,48.67,369.0,0.0038,0.0
2024-06-09,F07,Premium,322,241,7232,0.0,48.21,394.0,0.0026,0.0
2024-06-10,F07,Premium,297,223,6681,0.0,44.54,401.0,0.0039,0.0
2024-06-11,F07,Premium,311,220,6612,0.0,44.08,380.0,0.0039,0.0
2024-06-12,F07,Premium,296,223,6681,0.0,44.54,379.0,0.003,0.0
2024-06-13,F07,Premium,299,225,6750,0.0,45.0,374.0,0.0047,0.0
2024-06-14,F07,Premium,310,234,7025,0.0,46.83,354.0,0.0063,0.0
2024-06-15,F07,Premium,343,243,7301,0.0,48.67,364.0,0.0021,0.0
2024-06-16,F07,Premium,335,241,7232,0.0,48.21,407.0,0.0028,0.0
2024-06-17,F07,Premium,325,223,6681,0.0,44.54,422.0,0.0032,0.0
2024-06-18,F07,Premium,304,220,6612,0.0,44.08,397.0,0.0033,0.0
2024-06-19,F07,Premium,296,223,6681,0.0,44.54,379.0,0.005,0.0
2024-06-20,F07,Premium,304,225,6750,0.0,45.0,393.0,0.0027,0.0
2024-06-21,F07,Premium,332,234,7025,0.0,46.83,394.0,0.0031,0.0
2024-06-22,F07,Premium,333,243,7301,0.0,48.67,417.0,0.0044,0.0
2024-06-23,F07,Premium,333,241,7232,0.0,48.21,395.0,0.0039,0.0
2024-06-24,F07,Premium,320,223,6681,0.0,44.54,436.0,0.0048,0.0
2024-06-25,F07,Premium,318,220,6612,0.0,44.08,373.0,0.0042,0.0
2024-06-26,F07,Premium,313,223,6681,0.0,44.54,405.0,0.0042,0.0
2024-06-27,F07,Premium,307,225,6750,0.0,45.0,397.0,0.0031,0.0
2024-06-28,F07,Premium,299,234,7025,0.0,46.83,421.0,0.0021,0.0
2024-06-29,F07,Premium,299,243,7301,0.0,48.67,396.0,0.0067,0.0
2024-06-30,F07,Premium,344,241,7232,0.0,48.21,412.0,0.0028,0.0
2024-07-01,F07,Premium,344,251,7521,0.0,50.14,483.0,0.0068,0.0
2024-07-02,F07,Premium,353,248,7443,0.0,49.62,477.0,0.004,0.0
2024-07-03,F07,Premium,349,251,7521,0.0,50.14,449.0,0.0036,0.0
2024-07-04,F07,Premium,320,253,7598,0.0,50.66,474.0,0.0043,0.0
2024-07-05,F07,Premium,360,264,7909,0.0,52.72,460.0,0.0039,0.0
2024-07-06,F07,Premium,373,274,8219,0.0,54.79,480.0,0.0046,0.0
2024-07-07,F07,Premium,357,271,8141,0.0,54.27,504.0,0.0054,0.0
2024-07-08,F07,Premium,327,251,7521,0.0,50.14,460.0,0.0036,0.0
2024-07-09,F07,Premium,336,248,7443,0.0,49.62,437.0,0.0056,0.0
2024-07-10,F07,Premium,335,251,7521,0.0,50.14,453.0,0.0036,0.0
2024-07-11,F07,Premium,362,253,7598,0.0,50.66,408.0,0.004,0.0
2024-07-12,F07,Premium,379,264,7909,0.0,52.72,389.0,0.0044,0.0
2024-07-13,F07,Premium,362,274,8219,0.0,54.79,424.0,0.0035,0.0
2024-07-14,F07,Premium,388,271,8141,0.0,54.27,379.0,0.0048,0.0
2024-07-15,F07,Premium,342,251,7521,0.0,50.14,374.0,0.0044,0.0
2024-07-16,F07,Premium,303,248,7443,0.0,49.62,391.0,0.0043,0.0
2024-07-17,F07,Premium,334,251,7521,0.0,50.14,376.0,0.0052,0.0
2024-07-18,F07,Premium,341,253,7598,0.0,50.66,396.0,0.0046,0.0
2024-07-19,F07,Premium,362,264,7909,0.0,52.72,397.0,0.0034,0.0
2024-07-20,F07,Premium,391,274,8219,0.0,54.79,419.0,0.0034,0.0
2024-07-21,F07,Premium,418,271,8141,0.0,54.27,424.0,0.0047,0.0
2024-07-22,F07,Premium,351,251,7521,0.0,50.14,429.0,0.0039,0.0
2024-07-23,F07,Premium,337,248,7443,0.0,49.62,390.0,0.0034,0.0
2024-07-24,F07,Premium,332,251,7521,0.0,50.14,406.0,0.0032,0.0
2024-07-25,F07,Premium,352,253,7598,0.0,50.66,406.0,0.0036,0.0
2024-07-26,F07,Premium,349,264,7909,0.0,52.72,376.0,0.0066,0.0
2024-07-27,F07,Premium,376,274,8219,0.0,54.79,410.0,0.0067,0.0
2024-07-28,F07,Premium,328,271,8141,0.0,54.27,389.0,0.0045,0.0
2024-07-29,F07,Premium,354,251,7521,0.0,50.14,397.0,0.0055,0.0
2024-07-30,F07,Premium,344,248,7443,0.0,49.62,400.0,0.0029,0.0
2024-07-31,F07,Premium,359,251,7521,0.0,50.14,383.0,0.0045,0.0
2024-08-01,F07,Premium,421,282,8454,0.0,56.36,403.0,0.0038,0.0
2024-08-02,F07,Premium,394,293,8799,0.0,58.66,373.0,0.0027,0.0
2024-08-03,F07,Premium,421,305,9144,0.0,60.96,414.0,0.0034,0.0
2024-08-04,F07,Premium,414,302,9058,0.0,60.38,399.0,0.0071,0.0
2024-08-05,F07,Premium,368,279,8368,0.0,55.78,401.0,0.0055,0.0
2024-08-06,F07,Premium,370,276,8281,0.0,55.21,399.0,0.0034,0.0
2024-08-07,F07,Premium,389,279,8368,0.0,55.78,402.0,0.0036,0.0
2024-08-08,F07,Premium,386,282,8454,0.0,56.36,411.0,0.0028,0.0
2024-08-09,F07,Premium,414,293,8799,0.0,58.66,394.0,0.0046,0.0
2024-08-10,F07,Premium,422,305,9144,0.0,60.96,399.0,0.0047,0.0
2024-08-11,F07,Premium,417,302,9058,0.0,60.38,399.0,0.0035,0.0
2024-08-12,F07,Premium,405,279,8368,0.0,55.78,379.0,0.0037,0.0
2024-08-13,F07,Premium,403,276,8281,0.0,55.21,403.0,0.0054,0.0
2024-08-14,F07,Premium,351,279,8368,0.0,55.78,406.0,0.0047,0.0
2024-08-15,F07,Premium,438,282,8454,0.0,56.36,428.0,0.0063,0.0
2024-08-16,F07,Premium,409,293,8799,0.0,58.66,391.0,0.0028,0.0
2024-08-17,F07,Premium,400,305,9144,0.0,60.96,372.0,0.0029,0.0
2024-08-18,F07,Premium,461,302,9058,0.0,60.38,416.0,0.0023,0.0
2024-08-19,F07,Premium,388,279,8368,0.0,55.78,435.0,0.0064,0.0
2024-08-20,F07,Premium,393,276,8281,0.0,55.21,442.0,0.0033,0.0
2024-08-21,F07,Premium,380,279,8368,0.0,55.78,397.0,0.0029,0.0
2024-08-22,F07,Premium,429,282,8454,0.0,56.36,409.0,0.0031,0.0
2024-08-23,F07,Premium,404,293,8799,0.0,58.66,395.0,0.0042,0.0
2024-08-24,F07,Premium,449,305,9144,0.0,60.96,417.0,0.0047,0.0
2024-08-25,F07,Premium,437,302,9058,0.0,60.38,395.0,0.0049,0.0
2024-08-26,F07,Premium,397,279,8368,0.0,55.78,398.0,0.0047,0.0
2024-08-27,F07,Premium,382,276,8281,0.0,55.21,426.0,0.0033,0.0
2024-08-28,F07,Premium,383,279,8368,0.0,55.78,392.0,0.0044,0.0
2024-08-29,F07,Premium,387,282,8454,0.0,56.36,405.0,0.0036,0.0
2024-08-30,F07,Premium,428,293,8799,0.0,58.66,424.0,0.004,0.0
2024-08-31,F07,Premium,396,305,9144,0.0,60.96,412.0,0.0042,0.0
2024-09-01,F07,Premium,413,330,9897,0.0,65.98,430.0,0.0028,0.0
2024-09-02,F07,Premium,385,305,9143,0.0,60.95,397.0,0.0024,0.0
2024-09-03,F07,Premium,378,302,9049,0.0,60.33,412.0,0.0042,0.0
2024-09-04,F07,Premium,391,305,9143,0.0,60.95,412.0,0.0047,0.0
2024-09-05,F07,Premium,404,308,9237,0.0,61.58,388.0,0.0048,0.0
2024-09-06,F07,Premium,455,320,9614,0.0,64.1,432.0,0.0042,0.0
2024-09-07,F07,Premium,404,333,9991,0.0,66.61,366.0,0.005,0.0
2024-09-08,F07,Premium,460,330,9897,0.0,65.98,378.0,0.0033,0.0
2024-09-09,F07,Premium,437,305,9143,0.0,60.95,382.0,0.004,0.0
2024-09-10,F07,Premium,383,302,9049,0.0,60.33,384.0,0.0059,0.0
2024-09-11,F07,Premium,398,305,9143,0.0,60.95,405.0,0.0025,0.0
2024-09-12,F07,Premium,436,308,9237,0.0,61.58,384.0,0.0043,0.0
2024-09-13,F07,Premium,453,320,9614,0.0,64.1,384.0,0.0045,0.0
2024-09-14,F07,Premium,465,333,9991,0.0,66.61,411.0,0.0052,0.0
2024-09-15,F07,Premium,439,330,9897,0.0,65.98,388.0,0.0036,0.0
2024-09-16,F07,Premium,402,305,9143,0.0,60.95,397.0,0.0044,0.0
2024-09-17,F07,Premium,396,302,9049,0.0,60.33,396.0,0.0033,0.0
2024-09-18,F07,Premium,417,305,9143,0.0,60.95,404.0,0.0053,0.0
2024-09-19,F07,Premium,409,308,9237,0.0,61.58,392.0,0.003,0.0
2024-09-20,F07,Premium,446,320,9614,0.0,64.1,393.0,0.0045,0.0
2024-09-21,F07,Premium,458,333,9991,0.0,66.61,414.0,0.0046,0.0
2024-09-22,F07,Premium,473,330,9897,0.0,65.98,414.0,0.0034,0.0
2024-09-23,F07,Premium,378,305,9143,0.0,60.95,418.0,0.004,0.0
2024-09-24,F07,Premium,420,302,9049,0.0,60.33,396.0,0.004,0.0
2024-09-25,F07,Premium,397,305,9143,0.0,60.95,402.0,0.004,0.0
2024-09-26,F07,Premium,392,308,9237,0.0,61.58,405.0,0.0039,0.0
2024-09-27,F07,Premium,440,320,9614,0.0,64.1,408.0,0.0029,0.0
2024-09-28,F07,Premium,471,333,9991,0.0,66.61,384.0,0.0048,0.0
2024-09-29,F07,Premium,463,330,9897,0.0,65.98,358.0,0.0037,0.0
2024-09-30,F07,Premium,416,305,9143,0.0,60.95,404.0,0.0043,0.0
2024-10-01,F07,Premium,432,340,10210,0.0,68.07,410.0,0.0022,0.0
2024-10-02,F07,Premium,436,344,10317,0.0,68.78,385.0,0.0047,0.0
2024-10-03,F07,Premium,465,347,10423,0.0,69.49,412.0,0.0038,0.0
2024-10-04,F07,Premium,487,362,10848,0.0,72.32,388.0,0.0051,0.0
2024-10-05,F07,Premium,500,376,11274,0.0,75.16,411.0,0.004,0.0
2024-10-06,F07,Premium,486,372,11167,0.0,74.45,389.0,0.0035,0.0
2024-10-07,F07,Premium,508,344,10317,0.0,68.78,409.0,0.0041,0.0
2024-10-08,F07,Premium,432,340,10210,0.0,68.07,400.0,0.006,0.0
2024-10-09,F07,Premium,467,344,10317,0.0,68.78,408.0,0.0054,0.0
2024-10-10,F07,Premium,448,347,10423,0.0,69.49,371.0,0.004,0.0
2024-10-11,F07,Premium,465,362,10848,0.0,72.32,398.0,0.0048,0.0
2024-10-12,F07,Premium,525,376,11274,0.0,75.16,385.0,0.0045,0.0
2024-10-13,F07,Premium,484,372,11167,0.0,74.45,416.0,0.0037,0.0
2024-10-14,F07,Premium,478,344,10317,0.0,68.78,401.0,0.0043,0.0
2024-10-15,F07,Premium,417,340,10210,0.0,68.07,418.0,0.003,0.0
2024-10-16,F07,Premium,512,344,10317,0.0,68.78,371.0,0.0042,0.0
2024-10-17,F07,Premium,466,347,10423,0.0,69.49,402.0,0.0044,0.0
2024-10-18,F07,Premium,530,362,10848,0.0,72.32,398.0,0.0044,0.0
2024-10-19,F07,Premium,453,376,11274,0.0,75.16,387.0,0.0034,0.0
2024-10-20,F07,Premium,440,372,11167,0.0,74.45,401.0,0.0043,0.0
2024-10-21,F07,Premium,459,344,10317,0.0,68.78,401.0,0.0047,0.0
2024-10-22,F07,Premium,443,340,10210,0.0,68.07,411.0,0.0043,0.0
2024-10-23,F07,Premium,425,344,10317,0.0,68.78,407.0,0.0049,0.0
2024-10-24,F07,Premium,463,347,10423,0.0,69.49,411.0,0.0037,0.0
2024-10-25,F07,Premium,485,362,10848,0.0,72.32,397.0,0.0033,0.0
2024-10-26,F07,Premium,491,376,11274,0.0,75.16,382.0,0.0047,0.0
2024-10-27,F07,Premium,480,372,11167,0.0,74.45,460.0,0.0028,0.0
2024-10-28,F07,Premium,472,344,10317,0.0,68.78,454.0,0.0039,0.0
2024-10-29,F07,Premium,438,340,10210,0.0,68.07,468.0,0.0054,0.0
2024-10-30,F07,Premium,456,344,10317,0.0,68.78,417.0,0.0042,0.0
2024-10-31,F07,Premium,444,347,10423,0.0,69.49,451.0,0.0037,0.0
2024-11-01,F07,Premium,560,469,14060,0.0,93.73,475.0,0.0028,0.0
2024-11-02,F07,Premium,590,487,14611,0.0,97.41,410.0,0.004,0.0
2024-11-03,F07,Premium,590,482,14473,0.0,96.49,404.0,0.005,0.0
2024-11-04,F07,Premium,501,446,13371,0.0,89.14,383.0,0.0039,0.0
2024-11-05,F07,Premium,513,440,13186,0.0,87.91,398.0,0.0036,0.0
2024-11-06,F07,Premium,532,443,13276,0.0,88.51,388.0,0.0034,0.0
2024-11-07,F07,Premium,514,446,13366,0.0,89.11,433.0,0.0035,0.0
2024-11-08,F07,Premium,533,462,13863,0.0,92.42,384.0,0.0041,0.0
2024-11-09,F07,Premium,583,479,14356,0.0,95.71,401.0,0.004,0.0
2024-11-10,F07,Premium,588,472,14171,0.0,94.47,433.0,0.0059,0.0
2024-11-11,F07,Premium,501,435,13046,0.0,86.97,410.0,0.0036,0.0
2024-11-12,F07,Premium,493,429,12867,0.0,85.78,404.0,0.0035,0.0
2024-11-13,F07,Premium,481,432,12956,0.0,86.37,419.0,0.006,0.0
2024-11-14,F07,Premium,524,435,13045,0.0,86.96,371.0,0.0038,0.0
2024-11-15,F07,Premium,502,451,13531,0.0,90.2,413.0,0.0029,0.0
2024-11-16,F07,Premium,539,467,14013,0.0,93.42,413.0,0.0043,0.0
2024-11-17,F07,Premium,514,461,13834,0.0,92.23,363.0,0.0032,0.0
2024-11-18,F07,Premium,542,425,12737,0.0,84.91,373.0,0.0024,0.0
2024-11-19,F07,Premium,490,419,12563,0.0,83.75,400.0,0.0035,0.0
2024-11-20,F07,Premium,520,422,12651,0.0,84.34,391.0,0.0035,0.0
2024-11-21,F07,Premium,535,425,12739,0.0,84.92,414.0,0.0047,0.0
2024-11-22,F07,Premium,609,440,13214,0.0,88.09,435.0,0.0037,0.0
2024-11-23,F07,Premium,598,456,13687,0.0,91.24,463.0,0.003,0.0
2024-11-24,F07,Premium,529,450,13512,0.0,90.08,473.0,0.0045,0.0
2024-11-25,F07,Premium,509,415,12442,0.0,82.94,405.0,0.0027,0.0
2024-11-26,F07,Premium,499,409,12273,0.0,81.82,441.0,0.0047,0.0
2024-11-27,F07,Premium,512,412,12360,0.0,82.4,467.0,0.0059,0.0
2024-11-28,F07,Premium,532,415,12446,0.0,82.98,440.0,0.006,0.0
2024-11-29,F07,Premium,535,430,12912,0.0,86.08,474.0,0.0056,0.0
2024-11-30,F07,Premium,551,446,13375,0.0,89.17,472.0,0.0042,0.0
2024-12-01,F07,Premium,553,478,14337,0.0,95.58,434.0,0.0058,0.0
2024-12-02,F07,Premium,575,440,13202,0.0,88.01,462.0,0.0062,0.0
2024-12-03,F07,Premium,525,434,13024,0.0,86.83,377.0,0.0046,0.0
2024-12-04,F07,Premium,553,437,13117,0.0,87.45,376.0,0.0046,0.0
2024-12-05,F07,Premium,615,440,13210,0.0,88.07,406.0,0.0038,0.0
2024-12-06,F07,Premium,609,457,13705,0.0,91.37,424.0,0.0038,0.0
2024-12-07,F07,Premium,626,473,14197,0.0,94.65,361.0,0.0035,0.0
2024-12-08,F07,Premium,598,467,14019,0.0,93.46,415.0,0.0049,0.0
2024-12-09,F07,Premium,569,430,12910,0.0,86.07,389.0,0.0027,0.0
2024-12-10,F07,Premium,542,425,12737,0.0,84.91,325.0,0.003,0.0
2024-12-11,F07,Premium,518,428,12829,0.0,85.53,418.0,0.0049,0.0
2024-12-12,F07,Premium,539,431,12920,0.0,86.14,403.0,0.0045,0.0
2024-12-13,F07,Premium,622,447,13406,0.0,89.37,381.0,0.0026,0.0
2024-12-14,F07,Premium,587,463,13888,0.0,92.59,402.0,0.0052,0.0
2024-12-15,F07,Premium,626,457,13714,0.0,91.43,430.0,0.0029,0.0
2024-12-16,F07,Premium,579,421,12630,0.0,84.2,348.0,0.0043,0.0
2024-12-17,F07,Premium,546,415,12462,0.0,83.08,434.0,0.006,0.0
2024-12-18,F07,Premium,571,418,12553,0.0,83.68,409.0,0.0051,0.0
2024-12-19,F07,Premium,545,421,12643,0.0,84.29,420.0,0.0032,0.0
2024-12-20,F07,Premium,579,437,13119,0.0,87.46,382.0,0.0036,0.0
2024-12-21,F07,Premium,653,453,13592,0.0,90.61,366.0,0.0031,0.0
2024-12-22,F07,Premium,587,447,13423,0.0,89.49,378.0,0.0032,0.0
2024-12-23,F07,Premium,535,412,12363,0.0,82.42,411.0,0.0029,0.0
2024-12-24,F07,Premium,542,407,12198,0.0,81.32,382.0,0.0037,0.0
2024-12-25,F07,Premium,545,410,12288,0.0,81.92,401.0,0.0041,0.0
2024-12-26,F07,Premium,538,413,12378,0.0,82.52,473.0,0.0037,0.0
2024-12-27,F07,Premium,567,428,12844,0.0,85.63,484.0,0.0042,0.0
2024-12-28,F07,Premium,640,444,13308,0.0,88.72,457.0,0.004,0.0
2024-12-29,F07,Premium,656,438,13143,0.0,87.62,473.0,0.0049,0.0
2024-12-30,F07,Premium,559,404,12106,0.0,80.71,455.0,0.0039,0.0
2024-12-31,F07,Premium,564,398,11946,0.0,79.64,446.0,0.0038,0.0
2025-01-01,F07,Premium,554,416,12475,0.0,83.17,429.0,0.0034,0.0
2025-01-02,F07,Premium,594,419,12566,0.0,83.77,497.0,0.0027,0.0
2025-01-03,F07,Premium,644,435,13040,0.0,86.93,507.0,0.0051,0.0
2025-01-04,F07,Premium,676,452,13551,0.0,90.34,454.0,0.0047,0.0
2025-01-05,F07,Premium,609,447,13423,0.0,89.49,423.0,0.0032,0.0
2025-01-06,F07,Premium,559,413,12400,0.0,82.67,437.0,0.005,0.0
2025-01-07,F07,Premium,555,409,12273,0.0,81.82,448.0,0.0056,0.0
2025-01-08,F07,Premium,591,413,12400,0.0,82.67,417.0,0.0042,0.0
2025-01-09,F07,Premium,618,418,12528,0.0,83.52,411.0,0.0045,0.0
2025-01-10,F07,Premium,642,435,13040,0.0,86.93,405.0,0.0031,0.0
2025-01-11,F07,Premium,676,452,13551,0.0,90.34,389.0,0.004,0.0
2025-01-12,F07,Premium,687,447,13423,0.0,89.49,431.0,0.0048,0.0
2025-01-13,F07,Premium,544,413,12400,0.0,82.67,372.0,0.0041,0.0
2025-01-14,F07,Premium,579,409,12273,0.0,81.82,429.0,0.0045,0.0
2025-01-15,F07,Premium,595,413,12400,0.0,82.67,404.0,0.0057,0.0
2025-01-16,F07,Premium,575,418,12528,0.0,83.52,403.0,0.0043,0.0
2025-01-17,F07,Premium,672,435,13040,0.0,86.93,429.0,0.0054,0.0
2025-01-18,F07,Premium,652,452,13551,0.0,90.34,362.0,0.004,0.0
2025-01-19,F07,Premium,626,447,13423,0.0,89.49,370.0,0.0031,0.0
2025-01-20,F07,Premium,583,413,12400,0.0,82.67,410.0,0.0052,0.0
2025-01-21,F07,Premium,600,409,12273,0.0,81.82,382.0,0.0027,0.0
2025-01-22,F07,Premium,540,413,12400,0.0,82.67,409.0,0.0034,0.0
2025-01-23,F07,Premium,633,418,12528,0.0,83.52,420.0,0.004,0.0
2025-01-24,F07,Premium,659,435,13040,0.0,86.93,405.0,0.003,0.0
2025-01-25,F07,Premium,649,452,13551,0.0,90.34,398.0,0.0054,0.0
2025-01-26,F07,Premium,656,447,13423,0.0,89.49,384.0,0.0068,0.0
2025-01-27,F07,Premium,597,413,12400,0.0,82.67,383.0,0.0031,0.0
2025-01-28,F07,Premium,603,409,12273,0.0,81.82,390.0,0.0028,0.0
2025-01-29,F07,Premium,603,413,12400,0.0,82.67,383.0,0.0025,0.0
2025-01-30,F07,Premium,602,418,12528,0.0,83.52,386.0,0.0045,0.0
2025-01-31,F07,Premium,600,435,13040,0.0,86.93,392.0,0.0059,0.0
2025-02-01,F07,Premium,701,559,16763,0.0,111.76,408.0,0.0025,0.0
2025-02-02,F07,Premium,650,554,16605,0.0,110.7,410.0,0.0023,0.0
2025-02-03,F07,Premium,630,511,15340,0.0,102.27,405.0,0.0055,0.0
2025-02-04,F07,Premium,654,506,15182,0.0,101.21,392.0,0.0046,0.0
2025-02-05,F07,Premium,661,511,15340,0.0,102.27,381.0,0.0034,0.0
2025-02-06,F07,Premium,630,517,15498,0.0,103.32,374.0,0.004,0.0
2025-02-07,F07,Premium,671,538,16131,0.0,107.54,456.0,0.0034,0.0
2025-02-08,F07,Premium,638,559,16763,0.0,111.76,442.0,0.0025,0.0
2025-02-09,F07,Premium,674,554,16605,0.0,110.7,461.0,0.0044,0.0
2025-02-10,F07,Premium,614,511,15340,0.0,102.27,496.0,0.0056,0.0
2025-02-11,F07,Premium,601,506,15182,0.0,101.21,420.0,0.0054,0.0
2025-02-12,F07,Premium,597,511,15340,0.0,102.27,486.0,0.0044,0.0
2025-02-13,F07,Premium,671,517,15498,0.0,103.32,474.0,0.0055,0.0
2025-02-14,F07,Premium,656,538,16131,0.0,107.54,433.0,0.0041,0.0
2025-02-15,F07,Premium,670,559,16763,0.0,111.76,423.0,0.0039,0.0
2025-02-16,F07,Premium,642,554,16605,0.0,110.7,408.0,0.0038,0.0
2025-02-17,F07,Premium,666,511,15340,0.0,102.27,410.0,0.0048,0.0
2025-02-18,F07,Premium,664,506,15182,0.0,101.21,395.0,0.003,0.0
2025-02-19,F07,Premium,624,511,15340,0.0,102.27,409.0,0.0061,0.0
2025-02-20,F07,Premium,677,517,15498,0.0,103.32,428.0,0.0056,0.0
2025-02-21,F07,Premium,645,538,16131,0.0,107.54,423.0,0.0036,0.0
2025-02-22,F07,Premium,692,559,16763,0.0,111.76,410.0,0.0031,0.0
2025-02-23,F07,Premium,654,554,16605,0.0,110.7,425.0,0.0056,0.0
2025-02-24,F07,Premium,573,511,15340,0.0,102.27,418.0,0.0038,0.0
2025-02-25,F07,Premium,611,506,15182,0.0,101.21,437.0,0.0036,0.0
2025-02-26,F07,Premium,635,511,15340,0.0,102.27,417.0,0.0061,0.0
2025-02-27,F07,Premium,647,517,15498,0.0,103.32,404.0,0.0047,0.0
2025-02-28,F07,Premium,667,538,16131,0.0,107.54,379.0,0.004,0.0
2025-03-01,F07,Premium,709,521,15619,0.0,104.12,411.0,0.006,0.0
2025-03-02,F07,Premium,740,516,15471,0.0,103.14,376.0,0.0034,0.0
2025-03-03,F07,Premium,671,476,14293,0.0,95.28,384.0,0.004,0.0
2025-03-04,F07,Premium,663,472,14145,0.0,94.3,380.0,0.0049,0.0
2025-03-05,F07,Premium,738,476,14293,0.0,95.28,387.0,0.0047,0.0
2025-03-06,F07,Premium,643,481,14440,0.0,96.27,390.0,0.0059,0.0
2025-03-07,F07,Premium,696,501,15029,0.0,100.2,390.0,0.0062,0.0
2025-03-08,F07,Premium,842,521,15619,0.0,104.12,390.0,0.003,0.0
2025-03-09,F07,Premium,703,516,15471,0.0,103.14,402.0,0.0037,0.0
2025-03-10,F07,Premium,723,476,14293,0.0,95.28,372.0,0.0035,0.0
2025-03-11,F07,Premium,668,472,14145,0.0,94.3,388.0,0.0047,0.0
2025-03-12,F07,Premium,580,476,14293,0.0,95.28,394.0,0.005,0.0
2025-03-13,F07,Premium,655,481,14440,0.0,96.27,412.0,0.0048,0.0
2025-03-14,F07,Premium,714,501,15029,0.0,100.2,394.0,0.0044,0.0
2025-03-15,F07,Premium,762,521,15619,0.0,104.12,391.0,0.0037,0.0
2025-03-16,F07,Premium,834,516,15471,0.0,103.14,434.0,0.0034,0.0
2025-03-17,F07,Premium,667,476,14293,0.0,95.28,423.0,0.0052,0.0
2025-03-18,F07,Premium,646,472,14145,0.0,94.3,394.0,0.0032,0.0
2025-03-19,F07,Premium,667,476,14293,0.0,95.28,379.0,0.0052,0.0
2025-03-20,F07,Premium,655,481,14440,0.0,96.27,393.0,0.0059,0.0
2025-03-21,F07,Premium,666,501,15029,0.0,100.2,419.0,0.0044,0.0
2025-03-22,F07,Premium,716,521,15619,0.0,104.12,402.0,0.0026,0.0
2025-03-23,F07,Premium,699,516,15471,0.0,103.14,403.0,0.0046,0.0
2025-03-24,F07,Premium,754,476,14293,0.0,95.28,416.0,0.0045,0.0
2025-03-25,F07,Premium,641,472,14145,0.0,94.3,390.0,0.0038,0.0
2025-03-26,F07,Premium,673,476,14293,0.0,95.28,390.0,0.0057,0.0
2025-03-27,F07,Premium,673,481,14440,0.0,96.27,419.0,0.0036,0.0
2025-03-28,F07,Premium,680,501,15029,0.0,100.2,399.0,0.0035,0.0
2025-03-29,F07,Premium,799,521,15619,0.0,104.12,394.0,0.0025,0.0
2025-03-30,F07,Premium,712,516,15471,0.0,103.14,406.0,0.0031,0.0
2025-03-31,F07,Premium,649,476,14293,0.0,95.28,418.0,0.0037,0.0
2025-04-01,F07,Premium,719,531,15919,0.0,106.13,403.0,0.0042,0.0
2025-04-02,F07,Premium,703,536,16085,0.0,107.23,424.0,0.0033,0.0
2025-04-03,F07,Premium,669,542,16251,0.0,108.34,388.0,0.0025,0.0
2025-04-04,F07,Premium,742,564,16914,0.0,112.76,418.0,0.0036,0.0
2025-04-05,F07,Premium,770,586,17577,0.0,117.18,399.0,0.0038,0.0
2025-04-06,F07,Premium,762,580,17411,0.0,116.08,415.0,0.0037,0.0
2025-04-07,F07,Premium,752,536,16085,0.0,107.23,417.0,0.0042,0.0
2025-04-08,F07,Premium,682,531,15919,0.0,106.13,411.0,0.0028,0.0
2025-04-09,F07,Premium,646,536,16085,0.0,107.23,412.0,0.0036,0.0
2025-04-10,F07,Premium,764,542,16251,0.0,108.34,409.0,0.003,0.0
2025-04-11,F07,Premium,785,564,16914,0.0,112.76,428.0,0.0053,0.0
2025-04-12,F07,Premium,763,586,17577,0.0,117.18,384.0,0.0059,0.0
2025-04-13,F07,Premium,749,580,17411,0.0,116.08,420.0,0.0038,0.0
2025-04-14,F07,Premium,796,536,16085,0.0,107.23,390.0,0.0047,0.0
2025-04-15,F07,Premium,728,531,15919,0.0,106.13,397.0,0.0036,0.0
2025-04-16,F07,Premium,724,536,16085,0.0,107.23,399.0,0.0034,0.0
2025-04-17,F07,Premium,680,542,16251,0.0,108.34,380.0,0.0039,0.0
2025-04-18,F07,Premium,756,564,16914,0.0,112.76,443.0,0.0037,0.0
2025-04-19,F07,Premium,820,586,17577,0.0,117.18,434.0,0.0044,0.0
2025-04-20,F07,Premium,846,580,17411,0.0,116.08,435.0,0.0048,0.0
2025-04-21,F07,Premium,772,536,16085,0.0,107.23,436.0,0.003,0.0
2025-04-22,F07,Premium,708,531,15919,0.0,106.13,493.0,0.0067,0.0
2025-04-23,F07,Premium,622,536,16085,0.0,107.23,435.0,0.0056,0.0
2025-04-24,F07,Premium,774,542,16251,0.0,108.34,412.0,0.003,0.0
2025-04-25,F07,Premium,706,564,16914,0.0,112.76,451.0,0.004,0.0
2025-04-26,F07,Premium,753,586,17577,0.0,117.18,441.0,0.0055,0.0
2025-04-27,F07,Premium,791,580,17411,0.0,116.08,451.0,0.0045,0.0
2025-04-28,F07,Premium,665,536,16085,0.0,107.23,371.0,0.004,0.0
2025-04-29,F07,Premium,677,531,15919,0.0,106.13,417.0,0.0031,0.0
2025-04-30,F07,Premium,712,536,16085,0.0,107.23,390.0,0.0046,0.0
2025-05-01,F07,Premium,794,561,16840,0.0,112.27,389.0,0.0042,0.0
2025-05-02,F07,Premium,827,584,17527,0.0,116.85,402.0,0.0045,0.0
2025-05-03,F07,Premium,757,607,18215,0.0,121.43,418.0,0.0042,0.0
2025-05-04,F07,Premium,840,601,18043,0.0,120.28,398.0,0.0029,0.0
2025-05-05,F07,Premium,757,556,16668,0.0,111.12,419.0,0.0038,0.0
2025-05-06,F07,Premium,710,550,16496,0.0,109.97,387.0,0.0046,0.0
2025-05-07,F07,Premium,734,556,16668,0.0,111.12,394.0,0.0028,0.0
2025-05-08,F07,Premium,721,561,16840,0.0,112.27,414.0,0.0037,0.0
2025-05-09,F07,Premium,802,584,17527,0.0,116.85,380.0,0.0039,0.0
2025-05-10,F07,Premium,889,607,18215,0.0,121.43,374.0,0.0038,0.0
2025-05-11,F07,Premium,855,601,18043,0.0,120.28,407.0,0.0036,0.0
2025-05-12,F07,Premium,754,556,16668,0.0,111.12,414.0,0.0039,0.0
2025-05-13,F07,Premium,776,550,16496,0.0,109.97,377.0,0.0046,0.0
2025-05-14,F07,Premium,721,556,16668,0.0,111.12,429.0,0.0057,0.0
2025-05-15,F07,Premium,765,561,16840,0.0,112.27,404.0,0.0031,0.0
2025-05-16,F07,Premium,813,584,17527,0.0,116.85,363.0,0.0026,0.0
2025-05-17,F07,Premium,853,607,18215,0.0,121.43,403.0,0.0048,0.0
2025-05-18,F07,Premium,848,601,18043,0.0,120.28,409.0,0.0043,0.0
2025-05-19,F07,Premium,785,556,16668,0.0,111.12,434.0,0.0036,0.0
2025-05-20,F07,Premium,771,550,16496,0.0,109.97,404.0,0.0042,0.0
2025-05-21,F07,Premium,768,556,16668,0.0,111.12,421.0,0.0041,0.0
2025-05-22,F07,Premium,764,561,16840,0.0,112.27,414.0,0.0038,0.0
2025-05-23,F07,Premium,763,584,17527,0.0,116.85,358.0,0.0036,0.0
2025-05-24,F07,Premium,825,607,18215,0.0,121.43,427.0,0.004,0.0
2025-05-25,F07,Premium,840,601,18043,0.0,120.28,401.0,0.0028,0.0
2025-05-26,F07,Premium,832,556,16668,0.0,111.12,388.0,0.0049,0.0
2025-05-27,F07,Premium,837,550,16496,0.0,109.97,378.0,0.0036,0.0
2025-05-28,F07,Premium,753,556,16668,0.0,111.12,384.0,0.0041,0.0
2025-05-29,F07,Premium,732,561,16840,0.0,112.27,393.0,0.0046,0.0
2025-05-30,F07,Premium,872,584,17527,0.0,116.85,372.0,0.0042,0.0
2025-05-31,F07,Premium,920,607,18215,0.0,121.43,384.0,0.0041,0.0
2025-06-01,F07,Premium,918,669,20058,0.0,133.72,407.0,0.0028,0.0
2025-06-02,F07,Premium,850,618,18530,0.0,123.53,401.0,0.0039,0.0
2025-06-03,F07,Premium,855,611,18339,0.0,122.26,401.0,0.0023,0.0
2025-06-04,F07,Premium,905,618,18530,0.0,123.53,396.0,0.0027,0.0
2025-06-05,F07,Premium,828,624,18721,0.0,124.81,402.0,0.0033,0.0
2025-06-06,F07,Premium,836,650,19485,0.0,129.9,393.0,0.0034,0.0
2025-06-07,F07,Premium,876,675,20249,0.0,134.99,407.0,0.0042,0.0
2025-06-08,F07,Premium,877,669,20058,0.0,133.72,407.0,0.0026,0.0
2025-06-09,F07,Premium,903,618,18530,0.0,123.53,405.0,0.0029,0.0
2025-06-10,F07,Premium,869,611,18339,0.0,122.26,423.0,0.0057,0.0
2025-06-11,F07,Premium,864,618,18530,0.0,123.53,387.0,0.0044,0.0
2025-06-12,F07,Premium,837,624,18721,0.0,124.81,385.0,0.0049,0.0
2025-06-13,F07,Premium,806,650,19485,0.0,129.9,438.0,0.0037,0.0
2025-06-14,F07,Premium,887,675,20249,0.0,134.99,400.0,0.003,0.0
2025-06-15,F07,Premium,870,669,20058,0.0,133.72,390.0,0.0026,0.0
2025-06-16,F07,Premium,805,618,18530,0.0,123.53,423.0,0.0025,0.0
2025-06-17,F07,Premium,819,611,18339,0.0,122.26,361.0,0.0045,0.0
2025-06-18,F07,Premium,841,618,18530,0.0,123.53,414.0,0.0036,0.0
2025-06-19,F07,Premium,852,624,18721,0.0,124.81,380.0,0.0039,0.0
2025-06-20,F07,Premium,834,650,19485,0.0,129.9,383.0,0.0042,0.0
2025-06-21,F07,Premium,864,675,20249,0.0,134.99,410.0,0.0028,0.0
2025-06-22,F07,Premium,904,669,20058,0.0,133.72,396.0,0.0031,0.0
2025-06-23,F07,Premium,771,618,18530,0.0,123.53,405.0,0.0059,0.0
2025-06-24,F07,Premium,795,611,18339,0.0,122.26,394.0,0.0031,0.0
2025-06-25,F07,Premium,809,618,18530,0.0,123.53,392.0,0.0029,0.0
2025-06-26,F07,Premium,783,624,18721,0.0,124.81,385.0,0.0054,0.0
2025-06-27,F07,Premium,865,650,19485,0.0,129.9,404.0,0.0039,0.0
2025-06-28,F07,Premium,898,675,20249,0.0,134.99,386.0,0.0042,0.0
2025-06-29,F07,Premium,856,669,20058,0.0,133.72,379.0,0.0041,0.0
2025-06-30,F07,Premium,827,618,18530,0.0,123.53,401.0,0.0019,0.0
2025-07-01,F07,Premium,868,642,19246,0.0,128.3,431.0,0.0037,0.0
2025-07-02,F07,Premium,901,648,19446,0.0,129.64,461.0,0.0033,0.0
2025-07-03,F07,Premium,927,655,19647,0.0,130.98,472.0,0.0021,0.0
2025-07-04,F07,Premium,959,682,20449,0.0,136.32,459.0,0.0038,0.0
2025-07-05,F07,Premium,1041,708,21250,0.0,141.67,422.0,0.0068,0.0
2025-07-06,F07,Premium,956,702,21050,0.0,140.33,448.0,0.0042,0.0
2025-07-07,F07,Premium,851,648,19446,0.0,129.64,442.0,0.0048,0.0
2025-07-08,F07,Premium,846,642,19246,0.0,128.3,447.0,0.0032,0.0
2025-07-09,F07,Premium,884,648,19446,0.0,129.64,424.0,0.0035,0.0
2025-07-10,F07,Premium,817,655,19647,0.0,130.98,448.0,0.0042,0.0
2025-07-11,F07,Premium,898,682,20449,0.0,136.32,389.0,0.0025,0.0
2025-07-12,F07,Premium,904,708,21250,0.0,141.67,384.0,0.005,0.0
2025-07-13,F07,Premium,935,702,21050,0.0,140.33,378.0,0.0041,0.0
2025-07-14,F07,Premium,929,648,19446,0.0,129.64,371.0,0.0048,0.0
2025-07-15,F07,Premium,968,642,19246,0.0,128.3,379.0,0.0028,0.0
2025-07-16,F07,Premium,975,648,19446,0.0,129.64,349.0,0.0035,0.0
2025-07-17,F07,Premium,1063,655,19647,0.0,130.98,377.0,0.0055,0.0
2025-07-18,F07,Premium,979,682,20449,0.0,136.32,396.0,0.0058,0.0
2025-07-19,F07,Premium,1065,708,21250,0.0,141.67,385.0,0.0035,0.0
2025-07-20,F07,Premium,1004,702,21050,0.0,140.33,367.0,0.0039,0.0
2025-07-21,F07,Premium,943,648,19446,0.0,129.64,410.0,0.0033,0.0
2025-07-22,F07,Premium,947,642,19246,0.0,128.3,420.0,0.0049,0.0
2025-07-23,F07,Premium,910,648,19446,0.0,129.64,384.0,0.0037,0.0
2025-07-24,F07,Premium,876,655,19647,0.0,130.98,352.0,0.0038,0.0
2025-07-25,F07,Premium,984,682,20449,0.0,136.32,376.0,0.0041,0.0
2025-07-26,F07,Premium,1007,708,21250,0.0,141.67,397.0,0.0037,0.0
2025-07-27,F07,Premium,992,702,21050,0.0,140.33,412.0,0.0035,0.0
2025-07-28,F07,Premium,905,648,19446,0.0,129.64,371.0,0.0031,0.0
2025-07-29,F07,Premium,917,642,19246,0.0,128.3,380.0,0.0029,0.0
2025-07-30,F07,Premium,922,648,19446,0.0,129.64,337.0,0.0023,0.0
2025-07-31,F07,Premium,932,655,19647,0.0,130.98,358.0,0.0044,0.0
2025-08-01,F07,Premium,1038,734,22030,0.0,146.86,400.0,0.0041,0.0
2025-08-02,F07,Premium,1105,763,22893,0.0,152.62,370.0,0.0029,0.0
2025-08-03,F07,Premium,1134,756,22677,0.0,151.18,381.0,0.0047,0.0
2025-08-04,F07,Premium,1034,698,20950,0.0,139.66,368.0,0.0038,0.0
2025-08-05,F07,Premium,1042,691,20734,0.0,138.22,385.0,0.0062,0.0
2025-08-06,F07,Premium,1141,698,20950,0.0,139.66,423.0,0.0034,0.0
2025-08-07,F07,Premium,999,706,21166,0.0,141.1,357.0,0.0033,0.0
2025-08-08,F07,Premium,1069,734,22030,0.0,146.86,385.0,0.005,0.0
2025-08-09,F07,Premium,1248,763,22893,0.0,152.62,359.0,0.0034,0.0
2025-08-10,F07,Premium,1139,756,22677,0.0,151.18,403.0,0.0053,0.0
2025-08-11,F07,Premium,1112,698,20950,0.0,139.66,346.0,0.0063,0.0
2025-08-12,F07,Premium,1023,691,20734,0.0,138.22,349.0,0.0058,0.0
2025-08-13,F07,Premium,996,698,20950,0.0,139.66,365.0,0.0043,0.0
2025-08-14,F07,Premium,997,706,21166,0.0,141.1,357.0,0.003,0.0
2025-08-15,F07,Premium,1097,734,22030,0.0,146.86,370.0,0.003,0.0
2025-08-16,F07,Premium,1201,763,22893,0.0,152.62,381.0,0.0051,0.0
2025-08-17,F07,Premium,1113,756,22677,0.0,151.18,360.0,0.0031,0.0
2025-08-18,F07,Premium,958,698,20950,0.0,139.66,384.0,0.0048,0.0
2025-08-19,F07,Premium,1005,691,20734,0.0,138.22,370.0,0.0038,0.0
2025-08-20,F07,Premium,1046,698,20950,0.0,139.66,375.0,0.004,0.0
2025-08-21,F07,Premium,1058,706,21166,0.0,141.1,372.0,0.0051,0.0
2025-08-22,F07,Premium,1039,734,22030,0.0,146.86,408.0,0.0046,0.0
2025-08-23,F07,Premium,1151,763,22893,0.0,152.62,413.0,0.0044,0.0
2025-08-24,F07,Premium,1223,756,22677,0.0,151.18,400.0,0.003,0.0
2025-08-25,F07,Premium,980,698,20950,0.0,139.66,381.0,0.0037,0.0
2025-08-26,F07,Premium,1097,691,20734,0.0,138.22,407.0,0.0044,0.0
2025-08-27,F07,Premium,1055,698,20950,0.0,139.66,405.0,0.0043,0.0
2025-08-28,F07,Premium,1061,706,21166,0.0,141.1,431.0,0.006,0.0
2025-08-29,F07,Premium,1053,734,22030,0.0,146.86,432.0,0.0049,0.0
2025-08-30,F07,Premium,1154,763,22893,0.0,152.62,400.0,0.0043,0.0
2025-08-31,F07,Premium,1161,756,22677,0.0,151.18,430.0,0.0055,0.0
2025-09-01,F07,Premium,1182,790,23715,0.0,158.1,429.0,0.0044,0.0
2025-09-02,F07,Premium,1187,782,23470,0.0,156.47,428.0,0.0057,0.0
2025-09-03,F07,Premium,1068,790,23715,0.0,158.1,410.0,0.0041,0.0
2025-09-04,F07,Premium,1066,799,23959,0.0,159.73,376.0,0.0069,0.0
2025-09-05,F07,Premium,1115,831,24937,0.0,166.25,396.0,0.0039,0.0
2025-09-06,F07,Premium,1227,864,25915,0.0,172.77,411.0,0.0056,0.0
2025-09-07,F07,Premium,1279,856,25671,0.0,171.14,431.0,0.0028,0.0
2025-09-08,F07,Premium,1194,790,23715,0.0,158.1,359.0,0.0033,0.0
2025-09-09,F07,Premium,1127,782,23470,0.0,156.47,371.0,0.0038,0.0
2025-09-10,F07,Premium,1065,790,23715,0.0,158.1,332.0,0.0042,0.0
2025-09-11,F07,Premium,1079,799,23959,0.0,159.73,345.0,0.0044,0.0
2025-09-12,F07,Premium,1225,831,24937,0.0,166.25,382.0,0.0059,0.0
2025-09-13,F07,Premium,1191,864,25915,0.0,172.77,379.0,0.0041,0.0
2025-09-14,F07,Premium,1215,856,25671,0.0,171.14,347.0,0.0028,0.0
2025-09-15,F07,Premium,1120,790,23715,0.0,158.1,344.0,0.0037,0.0
2025-09-16,F07,Premium,1091,782,23470,0.0,156.47,349.0,0.0041,0.0
2025-09-17,F07,Premium,1142,790,23715,0.0,158.1,364.0,0.0029,0.0
2025-09-18,F07,Premium,1172,799,23959,0.0,159.73,383.0,0.0033,0.0
2025-09-19,F07,Premium,1088,831,24937,0.0,166.25,378.0,0.0059,0.0
2025-09-20,F07,Premium,1137,864,25915,0.0,172.77,366.0,0.0039,0.0
2025-09-21,F07,Premium,1266,856,25671,0.0,171.14,346.0,0.0033,0.0
2025-09-22,F07,Premium,1050,790,23715,0.0,158.1,363.0,0.0044,0.0
2025-09-23,F07,Premium,1040,782,23470,0.0,156.47,340.0,0.003,0.0
2025-09-24,F07,Premium,1192,790,23715,0.0,158.1,351.0,0.0046,0.0
2025-09-25,F07,Premium,1068,799,23959,0.0,159.73,336.0,0.0038,0.0
2025-09-26,F07,Premium,1195,831,24937,0.0,166.25,369.0,0.0048,0.0
2025-09-27,F07,Premium,1146,864,25915,0.0,172.77,374.0,0.0042,0.0
2025-09-28,F07,Premium,1207,856,25671,0.0,171.14,368.0,0.004,0.0
2025-09-29,F07,Premium,1114,790,23715,0.0,158.1,326.0,0.003,0.0
2025-09-30,F07,Premium,1117,782,23470,0.0,156.47,376.0,0.0034,0.0
2025-10-01,F07,Premium,1232,823,24691,0.0,164.61,360.0,0.0033,0.0
2025-10-02,F07,Premium,1270,832,24946,0.0,166.3,343.0,0.0054,0.0
2025-10-03,F07,Premium,1303,865,25964,0.0,173.09,362.0,0.0032,0.0
2025-10-04,F07,Premium,1265,899,26982,0.0,179.88,350.0,0.0059,0.0
2025-10-05,F07,Premium,1355,891,26728,0.0,178.18,346.0,0.0043,0.0
2025-10-06,F07,Premium,1175,823,24691,0.0,164.61,336.0,0.0045,0.0
2025-10-07,F07,Premium,1250,815,24437,0.0,162.91,367.0,0.0041,0.0
2025-10-08,F07,Premium,1286,823,24691,0.0,164.61,360.0,0.0041,0.0
2025-10-09,F07,Premium,1331,832,24946,0.0,166.3,370.0,0.003,0.0
2025-10-10,F07,Premium,1315,865,25964,0.0,173.09,369.0,0.0071,0.0
2025-10-11,F07,Premium,1379,899,26982,0.0,179.88,340.0,0.0032,0.0
2025-10-12,F07,Premium,1282,891,26728,0.0,178.18,344.0,0.0043,0.0
2025-10-13,F07,Premium,1225,823,24691,0.0,164.61,326.0,0.0032,0.0
2025-10-14,F07,Premium,1208,815,24437,0.0,162.91,345.0,0.0025,0.0
2025-10-15,F07,Premium,1176,823,24691,0.0,164.61,319.0,0.0037,0.0
2025-10-16,F07,Premium,1180,832,24946,0.0,166.3,361.0,0.0034,0.0
2025-10-17,F07,Premium,1193,865,25964,0.0,173.09,315.0,0.0034,0.0
2025-10-18,F07,Premium,1409,899,26982,0.0,179.88,336.0,0.0035,0.0
2025-10-19,F07,Premium,1332,891,26728,0.0,178.18,343.0,0.0032,0.0
2025-10-20,F07,Premium,1142,823,24691,0.0,164.61,326.0,0.0036,0.0
2025-10-21,F07,Premium,1263,815,24437,0.0,162.91,326.0,0.0033,0.0
2025-10-22,F07,Premium,1312,823,24691,0.0,164.61,360.0,0.0042,0.0
2025-10-23,F07,Premium,1159,832,24946,0.0,166.3,329.0,0.0043,0.0
2025-10-24,F07,Premium,1334,865,25964,0.0,173.09,350.0,0.0033,0.0
2025-10-25,F07,Premium,1417,899,26982,0.0,179.88,328.0,0.0043,0.0
2025-10-26,F07,Premium,1434,891,26728,0.0,178.18,340.0,0.0045,0.0
2025-10-27,F07,Premium,1147,823,24691,0.0,164.61,397.0,0.0041,0.0
2025-10-28,F07,Premium,1259,815,24437,0.0,162.91,355.0,0.0024,0.0
2025-10-29,F07,Premium,1159,823,24691,0.0,164.61,383.0,0.0059,0.0
2025-10-30,F07,Premium,1203,832,24946,0.0,166.3,346.0,0.0046,0.0
2025-10-31,F07,Premium,1348,865,25964,0.0,173.09,399.0,0.0034,0.0
2025-11-01,F07,Premium,1447,1064,31930,0.0,212.87,411.0,0.005,0.0
2025-11-02,F07,Premium,1497,1054,31629,0.0,210.86,327.0,0.0026,0.0
2025-11-03,F07,Premium,1394,974,29219,0.0,194.8,340.0,0.0036,0.0
2025-11-04,F07,Premium,1414,964,28918,0.0,192.79,336.0,0.0034,0.0
2025-11-05,F07,Premium,1436,974,29219,0.0,194.8,326.0,0.0048,0.0
2025-11-06,F07,Premium,1457,984,29521,0.0,196.8,324.0,0.0038,0.0
2025-11-07,F07,Premium,1297,1024,30725,0.0,204.84,341.0,0.005,0.0
2025-11-08,F07,Premium,1534,1064,31930,0.0,212.87,331.0,0.0032,0.0
2025-11-09,F07,Premium,1512,1054,31629,0.0,210.86,336.0,0.0029,0.0
2025-11-10,F07,Premium,1411,974,29219,0.0,194.8,347.0,0.005,0.0
2025-11-11,F07,Premium,1359,964,28918,0.0,192.79,383.0,0.0027,0.0
2025-11-12,F07,Premium,1494,974,29219,0.0,194.8,344.0,0.0034,0.0
2025-11-13,F07,Premium,1434,984,29521,0.0,196.8,358.0,0.0039,0.0
2025-11-14,F07,Premium,1375,1024,30725,0.0,204.84,335.0,0.0051,0.0
2025-11-15,F07,Premium,1516,1064,31930,0.0,212.87,349.0,0.0061,0.0
2025-11-16,F07,Premium,1419,1054,31629,0.0,210.86,323.0,0.004,0.0
2025-11-17,F07,Premium,1343,974,29219,0.0,194.8,302.0,0.0038,0.0
2025-11-18,F07,Premium,1352,964,28918,0.0,192.79,335.0,0.006,0.0
2025-11-19,F07,Premium,1377,974,29219,0.0,194.8,342.0,0.0026,0.0
2025-11-20,F07,Premium,1404,984,29521,0.0,196.8,338.0,0.0038,0.0
2025-11-21,F07,Premium,1344,1024,30725,0.0,204.84,350.0,0.0047,0.0
2025-11-22,F07,Premium,1547,1064,31930,0.0,212.87,375.0,0.004,0.0
2025-11-23,F07,Premium,1464,1054,31629,0.0,210.86,378.0,0.0043,0.0
2025-11-24,F07,Premium,1255,974,29219,0.0,194.8,404.0,0.0032,0.0
2025-11-25,F07,Premium,1345,964,28918,0.0,192.79,397.0,0.0044,0.0
2025-11-26,F07,Premium,1418,974,29219,0.0,194.8,360.0,0.007,0.0
2025-11-27,F07,Premium,1452,984,29521,0.0,196.8,360.0,0.004,0.0
2025-11-28,F07,Premium,1478,1024,30725,0.0,204.84,419.0,0.0041,0.0
2025-11-29,F07,Premium,1556,1064,31930,0.0,212.87,414.0,0.0026,0.0
2025-11-30,F07,Premium,1522,1054,31629,0.0,210.86,369.0,0.0055,0.0
2025-12-01,F07,Premium,1573,1055,31664,0.0,211.09,361.0,0.0033,0.0
2025-12-02,F07,Premium,1444,1045,31337,0.0,208.92,368.0,0.0033,0.0
2025-12-03,F07,Premium,1293,1055,31664,0.0,211.09,324.0,0.0043,0.0
2025-12-04,F07,Premium,1484,1066,31990,0.0,213.27,343.0,0.0046,0.0
2025-12-05,F07,Premium,1628,1110,33296,0.0,221.97,340.0,0.003,0.0
2025-12-06,F07,Premium,1625,1153,34602,0.0,230.68,339.0,0.005,0.0
2025-12-07,F07,Premium,1617,1143,34275,0.0,228.5,334.0,0.0054,0.0
2025-12-08,F07,Premium,1528,1055,31664,0.0,211.09,329.0,0.0036,0.0
2025-12-09,F07,Premium,1503,1045,31337,0.0,208.92,320.0,0.0041,0.0
2025-12-10,F07,Premium,1603,1055,31664,0.0,211.09,319.0,0.0036,0.0
2025-12-11,F07,Premium,1400,1066,31990,0.0,213.27,335.0,0.0036,0.0
2025-12-12,F07,Premium,1579,1110,33296,0.0,221.97,319.0,0.0033,0.0
2025-12-13,F07,Premium,1738,1153,34602,0.0,230.68,335.0,0.0052,0.0
2025-12-14,F07,Premium,1552,1143,34275,0.0,228.5,324.0,0.0034,0.0
2025-12-15,F07,Premium,1465,1055,31664,0.0,211.09,319.0,0.0031,0.0
2025-12-16,F07,Premium,1429,1045,31337,0.0,208.92,331.0,0.0034,0.0
2025-12-17,F07,Premium,1387,1055,31664,0.0,211.09,324.0,0.0044,0.0
2025-12-18,F07,Premium,1530,1066,31990,0.0,213.27,323.0,0.0029,0.0
2025-12-19,F07,Premium,1549,1110,33296,0.0,221.97,319.0,0.0052,0.0
2025-12-20,F07,Premium,1603,1153,34602,0.0,230.68,296.0,0.0027,0.0
2025-12-21,F07,Premium,1527,1143,34275,0.0,228.5,317.0,0.0031,0.0
2025-12-22,F07,Premium,1423,1055,31664,0.0,211.09,335.0,0.0032,0.0
2025-12-23,F07,Premium,1579,1045,31337,0.0,208.92,296.0,0.0035,0.0
2025-12-24,F07,Premium,1497,1055,31664,0.0,211.09,344.0,0.0077,0.0
2025-12-25,F07,Premium,1424,1066,31990,0.0,213.27,308.0,0.0044,0.0
2025-12-26,F07,Premium,1496,1110,33296,0.0,221.97,379.0,0.0031,0.0
2025-12-27,F07,Premium,1767,1153,34602,0.0,230.68,358.0,0.0038,0.0
2025-12-28,F07,Premium,1571,1143,34275,0.0,228.5,372.0,0.0025,0.0
2025-12-29,F07,Premium,1337,1055,31664,0.0,211.09,345.0,0.0065,0.0
2025-12-30,F07,Premium,1522,1045,31337,0.0,208.92,384.0,0.0034,0.0
2025-12-31,F07,Premium,1580,1055,31664,0.0,211.09,355.0,0.0032,0.0
2026-01-01,F07,Premium,1760,1085,32551,0.0,217.0,349.0,0.0032,0.0
2026-01-02,F07,Premium,1446,1129,33879,0.0,225.86,403.0,0.0031,0.0
2026-01-03,F07,Premium,1773,1174,35208,0.0,234.72,320.0,0.0046,0.0
2026-01-04,F07,Premium,1735,1163,34876,0.0,232.5,373.0,0.0027,0.0
2026-01-05,F07,Premium,1451,1074,32218,0.0,214.79,359.0,0.0035,0.0
2026-01-06,F07,Premium,1586,1063,31886,0.0,212.58,360.0,0.0043,0.0
2026-01-07,F07,Premium,1594,1074,32218,0.0,214.79,330.0,0.0036,0.0
2026-01-08,F07,Premium,1777,1085,32551,0.0,217.0,294.0,0.0031,0.0
2026-01-09,F07,Premium,1761,1129,33879,0.0,225.86,308.0,0.0024,0.0
2026-01-10,F07,Premium,1676,1174,35208,0.0,234.72,325.0,0.0043,0.0
2026-01-11,F07,Premium,1839,1163,34876,0.0,232.5,293.0,0.0035,0.0
2026-01-12,F07,Premium,1630,1074,32218,0.0,214.79,319.0,0.005,0.0
2026-01-13,F07,Premium,1603,1063,31886,0.0,212.58,299.0,0.0029,0.0
2026-01-14,F07,Premium,1587,1074,32218,0.0,214.79,320.0,0.0035,0.0
2026-01-15,F07,Premium,1662,1085,32551,0.0,217.0,296.0,0.0048,0.0
2026-01-16,F07,Premium,1639,1129,33879,0.0,225.86,309.0,0.0032,0.0
2026-01-17,F07,Premium,1746,1174,35208,0.0,234.72,342.0,0.0038,0.0
2026-01-18,F07,Premium,1734,1163,34876,0.0,232.5,326.0,0.0036,0.0
2026-01-19,F07,Premium,1611,1074,32218,0.0,214.79,292.0,0.0061,0.0
2026-01-20,F07,Premium,1432,1063,31886,0.0,212.58,282.0,0.0043,0.0
2026-01-21,F07,Premium,1611,1074,32218,0.0,214.79,305.0,0.0039,0.0
2026-01-22,F07,Premium,1771,1085,32551,0.0,217.0,283.0,0.0066,0.0
2026-01-23,F07,Premium,1713,1129,33879,0.0,225.86,293.0,0.0032,0.0
2026-01-24,F07,Premium,1816,1174,35208,0.0,234.72,332.0,0.003,0.0
2026-01-25,F07,Premium,1782,1163,34876,0.0,232.5,304.0,0.0037,0.0
2026-01-26,F07,Premium,1556,1074,32218,0.0,214.79,310.0,0.0037,0.0
2026-01-27,F07,Premium,1783,1063,31886,0.0,212.58,310.0,0.0046,0.0
2026-01-28,F07,Premium,1587,1074,32218,0.0,214.79,303.0,0.0033,0.0
2026-01-29,F07,Premium,1546,1085,32551,0.0,217.0,343.0,0.0052,0.0
2026-01-30,F07,Premium,1535,1129,33879,0.0,225.86,271.0,0.0041,0.0
2026-01-31,F07,Premium,1882,1174,35208,0.0,234.72,327.0,0.0039,0.0
2026-02-01,F07,Premium,1673,1454,43615,0.0,290.77,288.0,0.0043,0.0
2026-02-02,F07,Premium,1778,1343,40292,0.0,268.61,301.0,0.0022,0.0
2026-02-03,F07,Premium,1630,1329,39876,0.0,265.84,300.0,0.0047,0.0
2026-02-04,F07,Premium,1750,1343,40292,0.0,268.61,286.0,0.0045,0.0
2026-02-05,F07,Premium,1809,1357,40707,0.0,271.38,273.0,0.0055,0.0
2026-02-06,F07,Premium,1680,1412,42369,0.0,282.46,334.0,0.0046,0.0
2026-02-07,F07,Premium,1905,1468,44030,0.0,293.54,328.0,0.0033,0.0
2026-02-08,F07,Premium,1819,1454,43615,0.0,290.77,322.0,0.0054,0.0
2026-02-09,F07,Premium,1874,1343,40292,0.0,268.61,368.0,0.0054,0.0
2026-02-10,F07,Premium,1575,1329,39876,0.0,265.84,364.0,0.0031,0.0
2026-02-11,F07,Premium,1584,1343,40292,0.0,268.61,321.0,0.0044,0.0
2026-02-12,F07,Premium,1668,1357,40707,0.0,271.38,358.0,0.0045,0.0
2026-02-13,F07,Premium,1873,1412,42369,0.0,282.46,356.0,0.0042,0.0
2026-02-14,F07,Premium,1757,1468,44030,0.0,293.54,364.0,0.005,0.0
2026-02-15,F07,Premium,1956,1454,43615,0.0,290.77,345.0,0.0038,0.0
2026-02-16,F07,Premium,1893,1343,40292,0.0,268.61,277.0,0.0039,0.0
2026-02-17,F07,Premium,1697,1329,39876,0.0,265.84,301.0,0.0052,0.0
2026-02-18,F07,Premium,1731,1343,40292,0.0,268.61,286.0,0.0084,0.0
2026-02-19,F07,Premium,1670,1357,40707,0.0,271.38,298.0,0.0046,0.0
2026-02-20,F07,Premium,1731,1412,42369,0.0,282.46,290.0,0.0056,0.0
2026-02-21,F07,Premium,1870,1468,44030,0.0,293.54,277.0,0.0045,0.0
2026-02-22,F07,Premium,2176,1454,43615,0.0,290.77,297.0,0.0048,0.0
2026-02-23,F07,Premium,1851,1343,40292,0.0,268.61,312.0,0.0061,0.0
2026-02-24,F07,Premium,1678,1329,39876,0.0,265.84,312.0,0.0036,0.0
2026-02-25,F07,Premium,1661,1343,40292,0.0,268.61,280.0,0.0039,0.0
2026-02-26,F07,Premium,1817,1357,40707,0.0,271.38,312.0,0.0042,0.0
2026-02-27,F07,Premium,1776,1412,42369,0.0,282.46,302.0,0.0034,0.0
2026-02-28,F07,Premium,2065,1468,44030,0.0,293.54,302.0,0.0035,0.0
2026-03-01,F07,Premium,2013,1447,43403,0.0,289.35,286.0,0.0047,0.0
2026-03-02,F07,Premium,1793,1239,37172,0.0,247.81,277.0,0.0044,0.0
2026-03-03,F07,Premium,1707,1226,36789,0.0,245.26,294.0,0.0036,0.0
2026-03-04,F07,Premium,2038,1239,37172,0.0,247.81,268.0,0.0031,0.0
2026-03-05,F07,Premium,1827,1252,37555,0.0,250.37,280.0,0.0027,0.0
2026-03-06,F07,Premium,1994,1303,39088,0.0,260.59,293.0,0.0036,0.0
2026-03-07,F07,Premium,1896,1354,40621,0.0,270.81,290.0,0.0032,0.0
2026-03-08,F07,Premium,1946,1341,40238,0.0,268.25,287.0,0.0035,0.0
2026-03-09,F07,Premium,1876,1239,37172,0.0,247.81,265.0,0.0069,0.0
2026-03-10,F07,Premium,1886,1226,36789,0.0,245.26,275.0,0.0056,0.0
2026-03-11,F07,Premium,2046,1239,37172,0.0,247.81,284.0,0.0051,0.0
2026-03-12,F07,Premium,1864,1252,37555,0.0,250.37,303.0,0.0036,0.0
2026-03-13,F07,Premium,2189,1303,39088,0.0,260.59,287.0,0.0046,0.0
2026-03-14,F07,Premium,2112,1354,40621,0.0,270.81,270.0,0.0032,0.0
2026-03-15,F07,Premium,1987,1341,40238,0.0,268.25,281.0,0.0023,0.0
2026-03-16,F07,Premium,1966,1239,37172,0.0,247.81,318.0,0.0045,0.0
2026-03-17,F07,Premium,1801,1226,36789,0.0,245.26,275.0,0.0057,0.0
2026-03-18,F07,Premium,1925,1239,37172,0.0,247.81,292.0,0.005,0.0
2026-03-19,F07,Premium,1816,1252,37555,0.0,250.37,273.0,0.0045,0.0
2026-03-20,F07,Premium,1922,1303,39088,0.0,260.59,320.0,0.0042,0.0
2026-03-21,F07,Premium,2026,1354,40621,0.0,270.81,265.0,0.0051,0.0
2026-03-22,F07,Premium,1921,1341,40238,0.0,268.25,261.0,0.003,0.0
2026-03-23,F07,Premium,1943,1239,37172,0.0,247.81,267.0,0.0029,0.0
2026-03-24,F07,Premium,1887,1226,36789,0.0,245.26,289.0,0.0025,0.0
2026-03-25,F07,Premium,1653,1239,37172,0.0,247.81,271.0,0.0036,0.0
2026-03-26,F07,Premium,1866,1252,37555,0.0,250.37,266.0,0.0039,0.0
2026-03-27,F07,Premium,1927,1303,39088,0.0,260.59,264.0,0.0047,0.0
2026-03-28,F07,Premium,2088,1354,40621,0.0,270.81,263.0,0.0043,0.0
2026-03-29,F07,Premium,1884,1341,40238,0.0,268.25,263.0,0.0035,0.0
2026-03-30,F07,Premium,1813,1239,37172,0.0,247.81,269.0,0.0035,0.0
2026-03-31,F07,Premium,1909,1226,36789,0.0,245.26,267.0,0.003,0.0
2026-04-01,F07,Premium,1997,1337,40097,0.0,267.31,279.0,0.0041,0.0
2026-04-02,F07,Premium,2034,1350,40510,0.0,270.07,301.0,0.0035,0.0
2026-04-03,F07,Premium,2050,1405,42164,0.0,281.09,277.0,0.005,0.0
2026-04-04,F07,Premium,2202,1461,43817,0.0,292.12,272.0,0.0024,0.0
2026-04-05,F07,Premium,1968,1447,43404,0.0,289.36,287.0,0.0033,0.0
2026-04-06,F07,Premium,2047,1337,40097,0.0,267.31,276.0,0.0045,0.0
2026-04-07,F07,Premium,2008,1323,39684,0.0,264.56,256.0,0.0053,0.0
2026-04-08,F07,Premium,2177,1337,40097,0.0,267.31,290.0,0.0039,0.0
2026-04-09,F07,Premium,2023,1350,40510,0.0,270.07,285.0,0.0066,0.0
2026-04-10,F07,Premium,2134,1405,42164,0.0,281.09,286.0,0.0026,0.0
2026-04-11,F07,Premium,2061,1461,43817,0.0,292.12,295.0,0.0031,0.0
2026-04-12,F07,Premium,2234,1447,43404,0.0,289.36,280.0,0.0022,0.0
2026-04-13,F07,Premium,1992,1337,40097,0.0,267.31,263.0,0.006,0.0
2026-04-14,F07,Premium,1948,1323,39684,0.0,264.56,312.0,0.0037,0.0
2026-04-15,F07,Premium,2086,1337,40097,0.0,267.31,264.0,0.0046,0.0
2026-04-16,F07,Premium,1955,1350,40510,0.0,270.07,277.0,0.004,0.0
2026-04-17,F07,Premium,2179,1405,42164,0.0,281.09,314.0,0.0034,0.0
2026-04-18,F07,Premium,2466,1461,43817,0.0,292.12,323.0,0.0044,0.0
2026-04-19,F07,Premium,2157,1447,43404,0.0,289.36,328.0,0.0058,0.0
2026-04-20,F07,Premium,2010,1337,40097,0.0,267.31,304.0,0.0045,0.0
2026-04-21,F07,Premium,2044,1323,39684,0.0,264.56,312.0,0.0047,0.0
2026-04-22,F07,Premium,1931,1337,40097,0.0,267.31,329.0,0.0052,0.0
2026-04-23,F07,Premium,2081,1350,40510,0.0,270.07,305.0,0.0037,0.0
2026-04-24,F07,Premium,1939,1405,42164,0.0,281.09,338.0,0.0035,0.0
2026-04-25,F07,Premium,2193,1461,43817,0.0,292.12,312.0,0.0031,0.0
2026-04-26,F07,Premium,2159,1447,43404,0.0,289.36,327.0,0.0051,0.0
2026-04-27,F07,Premium,2090,1337,40097,0.0,267.31,286.0,0.0033,0.0
2026-04-28,F07,Premium,2096,1323,39684,0.0,264.56,290.0,0.0041,0.0
2026-04-29,F07,Premium,1893,1337,40097,0.0,267.31,276.0,0.0042,0.0
2026-04-30,F07,Premium,2122,1350,40510,0.0,270.07,291.0,0.0041,0.0
2026-05-01,F07,Premium,2232,1444,43317,0.0,288.78,268.0,0.0048,0.0
2026-05-02,F07,Premium,2189,1501,45016,0.0,300.1,277.0,0.0041,0.0
2026-05-03,F07,Premium,2181,1486,44591,0.0,297.27,306.0,0.0038,0.0
2026-05-04,F07,Premium,2014,1373,41194,0.0,274.62,283.0,0.0037,0.0
2026-05-05,F07,Premium,1857,1359,40769,0.0,271.79,283.0,0.0055,0.0
2026-05-06,F07,Premium,2348,1373,41194,0.0,274.62,270.0,0.0042,0.0
2026-05-07,F07,Premium,2289,1387,41618,0.0,277.46,282.0,0.0033,0.0
2026-05-08,F07,Premium,2179,1444,43317,0.0,288.78,287.0,0.0043,0.0
2026-05-09,F07,Premium,2119,1501,45016,0.0,300.1,295.0,0.0048,0.0
2026-05-10,F07,Premium,2306,1486,44591,0.0,297.27,276.0,0.0035,0.0
2026-05-11,F07,Premium,1976,1373,41194,0.0,274.62,281.0,0.0026,0.0
2026-05-12,F07,Premium,2025,1359,40769,0.0,271.79,289.0,0.0055,0.0
2026-05-13,F07,Premium,2126,1373,41194,0.0,274.62,272.0,0.0031,0.0
2026-05-14,F07,Premium,1909,1387,41618,0.0,277.46,299.0,0.0044,0.0
2026-05-15,F07,Premium,2135,1444,43317,0.0,288.78,301.0,0.0035,0.0
2026-05-16,F07,Premium,2295,1501,45016,0.0,300.1,301.0,0.0068,0.0
2026-05-17,F07,Premium,2363,1486,44591,0.0,297.27,256.0,0.0043,0.0
2026-05-18,F07,Premium,2105,1373,41194,0.0,274.62,273.0,0.0036,0.0
2026-05-19,F07,Premium,2166,1359,40769,0.0,271.79,298.0,0.006,0.0
2026-05-20,F07,Premium,2038,1373,41194,0.0,274.62,298.0,0.0036,0.0
2026-05-21,F07,Premium,2072,1387,41618,0.0,277.46,305.0,0.0055,0.0
2026-05-22,F07,Premium,2119,1444,43317,0.0,288.78,276.0,0.0049,0.0
2026-05-23,F07,Premium,2094,1501,45016,0.0,300.1,282.0,0.005,0.0
2026-05-24,F07,Premium,2410,1486,44591,0.0,297.27,278.0,0.0045,0.0
2026-05-25,F07,Premium,2109,1373,41194,0.0,274.62,281.0,0.0067,0.0
2026-05-26,F07,Premium,1945,1359,40769,0.0,271.79,274.0,0.0028,0.0
2026-05-27,F07,Premium,2007,1373,41194,0.0,274.62,280.0,0.0046,0.0
2026-05-28,F07,Premium,1993,1387,41618,0.0,277.46,288.0,0.0032,0.0
2026-05-29,F07,Premium,2092,1444,43317,0.0,288.78,304.0,0.007,0.0
2026-05-30,F07,Premium,2261,1501,45016,0.0,300.1,316.0,0.0028,0.0
2026-05-31,F07,Premium,2215,1486,44591,0.0,297.27,293.0,0.0038,0.0
2026-06-01,F07,Premium,2045,1489,44674,0.0,297.83,277.0,0.0044,0.0
2026-06-02,F07,Premium,2200,1474,44214,0.0,294.76,278.0,0.0036,0.0
2026-06-03,F07,Premium,2232,1489,44674,0.0,297.83,269.0,0.004,0.0
2026-06-04,F07,Premium,2282,1504,45135,0.0,300.9,272.0,0.0043,0.0
2026-06-05,F07,Premium,2170,1566,46977,0.0,313.18,272.0,0.0039,0.0
2026-06-06,F07,Premium,2368,1627,48819,0.0,325.46,257.0,0.0043,0.0
2026-06-07,F07,Premium,2442,1612,48359,0.0,322.39,289.0,0.0041,0.0
2026-06-08,F07,Premium,2259,1489,44674,0.0,297.83,258.0,0.0039,0.0
2026-06-09,F07,Premium,2021,1474,44214,0.0,294.76,261.0,0.0034,0.0
2026-06-10,F07,Premium,2281,1489,44674,0.0,297.83,274.0,0.004,0.0
2026-06-11,F07,Premium,2184,1504,45135,0.0,300.9,269.0,0.0036,0.0
2026-06-12,F07,Premium,2368,1566,46977,0.0,313.18,270.0,0.0051,0.0
2026-06-13,F07,Premium,2339,1627,48819,0.0,325.46,295.0,0.0027,0.0
2026-06-14,F07,Premium,2320,1612,48359,0.0,322.39,283.0,0.0036,0.0
2026-06-15,F07,Premium,2184,1489,44674,0.0,297.83,266.0,0.0045,0.0
2026-06-16,F07,Premium,2066,1474,44214,0.0,294.76,270.0,0.0036,0.0
2026-06-17,F07,Premium,2051,1489,44674,0.0,297.83,283.0,0.0045,0.0
2026-06-18,F07,Premium,2242,1504,45135,0.0,300.9,273.0,0.0051,0.0
2026-06-19,F07,Premium,2404,1566,46977,0.0,313.18,293.0,0.0036,0.0
2026-06-20,F07,Premium,2459,1627,48819,0.0,325.46,257.0,0.0022,0.0
2026-06-21,F07,Premium,2362,1612,48359,0.0,322.39,274.0,0.0069,0.0
2026-06-22,F07,Premium,2200,1489,44674,0.0,297.83,279.0,0.0047,0.0
2026-06-23,F07,Premium,2000,1474,44214,0.0,294.76,276.0,0.0037,0.0
2026-06-24,F07,Premium,2260,1489,44674,0.0,297.83,278.0,0.0052,0.0
2026-06-25,F07,Premium,2327,1504,45135,0.0,300.9,294.0,0.0042,0.0
2026-06-26,F07,Premium,2337,1566,46977,0.0,313.18,285.0,0.004,0.0
2026-06-27,F07,Premium,2366,1627,48819,0.0,325.46,278.0,0.0038,0.0
2026-06-28,F07,Premium,2238,1612,48359,0.0,322.39,289.0,0.0032,0.0
2026-06-29,F07,Premium,2028,1489,44674,0.0,297.83,308.0,0.0054,0.0
2026-06-30,F07,Premium,2225,1474,44214,0.0,294.76,276.0,0.0035,0.0
2026-07-01,F07,Premium,2382,1547,46396,0.0,309.31,317.0,0.0047,0.0
2026-07-02,F07,Premium,2239,1562,46874,0.0,312.49,309.0,0.0033,0.0
2026-07-03,F07,Premium,2429,1626,48787,0.0,325.25,349.0,0.0052,0.0
2026-07-04,F07,Premium,2589,1690,50701,0.0,338.0,306.0,0.0064,0.0
2026-07-05,F07,Premium,2398,1674,50222,0.0,334.82,335.0,0.0029,0.0
2026-07-06,F07,Premium,2456,1547,46396,0.0,309.31,331.0,0.0051,0.0
2026-07-07,F07,Premium,2176,1531,45918,0.0,306.12,315.0,0.0025,0.0
2026-07-08,F07,Premium,2371,1547,46396,0.0,309.31,292.0,0.0042,0.0
2026-07-09,F07,Premium,2366,1562,46874,0.0,312.49,323.0,0.0038,0.0
2026-07-10,F07,Premium,2397,1626,48787,0.0,325.25,316.0,0.0038,0.0
2026-07-11,F07,Premium,2501,1690,50701,0.0,338.0,258.0,0.0058,0.0
2026-07-12,F07,Premium,2300,1674,50222,0.0,334.82,296.0,0.0048,0.0
2026-07-13,F07,Premium,2366,1547,46396,0.0,309.31,279.0,0.0055,0.0
2026-07-14,F07,Premium,2303,1531,45918,0.0,306.12,264.0,0.0029,0.0
2026-07-15,F07,Premium,2099,1547,46396,0.0,309.31,284.0,0.0033,0.0
2026-07-16,F07,Premium,2276,1562,46874,0.0,312.49,295.0,0.0026,0.0
2026-07-17,F07,Premium,2414,1626,48787,0.0,325.25,272.0,0.0051,0.0
2026-07-18,F07,Premium,2476,1690,50701,0.0,338.0,284.0,0.0031,0.0
2026-07-19,F07,Premium,2479,1674,50222,0.0,334.82,266.0,0.0043,0.0
2026-07-20,F07,Premium,2563,1547,46396,0.0,309.31,300.0,0.0068,0.0
2026-07-21,F07,Premium,2373,1531,45918,0.0,306.12,294.0,0.0039,0.0
2026-07-22,F07,Premium,2317,1547,46396,0.0,309.31,280.0,0.0075,0.0
2026-07-23,F07,Premium,2181,1562,46874,0.0,312.49,275.0,0.0042,0.0
2026-07-24,F07,Premium,2519,1626,48787,0.0,325.25,275.0,0.004,0.0
2026-07-25,F07,Premium,2297,1690,50701,0.0,338.0,278.0,0.0038,0.0
2026-07-26,F07,Premium,2618,1674,50222,0.0,334.82,284.0,0.0042,0.0
2026-07-27,F07,Premium,2158,1547,46396,0.0,309.31,293.0,0.0043,0.0
2026-07-28,F07,Premium,2309,1531,45918,0.0,306.12,278.0,0.0045,0.0
2026-07-29,F07,Premium,2241,1547,46396,0.0,309.31,272.0,0.0029,0.0
2026-07-30,F07,Premium,2282,1562,46874,0.0,312.49,295.0,0.006,0.0
2026-07-31,F07,Premium,2245,1626,48787,0.0,325.25,303.0,0.0032,0.0
2026-08-01,F07,Premium,2681,1792,53751,0.0,358.34,296.0,0.0028,0.0
2026-08-02,F07,Premium,2629,1775,53244,0.0,354.96,287.0,0.003,0.0
2026-08-03,F07,Premium,2258,1640,49188,0.0,327.92,292.0,0.0031,0.0
2026-08-04,F07,Premium,2548,1623,48680,0.0,324.54,279.0,0.004,0.0
2026-08-05,F07,Premium,2562,1640,49188,0.0,327.92,270.0,0.0048,0.0
2026-08-06,F07,Premium,2712,1656,49695,0.0,331.3,289.0,0.0037,0.0
2026-08-07,F07,Premium,2645,1724,51723,0.0,344.82,275.0,0.0046,0.0
2026-08-08,F07,Premium,2609,1792,53751,0.0,358.34,270.0,0.0042,0.0
2026-08-09,F07,Premium,2739,1775,53244,0.0,354.96,251.0,0.0061,0.0
2026-08-10,F07,Premium,2349,1640,49188,0.0,327.92,288.0,0.0044,0.0
2026-08-11,F07,Premium,2113,1623,48680,0.0,324.54,282.0,0.0054,0.0
2026-08-12,F07,Premium,2755,1640,49188,0.0,327.92,273.0,0.004,0.0
2026-08-13,F07,Premium,2561,1656,49695,0.0,331.3,246.0,0.0034,0.0
2026-08-14,F07,Premium,2821,1724,51723,0.0,344.82,299.0,0.0037,0.0
2026-08-15,F07,Premium,2778,1792,53751,0.0,358.34,287.0,0.0066,0.0
2026-08-16,F07,Premium,2517,1775,53244,0.0,354.96,280.0,0.0045,0.0
2026-08-17,F07,Premium,2284,1640,49188,0.0,327.92,276.0,0.0036,0.0
2026-08-18,F07,Premium,2189,1623,48680,0.0,324.54,278.0,0.004,0.0
2026-08-19,F07,Premium,2675,1640,49188,0.0,327.92,277.0,0.0043,0.0
2026-08-20,F07,Premium,2414,1656,49695,0.0,331.3,333.0,0.0029,0.0
2026-08-21,F07,Premium,2778,1724,51723,0.0,344.82,338.0,0.0042,0.0
2026-08-22,F07,Premium,2661,1792,53751,0.0,358.34,320.0,0.0045,0.0
2026-08-23,F07,Premium,2510,1775,53244,0.0,354.96,355.0,0.003,0.0
2026-08-24,F07,Premium,2456,1640,49188,0.0,327.92,321.0,0.0047,0.0
2026-08-25,F07,Premium,2622,1623,48680,0.0,324.54,327.0,0.0032,0.0
2026-08-26,F07,Premium,2466,1640,49188,0.0,327.92,314.0,0.0043,0.0
2026-08-27,F07,Premium,2349,1656,49695,0.0,331.3,328.0,0.0034,0.0
2026-08-28,F07,Premium,2397,1724,51723,0.0,344.82,320.0,0.0045,0.0
2026-08-29,F07,Premium,2913,1792,53751,0.0,358.34,309.0,0.0035,0.0
2026-08-30,F07,Premium,2794,1775,53244,0.0,354.96,334.0,0.0045,0.0
2026-08-31,F07,Premium,2308,1640,49188,0.0,327.92,344.0,0.0062,0.0
2026-03-02,F08,Premium,2911,2478,37172,0.0,991.25,518.0,0.0059,0.0
2026-03-03,F08,Premium,3072,2453,36789,0.0,981.03,479.0,0.0044,0.0
2026-03-04,F08,Premium,3186,2478,37172,0.0,991.25,480.0,0.0033,0.0
2026-03-05,F08,Premium,2874,2504,37555,0.0,1001.47,493.0,0.0052,0.0
2026-03-06,F08,Premium,3230,2606,39088,0.0,1042.35,471.0,0.0025,0.0
2026-03-07,F08,Premium,3495,2708,40621,0.0,1083.23,474.0,0.0063,0.0
2026-03-08,F08,Premium,3210,2683,40238,0.0,1073.01,496.0,0.0053,0.0
2026-03-09,F08,Premium,3314,2478,37172,0.0,991.25,546.0,0.0054,0.0
2026-03-10,F08,Premium,3092,2453,36789,0.0,981.03,545.0,0.0065,0.0
2026-03-11,F08,Premium,2985,2478,37172,0.0,991.25,511.0,0.0045,0.0
2026-03-12,F08,Premium,3414,2504,37555,0.0,1001.47,503.0,0.0047,0.0
2026-03-13,F08,Premium,3130,2606,39088,0.0,1042.35,538.0,0.0042,0.0
2026-03-14,F08,Premium,3479,2708,40621,0.0,1083.23,487.0,0.0039,0.0
2026-03-15,F08,Premium,3268,2683,40238,0.0,1073.01,502.0,0.0039,0.0
2026-03-16,F08,Premium,3057,2478,37172,0.0,991.25,514.0,0.0049,0.0
2026-03-17,F08,Premium,2837,2453,36789,0.0,981.03,538.0,0.0053,0.0
2026-03-18,F08,Premium,3150,2478,37172,0.0,991.25,513.0,0.0033,0.0
2026-03-19,F08,Premium,2942,2504,37555,0.0,1001.47,493.0,0.0055,0.0
2026-03-20,F08,Premium,3358,2606,39088,0.0,1042.35,511.0,0.006,0.0
2026-03-21,F08,Premium,3053,2708,40621,0.0,1083.23,456.0,0.005,0.0
2026-03-22,F08,Premium,3353,2683,40238,0.0,1073.01,465.0,0.0031,0.0
2026-03-23,F08,Premium,3080,2478,37172,0.0,991.25,500.0,0.0057,0.0
2026-03-24,F08,Premium,3128,2453,36789,0.0,981.03,499.0,0.0049,0.0
2026-03-25,F08,Premium,2788,2478,37172,0.0,991.25,454.0,0.0044,0.0
2026-03-26,F08,Premium,3264,2504,37555,0.0,1001.47,485.0,0.0045,0.0
2026-03-27,F08,Premium,3138,2606,39088,0.0,1042.35,497.0,0.0043,0.0
2026-03-28,F08,Premium,3431,2708,40621,0.0,1083.23,503.0,0.0031,0.0
2026-03-29,F08,Premium,3057,2683,40238,0.0,1073.01,511.0,0.0053,0.0
2026-03-30,F08,Premium,2912,2478,37172,0.0,991.25,503.0,0.0049,0.0
2026-03-31,F08,Premium,3188,2453,36789,0.0,981.03,479.0,0.0025,0.0
2026-04-01,F08,Premium,3357,2673,40097,0.0,1069.26,478.0,0.0042,0.0
2026-04-02,F08,Premium,3307,2701,40510,0.0,1080.28,460.0,0.0028,0.0
2026-04-03,F08,Premium,3596,2811,42164,0.0,1124.37,476.0,0.0043,0.0
2026-04-04,F08,Premium,3612,2921,43817,0.0,1168.47,453.0,0.0052,0.0
2026-04-05,F08,Premium,3444,2894,43404,0.0,1157.44,509.0,0.0056,0.0
2026-04-06,F08,Premium,3315,2673,40097,0.0,1069.26,517.0,0.0044,0.0
2026-04-07,F08,Premium,3454,2646,39684,0.0,1058.23,486.0,0.0038,0.0
2026-04-08,F08,Premium,3744,2673,40097,0.0,1069.26,481.0,0.0032,0.0
2026-04-09,F08,Premium,3446,2701,40510,0.0,1080.28,479.0,0.0026,0.0
2026-04-10,F08,Premium,3553,2811,42164,0.0,1124.37,505.0,0.0035,0.0
2026-04-11,F08,Premium,3707,2921,43817,0.0,1168.47,485.0,0.0037,0.0
2026-04-12,F08,Premium,3658,2894,43404,0.0,1157.44,475.0,0.0053,0.0
2026-04-13,F08,Premium,3312,2673,40097,0.0,1069.26,490.0,0.0039,0.0
2026-04-14,F08,Premium,3046,2646,39684,0.0,1058.23,453.0,0.0039,0.0
2026-04-15,F08,Premium,3222,2673,40097,0.0,1069.26,485.0,0.0045,0.0
2026-04-16,F08,Premium,3191,2701,40510,0.0,1080.28,502.0,0.0034,0.0
2026-04-17,F08,Premium,3697,2811,42164,0.0,1124.37,595.0,0.0053,0.0
2026-04-18,F08,Premium,3788,2921,43817,0.0,1168.47,550.0,0.0055,0.0
2026-04-19,F08,Premium,3712,2894,43404,0.0,1157.44,535.0,0.0038,0.0
2026-04-20,F08,Premium,3220,2673,40097,0.0,1069.26,545.0,0.0044,0.0
2026-04-21,F08,Premium,3357,2646,39684,0.0,1058.23,550.0,0.0046,0.0
2026-04-22,F08,Premium,3042,2673,40097,0.0,1069.26,545.0,0.0054,0.0
2026-04-23,F08,Premium,3552,2701,40510,0.0,1080.28,548.0,0.0049,0.0
2026-04-24,F08,Premium,3493,2811,42164,0.0,1124.37,621.0,0.0085,0.0
2026-04-25,F08,Premium,3408,2921,43817,0.0,1168.47,532.0,0.004,0.0
2026-04-26,F08,Premium,3592,2894,43404,0.0,1157.44,544.0,0.0056,0.0
2026-04-27,F08,Premium,3344,2673,40097,0.0,1069.26,487.0,0.0032,0.0
2026-04-28,F08,Premium,3519,2646,39684,0.0,1058.23,478.0,0.0043,0.0
2026-04-29,F08,Premium,3258,2673,40097,0.0,1069.26,468.0,0.0036,0.0
2026-04-30,F08,Premium,3243,2701,40510,0.0,1080.28,497.0,0.0037,0.0
2026-05-01,F08,Premium,3518,2888,43317,0.0,1155.12,498.0,0.0034,0.0
2026-05-02,F08,Premium,3632,3001,45016,0.0,1200.42,493.0,0.0037,0.0
2026-05-03,F08,Premium,3593,2973,44591,0.0,1189.09,455.0,0.0068,0.0
2026-05-04,F08,Premium,3491,2746,41194,0.0,1098.5,516.0,0.0061,0.0
2026-05-05,F08,Premium,3383,2718,40769,0.0,1087.17,544.0,0.006,0.0
2026-05-06,F08,Premium,3437,2746,41194,0.0,1098.5,497.0,0.0029,0.0
2026-05-07,F08,Premium,3660,2775,41618,0.0,1109.82,489.0,0.0029,0.0
2026-05-08,F08,Premium,3547,2888,43317,0.0,1155.12,484.0,0.004,0.0
2026-05-09,F08,Premium,3718,3001,45016,0.0,1200.42,457.0,0.0075,0.0
2026-05-10,F08,Premium,4201,2973,44591,0.0,1189.09,485.0,0.005,0.0
2026-05-11,F08,Premium,3100,2746,41194,0.0,1098.5,515.0,0.0054,0.0
2026-05-12,F08,Premium,3352,2718,40769,0.0,1087.17,467.0,0.0031,0.0
2026-05-13,F08,Premium,3677,2746,41194,0.0,1098.5,508.0,0.0064,0.0
2026-05-14,F08,Premium,3318,2775,41618,0.0,1109.82,478.0,0.003,0.0
2026-05-15,F08,Premium,3594,2888,43317,0.0,1155.12,502.0,0.0029,0.0
2026-05-16,F08,Premium,3833,3001,45016,0.0,1200.42,464.0,0.0049,0.0
2026-05-17,F08,Premium,3661,2973,44591,0.0,1189.09,501.0,0.0043,0.0
2026-05-18,F08,Premium,3624,2746,41194,0.0,1098.5,484.0,0.0051,0.0
2026-05-19,F08,Premium,3294,2718,40769,0.0,1087.17,503.0,0.0051,0.0
2026-05-20,F08,Premium,3488,2746,41194,0.0,1098.5,506.0,0.0029,0.0
2026-05-21,F08,Premium,3566,2775,41618,0.0,1109.82,511.0,0.0054,0.0
2026-05-22,F08,Premium,3681,2888,43317,0.0,1155.12,536.0,0.0034,0.0
2026-05-23,F08,Premium,3707,3001,45016,0.0,1200.42,457.0,0.0036,0.0
2026-05-24,F08,Premium,3874,2973,44591,0.0,1189.09,477.0,0.003,0.0
2026-05-25,F08,Premium,3921,2746,41194,0.0,1098.5,535.0,0.0033,0.0
2026-05-26,F08,Premium,3416,2718,40769,0.0,1087.17,497.0,0.0035,0.0
2026-05-27,F08,Premium,3642,2746,41194,0.0,1098.5,487.0,0.0075,0.0
2026-05-28,F08,Premium,3554,2775,41618,0.0,1109.82,460.0,0.0039,0.0
2026-05-29,F08,Premium,3438,2888,43317,0.0,1155.12,483.0,0.0063,0.0
2026-05-30,F08,Premium,3847,3001,45016,0.0,1200.42,481.0,0.0032,0.0
2026-05-31,F08,Premium,3631,2973,44591,0.0,1189.09,491.0,0.0034,0.0
2026-06-01,F08,Premium,3536,2978,44674,0.0,1191.31,499.0,0.0039,0.0
2026-06-02,F08,Premium,3774,2948,44214,0.0,1179.03,498.0,0.0049,0.0
2026-06-03,F08,Premium,3695,2978,44674,0.0,1191.31,526.0,0.0048,0.0
2026-06-04,F08,Premium,3835,3009,45135,0.0,1203.59,479.0,0.0053,0.0
2026-06-05,F08,Premium,3848,3132,46977,0.0,1252.72,451.0,0.0043,0.0
2026-06-06,F08,Premium,4027,3255,48819,0.0,1301.85,480.0,0.0037,0.0
2026-06-07,F08,Premium,4181,3224,48359,0.0,1289.56,492.0,0.0034,0.0
2026-06-08,F08,Premium,3486,2978,44674,0.0,1191.31,497.0,0.0034,0.0
2026-06-09,F08,Premium,3554,2948,44214,0.0,1179.03,495.0,0.0045,0.0
2026-06-10,F08,Premium,3628,2978,44674,0.0,1191.31,473.0,0.0056,0.0
2026-06-11,F08,Premium,3688,3009,45135,0.0,1203.59,499.0,0.0034,0.0
2026-06-12,F08,Premium,3824,3132,46977,0.0,1252.72,475.0,0.0024,0.0
2026-06-13,F08,Premium,3942,3255,48819,0.0,1301.85,550.0,0.0056,0.0
2026-06-14,F08,Premium,3841,3224,48359,0.0,1289.56,513.0,0.0032,0.0
2026-06-15,F08,Premium,3613,2978,44674,0.0,1191.31,488.0,0.0047,0.0
2026-06-16,F08,Premium,3478,2948,44214,0.0,1179.03,498.0,0.0027,0.0
2026-06-17,F08,Premium,3476,2978,44674,0.0,1191.31,447.0,0.0063,0.0
2026-06-18,F08,Premium,3402,3009,45135,0.0,1203.59,455.0,0.0034,0.0
2026-06-19,F08,Premium,4233,3132,46977,0.0,1252.72,467.0,0.0024,0.0
2026-06-20,F08,Premium,3961,3255,48819,0.0,1301.85,464.0,0.0037,0.0
2026-06-21,F08,Premium,3941,3224,48359,0.0,1289.56,498.0,0.006,0.0
2026-06-22,F08,Premium,3791,2978,44674,0.0,1191.31,474.0,0.0036,0.0
2026-06-23,F08,Premium,3428,2948,44214,0.0,1179.03,501.0,0.0033,0.0
2026-06-24,F08,Premium,3698,2978,44674,0.0,1191.31,464.0,0.0032,0.0
2026-06-25,F08,Premium,3694,3009,45135,0.0,1203.59,515.0,0.0043,0.0
2026-06-26,F08,Premium,3928,3132,46977,0.0,1252.72,462.0,0.004,0.0
2026-06-27,F08,Premium,3689,3255,48819,0.0,1301.85,527.0,0.0054,0.0
2026-06-28,F08,Premium,4080,3224,48359,0.0,1289.56,510.0,0.0046,0.0
2026-06-29,F08,Premium,3476,2978,44674,0.0,1191.31,491.0,0.0032,0.0
2026-06-30,F08,Premium,3420,2948,44214,0.0,1179.03,457.0,0.0038,0.0
2026-07-01,F08,Premium,3978,3093,46396,0.0,1237.22,580.0,0.0045,0.0
2026-07-02,F08,Premium,3725,3125,46874,0.0,1249.98,545.0,0.0044,0.0
2026-07-03,F08,Premium,3832,3252,48787,0.0,1301.0,586.0,0.0038,0.0
2026-07-04,F08,Premium,3936,3380,50701,0.0,1352.02,527.0,0.0055,0.0
2026-07-05,F08,Premium,3861,3348,50222,0.0,1339.26,548.0,0.0043,0.0
2026-07-06,F08,Premium,4015,3093,46396,0.0,1237.22,551.0,0.0044,0.0
2026-07-07,F08,Premium,3777,3061,45918,0.0,1224.47,548.0,0.0036,0.0
2026-07-08,F08,Premium,4187,3093,46396,0.0,1237.22,556.0,0.0035,0.0
2026-07-09,F08,Premium,3592,3125,46874,0.0,1249.98,592.0,0.0066,0.0
2026-07-10,F08,Premium,4164,3252,48787,0.0,1301.0,635.0,0.0035,0.0
2026-07-11,F08,Premium,4003,3380,50701,0.0,1352.02,470.0,0.0064,0.0
2026-07-12,F08,Premium,4077,3348,50222,0.0,1339.26,452.0,0.0048,0.0
2026-07-13,F08,Premium,3912,3093,46396,0.0,1237.22,508.0,0.0034,0.0
2026-07-14,F08,Premium,3703,3061,45918,0.0,1224.47,510.0,0.0027,0.0
2026-07-15,F08,Premium,3741,3093,46396,0.0,1237.22,465.0,0.0044,0.0
2026-07-16,F08,Premium,3315,3125,46874,0.0,1249.98,512.0,0.0032,0.0
2026-07-17,F08,Premium,4030,3252,48787,0.0,1301.0,465.0,0.0053,0.0
2026-07-18,F08,Premium,4101,3380,50701,0.0,1352.02,464.0,0.0034,0.0
2026-07-19,F08,Premium,4037,3348,50222,0.0,1339.26,492.0,0.0029,0.0
2026-07-20,F08,Premium,3852,3093,46396,0.0,1237.22,479.0,0.0038,0.0
2026-07-21,F08,Premium,3619,3061,45918,0.0,1224.47,462.0,0.0026,0.0
2026-07-22,F08,Premium,3852,3093,46396,0.0,1237.22,492.0,0.0057,0.0
2026-07-23,F08,Premium,3633,3125,46874,0.0,1249.98,469.0,0.0041,0.0
2026-07-24,F08,Premium,4160,3252,48787,0.0,1301.0,462.0,0.0077,0.0
2026-07-25,F08,Premium,4206,3380,50701,0.0,1352.02,509.0,0.0035,0.0
2026-07-26,F08,Premium,4056,3348,50222,0.0,1339.26,503.0,0.0063,0.0
2026-07-27,F08,Premium,3501,3093,46396,0.0,1237.22,501.0,0.0033,0.0
2026-07-28,F08,Premium,3761,3061,45918,0.0,1224.47,475.0,0.0036,0.0
2026-07-29,F08,Premium,3981,3093,46396,0.0,1237.22,501.0,0.0042,0.0
2026-07-30,F08,Premium,3632,3125,46874,0.0,1249.98,542.0,0.0048,0.0
2026-07-31,F08,Premium,3752,3252,48787,0.0,1301.0,480.0,0.0036,0.0
2026-08-01,F08,Premium,4095,3583,53751,0.0,1433.37,471.0,0.005,0.0
2026-08-02,F08,Premium,4278,3550,53244,0.0,1419.85,507.0,0.0043,0.0
2026-08-03,F08,Premium,4281,3279,49188,0.0,1311.67,511.0,0.0041,0.0
2026-08-04,F08,Premium,4039,3245,48680,0.0,1298.15,479.0,0.0048,0.0
2026-08-05,F08,Premium,4491,3279,49188,0.0,1311.67,481.0,0.0041,0.0
2026-08-06,F08,Premium,4425,3313,49695,0.0,1325.19,541.0,0.0055,0.0
2026-08-07,F08,Premium,4364,3448,51723,0.0,1379.28,505.0,0.0048,0.0
2026-08-08,F08,Premium,4444,3583,53751,0.0,1433.37,490.0,0.0052,0.0
2026-08-09,F08,Premium,4645,3550,53244,0.0,1419.85,478.0,0.0046,0.0
2026-08-10,F08,Premium,4306,3279,49188,0.0,1311.67,502.0,0.0043,0.0
2026-08-11,F08,Premium,3436,3245,48680,0.0,1298.15,478.0,0.007,0.0
2026-08-12,F08,Premium,4712,3279,49188,0.0,1311.67,471.0,0.0038,0.0
2026-08-13,F08,Premium,3762,3313,49695,0.0,1325.19,478.0,0.0051,0.0
2026-08-14,F08,Premium,4282,3448,51723,0.0,1379.28,489.0,0.0043,0.0
2026-08-15,F08,Premium,4651,3583,53751,0.0,1433.37,474.0,0.0062,0.0
2026-08-16,F08,Premium,4339,3550,53244,0.0,1419.85,464.0,0.0026,0.0
2026-08-17,F08,Premium,3815,3279,49188,0.0,1311.67,465.0,0.0024,0.0
2026-08-18,F08,Premium,4092,3245,48680,0.0,1298.15,464.0,0.0031,0.0
2026-08-19,F08,Premium,4417,3279,49188,0.0,1311.67,508.0,0.005,0.0
2026-08-20,F08,Premium,3869,3313,49695,0.0,1325.19,568.0,0.0042,0.0
2026-08-21,F08,Premium,4761,3448,51723,0.0,1379.28,564.0,0.0039,0.0
2026-08-22,F08,Premium,4675,3583,53751,0.0,1433.37,562.0,0.0035,0.0
2026-08-23,F08,Premium,4389,3550,53244,0.0,1419.85,555.0,0.0034,0.0
2026-08-24,F08,Premium,4152,3279,49188,0.0,1311.67,556.0,0.0043,0.0
2026-08-25,F08,Premium,4316,3245,48680,0.0,1298.15,549.0,0.0076,0.0
2026-08-26,F08,Premium,3969,3279,49188,0.0,1311.67,599.0,0.0039,0.0
2026-08-27,F08,Premium,4363,3313,49695,0.0,1325.19,537.0,0.003,0.0
2026-08-28,F08,Premium,4259,3448,51723,0.0,1379.28,538.0,0.0026,0.0
2026-08-29,F08,Premium,5027,3583,53751,0.0,1433.37,601.0,0.0044,0.0
2026-08-30,F08,Premium,4510,3550,53244,0.0,1419.85,578.0,0.0028,0.0
2026-08-31,F08,Premium,4224,3279,49188,0.0,1311.67,540.0,0.0026,0.0
